Playlist,Canción,Artista,Álbum,Artista del Álbum,Género,Fecha,Duración Segundos,bpm,Color Tempo de beaTunes,Espectro de beaTunes,Color de beaTunes,Color Tempo Timbre de beaTunes,Id Pista,Tipo,Tiempo Total,Año,Tasa de Bits,Frecuencia de Muestreo,Valoración,Valoración Álbum,Normalización,Cantidad Carpetas Archivo,Cantidad Carpetas Biblioteca,Reproducciones,Fecha de Reproducción,Fecha de Reproducción UTC,Compositor,Compilación,Explícito,Bailabilidad,Afinación
Ado,Dried Flowers,Ado,Ado's Utattemita Album,Ado,J-Pop,2023-12-13,288.89,74,847063,6.2362213;55.34646;73.66535;33.90945;40.535435;59.244095;36.637794;39.755905;29.622047;41.704723;25.724411;47.16142;49.889763;58.464565;38.19685;74.444885;99.0;91.98425;61.192913;47.940945;71.71654;70.54724;26.503939;0.0;,d2245d,cfaa66,3518.0,Archivo de audio MPEG,288914.0,2023.0,256.0,44100.0,100.0,100.0,6239.0,5.0,1.0,5.0,3837414147.0,2025-08-07 17:22:27,,,,13,
Ado,Kazarijyanainoyonamidawa,Ado,Ado's Utattemita Album,Ado,J-Pop,2023-12-13,252.68,89,010102,53.007874;99.0;60.413383;84.18898;37.807087;34.299213;52.228348;37.807087;28.84252;21.047245;27.283466;31.181103;43.26378;48.720474;38.97638;49.110237;61.582676;60.80315;53.7874;84.578735;71.71654;76.00394;35.078743;0.0;,fd926f,a5ad9a,3520.0,Archivo de audio MPEG,252708.0,2023.0,256.0,44100.0,100.0,100.0,9618.0,5.0,1.0,6.0,3837412161.0,2025-08-07 16:49:21,,,,28,1.0
Ado,Aishite Aishite Aishite,Ado,Ado's Utattemita Album,Ado,J-Pop,2023-12-13,258.48,115,a3961c,23.77559;99.0;85.74803;80.6811;96.27165;68.59843;73.66535;60.02362;51.44882;68.59843;57.68504;69.37795;76.78346;88.08661;70.93701;83.40945;88.866135;83.79921;79.12205;75.22441;82.24016;88.866135;53.007874;0.0;,b7125e,9f564f,3522.0,Archivo de audio MPEG,258507.0,2023.0,256.0,44100.0,100.0,100.0,11299.0,5.0,1.0,5.0,3837409890.0,2025-08-07 16:11:30,,,,12,1.0
Ado,Kawaikute Gomen,Ado,Ado's Utattemita Album,Ado,J-Pop,2023-12-13,219.25,160,0b0713,69.767715;99.0;55.73622;51.83858;36.24803;64.31102;46.771652;38.19685;37.417324;47.55118;37.027557;39.366142;42.874016;59.633858;44.04331;45.602364;63.14173;67.81889;74.83464;75.614174;77.95276;97.05118;59.633858;0.0;,ff7d7f,7f8276,3526.0,Archivo de audio MPEG,219271.0,2023.0,256.0,44100.0,100.0,100.0,11204.0,5.0,1.0,3.0,3837414366.0,2025-08-07 17:26:06,,,,25,1.0
Ado,unravel,Ado,Ado's Utattemita Album,Ado,J-Pop,2023-11-15,238.47,135,8d5350,82.24016;99.0;53.397636;53.007874;58.464565;56.515747;38.19685;36.637794;40.145668;42.874016;41.31496;51.44882;58.854332;74.83464;50.669292;75.614174;81.07086;78.732285;81.07086;89.64567;89.255905;95.88189;54.56693;0.0;,fa636b,dbdf79,3532.0,Archivo de audio MPEG,238497.0,2023.0,256.0,44100.0,100.0,100.0,12369.0,5.0,1.0,3.0,3837410813.0,2025-08-07 16:26:53,Tōru Kitajima,,,15,1.0
Ado,Buriki No Dance,Ado,Ado's Utattemita Album,Ado,J-Pop,2023-11-29,198.97,172,04040a,58.074802;76.78346;47.55118;27.67323;21.047245;33.519684;20.657482;16.759842;15.980316;21.047245;21.826773;28.452757;30.011812;65.09055;38.19685;53.007874;63.531494;65.87008;60.02362;95.49213;90.81496;99.0;50.669292;0.0;,ff7c7d,9d9ea2,3534.0,Archivo de audio MPEG,199000.0,2023.0,256.0,44100.0,100.0,100.0,15169.0,5.0,1.0,3.0,3837409214.0,2025-08-07 16:00:14,,,,32,-1.0
Ado,MIRROR,Ado,MIRROR - Single,Ado,J-Pop,2024-05-31,178.08,89,77c21f,55.73622;99.0;49.889763;50.669292;38.97638;30.79134;38.19685;30.011812;32.350395;25.724411;26.503939;25.334646;25.724411;35.468506;25.724411;36.24803;34.299213;30.401575;27.67323;35.468506;57.68504;60.02362;31.570868;0.0;,cfe067,b13278,3538.0,Archivo de audio MPEG,178102.0,2024.0,256.0,44100.0,100.0,100.0,4960.0,5.0,1.0,6.0,3837419586.0,2025-08-07 18:53:06,CHINOZO,,,27,2.0
Ado,Value,Ado,Value - Single,Ado,J-Pop,2024-02-23,185.1,80,0a0710,99.0;86.91732;39.755905;62.362206;51.059055;22.996063;49.889763;39.366142;42.484253;39.755905;54.177166;52.228348;73.66535;83.019684;60.80315;81.46063;91.98425;70.93701;58.854332;66.649605;89.255905;60.80315;27.67323;0.0;,e74a4b,625a4d,3540.0,Archivo de audio MPEG,185129.0,2024.0,256.0,44100.0,100.0,100.0,7385.0,5.0,1.0,3.0,3830722036.0,2025-05-22 06:27:16,ポリスピカデリー,,,80,1.0
Ado,Take Me to the Beach,Imagine Dragons feat. Ado,Take Me to the Beach - Single,Imagine Dragons feat. Ado,Alternativa,2024-12-16,167.02,105,075fad,99.0;83.40945;44.43307;45.2126;32.350395;37.417324;30.79134;38.19685;35.078743;50.279526;47.940945;39.366142;38.97638;58.854332;49.110237;47.55118;68.208664;56.90551;63.921257;58.074802;60.80315;64.70079;32.740158;0.0;,f87158,8e9285,10860.0,Archivo de audio AAC,167000.0,2024.0,323.0,48000.0,100.0,100.0,6388.0,5.0,1.0,9.0,3837411275.0,2025-08-07 16:34:35,,,,30,-5.0
Ado,Episode X,Ado,Episode X,Ado,J-Pop,2024-12-06,202.96,87,030307,65.480316;61.192913;25.724411;30.401575;42.484253;47.55118;53.397636;41.31496;37.027557;35.078743;40.145668;52.228348;53.7874;76.78346;51.44882;67.03937;99.0;67.42913;58.074802;56.515747;67.81889;75.614174;44.43307;0.0;,e23266,817b6a,10920.0,Archivo de audio MPEG,203023.0,2024.0,320.0,44100.0,100.0,100.0,18617.0,5.0,1.0,5.0,3837412592.0,2025-08-07 16:56:32,,,,24,3.0
Ado,ウタカタララバイ,Ado,ウタの歌 ONE PIECE FILM RED,Ado,J-Pop,2022-08-10,173.37,134,302717,99.0;67.42913;41.31496;53.397636;60.413383;66.649605;70.15748;63.921257;54.177166;58.464565;52.61811;65.480316;75.614174;82.62992;64.31102;74.444885;94.7126;85.74803;71.71654;62.362206;83.019684;84.578735;44.43307;0.0;,da2675,a0655c,10930.0,Archivo de audio MPEG,173426.0,2022.0,320.0,44100.0,100.0,100.0,13325.0,5.0,1.0,4.0,3837409387.0,2025-08-07 16:03:07,Ado,,,30,-1.0
Ado,Tot Musica,Ado,ウタの歌 ONE PIECE FILM RED,Ado,J-Pop,2022-08-10,195.23,130,bdaf88,56.90551;99.0;57.68504;49.889763;37.807087;85.74803;53.7874;78.342514;33.12992;68.98819;38.97638;50.669292;56.90551;49.889763;30.401575;47.16142;46.38189;62.75197;48.720474;41.31496;46.771652;46.771652;23.77559;0.0;,9c3c18,98781c,10932.0,Archivo de audio MPEG,195291.0,2022.0,320.0,44100.0,100.0,100.0,9569.0,5.0,1.0,5.0,3837414800.0,2025-08-07 17:33:20,Ado,,,21,-1.0
Ado,心という名の不可解,Ado,狂言,Ado,J-Pop,2022-01-26,269.89,76,070c06,36.637794;46.38189;58.854332;38.19685;45.602364;51.44882;28.452757;38.586617;34.299213;34.688976;31.570868;46.771652;45.2126;99.0;48.720474;51.44882;64.70079;65.480316;66.25984;53.397636;61.972443;66.25984;31.570868;0.0;,d52466,b68e73,10958.0,Archivo de audio MPEG,269949.0,2022.0,320.0,44100.0,100.0,100.0,9885.0,5.0,1.0,10.0,3837501850.0,2025-08-08 17:44:10,Ado,,,21,
Ado,ルル,Ado,ルル,Ado,J-Pop,2024-07-05,197.85,132,7a5a65,38.586617;97.05118;34.299213;28.062992;37.417324;32.350395;37.807087;50.279526;53.007874;45.2126;44.822834;66.25984;62.362206;69.37795;58.464565;73.27559;99.0;73.66535;59.633858;57.295277;86.91732;86.91732;49.889763;0.0;,e84454,5c5d50,10968.0,Archivo de audio MPEG,197929.0,2024.0,320.0,44100.0,100.0,100.0,18321.0,5.0,1.0,5.0,3837410350.0,2025-08-07 16:19:10,Ado,,,15,4.0
Ado,唱,Ado,唱,Ado,J-Pop,2023-09-06,189.77,132,ae9fb9,54.56693;99.0;72.885826;61.972443;54.177166;68.98819;70.54724;61.192913;70.15748;72.49606;65.480316;57.295277;68.208664;67.42913;52.228348;73.27559;73.27559;79.12205;70.93701;70.54724;79.51181;88.866135;51.83858;0.0;,dc2a6c,7b4e4b,10970.0,Archivo de audio MPEG,189831.0,2023.0,320.0,44100.0,100.0,100.0,22203.0,5.0,1.0,2.0,3837413382.0,2025-08-07 17:09:42,Giga & TeddyLoid,,,24,
Ado,踊,Ado,踊,Ado,Pop,2021-04-27,208.27,128,685967,99.0;83.40945;48.720474;46.771652;59.633858;56.125984;76.3937;56.125984;78.732285;56.90551;58.854332;79.12205;73.66535;94.32283;58.854332;54.56693;76.3937;85.35826;81.85039;62.75197;63.921257;76.00394;48.720474;0.0;,d62760,6c4d47,10996.0,Archivo de audio MPEG,208326.0,2021.0,320.0,44100.0,100.0,100.0,19595.0,5.0,1.0,4.0,3837412978.0,2025-08-07 17:02:58,TeddyLoid/Giga,,,28,-2.0
Ado,Elf,Ado,Elf - Single,Ado,J-Pop,2025-01-24,260.46,80,030804,49.110237;99.0;69.767715;72.885826;70.93701;50.669292;51.44882;43.65354;42.874016;61.192913;38.97638;51.83858;63.921257;72.885826;51.83858;76.78346;93.543304;68.208664;31.96063;34.688976;68.98819;57.68504;26.114174;0.0;,a83421,763531,14464.0,Archivo de audio AAC,260435.0,2025.0,320.0,48000.0,100.0,100.0,7891.0,5.0,1.0,11.0,3837501569.0,2025-08-08 17:39:29,,,,22,1.0
Ado,Shoka,Ado,Shoka - Single,Ado,J-Pop,2024-10-14,228.55,94,05050e,40.925198;99.0;45.2126;42.874016;42.484253;35.85827;33.519684;34.688976;29.232285;51.83858;33.90945;63.921257;63.921257;95.102356;55.34646;54.56693;75.22441;82.24016;51.83858;43.26378;38.586617;31.96063;18.708662;0.0;,b14519,40362a,14500.0,Archivo de audio AAC,228531.0,2024.0,319.0,48000.0,100.0,100.0,15620.0,5.0,1.0,6.0,3837791318.0,2025-08-12 02:08:38,,,,16,4.0
Ado,Jukkai (1984),Ado,Jukkai (1984) - Single,Ado,J-Pop,2025-05-01,214.41,75,68616b,54.95669;73.27559;45.992126;27.283466;26.114174;34.688976;40.925198;31.96063;43.65354;42.09449;37.417324;45.2126;43.65354;56.515747;42.484253;76.3937;91.59448;99.0;59.244095;38.97638;35.85827;34.299213;15.20079;0.0;,c53e2c,3e3d2f,24938.0,Archivo de audio MPEG,214439.0,2025.0,256.0,44100.0,100.0,100.0,7759.0,5.0,1.0,7.0,3837782000.0,2025-08-11 23:33:20,Masayoshi Takanaka,,,24,
Ado,Aitakute,Ado,Aitakute - Single,Ado,J-Pop,2021-08-12,294.64,80,010101,41.704723;78.342514;54.177166;46.771652;32.740158;45.2126;60.80315;46.771652;46.771652;57.295277;54.56693;70.15748;52.228348;76.00394;49.5;70.54724;99.0;95.49213;61.582676;58.854332;56.515747;68.59843;35.468506;0.0;,cc284b,7d5550,25780.0,Archivo de audio MPEG,294661.0,2021.0,256.0,44100.0,100.0,100.0,14760.0,5.0,1.0,3.0,3837411107.0,2025-08-07 16:31:47,mewhan,,,21,-1.0
Ado,Readymade,Ado,Readymade - Single,Ado,J-Pop,2020-12-24,244.48,98,025799,64.31102;85.35826;57.295277;39.366142;38.586617;37.417324;36.637794;32.740158;42.484253;35.85827;34.299213;49.5;47.940945;61.192913;40.535435;56.90551;58.464565;66.649605;60.413383;43.26378;53.007874;99.0;59.633858;0.0;,fc6b6c,a3ab97,25786.0,Archivo de audio MPEG,244506.0,2020.0,256.0,44100.0,100.0,100.0,12870.0,5.0,1.0,3.0,3837409632.0,2025-08-07 16:07:12,Three,,,23,-1.0
Ado,Usseewa,Ado,Usseewa - Single,Ado,J-Pop,2020-10-23,205.04,89,010101,63.921257;82.62992;53.7874;36.24803;61.972443;46.771652;57.68504;47.55118;59.244095;55.34646;57.295277;52.61811;62.75197;72.885826;52.228348;66.649605;74.444885;96.27165;74.444885;54.95669;62.75197;99.0;72.885826;0.0;,e6366c,896d61,25790.0,Archivo de audio MPEG,205061.0,2020.0,256.0,44100.0,100.0,100.0,15693.0,5.0,1.0,2.0,3837415005.0,2025-08-07 17:36:45,syudou,,,30,-2.0
Ado,Ashura-chan,Ado,Ashura-chan - Single,Ado,J-Pop,2021-10-28,196.39,156,040c07,47.16142;99.0;68.98819;37.027557;41.704723;55.73622;48.330708;55.73622;63.14173;42.874016;37.417324;64.31102;65.09055;86.137794;55.34646;63.14173;84.18898;93.543304;86.137794;69.37795;64.70079;63.921257;35.078743;0.0;,d73e3d,896059,25800.0,Archivo de audio MPEG,196414.0,2021.0,256.0,44100.0,100.0,100.0,9730.0,5.0,1.0,4.0,3837440496.0,2025-08-08 00:41:36,Neru,,,23,-1.0
Ado,Senbonzakura,Ado,Senbonzakura - Single,Ado,J-Pop,2021-12-29,241.66,77,020505,99.0;84.18898;55.34646;58.464565;40.535435;51.44882;47.940945;43.26378;37.807087;57.295277;46.771652;52.61811;45.2126;53.397636;45.992126;60.02362;81.85039;99.0;76.78346;74.055115;79.90157;86.91732;47.55118;0.0;,fa6073,9f907a,25802.0,Archivo de audio MPEG,241684.0,2021.0,256.0,44100.0,100.0,100.0,7219.0,5.0,1.0,3.0,3837411908.0,2025-08-07 16:45:08,Kurousa,,,25,-3.0
Ado,Backlight (UTA from ONE PIECE FILM RED),Ado,Backlight (UTA from ONE PIECE FILM RED) - Single,Ado,J-Pop,2022-07-06,237.95,145,715663,61.192913;99.0;60.80315;39.755905;40.925198;33.519684;45.2126;29.232285;31.96063;32.350395;54.56693;51.83858;61.582676;87.69685;69.767715;68.208664;83.79921;71.32677;76.78346;56.515747;59.633858;64.70079;50.669292;0.0;,db5233,555548,25804.0,Archivo de audio MPEG,237975.0,2022.0,256.0,44100.0,100.0,100.0,11766.0,5.0,1.0,5.0,3837414605.0,2025-08-07 17:30:05,VAUNDY,,,31,-2.0
Ado,I’m a Controversy,Ado,I’m a Controversy - Single,Ado,J-Pop,2023-02-20,194.61,150,6f4c54,99.0;68.98819;34.688976;26.114174;29.232285;30.79134;36.637794;45.602364;45.2126;31.181103;39.366142;44.43307;45.602364;69.37795;48.720474;58.464565;74.055115;76.3937;71.32677;59.633858;63.531494;70.93701;38.586617;0.0;,f45660,4d524d,25810.0,Archivo de audio MPEG,194638.0,2023.0,256.0,44100.0,100.0,100.0,6356.0,5.0,1.0,3.0,3837411470.0,2025-08-07 16:37:50,PinocchioP,,,26,-4.0
Ado,New Genesis (UTA from ONE PIECE FILM RED),Ado,New Genesis (UTA from ONE PIECE FILM RED) - Single,Ado,J-Pop,2022-06-08,228.31,175,1c0d1d,50.279526;99.0;60.413383;37.417324;40.535435;44.822834;35.078743;29.622047;33.90945;25.334646;22.216536;23.385828;24.944883;30.011812;22.996063;28.84252;31.96063;34.688976;35.85827;40.535435;45.2126;45.602364;26.503939;0.0;,b6e84f,1e111f,25816.0,Archivo de audio MPEG,228336.0,2022.0,256.0,44100.0,100.0,100.0,9817.0,5.0,1.0,3.0,3837412389.0,2025-08-07 16:53:09,Yasutaka Nakata,,,23,-1.0
Ado,Kura Kura,Ado,Kura Kura - Single,Ado,J-Pop,2023-10-05,191.22,94,120919,86.52756;91.98425;61.582676;63.531494;55.73622;54.177166;51.83858;45.992126;50.669292;47.55118;51.059055;59.633858;52.61811;56.125984;45.602364;55.34646;65.480316;67.03937;64.31102;79.90157;86.52756;99.0;62.362206;0.0;,fd6d90,807566,25822.0,Archivo de audio MPEG,191242.0,2023.0,256.0,44100.0,100.0,100.0,8562.0,5.0,1.0,3.0,3837409015.0,2025-08-07 15:56:55,meiyo,,,17,-1.0
Ado,Charles,Ado,Charles - Single,Ado,J-Pop,2025-04-16,224.39,148,9f9b84,71.71654;93.93307;60.80315;30.011812;31.570868;47.16142;40.535435;42.09449;40.535435;49.110237;41.704723;66.649605;82.24016;99.0;74.83464;84.18898;66.649605;67.81889;46.771652;46.771652;55.73622;85.35826;66.25984;0.0;,da433c,916f64,25826.0,Archivo de audio MPEG,224417.0,2025.0,256.0,44100.0,100.0,100.0,15054.0,5.0,1.0,3.0,3837410574.0,2025-08-07 16:22:54,,,,24,3.0
Ado,フールフールフール,おくのほそみち feat. Ado,フールフールフール - Single,おくのほそみち feat. Ado,J-Pop,2021-03-07,193.1,100,a83068,99.0;85.35826;84.18898;75.614174;78.342514;91.59448;50.279526;54.95669;31.570868;40.145668;31.96063;35.468506;45.992126;68.59843;62.362206;56.90551;58.464565;65.480316;61.582676;44.822834;41.704723;56.125984;29.622047;0.0;,ac5e0d,3a2f22,25832.0,Archivo de audio MPEG,193123.0,2021.0,256.0,44100.0,100.0,100.0,5190.0,5.0,1.0,3.0,3837408824.0,2025-08-07 15:53:44,,,,23,3.0
Ado,Stay Gold (From 'Beyblade X'),Jax Jones & Ado,Stay Gold (From 'BEYBLADE X') - Single,Jax Jones & Ado,Dance,2025-06-13,206.29,140,755662,17.929134;50.669292;51.44882;51.83858;34.688976;58.854332;52.228348;48.330708;47.55118;54.95669;40.535435;29.622047;35.078743;40.145668;28.84252;48.720474;68.59843;95.49213;70.54724;66.25984;83.019684;99.0;48.330708;0.0;,e33aa7,6b6e64,26090.0,Archivo de audio MPEG,206315.0,2025.0,256.0,44100.0,100.0,100.0,10821.0,5.0,1.0,3.0,3837413858.0,2025-08-07 17:17:38,"Timucin Lam, Frank Nobel, HighT & Emma Bertilsson",,,21,0.0
Aespa: SYNK Parallel Line - CDMX 2025,Hold On Tight,aespa,Tetris (Motion Picture Soundtrack),aespa,Soundtrack,2023-03-31,149.02,120,9d3e4c,80.291336;99.0;54.56693;44.822834;54.95669;45.602364;41.31496;49.889763;59.633858;35.468506;32.740158;34.688976;39.755905;47.55118;34.299213;38.97638;51.44882;48.720474;50.279526;35.85827;35.468506;51.059055;41.31496;0.0;,c9ac21,090d0b,13306.0,Archivo de audio AAC,149000.0,2023.0,325.0,48000.0,100.0,100.0,4480.0,5.0,1.0,4.0,3831243520.0,2025-05-28 07:18:40,,,,25,
Aespa: SYNK Parallel Line - CDMX 2025,Drama,aespa,Drama - The 4th Mini Album,aespa,K-pop,2023-11-10,215.06,66,a4ac98,57.68504;45.602364;45.2126;35.078743;35.078743;52.228348;57.295277;99.0;64.31102;60.80315;51.83858;65.87008;63.531494;64.70079;40.145668;49.110237;75.22441;63.531494;80.6811;51.44882;51.44882;87.30708;58.074802;0.0;,c41590,a36056,14526.0,Archivo de audio AAC,215040.0,2023.0,326.0,48000.0,100.0,100.0,11863.0,5.0,1.0,3.0,3821796764.0,2025-02-08 00:12:44,"Charlotte Wilson, EJAE, No Identity & Waker",,,18,1.0
Aespa: SYNK Parallel Line - CDMX 2025,Supernova,aespa,Armageddon - The 1st Album,aespa,K-pop,2024-05-13,178.02,120,ba9de6,99.0;99.0;49.889763;44.822834;24.944883;29.622047;44.43307;37.417324;44.43307;40.925198;42.874016;42.484253;42.484253;50.669292;29.622047;34.299213;42.09449;44.43307;48.330708;52.228348;58.074802;86.91732;68.59843;0.0;,f6ae7c,959797,14530.0,Archivo de audio AAC,178000.0,2024.0,328.0,48000.0,100.0,100.0,6765.0,5.0,1.0,4.0,3827229385.0,2025-04-11 20:16:25,"Kenzie, Paris Alexa & Dwayne ""Dem Jointz"" Abernathy Jr.",,,24,-32.0
Aespa: SYNK Parallel Line - CDMX 2025,UP (KARINA Solo),aespa,SYNK - PARALLEL LINE - Special Digital Single - EP,aespa,K-pop,2024-10-09,166.02,99,d147c4,99.0;70.93701;53.007874;40.535435;33.12992;37.027557;36.637794;56.90551;34.688976;38.586617;42.484253;48.330708;40.145668;41.31496;28.84252;39.366142;57.68504;51.83858;58.464565;70.54724;65.480316;79.12205;61.192913;0.0;,fe7e90,969997,14532.0,Archivo de audio AAC,166000.0,2024.0,335.0,48000.0,,100.0,4309.0,5.0,1.0,2.0,3821800213.0,2025-02-08 01:10:13,"Slow Rabbit, Morgan Connie Smith, Taneisha Jackson, Sofia Quinn, PXPILLON, Emma-Lee Andersson, BB Elliot, Stella Jones",,,26,-3.0
Aespa: SYNK Parallel Line - CDMX 2025,Whiplash,aespa,Whiplash - The 5th Mini Album - EP,aespa,K-pop,2024-10-21,183.3,126,7c5c69,99.0;85.74803;65.09055;47.55118;49.889763;22.996063;37.807087;40.145668;31.181103;28.84252;24.944883;30.011812;33.12992;38.19685;24.944883;30.401575;35.85827;37.807087;50.669292;53.397636;59.633858;76.00394;56.515747;0.0;,e5cb92,7f6371,14534.0,Archivo de audio AAC,183275.0,2024.0,333.0,48000.0,100.0,100.0,6499.0,5.0,1.0,3.0,3825243229.0,2025-03-19 21:33:49,"Marcus ""MarcLo"" Lomax, Neil Ormandy, Rosina ""Soaky Siren"" Russell, Lewis Jankel & Leslie",,,60,-4.0
Aespa: SYNK Parallel Line - CDMX 2025,Armageddon,aespa,Armageddon - The 1st Album,aespa,K-pop,2024-05-27,196.56,92,18240a,99.0;87.30708;68.208664;51.83858;63.531494;40.145668;62.75197;72.885826;51.44882;41.31496;59.244095;61.192913;70.54724;69.767715;41.704723;57.295277;88.47638;95.49213;91.59448;61.582676;60.413383;72.49606;49.110237;0.0;,e53f55,90625b,14536.0,Archivo de audio AAC,196534.0,2024.0,325.0,48000.0,,100.0,10309.0,5.0,1.0,2.0,3821802408.0,2025-02-08 01:46:48,"No Identity, Bang Hye Hyun, EJAE, SUMIN & Waker",,,24,1.0
Aespa: SYNK Parallel Line - CDMX 2025,Dopamine (GISELLE Solo),aespa,SYNK - PARALLEL LINE - Special Digital Single - EP,aespa,K-pop,2024-10-09,194.16,71,bed3a3,99.0;56.90551;49.889763;37.807087;29.232285;21.826773;26.503939;30.011812;32.350395;22.6063;18.3189;24.944883;26.503939;31.181103;22.996063;29.622047;36.637794;35.078743;42.09449;47.940945;48.720474;63.14173;49.110237;0.0;,f3b195,b65f78,14538.0,Archivo de audio AAC,194142.0,2024.0,323.0,48000.0,,100.0,3187.0,5.0,1.0,2.0,3821800047.0,2025-02-08 01:07:27,Shintaro Yasuda & GISELLE & Pau Cerrilla & Paige Garabito,,,24,-1.0
Aespa: SYNK Parallel Line - CDMX 2025,Bored! (NINGNING Solo),aespa,SYNK - PARALLEL LINE - Special Digital Single - EP,aespa,K-pop,2024-10-09,171.02,78,050a12,99.0;85.35826;74.055115;88.866135;58.074802;44.04331;66.25984;50.279526;45.992126;27.67323;36.24803;38.97638;44.822834;48.330708;31.181103;32.740158;59.633858;61.582676;56.90551;46.771652;43.26378;69.767715;47.55118;0.0;,e8c592,67312b,14546.0,Archivo de audio AAC,171000.0,2024.0,327.0,48000.0,,100.0,6321.0,5.0,1.0,3.0,3829944396.0,2025-05-13 06:26:36,Hilda Stenmalm/Bård Bonsaksen/Dom Rivinius/TMM,,,23,
Aespa: SYNK Parallel Line - CDMX 2025,"Flights, Not Feelings",aespa,Whiplash - The 5th Mini Album - EP,aespa,K-pop,2024-10-21,181.74,92,093507,99.0;78.732285;94.7126;46.771652;56.125984;44.822834;67.03937;71.32677;55.73622;43.65354;50.669292;53.007874;61.972443;48.330708;31.181103;44.43307;54.95669;67.42913;84.578735;77.56299;72.49606;89.255905;67.81889;0.0;,f971a3,b4876e,14550.0,Archivo de audio AAC,181719.0,2024.0,323.0,48000.0,,100.0,5583.0,5.0,1.0,2.0,3821799650.0,2025-02-08 01:00:50,"HONEY NOISE, Brown Panda, Frankie Day, Chanti & LEE HYEYUM",,,22,
Aespa: SYNK Parallel Line - CDMX 2025,Set The Tone,aespa,Armageddon - The 1st Album,aespa,K-pop,2024-05-27,202.62,99,c5d947,90.03543;81.46063;59.244095;50.669292;42.09449;36.24803;51.44882;70.93701;63.531494;63.921257;68.59843;71.71654;79.51181;96.661415;49.110237;47.940945;64.31102;72.1063;72.49606;58.854332;72.1063;99.0;70.54724;0.0;,e83676,a57365,14554.0,Archivo de audio AAC,202594.0,2024.0,329.0,48000.0,,100.0,6075.0,5.0,1.0,2.0,3821801990.0,2025-02-08 01:39:50,"Cho Yun Kyoung, Ludwig Lindell, Daniel Caesar & Ylva Dimberg",,,39,-9.0
Aespa: SYNK Parallel Line - CDMX 2025,Mine,aespa,Armageddon - The 1st Album,aespa,K-pop,2024-05-27,193.33,73,9b7166,73.27559;65.09055;37.027557;35.468506;32.740158;31.570868;32.740158;36.637794;24.165356;19.877954;21.43701;26.503939;40.535435;33.519684;27.67323;32.740158;45.992126;52.61811;61.192913;51.059055;52.61811;99.0;61.582676;0.0;,fa8b9f,af89ef,14560.0,Archivo de audio AAC,193306.0,2024.0,326.0,48000.0,,100.0,4404.0,5.0,1.0,2.0,3821774768.0,2025-02-07 18:06:08,"Mike Daley, Mitchell Owens, Lee Eunhwa, Nicole “Kole” Cohen & Adrian Mckinnon",,,24,
Aespa: SYNK Parallel Line - CDMX 2025,Pink Hoodie,aespa,Whiplash - The 5th Mini Album - EP,aespa,K-pop,2024-10-21,146.02,100,540fa6,91.98425;94.7126;78.342514;35.468506;50.669292;52.228348;49.889763;56.125984;47.16142;47.940945;42.874016;45.602364;47.55118;58.464565;41.704723;57.295277;71.71654;77.95276;87.69685;72.885826;79.51181;99.0;66.649605;0.0;,ff767b,98957f,14562.0,Archivo de audio AAC,146000.0,2024.0,331.0,48000.0,,100.0,5317.0,5.0,1.0,2.0,3821800928.0,2025-02-08 01:22:08,Didrik Thott,,,22,-27.0
Aespa: SYNK Parallel Line - CDMX 2025,Spark (WINTER Solo),aespa,SYNK - PARALLEL LINE - Special Digital Single - EP,aespa,K-pop,2024-10-09,201.29,126,957769,80.6811;99.0;76.3937;38.97638;68.59843;52.228348;34.299213;64.70079;60.02362;60.02362;52.228348;77.95276;76.3937;63.14173;46.38189;56.90551;77.56299;71.32677;96.27165;63.14173;65.09055;91.59448;70.93701;0.0;,f04d5e,c48e5f,14564.0,Archivo de audio AAC,201270.0,2024.0,322.0,48000.0,100.0,100.0,7115.0,5.0,1.0,4.0,3835795464.0,2025-07-19 23:44:24,WINTER/R.Tee/VACK/NOYEAH,,,18,
Aespa: SYNK Parallel Line - CDMX 2025,Just Another Girl,aespa,Whiplash - The 5th Mini Album - EP,aespa,K-pop,2024-10-21,184.34,89,020603,61.582676;84.578735;72.1063;36.637794;43.65354;37.027557;49.5;49.5;34.299213;25.724411;24.555119;30.79134;36.637794;50.279526;33.90945;45.2126;65.09055;66.649605;80.6811;73.66535;66.649605;99.0;64.31102;0.0;,ff8187,b2deb7,14576.0,Archivo de audio AAC,184320.0,2024.0,325.0,48000.0,,100.0,6093.0,5.0,1.0,2.0,3821802707.0,2025-02-08 01:51:47,"Fabian Torsson, Moa “Cazzi Opeia” Carlebecker, Ellen Berg, Nermin Harambasic & 이스란 (Seu Ran Lee)",,,20,
Aespa: SYNK Parallel Line - CDMX 2025,Life's Too Short (English Version),aespa,Girls - The 2nd Mini Album (Apple Music Edition),aespa,K-Pop,2022-06-13,178.02,85,010202,80.6811;98.61023;92.76378;63.14173;37.807087;47.16142;60.02362;47.16142;68.59843;38.97638;39.755905;47.940945;47.16142;60.80315;35.078743;42.09449;70.15748;75.614174;81.46063;68.59843;65.09055;99.0;70.54724;0.0;,ff847d,9c7f6f,14578.0,Archivo de audio AAC,178000.0,2022.0,325.0,48000.0,,100.0,7882.0,5.0,1.0,2.0,3821802885.0,2025-02-08 01:54:45,"Becky Hill, Sam Klempner & Uzoechi Emenike",,,65,1.0
Aespa: SYNK Parallel Line - CDMX 2025,Better Things,aespa,Drama - The 4th Mini Album,aespa,K-Pop,2023-08-18,203.29,115,b022a5,76.78346;97.8307;99.0;35.468506;36.637794;48.330708;56.125984;47.16142;45.992126;54.95669;45.2126;50.669292;54.56693;55.34646;35.85827;40.535435;53.397636;58.854332;52.61811;53.007874;57.68504;64.70079;63.921257;0.0;,e8943a,5a4f43,14582.0,Archivo de audio AAC,203267.0,2023.0,335.0,48000.0,,100.0,3664.0,5.0,1.0,2.0,3821799853.0,2025-02-08 01:04:13,Leroy Clampitt & Rachel Keen,,,23,
Aespa: SYNK Parallel Line - CDMX 2025,Black Mamba,aespa,Girls - The 2nd Mini Album (Apple Music Edition),aespa,K-Pop,2020-11-17,174.02,90,040407,60.02362;66.25984;43.26378;43.26378;35.85827;31.96063;42.484253;45.602364;81.07086;55.73622;53.7874;63.14173;53.007874;62.75197;47.55118;53.007874;76.00394;99.0;76.78346;58.464565;66.649605;73.66535;54.95669;0.0;,df2f67,806d60,14584.0,Archivo de audio AAC,174000.0,2020.0,329.0,48000.0,100.0,100.0,9955.0,5.0,1.0,2.0,3821774195.0,2025-02-07 17:56:35,"YOO YOUNG JIN, Omega, Ella Isaacson, Gabriela Geneva, Jordan Reyes, Shaun Lopez & Scott Chesak",,,60,
Aespa: SYNK Parallel Line - CDMX 2025,Live My Life,aespa,Armageddon - The 1st Album,aespa,K-pop,2024-05-27,159.02,137,846979,72.49606;99.0;67.81889;45.992126;56.515747;44.43307;51.83858;38.19685;38.19685;28.84252;48.330708;45.2126;61.192913;65.87008;37.807087;43.65354;67.42913;67.03937;84.18898;75.22441;63.14173;74.83464;53.007874;0.0;,f87259,55574b,14594.0,Archivo de audio AAC,159000.0,2024.0,323.0,48000.0,,100.0,7992.0,5.0,1.0,2.0,3821801236.0,2025-02-08 01:27:16,"Edvard Erfjord, Leslie, Sophia Brenan & Nick Hahn",,,27,
Aespa: SYNK Parallel Line - CDMX 2025,Next Level,aespa,Next Level - Single,aespa,K-pop,2021-05-17,221.66,109,16bacf,54.95669;75.22441;83.019684;99.0;30.011812;58.074802;45.992126;53.007874;34.688976;39.755905;44.822834;42.874016;49.110237;62.75197;44.43307;49.110237;83.79921;99.0;95.49213;61.582676;56.515747;76.78346;49.110237;0.0;,e83c62,a47c6c,14596.0,Archivo de audio AAC,221634.0,2021.0,334.0,48000.0,,,9286.0,5.0,1.0,2.0,3821802211.0,2025-02-08 01:43:31,"Mario Marchetti, Adam McInnis, YOO YOUNG JIN & Sophie Curtis",,,50,
Aespa: SYNK Parallel Line - CDMX 2025,Spicy,aespa,MY WORLD - The 3rd Mini Album - EP,aespa,K-pop,2023-05-08,197.11,115,360ca5,72.49606;72.49606;39.755905;46.771652;35.078743;31.96063;49.5;45.2126;63.14173;47.940945;57.295277;51.83858;69.37795;63.921257;39.755905;43.26378;69.37795;80.291336;96.661415;59.633858;63.14173;99.0;73.66535;0.0;,f1467f,98947f,14602.0,Archivo de audio AAC,197091.0,2023.0,331.0,48000.0,,100.0,11955.0,5.0,1.0,2.0,3821800782.0,2025-02-08 01:19:42,Emily Yeonseo Kim,,,37,-2.0
Aespa: SYNK Parallel Line - CDMX 2025,Salty & Sweet,aespa,MY WORLD - The 3rd Mini Album - EP,aespa,K-pop,2023-05-02,201.85,103,51dd32,99.0;80.291336;59.633858;37.027557;48.330708;36.24803;38.97638;42.09449;33.12992;33.519684;36.24803;42.09449;49.110237;48.720474;32.350395;41.704723;54.56693;64.31102;72.49606;44.43307;37.807087;49.110237;31.570868;0.0;,ec7f3c,dcdf7a,14604.0,Archivo de audio AAC,201828.0,2023.0,325.0,48000.0,100.0,100.0,4651.0,5.0,1.0,6.0,3826121111.0,2025-03-30 01:25:11,"Anne Judith Wik, JINBYJIN & Moa “Cazzi Opeia” Carlebecker",,,24,-2.0
Aespa: SYNK Parallel Line - CDMX 2025,Die Trying,aespa & TOKiMONSTA,Die Trying - Single,aespa,K-Pop,2024-04-05,175.02,145,6e4d56,99.0;77.56299;39.755905;37.807087;31.181103;24.555119;34.299213;27.283466;26.893702;34.299213;15.590553;20.657482;24.944883;20.267717;12.472443;16.370079;26.503939;31.96063;32.350395;24.944883;23.77559;36.24803;26.114174;0.0;,b4f166,371c2a,14612.0,Archivo de audio AAC,175000.0,2024.0,323.0,48000.0,,,2935.0,5.0,1.0,2.0,3821799468.0,2025-02-08 00:57:48,,,,27,-1.0
Aespa: SYNK Parallel Line - CDMX 2025,We Go,aespa,"Pokémon 2023 (Original TV Series Soundtrack, Korea) - EP",,K-Pop,2023-08-23,188.61,157,110a15,51.83858;72.885826;37.807087;53.397636;24.944883;25.724411;58.464565;40.925198;41.31496;32.350395;38.19685;45.992126;54.177166;64.70079;49.889763;51.059055;90.81496;79.51181;84.578735;65.87008;65.87008;99.0;64.31102;0.0;,f24974,787c72,14614.0,Archivo de audio AAC,188592.0,2023.0,325.0,48000.0,,,13597.0,5.0,1.0,2.0,3821801425.0,2025-02-08 01:30:25,,True,,18,
Aespa: SYNK Parallel Line - CDMX 2025,Done,nævis,Done - Single,nævis,K-pop,2024-09-10,179.02,160,8e4442,99.0;84.18898;63.921257;57.295277;41.31496;79.12205;54.56693;50.279526;58.074802;89.255905;39.755905;46.771652;68.208664;69.767715;47.16142;48.720474;72.1063;53.397636;54.177166;32.350395;29.232285;61.582676;56.90551;0.0;,a4232f,914135,14622.0,Archivo de audio AAC,179000.0,2024.0,321.0,48000.0,,,4759.0,5.0,1.0,2.0,3821801604.0,2025-02-08 01:33:24,"Alma Goodman, Jens Duvsjö & Klara Elias",,,20,-2.0
Aespa: SYNK Parallel Line - CDMX 2025,aenergy,aespa,Savage - The 1st Mini Album - EP,aespa,K-pop,2021-10-05,147.02,106,871284,68.98819;99.0;63.531494;59.633858;65.87008;60.02362;56.515747;80.291336;43.65354;66.25984;57.68504;66.25984;66.649605;88.47638;50.669292;60.80315;85.74803;86.137794;93.543304;67.81889;65.09055;83.79921;48.330708;0.0;,dc3157,7c5650,14624.0,Archivo de audio AAC,147000.0,2021.0,330.0,48000.0,100.0,100.0,15884.0,5.0,1.0,5.0,3837429832.0,2025-08-07 21:43:52,"Kill Dave, Pat Morrissey, Jess Corazza & YOO YOUNG JIN",,,22,-1.0
Against The Current,'good guy',Against The Current,'good guy' - Single,Against The Current,Alternative,2023-04-21,208.17,156,140a19,99.0;89.255905;55.34646;52.228348;40.145668;35.468506;66.25984;42.09449;42.874016;49.5;52.61811;70.15748;64.31102;74.444885;51.83858;64.70079;64.70079;67.42913;59.244095;63.921257;82.24016;88.08661;53.007874;0.0;,f7596c,6a6254,3544.0,Archivo de audio MPEG,208195.0,2023.0,256.0,44100.0,100.0,100.0,11210.0,5.0,1.0,5.0,3834829938.0,2025-07-08 19:32:18,"Cassandra Ströberg, Chrissy Costanza, Dan Gow & Will Ferri",,,21,-1.0
Against The Current,blindfolded,Against The Current,blindfolded - Single,Against The Current,Rock,2022-12-02,199.34,142,805d69,81.07086;99.0;51.44882;42.874016;40.145668;27.67323;67.03937;51.059055;46.38189;56.125984;65.87008;70.93701;72.885826;76.3937;47.55118;59.633858;67.03937;65.87008;64.31102;65.09055;68.59843;78.342514;49.110237;0.0;,ea4b52,554f41,3550.0,Archivo de audio MPEG,199366.0,2022.0,256.0,44100.0,100.0,100.0,14326.0,5.0,1.0,2.0,3835546088.0,2025-07-17 02:28:08,"Chrissy Costanza, Kristoffer Eriksson, Cassandra Ströberg, Dan Gow, Will Ferri & Salvatore Sam Guiana",,,20,
Against The Current,that won't save us,Against The Current,fever,Against The Current,Alternative,2020-10-28,201.01,78,020605,68.59843;87.30708;39.755905;37.807087;26.114174;24.165356;35.468506;38.97638;33.12992;42.09449;35.85827;47.16142;55.34646;72.1063;45.992126;53.397636;62.362206;63.14173;62.362206;72.49606;87.69685;99.0;60.02362;0.0;,fd6b75,aab8a4,3552.0,Archivo de audio MPEG,201038.0,2020.0,256.0,44100.0,100.0,100.0,7592.0,5.0,1.0,2.0,3823508230.0,2025-02-27 19:37:10,"Chrissy Costanza, Will Ferri, Dan Gow & Matt Squire",,,70,-4.0
Against The Current,jump,Against The Current,fever,Against The Current,Alternative,2021-07-23,160.39,85,020203,74.055115;85.35826;34.688976;38.586617;41.31496;35.85827;52.228348;58.854332;55.73622;49.889763;38.19685;55.34646;65.09055;59.244095;47.16142;50.669292;58.074802;64.31102;63.14173;66.649605;81.07086;99.0;50.669292;0.0;,f95987,8c816f,3556.0,Archivo de audio MPEG,160417.0,2021.0,256.0,44100.0,100.0,100.0,7236.0,5.0,1.0,3.0,3829856985.0,2025-05-12 06:09:45,Christina Costanza,,,16,
Against The Current,lullaby,Against The Current,fever,Against The Current,Alternative,2021-07-23,218.31,108,0d45bb,47.940945;79.12205;46.38189;44.04331;39.366142;33.90945;43.65354;70.93701;51.059055;41.31496;30.401575;47.16142;54.95669;57.295277;40.925198;49.110237;55.34646;48.720474;60.02362;59.633858;68.98819;99.0;60.02362;0.0;,f75692,ada98b,3562.0,Archivo de audio MPEG,218331.0,2021.0,256.0,44100.0,100.0,100.0,5728.0,5.0,1.0,2.0,3837248543.0,2025-08-05 19:22:23,"Christina Costanza, Jordan Fish & Oli Sykes",,,20,
Against The Current,Gravity,Against The Current,Gravity - EP,Against The Current,Alternative,2015-02-17,222.09,140,78777c,51.83858;66.649605;51.059055;49.5;35.468506;24.555119;39.366142;52.61811;50.669292;45.992126;31.181103;41.31496;50.279526;67.03937;55.73622;42.09449;51.059055;54.177166;59.244095;48.720474;60.02362;99.0;71.71654;0.0;,f44c8c,8f8e7b,3576.0,Archivo de audio MPEG,222119.0,2015.0,256.0,44100.0,100.0,100.0,6696.0,5.0,1.0,4.0,3831969767.0,2025-06-05 17:02:47,"Daniel Gow, Chrissy Costanza & Will Ferri",,,70,1.0
Against The Current,Paralyzed,Against The Current,Gravity - EP,Against The Current,Alternative,2015-02-17,196.1,132,a48ea7,57.295277;65.480316;40.925198;26.114174;35.078743;35.078743;31.181103;41.31496;53.007874;45.602364;31.96063;43.65354;49.110237;76.78346;49.5;46.38189;58.464565;63.14173;61.582676;53.397636;66.25984;99.0;68.59843;0.0;,f44d7f,7d817a,3580.0,Archivo de audio MPEG,196127.0,2015.0,256.0,44100.0,100.0,100.0,10355.0,5.0,1.0,2.0,3826120264.0,2025-03-30 01:11:04,"Daniel Gow, Chrissy Costanza & Will Ferri",,,22,-1.0
Against The Current,Fireproof,Against The Current,Gravity - EP,Against The Current,Alternative,2015-02-17,188.11,85,010201,53.397636;63.531494;47.55118;40.925198;37.807087;29.622047;45.2126;72.885826;58.074802;50.279526;58.074802;55.34646;61.582676;69.37795;40.145668;57.295277;63.531494;65.87008;63.14173;55.73622;78.732285;99.0;55.73622;0.0;,e6348c,a17c6c,3582.0,Archivo de audio MPEG,188133.0,2015.0,256.0,44100.0,100.0,100.0,12680.0,5.0,1.0,2.0,3821794332.0,2025-02-07 23:32:12,"Daniel Gow, Chrissy Costanza & Will Ferri",,,21,-3.0
Against The Current,Brighter,Against The Current,Gravity - EP,Against The Current,Alternative,2015-02-17,214.1,79,12160b,64.31102;69.767715;63.531494;43.65354;64.70079;63.531494;57.68504;99.0;53.397636;71.71654;71.71654;62.75197;68.59843;70.15748;48.330708;46.771652;59.244095;59.633858;53.7874;33.12992;46.771652;84.18898;55.73622;0.0;,95038d,883c36,3584.0,Archivo de audio MPEG,214125.0,2015.0,256.0,44100.0,100.0,100.0,6251.0,5.0,1.0,4.0,3834155767.0,2025-07-01 00:16:07,"Daniel Gow, Chrissy Costanza & Will Ferri",,,20,
Against The Current,Running with the Wild Things,Against The Current,In Our Bones,Against The Current,Alternative,2016-02-05,222.85,160,0c0712,98.220474;88.47638;33.519684;39.366142;44.43307;37.417324;53.007874;63.921257;56.515747;47.940945;41.704723;43.26378;52.228348;75.614174;55.34646;59.633858;74.055115;79.12205;96.27165;88.08661;86.91732;99.0;52.228348;0.0;,fa5d7b,828171,3586.0,Archivo de audio MPEG,222876.0,2016.0,256.0,44100.0,100.0,100.0,13140.0,5.0,1.0,2.0,3823261431.0,2025-02-24 23:03:51,Audra Mae,,,100,1.0
Against The Current,Forget Me Now,Against The Current,In Our Bones,Against The Current,Alternative,2016-05-20,181.6,97,aa8127,63.921257;59.633858;26.114174;29.232285;35.078743;32.350395;42.874016;32.350395;63.14173;63.921257;45.2126;57.68504;75.614174;82.62992;54.56693;62.362206;65.09055;66.649605;64.70079;58.854332;68.208664;99.0;50.669292;0.0;,e63479,baa381,3588.0,Archivo de audio MPEG,181629.0,2016.0,256.0,44100.0,100.0,100.0,12321.0,5.0,1.0,5.0,3834829140.0,2025-07-08 19:19:00,Steve Aiello/Chrissy Costanza/Will Ferri/Dan Gow/Nick Long/Tom Schleiter,,,99,
Against The Current,Chasing Ghosts,Against The Current,In Our Bones,Against The Current,Alternative,2016-05-20,209.61,104,c29640,57.68504;70.15748;53.007874;58.464565;42.484253;52.228348;38.586617;55.34646;42.874016;44.43307;41.704723;45.602364;58.464565;61.192913;40.925198;54.177166;57.68504;70.93701;99.0;93.15354;76.3937;79.90157;51.83858;0.0;,f34a82,d9dd84,3590.0,Archivo de audio MPEG,209632.0,2016.0,256.0,44100.0,100.0,100.0,7816.0,5.0,1.0,2.0,3835962293.0,2025-07-21 22:04:53,Chrissy Costanza/Will Ferri/Dan Gow/Nick Long/Tom Schleiter,,,97,-3.0
Against The Current,One More Weekend,Against The Current,In Our Bones,Against The Current,Alternative,2016-05-20,185.1,97,ad2397,60.80315;78.732285;38.586617;30.401575;52.228348;35.468506;40.535435;63.14173;74.444885;37.417324;54.56693;51.83858;53.7874;83.40945;64.70079;72.1063;90.42519;85.74803;99.0;87.69685;82.24016;87.69685;48.330708;0.0;,ea3d67,8a8271,3592.0,Archivo de audio MPEG,185129.0,2016.0,256.0,44100.0,100.0,100.0,11867.0,5.0,1.0,4.0,3832755381.0,2025-06-14 19:16:21,Nolan Sipe,,,97,-2.0
Against The Current,Young & Relentless,Against The Current,In Our Bones,Against The Current,Alternative,2016-05-20,202.34,134,7e6473,52.228348;99.0;37.807087;26.503939;23.77559;25.334646;26.893702;39.366142;57.68504;47.940945;33.12992;42.09449;45.992126;56.90551;35.85827;46.38189;51.83858;48.330708;52.228348;55.34646;56.90551;64.70079;35.85827;0.0;,f27548,292e2d,3596.0,Archivo de audio MPEG,202370.0,2016.0,256.0,44100.0,100.0,100.0,11777.0,5.0,1.0,1.0,3833050090.0,2025-06-18 05:08:10,Andrew Jackson (21),,,40,-2.0
Against The Current,Runaway,Against The Current,In Our Bones,Against The Current,Alternative,2016-05-20,212.11,115,94158c,45.602364;85.74803;42.09449;39.366142;31.96063;27.283466;45.992126;46.38189;52.228348;49.889763;62.362206;55.73622;51.83858;82.24016;53.7874;61.192913;72.885826;76.3937;91.98425;85.35826;83.019684;99.0;51.83858;0.0;,f1496e,868675,3598.0,Archivo de audio MPEG,212140.0,2016.0,256.0,44100.0,100.0,100.0,13437.0,5.0,1.0,4.0,3835609158.0,2025-07-17 19:59:18,Chrissy Costanza/Will Ferri/Dan Gow/Nick Long/Tom Schleiter,,,98,-1.0
Against The Current,Wasteland,Against The Current,In Our Bones,Against The Current,Alternative,2016-05-20,205.61,99,9b1e77,73.27559;79.12205;42.09449;34.299213;65.09055;47.940945;35.078743;86.137794;96.27165;44.822834;51.83858;53.007874;67.42913;99.0;63.921257;63.14173;74.83464;65.480316;68.59843;52.228348;50.669292;74.444885;49.5;0.0;,c81f55,5e4c42,3602.0,Archivo de audio MPEG,205635.0,2016.0,256.0,44100.0,100.0,100.0,10059.0,5.0,1.0,3.0,3834830351.0,2025-07-08 19:39:11,"Andrew Goldstein, Nolan Sipe",,,19,1.0
Against The Current,Blood Like Gasoline,Against The Current,In Our Bones,Against The Current,Alternative,2016-05-20,198.11,90,010102,57.68504;83.019684;35.078743;38.97638;43.65354;36.637794;39.755905;62.362206;79.12205;41.704723;43.65354;45.602364;64.31102;84.18898;55.34646;71.71654;99.0;86.91732;95.49213;79.90157;79.51181;94.7126;57.295277;0.0;,eb3f67,968774,3604.0,Archivo de audio MPEG,198138.0,2016.0,256.0,44100.0,100.0,100.0,12246.0,5.0,1.0,2.0,3837339091.0,2025-08-06 20:31:31,Drew Pearson,,,21,-1.0
Against The Current,Infinity,Against The Current,Infinity - EP,Against The Current,Alternative,2014-05-27,185.36,125,a5849e,57.68504;91.98425;50.669292;37.417324;39.366142;28.452757;35.078743;46.771652;44.822834;64.70079;34.688976;61.192913;63.531494;88.08661;56.515747;67.03937;84.968506;90.42519;84.18898;84.968506;84.968506;99.0;57.68504;0.0;,f24e62,848372,3620.0,Archivo de audio MPEG,185391.0,2014.0,256.0,44100.0,100.0,100.0,13762.0,5.0,1.0,4.0,3827295301.0,2025-04-12 14:35:01,Against The Current,,,56,1.0
Against The Current,Another You (Another Way),Against The Current,Infinity - EP,Against The Current,Alternative,2014-05-27,203.6,135,75535d,55.73622;83.40945;58.464565;46.38189;47.16142;31.96063;45.602364;64.31102;51.059055;44.43307;48.720474;45.992126;78.732285;96.661415;59.244095;67.03937;84.578735;86.91732;88.08661;78.342514;79.90157;99.0;54.56693;0.0;,ea3e67,716b5c,3626.0,Archivo de audio MPEG,203624.0,2014.0,256.0,44100.0,100.0,100.0,13666.0,5.0,1.0,3.0,3835873146.0,2025-07-20 21:19:06,"Dan Gow, Will Ferri & Chrissy Costanza",,,70,1.0
Against The Current,Strangers Again,Against The Current,Past Lives,Against The Current,Alternative,2018-05-11,222.88,90,030407,99.0;81.46063;48.720474;41.31496;29.232285;19.098427;38.97638;25.724411;35.078743;35.85827;30.401575;33.519684;48.330708;38.19685;33.90945;38.586617;60.413383;74.444885;62.75197;61.972443;68.98819;73.66535;47.16142;0.0;,fe8a70,8f9090,3630.0,Archivo de audio MPEG,222902.0,2018.0,256.0,44100.0,100.0,100.0,5607.0,5.0,1.0,5.0,3833476824.0,2025-06-23 03:40:24,"Andrew Goldstein, Christina Costanza, Daniel Gow, Nick Long & William Ferri",,,19,1.0
Against The Current,The Fuss,Against The Current,Past Lives,Against The Current,Alternative,2018-09-28,170.55,156,0e0814,63.531494;87.30708;86.137794;56.90551;61.972443;37.027557;26.503939;40.925198;54.56693;54.56693;27.67323;58.854332;40.145668;50.669292;35.078743;36.24803;49.110237;48.720474;60.413383;66.649605;74.055115;99.0;80.6811;0.0;,f799a3,797b6e,3632.0,Archivo de audio MPEG,170579.0,2018.0,256.0,44100.0,100.0,100.0,4661.0,5.0,1.0,3.0,3825846617.0,2025-03-26 21:10:17,"Christina Costanza, Daniel Gow, Thomas Schleiter, Trent Dabbs & William Ferri",,,100,-1.0
Against The Current,Voices,Against The Current,Past Lives,Against The Current,Alternative,2018-09-28,204.64,105,0cbda9,80.6811;87.30708;35.468506;22.6063;21.43701;25.334646;25.724411;37.417324;37.027557;49.5;31.96063;36.24803;44.822834;50.669292;34.299213;46.38189;55.34646;65.480316;75.614174;76.3937;85.74803;99.0;83.40945;0.0;,ff7e7f,b6c9c6,3638.0,Archivo de audio MPEG,204669.0,2018.0,256.0,44100.0,100.0,100.0,6868.0,5.0,1.0,1.0,3829466346.0,2025-05-07 17:39:06,"Andrew Goldstein, Christina Costanza, Daniel Gow, Jesse Saint John Geller, Sarah Hudson & William Ferri",,,70,1.0
Against The Current,Scream,Against The Current,Past Lives,Against The Current,Alternative,2018-09-28,181.03,103,06a333,82.24016;90.03543;46.38189;51.83858;40.145668;26.503939;29.622047;31.181103;23.77559;28.062992;19.877954;33.90945;35.078743;38.586617;32.740158;33.12992;35.85827;43.65354;62.362206;63.14173;70.54724;99.0;72.1063;0.0;,f4ae97,b8a8de,3640.0,Archivo de audio MPEG,181054.0,2018.0,256.0,44100.0,100.0,100.0,3695.0,5.0,1.0,4.0,3825611570.0,2025-03-24 03:52:50,"Alexandra Hughes, Christina Costanza, Daniel Gow, Jesse Saint John Geller, Leroy Clampitt, Thomas Schleiter & William Ferri",,,29,-23.0
Against The Current,P.A.T.T.,Against The Current,Past Lives,Against The Current,Alternative,2018-09-28,153.44,116,79ea4c,69.37795;99.0;45.992126;38.97638;23.77559;18.708662;32.740158;41.31496;31.570868;27.67323;30.79134;34.688976;42.484253;57.68504;40.535435;48.330708;58.854332;77.173225;63.921257;74.055115;76.00394;91.59448;60.02362;0.0;,fd846b,b7cbc7,3644.0,Archivo de audio MPEG,153469.0,2018.0,256.0,44100.0,100.0,100.0,6431.0,5.0,1.0,4.0,3830157453.0,2025-05-15 17:37:33,"Andrew Goldstein, Christina Costanza, Daniel Gow, Jessica Karpov, Nolan Sipes & William Ferri",,,17,
Against The Current,Come Alive,Against The Current,Past Lives,Against The Current,Alternative,2018-09-28,204.62,90,010304,88.866135;99.0;35.85827;33.519684;58.854332;26.114174;34.299213;57.68504;61.582676;38.19685;52.61811;59.633858;67.03937;55.34646;40.925198;40.145668;52.61811;49.889763;56.90551;52.228348;52.228348;65.87008;41.31496;0.0;,f26c4a,644d44,3648.0,Archivo de audio MPEG,204643.0,2018.0,256.0,44100.0,100.0,100.0,6640.0,5.0,1.0,4.0,3830869681.0,2025-05-23 23:28:01,"Christina Costanza, Daniel Gow, Maika Maile, Michael Ferri & William Ferri",,,26,1.0
Against The Current,Sweet Surrender,Against The Current,Past Lives,Against The Current,Alternative,2018-09-28,212.56,104,9d18a4,99.0;56.515747;33.90945;34.688976;76.00394;42.09449;42.09449;43.65354;33.90945;46.38189;56.125984;33.90945;81.46063;58.854332;25.334646;44.43307;64.31102;49.110237;35.468506;30.401575;33.519684;72.885826;75.22441;0.0;,d72386,545345,3650.0,Archivo de audio MPEG,212584.0,2018.0,256.0,44100.0,100.0,100.0,5473.0,5.0,1.0,3.0,3829856447.0,2025-05-12 06:00:47,"Allison Margaret Veltz, Christina Costanza, Daniel Gow, Thomas Schleiter & William Ferri",,,100,-1.0
Against The Current,silent stranger,Against The Current,silent stranger - Single,Against The Current,Rock,2023-09-22,209.95,76,08060e,93.543304;99.0;93.543304;56.125984;77.95276;63.921257;53.7874;75.22441;66.649605;97.05118;75.614174;88.866135;83.40945;86.137794;51.44882;72.1063;80.6811;87.69685;73.27559;74.83464;84.968506;96.27165;58.854332;0.0;,da286a,764c48,3652.0,Archivo de audio MPEG,209972.0,2023.0,256.0,44100.0,100.0,100.0,11228.0,5.0,1.0,5.0,3837427519.0,2025-08-07 21:05:19,"Chrissy Costanza, Jon Lundin, Dan Gow & Will Ferri",,,20,-2.0
Against The Current,weapon,Against The Current,weapon - Single,Against The Current,Alternative,2021-03-10,197.3,90,010203,88.866135;83.79921;45.602364;28.452757;52.228348;46.38189;42.874016;43.65354;39.366142;55.73622;45.992126;42.874016;61.972443;65.480316;41.704723;47.55118;69.37795;71.71654;71.32677;67.42913;77.95276;99.0;47.55118;0.0;,fc6380,93907c,3658.0,Archivo de audio MPEG,197328.0,2021.0,256.0,44100.0,100.0,100.0,8528.0,5.0,1.0,5.0,3835618297.0,2025-07-17 22:31:37,"Chrissy Costanza, Dan Gow, Matt Squire & Will Ferri",,,19,
Against The Current,Wildfire,Against The Current,Wildfire - Single,Against The Current,Alternative,2022-01-10,166.87,121,cb79ae,65.480316;99.0;45.992126;26.114174;36.637794;26.503939;34.688976;37.807087;55.34646;38.19685;40.145668;42.484253;51.44882;56.125984;42.484253;50.669292;58.074802;57.68504;66.649605;74.055115;70.15748;77.173225;44.04331;0.0;,fa765e,6f736e,3660.0,Archivo de audio MPEG,166896.0,2022.0,256.0,44100.0,100.0,100.0,6575.0,5.0,1.0,1.0,3827491182.0,2025-04-14 20:59:42,Alex Seaver & Chrissy Costanza,,,22,
Against The Current,Dreaming Alone,Against The Current & TAKA,Gravity - EP,Against The Current,Alternative,2015-02-17,176.09,145,3d3c43,63.531494;68.98819;69.37795;75.614174;60.80315;57.295277;54.177166;57.68504;44.04331;60.413383;26.114174;40.535435;60.02362;49.5;29.232285;38.586617;42.484253;40.925198;39.755905;27.67323;51.44882;99.0;70.93701;0.0;,9b72fb,693223,3666.0,Archivo de audio MPEG,176117.0,2015.0,256.0,44100.0,100.0,100.0,3898.0,5.0,1.0,2.0,3825358637.0,2025-03-21 05:37:17,"Daniel Gow, Chrissy Costanza & Will Ferri",,,87,-3.0
Against The Current,Legends Never Die,League of Legends & Against The Current,Legends Never Die - Single,League of Legends & Against The Current,Alternative,2017-09-15,235.1,140,8c8791,91.98425;99.0;64.70079;43.26378;37.417324;26.893702;40.145668;37.807087;43.26378;29.622047;21.826773;29.622047;32.350395;34.688976;23.385828;33.12992;32.350395;40.925198;42.09449;29.622047;30.401575;42.874016;26.893702;0.0;,aee340,250f24,6582.0,Archivo de audio MPEG,235128.0,2017.0,256.0,44100.0,100.0,100.0,5763.0,5.0,1.0,2.0,3835517714.0,2025-07-16 18:35:14,"Sebastien Najand, Justin Tranter & Alex Seaver",,,99,1.0
Against The Current,Teenagers,The Summer Set & Against The Current,Teenagers - Single,The Summer Set & Against The Current,Alternative,2022-06-17,182.36,81,040409,55.73622;99.0;94.32283;66.25984;51.44882;61.192913;79.51181;60.80315;58.464565;69.767715;53.397636;74.83464;77.95276;90.42519;60.80315;60.80315;60.413383;84.968506;83.40945;88.47638;86.137794;89.255905;53.397636;0.0;,e13169,7a524d,9886.0,Archivo de audio MPEG,182386.0,2022.0,256.0,44100.0,100.0,100.0,5500.0,5.0,1.0,2.0,3825317356.0,2025-03-20 18:09:16,"Brian Logan Dales, Jessica Bowen, Stephen Gomez & John Gomez",,,17,-1.0
Against The Current,Caught It,"VOILÀ, Chrissy Costanza & Against The Current",Caught It - Single,"VOILÀ, Chrissy Costanza & Against The Current",Rock,2024-05-31,177.08,140,66584c,69.37795;99.0;64.31102;49.110237;41.704723;40.925198;35.468506;28.062992;25.724411;35.078743;38.97638;42.09449;44.43307;49.889763;39.755905;52.61811;57.295277;65.87008;66.649605;84.18898;93.93307;93.93307;54.95669;0.0;,fe8d7c,a8edae,10576.0,Archivo de audio MPEG,177110.0,2024.0,256.0,44100.0,100.0,100.0,9798.0,5.0,1.0,3.0,3831218974.0,2025-05-28 00:29:34,"Chrissy Costanza, Gus Ross & Luke Eisner",,,16,-1.0
Against The Current,SUICIDAL THOUGHTS (NO ONE'S HOME),"Ryan Oakes, Chrissy Costanza & Against The Current",SUICIDAL THOUGHTS (NO ONE'S HOME) - Single,"Ryan Oakes, Chrissy Costanza & Against The Current",Hip-Hop-Rap,2024-11-01,165.02,92,043e32,60.413383;99.0;58.074802;72.1063;53.007874;54.56693;61.972443;44.822834;54.95669;37.417324;39.366142;52.228348;42.09449;45.2126;38.19685;62.362206;64.31102;53.397636;54.95669;54.56693;68.98819;67.03937;42.09449;0.0;,f76b58,954e4b,11130.0,Archivo de audio AAC,165000.0,2024.0,332.0,48000.0,100.0,100.0,5038.0,5.0,1.0,2.0,3828952058.0,2025-05-01 18:47:38,,,,43,2.0
Against The Current,Outsiders,Against The Current,Outsiders - Single,Against The Current,Alternativa,2015-10-02,229.09,125,876d7e,77.173225;99.0;40.145668;31.570868;33.90945;24.555119;34.688976;52.228348;49.889763;48.720474;30.011812;33.519684;43.26378;59.244095;33.90945;38.586617;49.110237;57.295277;61.192913;60.02362;60.413383;67.03937;37.807087;0.0;,f98659,313634,13854.0,Archivo de audio AAC,229065.0,2015.0,323.0,48000.0,100.0,100.0,6885.0,5.0,1.0,3.0,3834330849.0,2025-07-03 00:54:09,,,,30,
Against The Current,Out Of Your Mind,"MisterWives, Against The Current & Chrissy Costanza",Nosebleeds- Encore,MisterWives,Alternativa,2024-07-26,157.02,166,0b0711,74.83464;99.0;38.97638;43.65354;31.570868;34.299213;47.55118;42.874016;38.586617;39.755905;37.417324;44.43307;51.059055;72.49606;47.940945;56.125984;69.767715;74.444885;67.03937;60.80315;63.921257;72.1063;40.535435;0.0;,f2654e,616358,13860.0,Archivo de audio AAC,157000.0,2024.0,329.0,48000.0,100.0,100.0,8572.0,5.0,1.0,2.0,3832512941.0,2025-06-11 23:55:41,"Mandy Lee, Etienne Bowler, Sean Van Vleet & Lyndsey Gerd Gunnulfsen",,,23,
Against The Current,Barely Breathing,From Ashes to New feat. Against The Current,Barely Breathing - Single,From Ashes to New,Hard rock,2023-07-28,190.29,100,891ab4,90.03543;77.95276;68.59843;39.366142;57.295277;48.720474;63.531494;61.972443;38.97638;40.925198;57.68504;67.42913;68.208664;99.0;67.81889;65.87008;71.32677;86.52756;74.055115;78.732285;70.93701;79.51181;48.720474;0.0;,e3375d,826a5e,13862.0,Archivo de audio AAC,190264.0,2023.0,321.0,48000.0,100.0,100.0,8021.0,5.0,1.0,6.0,3834325923.0,2025-07-02 23:32:03,,,,13,-1.0
Against The Current,Romantic Disaster,LiL Lotus & Against The Current,ERRØR BØY,LiL Lotus & Against The Current,Rock,2021-08-20,157.02,125,bec69c,92.76378;72.1063;45.602364;49.889763;46.771652;33.90945;56.515747;43.26378;40.925198;34.299213;42.09449;35.85827;49.5;42.874016;31.96063;45.992126;45.602364;55.73622;61.192913;73.27559;95.49213;99.0;59.633858;0.0;,f780ac,ace6ab,13866.0,Archivo de audio AAC,157000.0,2021.0,325.0,48000.0,100.0,100.0,4529.0,5.0,1.0,1.0,3822903998.0,2025-02-20 19:46:38,"John Villagran, John Feldmann, Aaron Puckett & Christina Costanza",,,21,
Against The Current: Nightmares & Daydreams - CDMX 2023,'good guy',Against The Current,'good guy' - Single,Against The Current,Alternative,2023-04-21,208.17,156,140a19,99.0;89.255905;55.34646;52.228348;40.145668;35.468506;66.25984;42.09449;42.874016;49.5;52.61811;70.15748;64.31102;74.444885;51.83858;64.70079;64.70079;67.42913;59.244095;63.921257;82.24016;88.08661;53.007874;0.0;,f7596c,6a6254,3544.0,Archivo de audio MPEG,208195.0,2023.0,256.0,44100.0,100.0,100.0,11210.0,5.0,1.0,5.0,3834829938.0,2025-07-08 19:32:18,"Cassandra Ströberg, Chrissy Costanza, Dan Gow & Will Ferri",,,21,-1.0
Against The Current: Nightmares & Daydreams - CDMX 2023,blindfolded,Against The Current,blindfolded - Single,Against The Current,Rock,2022-12-02,199.34,142,805d69,81.07086;99.0;51.44882;42.874016;40.145668;27.67323;67.03937;51.059055;46.38189;56.125984;65.87008;70.93701;72.885826;76.3937;47.55118;59.633858;67.03937;65.87008;64.31102;65.09055;68.59843;78.342514;49.110237;0.0;,ea4b52,554f41,3550.0,Archivo de audio MPEG,199366.0,2022.0,256.0,44100.0,100.0,100.0,14326.0,5.0,1.0,2.0,3835546088.0,2025-07-17 02:28:08,"Chrissy Costanza, Kristoffer Eriksson, Cassandra Ströberg, Dan Gow, Will Ferri & Salvatore Sam Guiana",,,20,
Against The Current: Nightmares & Daydreams - CDMX 2023,that won't save us,Against The Current,fever,Against The Current,Alternative,2020-10-28,201.01,78,020605,68.59843;87.30708;39.755905;37.807087;26.114174;24.165356;35.468506;38.97638;33.12992;42.09449;35.85827;47.16142;55.34646;72.1063;45.992126;53.397636;62.362206;63.14173;62.362206;72.49606;87.69685;99.0;60.02362;0.0;,fd6b75,aab8a4,3552.0,Archivo de audio MPEG,201038.0,2020.0,256.0,44100.0,100.0,100.0,7592.0,5.0,1.0,2.0,3823508230.0,2025-02-27 19:37:10,"Chrissy Costanza, Will Ferri, Dan Gow & Matt Squire",,,70,-4.0
Against The Current: Nightmares & Daydreams - CDMX 2023,weapon,Against The Current,fever,Against The Current,Alternative,2021-03-10,197.3,90,010203,88.47638;83.79921;45.602364;28.452757;52.228348;45.992126;42.874016;43.65354;38.97638;55.34646;45.992126;42.484253;61.972443;65.09055;41.704723;47.16142;68.98819;71.71654;70.93701;67.03937;77.95276;99.0;47.55118;0.0;,fc6480,93907c,3554.0,Archivo de audio MPEG,197328.0,2021.0,256.0,44100.0,,100.0,8528.0,5.0,1.0,,,,"Chrissy Costanza, Dan Gow, Matt Squire & Will Ferri",,,19,
Against The Current: Nightmares & Daydreams - CDMX 2023,jump,Against The Current,fever,Against The Current,Alternative,2021-07-23,160.39,85,020203,74.055115;85.35826;34.688976;38.586617;41.31496;35.85827;52.228348;58.854332;55.73622;49.889763;38.19685;55.34646;65.09055;59.244095;47.16142;50.669292;58.074802;64.31102;63.14173;66.649605;81.07086;99.0;50.669292;0.0;,f95987,8c816f,3556.0,Archivo de audio MPEG,160417.0,2021.0,256.0,44100.0,100.0,100.0,7236.0,5.0,1.0,3.0,3829856985.0,2025-05-12 06:09:45,Christina Costanza,,,16,
Against The Current: Nightmares & Daydreams - CDMX 2023,lullaby,Against The Current,fever,Against The Current,Alternative,2021-07-23,218.31,108,0d45bb,47.940945;79.12205;46.38189;44.04331;39.366142;33.90945;43.65354;70.93701;51.059055;41.31496;30.401575;47.16142;54.95669;57.295277;40.925198;49.110237;55.34646;48.720474;60.02362;59.633858;68.98819;99.0;60.02362;0.0;,f75692,ada98b,3562.0,Archivo de audio MPEG,218331.0,2021.0,256.0,44100.0,100.0,100.0,5728.0,5.0,1.0,2.0,3837248543.0,2025-08-05 19:22:23,"Christina Costanza, Jordan Fish & Oli Sykes",,,20,
Against The Current: Nightmares & Daydreams - CDMX 2023,Gravity,Against The Current,Gravity - EP,Against The Current,Alternative,2015-02-17,222.09,140,78777c,51.83858;66.649605;51.059055;49.5;35.468506;24.555119;39.366142;52.61811;50.669292;45.992126;31.181103;41.31496;50.279526;67.03937;55.73622;42.09449;51.059055;54.177166;59.244095;48.720474;60.02362;99.0;71.71654;0.0;,f44c8c,8f8e7b,3576.0,Archivo de audio MPEG,222119.0,2015.0,256.0,44100.0,100.0,100.0,6696.0,5.0,1.0,4.0,3831969767.0,2025-06-05 17:02:47,"Daniel Gow, Chrissy Costanza & Will Ferri",,,70,1.0
Against The Current: Nightmares & Daydreams - CDMX 2023,Paralyzed,Against The Current,Gravity - EP,Against The Current,Alternative,2015-02-17,196.1,132,a48ea7,57.295277;65.480316;40.925198;26.114174;35.078743;35.078743;31.181103;41.31496;53.007874;45.602364;31.96063;43.65354;49.110237;76.78346;49.5;46.38189;58.464565;63.14173;61.582676;53.397636;66.25984;99.0;68.59843;0.0;,f44d7f,7d817a,3580.0,Archivo de audio MPEG,196127.0,2015.0,256.0,44100.0,100.0,100.0,10355.0,5.0,1.0,2.0,3826120264.0,2025-03-30 01:11:04,"Daniel Gow, Chrissy Costanza & Will Ferri",,,22,-1.0
Against The Current: Nightmares & Daydreams - CDMX 2023,Running with the Wild Things,Against The Current,In Our Bones,Against The Current,Alternative,2016-02-05,222.85,160,0c0712,98.220474;88.47638;33.519684;39.366142;44.43307;37.417324;53.007874;63.921257;56.515747;47.940945;41.704723;43.26378;52.228348;75.614174;55.34646;59.633858;74.055115;79.12205;96.27165;88.08661;86.91732;99.0;52.228348;0.0;,fa5d7b,828171,3586.0,Archivo de audio MPEG,222876.0,2016.0,256.0,44100.0,100.0,100.0,13140.0,5.0,1.0,2.0,3823261431.0,2025-02-24 23:03:51,Audra Mae,,,100,1.0
Against The Current: Nightmares & Daydreams - CDMX 2023,Chasing Ghosts,Against The Current,In Our Bones,Against The Current,Alternative,2016-05-20,209.61,104,c29640,57.68504;70.15748;53.007874;58.464565;42.484253;52.228348;38.586617;55.34646;42.874016;44.43307;41.704723;45.602364;58.464565;61.192913;40.925198;54.177166;57.68504;70.93701;99.0;93.15354;76.3937;79.90157;51.83858;0.0;,f34a82,d9dd84,3590.0,Archivo de audio MPEG,209632.0,2016.0,256.0,44100.0,100.0,100.0,7816.0,5.0,1.0,2.0,3835962293.0,2025-07-21 22:04:53,Chrissy Costanza/Will Ferri/Dan Gow/Nick Long/Tom Schleiter,,,97,-3.0
Against The Current: Nightmares & Daydreams - CDMX 2023,Wasteland,Against The Current,In Our Bones,Against The Current,Alternative,2016-05-20,205.61,99,9b1e77,73.27559;79.12205;42.09449;34.299213;65.09055;47.940945;35.078743;86.137794;96.27165;44.822834;51.83858;53.007874;67.42913;99.0;63.921257;63.14173;74.83464;65.480316;68.59843;52.228348;50.669292;74.444885;49.5;0.0;,c81f55,5e4c42,3602.0,Archivo de audio MPEG,205635.0,2016.0,256.0,44100.0,100.0,100.0,10059.0,5.0,1.0,3.0,3834830351.0,2025-07-08 19:39:11,"Andrew Goldstein, Nolan Sipe",,,19,1.0
Against The Current: Nightmares & Daydreams - CDMX 2023,Another You (Another Way),Against The Current,Infinity - EP,Against The Current,Alternative,2014-05-27,203.6,135,75535d,55.73622;83.40945;58.464565;46.38189;47.16142;31.96063;45.602364;64.31102;51.059055;44.43307;48.720474;45.992126;78.732285;96.661415;59.244095;67.03937;84.578735;86.91732;88.08661;78.342514;79.90157;99.0;54.56693;0.0;,ea3e67,716b5c,3626.0,Archivo de audio MPEG,203624.0,2014.0,256.0,44100.0,100.0,100.0,13666.0,5.0,1.0,3.0,3835873146.0,2025-07-20 21:19:06,"Dan Gow, Will Ferri & Chrissy Costanza",,,70,1.0
Against The Current: Nightmares & Daydreams - CDMX 2023,Strangers Again,Against The Current,Past Lives,Against The Current,Alternative,2018-05-11,222.88,90,030407,99.0;81.46063;48.720474;41.31496;29.232285;19.098427;38.97638;25.724411;35.078743;35.85827;30.401575;33.519684;48.330708;38.19685;33.90945;38.586617;60.413383;74.444885;62.75197;61.972443;68.98819;73.66535;47.16142;0.0;,fe8a70,8f9090,3630.0,Archivo de audio MPEG,222902.0,2018.0,256.0,44100.0,100.0,100.0,5607.0,5.0,1.0,5.0,3833476824.0,2025-06-23 03:40:24,"Andrew Goldstein, Christina Costanza, Daniel Gow, Nick Long & William Ferri",,,19,1.0
Against The Current: Nightmares & Daydreams - CDMX 2023,Voices,Against The Current,Past Lives,Against The Current,Alternative,2018-09-28,204.64,105,0cbda9,80.6811;87.30708;35.468506;22.6063;21.43701;25.334646;25.724411;37.417324;37.027557;49.5;31.96063;36.24803;44.822834;50.669292;34.299213;46.38189;55.34646;65.480316;75.614174;76.3937;85.74803;99.0;83.40945;0.0;,ff7e7f,b6c9c6,3638.0,Archivo de audio MPEG,204669.0,2018.0,256.0,44100.0,100.0,100.0,6868.0,5.0,1.0,1.0,3829466346.0,2025-05-07 17:39:06,"Andrew Goldstein, Christina Costanza, Daniel Gow, Jesse Saint John Geller, Sarah Hudson & William Ferri",,,70,1.0
Against The Current: Nightmares & Daydreams - CDMX 2023,silent stranger,Against The Current,silent stranger - Single,Against The Current,Rock,2023-09-22,209.95,76,08060e,93.543304;99.0;93.543304;56.125984;77.95276;63.921257;53.7874;75.22441;66.649605;97.05118;75.614174;88.866135;83.40945;86.137794;51.44882;72.1063;80.6811;87.69685;73.27559;74.83464;84.968506;96.27165;58.854332;0.0;,da286a,764c48,3652.0,Archivo de audio MPEG,209972.0,2023.0,256.0,44100.0,100.0,100.0,11228.0,5.0,1.0,5.0,3837427519.0,2025-08-07 21:05:19,"Chrissy Costanza, Jon Lundin, Dan Gow & Will Ferri",,,20,-2.0
Against The Current: Nightmares & Daydreams - CDMX 2023,Wildfire,Against The Current,Wildfire - Single,Against The Current,Alternative,2022-01-10,166.87,121,cb79ae,65.480316;99.0;45.992126;26.114174;36.637794;26.503939;34.688976;37.807087;55.34646;38.19685;40.145668;42.484253;51.44882;56.125984;42.484253;50.669292;58.074802;57.68504;66.649605;74.055115;70.15748;77.173225;44.04331;0.0;,fa765e,6f736e,3660.0,Archivo de audio MPEG,166896.0,2022.0,256.0,44100.0,100.0,100.0,6575.0,5.0,1.0,1.0,3827491182.0,2025-04-14 20:59:42,Alex Seaver & Chrissy Costanza,,,22,
Against The Current: Nightmares & Daydreams - CDMX 2023,again&again,Against The Current & guardin,fever,Against The Current,Alternative,2021-07-23,196.26,168,07050d,71.32677;99.0;31.96063;30.401575;25.334646;21.047245;26.114174;29.622047;53.7874;36.24803;25.334646;35.078743;38.586617;37.807087;27.67323;35.85827;43.26378;47.16142;51.059055;60.02362;67.42913;71.32677;40.925198;0.0;,fa9e6b,56525a,3664.0,Archivo de audio MPEG,196284.0,2021.0,256.0,44100.0,,100.0,5748.0,5.0,1.0,1.0,3832784295.0,2025-06-15 03:18:15,"Chrissy Costanza, Dan Gow, Jon Lundin, Justin Courtney Pierre, Nicholas Kerr-Carpenter, Sam DeRosa & Will Ferri",,,100,-23.0
Against The Current: Nightmares & Daydreams - CDMX 2023,Legends Never Die,League of Legends & Against The Current,Legends Never Die - Single,League of Legends & Against The Current,Alternative,2017-09-15,235.1,140,8c8791,91.98425;99.0;64.70079;43.26378;37.417324;26.893702;40.145668;37.807087;43.26378;29.622047;21.826773;29.622047;32.350395;34.688976;23.385828;33.12992;32.350395;40.925198;42.09449;29.622047;30.401575;42.874016;26.893702;0.0;,aee340,250f24,6582.0,Archivo de audio MPEG,235128.0,2017.0,256.0,44100.0,100.0,100.0,5763.0,5.0,1.0,2.0,3835517714.0,2025-07-16 18:35:14,"Sebastien Najand, Justin Tranter & Alex Seaver",,,99,1.0
Against The Current: Nightmares & Daydreams - CDMX 2023,Almost Forgot,Against The Current,Almost Forgot - Single,Against The Current,Alternativa,2018-05-11,208.26,104,1cd5a7,82.62992;63.531494;69.37795;50.669292;48.720474;24.555119;46.771652;45.992126;32.350395;30.401575;21.047245;28.062992;27.283466;31.96063;26.114174;37.027557;43.65354;66.649605;62.362206;59.633858;69.37795;99.0;70.15748;0.0;,f197b4,b0c0e8,13620.0,Archivo de audio AAC,208236.0,2018.0,334.0,48000.0,,,4136.0,5.0,1.0,,,,"Andrew Goldstein, Brittany M. Amaradio, Christina Costanza, Daniel Gow, Stephanie Jones & William Ferri",,,24,
Aimer,ポラリス,Aimer,After Dark,Aimer,J-Pop,2013-11-20,365.19,74,9ca599,71.32677;98.220474;99.0;50.279526;51.059055;25.334646;28.452757;30.401575;41.704723;23.385828;23.77559;32.350395;25.724411;30.79134;27.283466;38.586617;45.992126;47.55118;61.192913;55.73622;49.5;67.03937;50.669292;0.0;,d4da62,ca539d,3672.0,Archivo de audio MPEG,365217.0,2013.0,256.0,44100.0,100.0,100.0,5683.0,5.0,1.0,3.0,3835608107.0,2025-07-17 19:41:47,aimerrythm/òà«å,,,23,1.0
Aimer,words,Aimer,After Dark,Aimer,J-Pop,2013-11-20,354.59,70,a4ae9e,99.0;73.66535;74.444885;76.78346;38.19685;46.38189;48.720474;49.889763;28.84252;30.011812;38.19685;37.807087;38.19685;40.535435;31.96063;43.26378;54.177166;65.09055;69.37795;91.20473;64.70079;61.972443;47.940945;0.0;,fe8e89,c0ea86,3674.0,Archivo de audio MPEG,354612.0,2013.0,256.0,44100.0,100.0,100.0,3882.0,5.0,1.0,3.0,3835104524.0,2025-07-11 23:48:44,阿部真央,,,23,1.0
Aimer,After Rain,Aimer,After Dark,Aimer,J-Pop,2013-11-20,292.86,120,99778b,53.397636;99.0;53.397636;33.12992;33.12992;25.724411;32.350395;21.826773;20.657482;22.6063;25.724411;25.334646;36.24803;35.468506;27.67323;37.807087;37.807087;38.97638;36.637794;40.925198;55.73622;71.71654;43.26378;0.0;,e8c263,513b47,3678.0,Archivo de audio MPEG,292884.0,2013.0,256.0,44100.0,100.0,100.0,9307.0,5.0,1.0,1.0,3832587155.0,2025-06-12 20:32:35,"Kenji Tamai, KOMODA",,,42,1.0
Aimer,リフレインが叫んでる,Aimer,Bitter & Sweet,Aimer,J-Pop,2012-12-12,261.28,126,79685b,85.35826;99.0;62.75197;39.366142;39.366142;28.062992;30.011812;54.95669;39.366142;42.484253;42.09449;47.940945;38.586617;48.720474;34.299213;37.807087;50.279526;54.95669;59.633858;70.54724;62.362206;68.59843;61.972443;0.0;,f89a60,9cf488,3694.0,Archivo de audio MPEG,261302.0,2012.0,256.0,44100.0,100.0,100.0,3996.0,5.0,1.0,4.0,3835536932.0,2025-07-16 23:55:32,,,,23,1.0
Aimer,強く儚い者たち,Aimer,Bitter & Sweet,Aimer,J-Pop,2012-12-12,285.23,78,26260e,61.972443;70.15748;99.0;63.14173;28.062992;32.740158;38.586617;37.027557;40.925198;38.19685;31.570868;52.228348;48.330708;64.31102;32.740158;36.24803;32.350395;32.740158;41.31496;45.992126;45.2126;46.38189;30.401575;0.0;,b49a0e,08ad3a,3698.0,Archivo de audio MPEG,285257.0,2012.0,256.0,44100.0,100.0,100.0,5125.0,5.0,1.0,2.0,3835104169.0,2025-07-11 23:42:49,,,,22,3.0
Aimer,twoface,Aimer,daydream,Aimer,J-Pop,2016-09-21,185.18,92,0b071c,77.173225;99.0;72.885826;47.55118;37.807087;33.90945;37.417324;35.85827;33.519684;32.740158;34.688976;54.56693;60.02362;64.70079;70.93701;76.3937;76.3937;71.32677;74.444885;85.74803;79.12205;79.51181;55.73622;0.0;,f46b50,8c8d7b,3710.0,Archivo de audio MPEG,185208.0,2016.0,256.0,44100.0,100.0,100.0,20614.0,5.0,1.0,1.0,3824834618.0,2025-03-15 04:03:38,内澤崇仁,,,100,5.0
Aimer,声色,Aimer,daydream,Aimer,J-Pop,2016-09-21,297.56,74,5b3a34,11.692913;53.007874;82.62992;99.0;73.27559;33.90945;51.059055;28.062992;58.854332;37.807087;33.12992;40.145668;29.232285;72.1063;34.688976;50.279526;47.16142;65.09055;53.007874;42.484253;40.925198;56.90551;23.385828;0.0;,63037b,52bb16,3722.0,Archivo de audio MPEG,297586.0,2016.0,256.0,44100.0,100.0,100.0,7806.0,5.0,1.0,3.0,3827239104.0,2025-04-11 22:58:24,TK,,,50,2.0
Aimer,closer,Aimer,daydream,Aimer,J-Pop,2016-09-21,212.77,90,09060f,75.22441;83.79921;79.51181;42.09449;28.062992;51.83858;38.586617;42.874016;59.244095;47.55118;55.73622;70.93701;63.921257;79.90157;64.70079;69.767715;74.444885;78.732285;92.374016;99.0;98.61023;81.07086;49.5;0.0;,f14d63,867b6b,3724.0,Archivo de audio MPEG,212793.0,2016.0,256.0,44100.0,100.0,100.0,11684.0,5.0,1.0,2.0,3825092327.0,2025-03-18 03:38:47,taka,,,94,1.0
Aimer,Falling Alone,Aimer feat Taka,daydream,Aimer,J-Pop,2016-09-21,253.41,120,a17284,52.228348;61.582676;41.704723;51.059055;60.80315;24.944883;33.90945;99.0;59.633858;41.704723;40.145668;62.362206;47.55118;65.09055;48.720474;54.177166;58.854332;45.992126;56.125984;67.42913;57.68504;53.7874;39.366142;0.0;,c6176d,453d30,3726.0,Archivo de audio MPEG,253440.0,2016.0,256.0,44100.0,100.0,100.0,10100.0,5.0,1.0,4.0,3834829402.0,2025-07-08 19:23:22,,,,79,-23.0
Aimer,Deep down,Aimer,Deep down,Aimer,J-Pop,2022-12-07,227.24,51,954b48,38.586617;53.7874;97.8307;59.633858;47.940945;29.232285;50.279526;39.366142;35.468506;40.145668;31.96063;53.397636;57.68504;53.7874;42.874016;61.972443;50.669292;71.71654;58.854332;55.73622;67.03937;99.0;64.31102;0.0;,e93e9c,bee969,3732.0,Archivo de audio MPEG,227265.0,2022.0,256.0,44100.0,100.0,100.0,4887.0,5.0,1.0,3.0,3832784099.0,2025-06-15 03:14:59,Kazuma Nagasawa,,,14,3.0
Aimer,escalate,Aimer,escalate(Special Edition) - EP,Aimer,J-Pop,2023-01-08,246.26,88,07050d,84.18898;90.81496;62.362206;39.366142;38.97638;32.740158;49.110237;42.484253;45.2126;42.09449;31.570868;45.602364;50.279526;65.09055;49.5;63.531494;61.192913;74.83464;81.07086;71.32677;73.27559;99.0;57.68504;0.0;,fd7072,848779,3746.0,Archivo de audio MPEG,246282.0,2023.0,256.0,44100.0,100.0,100.0,7284.0,5.0,1.0,1.0,3832710726.0,2025-06-14 06:52:06,Yoshida Haruo,,,18,2.0
Aimer,Resonantia,Aimer,Open α Door,Aimer,J-Pop,2023-07-10,229.59,170,050510,56.125984;99.0;57.295277;37.807087;34.688976;37.027557;34.299213;40.145668;34.299213;31.181103;28.452757;32.740158;33.12992;46.771652;40.925198;49.5;50.669292;54.95669;52.61811;54.177166;65.87008;70.15748;33.519684;0.0;,f69657,646565,3760.0,Archivo de audio MPEG,229616.0,2023.0,256.0,44100.0,100.0,100.0,7022.0,5.0,1.0,1.0,3833319246.0,2025-06-21 07:54:06,Rui Momota,,,28,1.0
Aimer,Stand By You,Aimer,Penny Rain,Aimer,J-Pop,2019-04-10,254.75,83,09060e,40.535435;88.866135;81.46063;82.24016;34.688976;33.90945;67.42913;52.61811;47.16142;45.992126;53.7874;67.81889;70.15748;73.66535;48.330708;45.2126;44.04331;46.38189;82.62992;99.0;91.59448;95.102356;43.26378;0.0;,f65494,83665c,3790.0,Archivo de audio MPEG,254772.0,2019.0,256.0,44100.0,100.0,100.0,13746.0,5.0,1.0,2.0,3835860586.0,2025-07-20 17:49:46,TK,,,15,1.0
Aimer,i-mage  in-AR ,Aimer,Penny Rain,Aimer,J-Pop,2019-03-18,349.62,106,6687f9,23.385828;90.03543;99.0;81.85039;68.208664;93.15354;63.921257;93.543304;52.61811;44.04331;40.145668;45.2126;61.582676;66.25984;46.38189;52.228348;39.755905;48.720474;56.515747;50.669292;43.26378;64.70079;34.299213;0.0;,1d2e81,6c3620,3794.0,Archivo de audio MPEG,349648.0,2019.0,256.0,44100.0,100.0,100.0,9818.0,5.0,1.0,2.0,3825767374.0,2025-03-25 23:09:34,澤野弘之,,,23,1.0
Aimer,April Showers,Aimer,Penny Rain,Aimer,J-Pop,2019-04-10,344.06,77,382a18,18.3189;35.078743;99.0;41.704723;10.913387;62.362206;30.401575;44.43307;35.85827;41.704723;26.114174;30.401575;26.114174;21.047245;13.251968;19.48819;19.098427;24.944883;32.740158;28.84252;26.503939;34.299213;20.657482;0.0;,0e75b9,2a0aa3,3798.0,Archivo de audio MPEG,344084.0,2019.0,256.0,44100.0,100.0,100.0,4837.0,5.0,1.0,2.0,3837588839.0,2025-08-09 17:53:59,AlbatoLuce,,,15,1.0
Aimer,We Two,Aimer,Sun Dance,Aimer,J-Pop,2019-04-10,247.95,133,a47e96,59.244095;99.0;47.16142;39.366142;48.720474;37.027557;50.279526;45.2126;49.5;51.44882;39.755905;60.413383;67.42913;68.98819;45.2126;60.80315;62.362206;61.972443;76.00394;60.413383;62.362206;80.6811;46.38189;0.0;,ee5254,585547,3830.0,Archivo de audio MPEG,247980.0,2019.0,256.0,44100.0,100.0,100.0,14345.0,5.0,1.0,2.0,3830090364.0,2025-05-14 22:59:24,飛内将大,,,22,2.0
Aimer,3min,Aimer,Sun Dance,Aimer,J-Pop,2019-04-10,183.93,107,8f205a,99.0;97.05118;67.03937;70.54724;27.283466;32.740158;52.228348;51.059055;53.7874;49.5;45.2126;58.074802;50.279526;60.413383;49.110237;54.56693;60.413383;72.1063;70.54724;69.767715;68.98819;81.07086;49.110237;0.0;,fc7664,55564a,3832.0,Archivo de audio MPEG,183954.0,2019.0,256.0,44100.0,100.0,100.0,10273.0,5.0,1.0,3.0,3831535069.0,2025-05-31 16:17:49,飛内将大,,,29,
Aimer,Monochrome Syndrome,Aimer,Sun Dance,Aimer,J-Pop,2019-04-10,292.88,128,69525f,84.968506;99.0;69.767715;38.19685;30.79134;22.6063;20.267717;24.944883;19.098427;16.759842;15.590553;19.48819;19.098427;20.657482;20.657482;23.77559;26.893702;34.688976;43.26378;54.95669;58.074802;60.02362;41.31496;0.0;,d1e175,412e3b,3840.0,Archivo de audio MPEG,292911.0,2019.0,256.0,44100.0,100.0,100.0,9596.0,5.0,1.0,2.0,3834827804.0,2025-07-08 18:56:44,飛内将大,,,33,1.0
Aimer,cold rain,Aimer,Walpurgis,Aimer,J-Pop,2021-04-14,230.3,86,160b1a,63.921257;99.0;61.582676;45.992126;34.299213;27.283466;32.740158;52.228348;29.622047;34.299213;27.67323;37.807087;37.807087;39.755905;31.570868;32.740158;32.350395;36.637794;43.26378;40.925198;40.925198;48.720474;42.484253;0.0;,c8cd38,150e18,3850.0,Archivo de audio MPEG,230321.0,2021.0,256.0,44100.0,100.0,100.0,6121.0,5.0,1.0,2.0,3833748876.0,2025-06-26 07:14:36,Takayuki Mitsuhashi,,,21,1.0
Aimer,wonderland,Aimer,Walpurgis,Aimer,J-Pop,2021-04-14,303.88,120,a8a0b3,89.255905;99.0;63.14173;54.177166;44.43307;52.228348;53.7874;57.68504;51.44882;70.93701;44.822834;64.70079;92.374016;97.05118;71.71654;81.07086;77.173225;69.767715;79.90157;63.531494;64.70079;70.93701;31.96063;0.0;,d53b3e,6b4e47,3858.0,Archivo de audio MPEG,303908.0,2021.0,256.0,44100.0,100.0,100.0,7899.0,5.0,1.0,3.0,3834310634.0,2025-07-02 19:17:14,Yuki Kajiura,,,24,1.0
Aimer,季路,Aimer,Walpurgis,Aimer,J-Pop,2021-01-11,352.71,74,7e5952,61.582676;99.0;34.688976;44.43307;21.826773;14.031498;35.078743;35.468506;34.299213;33.519684;25.724411;49.110237;40.925198;43.26378;41.31496;44.43307;49.110237;63.921257;65.480316;64.31102;45.2126;46.771652;26.893702;0.0;,ea7e3a,6decfe,3868.0,Archivo de audio MPEG,352731.0,2021.0,256.0,44100.0,100.0,100.0,7960.0,5.0,1.0,1.0,3831237411.0,2025-05-28 05:36:51,Masahiro Tobiuchi,,,18,1.0
Aimer,Overdrive,Aimer,白色蜉蝣 - EP,Aimer,J-Pop,2023-12-06,182.83,92,04050c,48.720474;99.0;37.417324;48.720474;49.5;24.944883;35.468506;47.55118;56.125984;33.12992;28.84252;47.55118;51.44882;59.244095;37.807087;47.55118;47.55118;52.61811;60.80315;46.771652;52.228348;59.244095;24.944883;0.0;,e86a3a,282a1d,3876.0,Archivo de audio MPEG,182857.0,2023.0,256.0,44100.0,100.0,100.0,9348.0,5.0,1.0,5.0,3837424629.0,2025-08-07 20:17:09,,,,18,
Aimer,i-mage,SawanoHiroyuki[nZk] feat. Aimer,R∃-MEMBER,SawanoHiroyuki[nZk],Anime,2019-03-06,347.04,106,9d1c83,71.32677;99.0;68.59843;50.669292;47.55118;41.31496;40.925198;48.720474;30.401575;30.011812;24.555119;22.996063;38.19685;38.586617;30.401575;41.704723;44.04331;43.65354;55.73622;52.228348;51.44882;51.44882;32.740158;0.0;,d9ca4d,18181e,9002.0,Archivo de audio MPEG,347062.0,2019.0,256.0,44100.0,20.0,100.0,8865.0,5.0,1.0,,,,,,,95,-23.0
Aimer,bL∞dy f8,SawanoHiroyuki[nZk] feat. Aimer,UnChild,SawanoHiroyuki[nZk] feat. Aimer,J-Pop,2014-06-25,288.52,128,624d5a,96.27165;99.0;57.295277;29.622047;27.283466;39.755905;27.67323;27.283466;17.539371;29.232285;20.657482;24.555119;24.555119;32.350395;25.334646;30.79134;31.181103;39.755905;45.602364;56.515747;61.192913;67.81889;41.704723;0.0;,e3cf76,684b55,9030.0,Archivo de audio MPEG,288548.0,2014.0,256.0,44100.0,100.0,100.0,3944.0,5.0,1.0,6.0,3832759779.0,2025-06-14 20:29:39,,,,100,-23.0
Aimer,Black Bird,Aimer,Black Bird - Tiny Dancers - 思い出は奇麗で - EP,Aimer,J-Pop,2018-09-03,229.78,81,121909,67.42913;99.0;64.31102;44.822834;54.56693;28.062992;36.637794;58.464565;49.110237;44.04331;41.31496;68.208664;80.6811;79.12205;68.98819;78.732285;69.37795;87.30708;81.85039;63.531494;60.02362;62.75197;39.366142;0.0;,d64636,95635b,15090.0,Archivo de audio AAC,229761.0,2018.0,317.0,48000.0,100.0,100.0,11057.0,5.0,1.0,1.0,3823591464.0,2025-02-28 18:44:24,飛内将大,,,14,1.0
Aimer,Brave Shine,Aimer,Brave Shine - EP,Aimer,J-Pop,2015-06-03,234.06,86,070c05,65.09055;78.342514;76.78346;50.669292;53.397636;34.688976;42.09449;38.19685;30.401575;34.299213;28.84252;57.295277;51.83858;56.125984;54.56693;55.34646;53.397636;67.81889;76.3937;80.6811;87.69685;99.0;61.192913;0.0;,fe6f88,c3cd9c,15100.0,Archivo de audio AAC,234034.0,2015.0,319.0,48000.0,100.0,100.0,6591.0,5.0,1.0,2.0,3825782977.0,2025-03-26 03:29:37,Hisashi Koyama,,,88,2.0
Aimer,broKen NIGHT,Aimer,broKen NIGHT - holLow wORlD - EP,Aimer,J-Pop,2014-12-17,296.38,85,101409,30.401575;70.93701;91.59448;99.0;67.81889;48.330708;77.173225;82.24016;49.5;61.192913;50.279526;52.61811;57.295277;45.992126;31.570868;43.26378;45.2126;42.09449;54.177166;54.56693;50.669292;70.93701;58.074802;0.0;,3e2fca,955d23,15102.0,Archivo de audio AAC,296356.0,2014.0,322.0,48000.0,100.0,100.0,5643.0,5.0,1.0,2.0,3835099314.0,2025-07-11 22:21:54,Asami Takeo,,,15,1.0
Aimer,I beg you,Aimer,I beg you - 花びらたちのマーチ - Sailing - EP,Aimer,J-Pop,2019-01-08,270.42,128,666766,99.0;77.95276;31.96063;37.807087;55.73622;36.24803;34.688976;70.93701;48.720474;52.61811;38.19685;61.582676;53.397636;80.291336;48.330708;45.602364;62.75197;54.177166;52.228348;57.295277;52.228348;49.889763;28.062992;0.0;,df4048,6b413e,15144.0,Archivo de audio AAC,270396.0,2019.0,314.0,48000.0,100.0,100.0,7387.0,5.0,1.0,2.0,3826293252.0,2025-04-01 01:14:12,梶浦由記,,,21,5.0
Aimer,insane dream,Aimer,insane dream - us - Single,Aimer,J-Rock,2016-07-06,254.49,120,bc62e7,40.535435;72.885826;63.14173;42.484253;35.85827;30.011812;31.96063;40.535435;44.04331;42.874016;55.34646;44.822834;83.019684;68.98819;53.397636;60.413383;70.54724;78.732285;97.05118;99.0;55.34646;72.49606;30.401575;0.0;,e53d59,918674,15150.0,Archivo de audio AAC,254467.0,2016.0,315.0,48000.0,100.0,100.0,13687.0,5.0,1.0,1.0,3823775588.0,2025-03-02 21:53:08,taka,,,15,
Aimer,ninelie,Aimer with chelly,ninelie EP,Aimer,J-Pop,2016-05-11,260.34,86,282515,18.708662;39.755905;99.0;47.16142;35.078743;38.19685;39.755905;44.04331;38.97638;28.84252;28.84252;26.503939;28.452757;26.893702;20.267717;27.67323;31.570868;39.366142;40.145668;33.519684;24.165356;32.350395;34.299213;0.0;,0d477e,0c08a3,15196.0,Archivo de audio AAC,260319.0,2016.0,318.0,48000.0,100.0,100.0,4687.0,5.0,1.0,4.0,3837429225.0,2025-08-07 21:33:45,Hiroyuki Sawano,,,98,-23.0
Aimer,RE-I AM,Aimer,RE-I AM EP,Aimer,J-Pop,2013-03-20,347.72,72,9e9ea7,53.7874;99.0;65.87008;41.31496;34.688976;31.96063;25.334646;32.740158;23.77559;21.826773;18.708662;25.334646;24.944883;25.724411;20.267717;22.996063;25.334646;30.401575;35.85827;40.535435;34.299213;42.874016;26.503939;0.0;,a9ee4f,5e2230,15212.0,Archivo de audio AAC,347695.0,2013.0,320.0,48000.0,100.0,100.0,8088.0,5.0,1.0,2.0,3834351952.0,2025-07-03 06:45:52,Aimer,,,47,4.0
Aimer,Ref-rain,Aimer,Ref-rain - 眩いばかり - EP,Aimer,J-Pop,2018-02-21,290.22,78,020402,52.228348;50.669292;99.0;20.657482;44.43307;43.65354;25.334646;38.586617;37.027557;38.97638;28.062992;28.452757;25.724411;31.570868;20.267717;29.622047;30.011812;39.366142;50.279526;62.362206;42.874016;58.074802;38.97638;0.0;,eea6b2,b12c88,15214.0,Archivo de audio AAC,290203.0,2018.0,322.0,48000.0,100.0,100.0,8246.0,5.0,1.0,4.0,3832761718.0,2025-06-14 21:01:58,飛内将大,,,12,-1.0
Aimer,SPARK-AGAIN,Aimer,SPARK-AGAIN - EP,Aimer,J-Pop,2020-09-09,244.25,90,06050b,65.480316;99.0;53.007874;30.401575;33.90945;23.77559;24.555119;33.519684;30.401575;27.67323;27.67323;28.062992;30.401575;38.19685;30.011812;34.688976;46.38189;44.43307;42.874016;39.755905;30.011812;32.350395;20.657482;0.0;,c1b21f,2c1726,15238.0,Archivo de audio AAC,244227.0,2020.0,318.0,48000.0,100.0,100.0,10722.0,5.0,1.0,1.0,3832707529.0,2025-06-14 05:58:49,Masahiro Tobinai,,,23,1.0
Aimer,STAND-ALONE,Aimer,STAND-ALONE - Single,Aimer,J-Pop,2019-05-05,287.72,92,0c0811,99.0;64.70079;42.484253;26.114174;28.452757;20.657482;22.216536;15.980316;13.641735;11.30315;15.20079;14.031498;19.098427;28.84252;24.944883;29.232285;35.468506;37.417324;35.468506;35.078743;29.232285;30.79134;17.149609;0.0;,dcc74e,573037,15246.0,Archivo de audio AAC,287695.0,2019.0,320.0,48000.0,100.0,100.0,8735.0,5.0,1.0,1.0,3823542318.0,2025-02-28 05:05:18,Masahiro Tobiuchi,,,21,4.0
Aimer,StarRingChild,Aimer,StarRingChild EP,Aimer,J-Pop,2014-05-21,330.6,82,020406,81.07086;99.0;72.1063;50.279526;40.925198;38.19685;59.244095;37.027557;52.228348;37.807087;39.755905;42.09449;47.16142;86.91732;67.42913;75.22441;83.79921;79.51181;75.22441;70.54724;65.09055;62.362206;38.97638;0.0;,e35a39,776559,15248.0,Archivo de audio AAC,330582.0,2014.0,320.0,48000.0,100.0,100.0,6341.0,5.0,1.0,2.0,3835040469.0,2025-07-11 06:01:09,澤野弘之,,,63,1.0
Aimer,Torches,Aimer,Torches - EP,Aimer,J-Pop,2019-08-05,294.43,82,151a0a,7.405514;43.26378;99.0;79.51181;49.110237;42.484253;28.452757;37.027557;47.940945;25.334646;19.48819;29.232285;24.555119;26.893702;35.078743;38.97638;34.688976;55.73622;59.633858;65.480316;57.68504;60.80315;39.755905;0.0;,c447db,28bce1,15258.0,Archivo de audio AAC,294406.0,2019.0,316.0,48000.0,100.0,100.0,4115.0,5.0,1.0,5.0,3837794173.0,2025-08-12 02:56:13,飛内将大,,,18,
Aimer,あなたに出会わなければ〜夏雪冬花〜,Aimer,あなたに出会わなければ〜夏雪冬花〜 - 星屑ビーナス - Single,Aimer,J-Pop,2012-07-27,363.07,73,835d56,40.145668;99.0;70.54724;82.62992;68.208664;42.484253;67.81889;76.3937;35.078743;40.145668;31.96063;32.350395;45.992126;38.586617;22.6063;27.67323;39.755905;43.65354;56.515747;56.515747;40.145668;40.145668;38.586617;0.0;,27cc4e,13aa0b,15284.0,Archivo de audio AAC,363044.0,2012.0,318.0,48000.0,100.0,100.0,6942.0,5.0,1.0,2.0,3832757908.0,2025-06-14 19:58:28,Fucked,,,38,2.0
Aimer,六等星の夜,Aimer,六等星の夜 - 悲しみはオーロラに - TWINKLE TWINKLE LITTLE STAR - Single,Aimer,J-Pop,2011-09-07,337.76,72,a9806e,19.098427;48.720474;99.0;48.720474;76.78346;60.80315;47.940945;77.56299;45.602364;45.992126;36.24803;45.602364;42.484253;35.85827;25.334646;31.570868;33.519684;38.19685;58.854332;73.66535;56.90551;75.22441;57.68504;0.0;,8345f1,6fd32b,15316.0,Archivo de audio AAC,337734.0,2011.0,319.0,48000.0,100.0,100.0,5814.0,5.0,1.0,1.0,3833361065.0,2025-06-21 19:31:05,飛内将大,,,23,
Aimer,春はゆく,Aimer,春はゆく - marie - EP,Aimer,J-Pop,2020-03-25,304.97,80,473126,11.30315;38.97638;99.0;60.80315;34.299213;40.145668;56.515747;56.125984;53.7874;30.011812;34.688976;48.330708;38.97638;46.771652;33.12992;42.09449;37.027557;53.007874;66.649605;76.78346;47.55118;45.992126;28.84252;0.0;,a00691,45d124,15328.0,Archivo de audio AAC,304947.0,2020.0,313.0,48000.0,100.0,100.0,4525.0,5.0,1.0,1.0,3833314614.0,2025-06-21 06:36:54,Yuki Kajiura,,,16,1.0
Aimer,残響散歌,Aimer,残響散歌 - 朝が来る - EP,Aimer,J-Pop,2022,184.97,171,05060f,99.0;68.98819;65.09055;55.34646;50.279526;48.330708;44.822834;56.125984;46.38189;48.720474;37.417324;60.02362;67.42913;70.93701;50.279526;54.56693;54.177166;55.73622;58.074802;51.059055;53.397636;64.70079;42.484253;0.0;,e4385f,6a4641,15332.0,Archivo de audio AAC,184947.0,2022.0,319.0,48000.0,100.0,100.0,5814.0,5.0,1.0,1.0,3827229809.0,2025-04-11 20:23:29,Masahiro Tobinai,,,26,1.0
Aimer,茜さす,Aimer,茜さす-everlasting snow - EP,Aimer,J-Pop,2016-11-16,330.33,74,696d67,99.0;96.27165;86.91732;72.885826;37.807087;39.755905;71.71654;61.972443;47.16142;48.330708;37.027557;42.484253;41.704723;48.330708;39.366142;44.822834;38.19685;44.43307;50.279526;44.04331;46.771652;58.074802;38.586617;0.0;,b9e853,6b4e15,15342.0,Archivo de audio AAC,330304.0,2016.0,321.0,48000.0,100.0,100.0,7665.0,5.0,1.0,5.0,3835888853.0,2025-07-21 01:40:53,釣俊輔,,,20,2.0
Aimer,Blind to you,Aimer,Torches - EP,Aimer,J-Pop,2019-08-14,281.63,81,5c3530,38.97638;88.08661;66.649605;41.31496;57.68504;19.48819;20.657482;64.31102;29.232285;24.944883;15.590553;24.944883;21.43701;25.334646;21.826773;26.503939;20.267717;34.299213;55.73622;52.61811;57.295277;99.0;73.27559;0.0;,dbc8b3,784cea,15366.0,Archivo de audio AAC,281611.0,2019.0,319.0,48000.0,100.0,100.0,2471.0,5.0,1.0,2.0,3829466828.0,2025-05-07 17:47:08,Masahiro Tobinai,,,14,1.0
Aimer,holLow wORlD,Aimer,broKen NIGHT - holLow wORlD - EP,Aimer,J-Pop,2014-12-17,276.71,127,54483c,46.771652;99.0;72.1063;43.26378;28.062992;60.02362;40.535435;36.637794;31.181103;35.468506;28.452757;31.570868;30.011812;45.602364;35.85827;49.889763;51.059055;52.228348;57.68504;65.87008;67.03937;68.208664;44.43307;0.0;,f79c5d,6bfdcb,15392.0,Archivo de audio AAC,276689.0,2014.0,318.0,48000.0,100.0,100.0,7653.0,5.0,1.0,2.0,3837187306.0,2025-08-05 02:21:46,岡本剛; 玉井健二;; aimerrhythm,,,17,1.0
Aimer,marie,Aimer,春はゆく - marie - EP,Aimer,J-Pop,2020-02-23,307.34,96,43450e,49.889763;51.059055;99.0;56.515747;41.704723;42.09449;58.464565;53.397636;64.70079;53.397636;29.622047;47.55118;44.43307;32.740158;28.452757;47.16142;39.366142;42.09449;45.2126;58.074802;38.19685;51.059055;31.181103;0.0;,6b0eb6,78a513,15406.0,Archivo de audio AAC,307316.0,2020.0,313.0,48000.0,100.0,100.0,6412.0,5.0,1.0,1.0,3833319548.0,2025-06-21 07:59:08,Hiroaki Yokoyama,,,38,-23.0
Aimer,Through My Blood  AM ,Aimer,ninelie EP,Aimer,J-Pop,2016-05-11,244.27,96,08060c,68.59843;99.0;71.71654;63.921257;45.602364;40.925198;58.074802;44.822834;36.637794;40.925198;46.38189;45.2126;56.90551;52.61811;43.65354;49.5;59.633858;60.413383;60.413383;68.59843;62.362206;72.885826;42.874016;0.0;,f97b58,604f44,15422.0,Archivo de audio AAC,244251.0,2016.0,322.0,48000.0,100.0,100.0,7583.0,5.0,1.0,1.0,3823271285.0,2025-02-25 01:48:05,澤野弘之,,,23,4.0
Aimer,us,Aimer,insane dream - us - Single,Aimer,J-Rock,2016-07-06,276.41,131,855954,81.46063;74.055115;96.27165;71.71654;65.480316;40.925198;53.007874;45.2126;53.7874;46.771652;36.637794;43.65354;53.7874;43.65354;33.519684;43.26378;37.417324;44.43307;69.37795;87.69685;99.0;95.102356;63.531494;0.0;,e694c9,a0ec5e,15432.0,Archivo de audio AAC,276387.0,2016.0,318.0,48000.0,100.0,100.0,10346.0,5.0,1.0,1.0,3832948274.0,2025-06-17 00:51:14,TK,,,80,-1.0
Aimer,Wren,Aimer,Sign - EP,Aimer,J-Pop,2024-08-28,187.62,100,2711b8,55.34646;99.0;60.413383;73.66535;41.704723;33.12992;51.44882;56.515747;56.90551;36.637794;36.24803;45.992126;42.09449;67.81889;47.16142;64.31102;55.34646;69.37795;78.732285;71.71654;63.14173;75.614174;28.452757;0.0;,f46057,83685d,15438.0,Archivo de audio AAC,187594.0,2024.0,314.0,48000.0,100.0,100.0,6982.0,5.0,1.0,1.0,3826290958.0,2025-04-01 00:35:58,Kengo Minamida,,,16,
Aimer,冬のダイヤモンド,Aimer,雪の降る街-冬のダイヤモンド - Single,Aimer,J-Pop,2012-02-23,360.58,76,171a0b,48.720474;59.633858;50.279526;99.0;45.602364;32.350395;91.59448;60.02362;43.65354;39.366142;34.299213;26.114174;47.55118;35.468506;27.283466;30.79134;33.519684;33.519684;49.110237;51.44882;40.535435;49.889763;49.110237;0.0;,5945ea,0caf0d,15456.0,Archivo de audio AAC,360559.0,2012.0,321.0,48000.0,100.0,100.0,7398.0,5.0,1.0,1.0,3833349538.0,2025-06-21 16:18:58,,,,19,2.0
Aimer,悲しみはオーロラに,Aimer,六等星の夜 - 悲しみはオーロラに - TWINKLE TWINKLE LITTLE STAR - Single,Aimer,J-Pop,2011-09-07,265.03,73,676968,72.885826;99.0;70.15748;29.622047;30.401575;44.43307;27.283466;31.570868;17.539371;66.649605;32.350395;27.67323;30.79134;42.09449;22.216536;35.85827;38.97638;34.688976;44.04331;49.889763;53.007874;53.397636;36.24803;0.0;,d9cc4f,692c31,15468.0,Archivo de audio AAC,265009.0,2011.0,320.0,48000.0,100.0,100.0,4917.0,5.0,1.0,1.0,3833349803.0,2025-06-21 16:23:23,,,,19,-1.0
Aimer,星の消えた夜に,Aimer,RE-I AM EP,Aimer,J-Pop,2013-03-20,356.03,103,0d0eb3,2.7283478;40.925198;99.0;25.334646;62.362206;21.047245;27.283466;36.637794;28.84252;20.657482;21.43701;38.586617;36.637794;29.232285;24.944883;29.622047;29.622047;46.771652;50.669292;54.56693;56.90551;81.07086;66.649605;0.0;,df63cf,cc8ac2,15470.0,Archivo de audio AAC,356008.0,2013.0,324.0,48000.0,100.0,100.0,2587.0,5.0,1.0,2.0,3834348389.0,2025-07-03 05:46:29,Aimer,,,0,2.0
Aimer,星屑ビーナス,Aimer,あなたに出会わなければ〜夏雪冬花〜 - 星屑ビーナス - Single,Aimer,J-Pop,2012-08-15,252.79,73,6a6556,47.16142;99.0;79.12205;84.18898;41.31496;56.125984;74.055115;44.04331;52.228348;48.720474;44.43307;52.61811;42.874016;43.65354;24.555119;41.31496;40.535435;49.5;56.125984;65.87008;45.992126;69.37795;47.55118;0.0;,e8c694,9f7d1f,15472.0,Archivo de audio AAC,252772.0,2012.0,322.0,48000.0,100.0,100.0,4971.0,5.0,1.0,2.0,3837430085.0,2025-08-07 21:48:05,飛内将大,,,76,2.0
Aimer,朝が来る,Aimer,残響散歌 - 朝が来る - EP,Aimer,J-Pop,2022-01-10,295.01,165,040904,95.49213;78.732285;38.586617;46.771652;41.704723;28.062992;42.484253;61.192913;49.110237;35.078743;40.145668;57.295277;70.54724;99.0;72.1063;77.95276;79.12205;64.31102;71.71654;70.15748;58.074802;50.279526;30.79134;0.0;,d73d3f,89635b,15474.0,Archivo de audio AAC,294986.0,2022.0,317.0,48000.0,100.0,100.0,5900.0,5.0,1.0,2.0,3830900458.0,2025-05-24 08:00:58,Yuki Kajiura,,,21,2.0
Aimer,白昼夢,Aimer,誰か、海を。 EP,Aimer,J-Pop,2014-09-03,296.24,82,0b1207,79.90157;63.14173;99.0;64.70079;38.586617;39.755905;36.24803;28.062992;29.232285;24.555119;17.539371;28.84252;27.67323;29.232285;20.267717;28.452757;31.181103;33.519684;39.755905;50.669292;66.649605;67.81889;45.602364;0.0;,c1dcba,c635be,15478.0,Archivo de audio AAC,296217.0,2014.0,321.0,48000.0,100.0,100.0,2941.0,5.0,1.0,3.0,3837242988.0,2025-08-05 17:49:48,飛内将大,,,48,1.0
Aimer,眠りの森,Aimer,Midnight Sun,Aimer,J-Pop,2014,273.44,126,777a78,83.019684;85.74803;57.68504;49.5;40.145668;84.578735;58.854332;42.484253;61.192913;52.61811;42.484253;61.582676;43.65354;53.007874;54.56693;78.342514;79.90157;99.0;86.52756;82.62992;75.614174;95.49213;65.480316;0.0;,f44c78,a48673,15480.0,Archivo de audio AAC,273415.0,2014.0,321.0,48000.0,100.0,100.0,5195.0,5.0,1.0,3.0,3834328166.0,2025-07-03 00:09:26,飛内将大,,,14,1.0
Aimer,花の唄,Aimer,ONE - 花の唄 - 六等星の夜 Magic Blue ver. - EP,Aimer,J-Pop,2017-10-11,373.51,80,020503,80.6811;48.330708;99.0;45.602364;45.2126;45.602364;38.97638;39.755905;36.24803;22.216536;28.84252;36.24803;28.062992;25.724411;28.062992;27.283466;24.555119;28.84252;26.893702;34.688976;29.232285;38.97638;24.944883;0.0;,3fe6a7,450972,15486.0,Archivo de audio AAC,373493.0,2017.0,318.0,48000.0,100.0,100.0,7252.0,5.0,1.0,1.0,3823352940.0,2025-02-26 00:29:00,梶浦由記,,,15,1.0
Aimer,花びらたちのマーチ,Aimer,I beg you - 花びらたちのマーチ - Sailing - EP,Aimer,J-Pop,2019-01-09,194.98,105,670f9d,87.30708;99.0;68.59843;47.16142;35.078743;39.366142;46.38189;37.807087;35.468506;31.96063;25.334646;39.755905;38.586617;35.85827;30.011812;35.078743;38.586617;39.755905;48.330708;45.2126;34.688976;42.874016;27.67323;0.0;,bcd638,0b0a0f,15490.0,Archivo de audio AAC,194955.0,2019.0,321.0,48000.0,100.0,100.0,3586.0,5.0,1.0,1.0,3832946350.0,2025-06-17 00:19:10,飛内将大,,,23,
Aimer,Ash flame,Aimer,SPARK-AGAIN - EP,Aimer,J-Pop,2020-09-09,228.39,140,a3a9a5,99.0;57.295277;37.027557;48.330708;26.114174;21.047245;31.96063;29.232285;37.807087;37.807087;22.996063;36.637794;36.637794;33.12992;33.519684;38.586617;47.55118;51.44882;54.95669;56.125984;53.007874;61.972443;42.09449;0.0;,ff7f83,bf95c0,15506.0,Archivo de audio AAC,228368.0,2020.0,319.0,48000.0,100.0,100.0,7798.0,5.0,1.0,1.0,3823413887.0,2025-02-26 17:24:47,Kazumasa Nagasawa,,,20,-4.0
Aimer,Daisy,Aimer,Torches - EP,Aimer,J-Pop,2019-08-14,262.5,96,053020,54.95669;99.0;53.397636;49.110237;32.350395;53.007874;40.145668;35.468506;48.330708;51.059055;19.48819;33.519684;25.334646;27.67323;24.165356;34.688976;31.96063;38.586617;44.43307;35.85827;45.2126;61.192913;41.31496;0.0;,cce36c,85166d,15514.0,Archivo de audio AAC,262478.0,2019.0,320.0,48000.0,100.0,100.0,3761.0,5.0,1.0,2.0,3835544689.0,2025-07-17 02:04:49,Rui Momota,,,79,-23.0
Aimer,for ロンリー,Aimer with 阿部真央,誰か、海を。 EP,Aimer,J-Pop,2014-09-03,292.66,123,9a94a1,85.74803;99.0;54.95669;82.62992;34.299213;18.3189;95.88189;78.342514;49.110237;32.740158;40.145668;42.484253;33.519684;51.059055;42.484253;47.940945;58.074802;51.44882;61.192913;65.09055;67.03937;63.531494;51.44882;0.0;,fe8570,59473c,15522.0,Archivo de audio AAC,292641.0,2014.0,319.0,48000.0,100.0,100.0,6156.0,5.0,1.0,1.0,3822904973.0,2025-02-20 20:02:53,阿部真央,,,21,1.0
Aimer,Run Riot,Aimer,春はゆく - marie - EP,Aimer,J-Pop,2020-03-25,256.28,172,051018,76.78346;76.78346;51.83858;67.81889;54.56693;40.535435;55.73622;48.330708;44.43307;45.602364;42.484253;47.940945;63.14173;69.767715;53.7874;59.244095;58.854332;66.649605;81.07086;72.885826;80.6811;99.0;62.75197;0.0;,f6528d,a3907a,15554.0,Archivo de audio AAC,256255.0,2020.0,320.0,48000.0,100.0,100.0,10935.0,5.0,1.0,2.0,3834828636.0,2025-07-08 19:10:36,Kazuma Nagasawa,,,66,-23.0
Aimer,Sailing,Aimer,I beg you - 花びらたちのマーチ - Sailing - EP,Aimer,J-Pop,2019-01-06,338.03,74,70514a,25.724411;45.2126;51.44882;99.0;42.874016;37.807087;75.22441;58.854332;49.889763;37.027557;29.622047;52.228348;35.468506;38.19685;35.468506;46.38189;48.720474;56.90551;74.055115;61.972443;59.244095;78.342514;53.007874;0.0;,ba26c5,a4db3e,15556.0,Archivo de audio AAC,338013.0,2019.0,312.0,48000.0,100.0,100.0,6153.0,5.0,1.0,3.0,3835876985.0,2025-07-20 22:23:05,飛内将大,,,16,
Aimer,tone,Aimer,insane dream - us - Single,Aimer,J-Rock,2016-07-06,287.95,72,8f5f59,7.7952766;19.877954;96.27165;99.0;39.366142;26.503939;49.5;48.720474;65.09055;43.65354;27.283466;48.330708;51.44882;40.535435;33.12992;44.04331;51.44882;55.73622;49.5;39.755905;39.366142;52.61811;29.232285;0.0;,5f09a2,33c81b,15558.0,Archivo de audio AAC,287927.0,2016.0,322.0,48000.0,100.0,100.0,7353.0,5.0,1.0,1.0,3833348598.0,2025-06-21 16:03:18,春尾ヨシダ,,,67,2.0
Aimer,今日から思い出,Aimer,RE-I AM EP,Aimer,J-Pop,2013-03-20,306.41,140,aab8ab,27.67323;99.0;61.972443;64.70079;23.385828;33.90945;34.299213;25.724411;33.12992;29.622047;35.078743;33.12992;29.232285;35.85827;23.77559;33.12992;31.96063;37.027557;40.535435;36.637794;31.181103;37.027557;27.283466;0.0;,93c617,6a1064,15586.0,Archivo de audio AAC,306387.0,2013.0,317.0,48000.0,100.0,100.0,4960.0,5.0,1.0,4.0,3835796146.0,2025-07-19 23:55:46,Aimer,,,24,-1.0
Aimer,Noir! Noir!,Aimer,DAWN,Aimer,J-Pop,2015-07-29,243.18,94,03060a,64.70079;99.0;65.09055;52.61811;33.12992;28.062992;55.34646;30.401575;34.688976;34.299213;30.011812;37.417324;42.874016;46.38189;34.688976;39.366142;45.602364;40.925198;47.940945;56.125984;38.19685;45.2126;30.79134;0.0;,cfae27,030306,15748.0,Archivo de audio AAC,243159.0,2015.0,322.0,48000.0,100.0,100.0,5586.0,5.0,1.0,1.0,3826129368.0,2025-03-30 03:42:48,"DAIKI, Tamai Kenji",,,25,2.0
Aimer,AM03-00,Aimer,Midnight Sun,Aimer,J-Pop,2014-06-25,358.75,91,06050d,45.602364;99.0;45.992126;22.996063;22.996063;21.047245;24.555119;20.267717;16.759842;16.370079;12.8622055;20.267717;18.708662;21.047245;15.20079;21.43701;26.114174;33.12992;42.484253;42.09449;40.925198;38.586617;24.165356;0.0;,cdd74c,5d3137,15808.0,Archivo de audio AAC,358725.0,2014.0,327.0,48000.0,100.0,100.0,3062.0,5.0,1.0,3.0,3837786059.0,2025-08-12 00:40:59,give me wallets,,,27,-1.0
Aimer,AM04-00,Aimer,DAWN,Aimer,J-Pop,2015-07-29,272.72,96,020304,28.452757;99.0;55.34646;20.267717;29.232285;33.519684;18.3189;22.6063;22.996063;27.67323;25.334646;28.452757;30.011812;43.65354;29.232285;39.755905;45.602364;36.637794;40.535435;40.145668;44.04331;45.992126;40.535435;0.0;,d3a527,62383d,15872.0,Archivo de audio AAC,272695.0,2015.0,321.0,48000.0,100.0,100.0,4558.0,5.0,1.0,2.0,3835617661.0,2025-07-17 22:21:01,give me wallets,,,24,-2.0
Aimer,LAST STARDUST,Aimer,DAWN,Aimer,J-Pop,2015-07-29,318.74,122,9cf9d1,87.30708;75.614174;57.68504;43.65354;44.43307;27.67323;58.464565;33.90945;52.228348;34.299213;41.704723;60.413383;51.44882;59.633858;42.09449;52.228348;58.464565;63.531494;64.70079;76.3937;65.87008;99.0;57.68504;0.0;,fc6789,b2b190,15994.0,Archivo de audio AAC,318717.0,2015.0,317.0,48000.0,100.0,100.0,8301.0,5.0,1.0,1.0,3832966058.0,2025-06-17 05:47:38,飛内将大,,,13,1.0
Aimer,s-AVE,SawanoHiroyuki[nZk] feat. Aimer,BEST SELECTION 'noir',Aimer,Anime,2015-09-09,276.43,75,9fa695,25.724411;62.75197;92.374016;96.27165;70.93701;47.940945;65.87008;78.342514;99.0;55.34646;48.330708;63.14173;41.31496;53.397636;26.503939;42.484253;44.822834;54.95669;47.55118;38.19685;26.893702;43.26378;37.027557;0.0;,1c3086,745815,16150.0,Archivo de audio AAC,276410.0,2015.0,319.0,48000.0,100.0,100.0,7716.0,5.0,1.0,4.0,3835102689.0,2025-07-11 23:18:09,,,,50,-23.0
Aimer,March of Time,Aimer,BEST SELECTION 'blanc',Aimer,J-Pop,2017-05-03,296.68,75,1f241b,30.011812;99.0;63.14173;58.854332;38.19685;38.19685;54.177166;71.71654;43.65354;68.59843;54.177166;63.531494;85.74803;59.633858;38.19685;59.244095;47.940945;53.007874;59.244095;44.43307;58.074802;58.074802;30.011812;0.0;,af2632,6f322c,16178.0,Archivo de audio AAC,296658.0,2017.0,318.0,48000.0,100.0,100.0,6717.0,5.0,1.0,1.0,3833051798.0,2025-06-18 05:36:38,,,,20,1.0
Aimer,zero,Aimer,BEST SELECTION 'noir',Aimer,J-Pop,2017-05-03,188.82,83,563d35,81.07086;95.102356;43.65354;60.413383;73.66535;47.16142;36.637794;59.633858;49.889763;61.582676;53.397636;61.192913;70.15748;75.22441;54.56693;79.90157;83.019684;99.0;88.08661;82.24016;75.614174;76.78346;47.16142;0.0;,e64058,a17467,16230.0,Archivo de audio AAC,188801.0,2017.0,319.0,48000.0,100.0,100.0,11586.0,5.0,1.0,1.0,3832142258.0,2025-06-07 16:57:38,,,,18,1.0
Aimer,ONE AND LAST,Aimer,星の消えた夜に,Aimer,J-Pop,2021-12-10,287.53,92,04090c,99.0;95.102356;62.75197;35.078743;40.925198;33.90945;35.85827;79.12205;35.078743;43.26378;43.26378;42.874016;51.83858;63.921257;43.65354;63.921257;76.3937;78.732285;95.102356;87.30708;65.480316;70.54724;53.397636;0.0;,f66957,95907c,16266.0,Archivo de audio AAC,287509.0,2021.0,320.0,48000.0,100.0,100.0,7431.0,5.0,1.0,2.0,3825756698.0,2025-03-25 20:11:38,,,,100,2.0
Aimer,やさしい舞踏会,Aimer,SCOPE - Single,Aimer,J-Pop,2025-02-19,294.68,78,030907,4.677166;43.65354;92.76378;99.0;67.42913;41.704723;51.83858;41.704723;36.637794;56.90551;32.740158;47.55118;47.940945;29.232285;7.7952766;43.65354;36.637794;22.216536;45.2126;28.062992;20.267717;30.79134;33.519684;0.0;,0a5090,026d2a,18530.0,Archivo de audio AAC,294661.0,2025.0,314.0,48000.0,100.0,100.0,4115.0,5.0,1.0,5.0,3837179621.0,2025-08-05 00:13:41,,,,18,2.0
Aimer,Memento mori,Androp with Aimer,Cocoon,Androp,J-Rock,2018-03-07T08:00:00Z,526.74,70,aba286,8.1850395;60.413383;99.0;58.074802;30.401575;17.149609;37.417324;42.484253;19.098427;30.79134;22.216536;51.059055;49.889763;71.71654;59.244095;57.295277;90.81496;74.444885;58.074802;30.79134;13.251968;17.539371;12.472443;0.0;,873618,97801a,18778.0,Archivo de audio AAC comprado,526696.0,2018.0,256.0,44100.0,100.0,100.0,11606.0,5.0,1.0,2.0,3835435388.0,2025-07-15 19:43:08,内澤崇仁,,,14,1.0
Aimer,ベッド,Galileo Galilei Feat. Aimer,Sea and The Darkness,Galileo Galilei,J-Pop,2016,226.93,149,82616e,40.145668;99.0;52.61811;52.61811;34.688976;45.992126;38.19685;42.874016;23.77559;27.283466;30.79134;34.299213;36.24803;58.074802;39.755905;33.12992;38.586617;37.417324;35.078743;35.85827;32.740158;31.570868;16.759842;0.0;,919b04,020305,19738.0,Archivo de audio MPEG,226951.0,2016.0,320.0,44100.0,100.0,100.0,8997.0,5.0,1.0,1.0,3823164980.0,2025-02-23 20:16:20,尾崎雄貴,,,29,-23.0
Alex Soto,Como Quieras Quiero,Alex Soto,Duro y Dale,Alex Soto,Pop en español,2020-11-27,238.47,113,0b2bb1,46.38189;99.0;63.531494;32.740158;46.38189;40.535435;28.062992;24.555119;17.539371;21.826773;18.3189;23.77559;27.67323;29.622047;23.385828;23.385828;29.232285;29.622047;31.96063;32.350395;32.350395;27.67323;18.3189;0.0;,8ce331,581e30,3930.0,Archivo de audio MPEG,238497.0,2020.0,256.0,44100.0,100.0,100.0,4759.0,5.0,1.0,1.0,3832586862.0,2025-06-12 20:27:42,,,,38,5.0
Alex Soto,Hombre Muerto,Alex Soto,Duro y Dale,Alex Soto,Pop en español,2020-11-02,234.21,140,8a8674,54.177166;99.0;42.874016;38.19685;42.484253;35.078743;43.26378;23.385828;31.96063;25.334646;26.503939;36.637794;29.232285;40.925198;28.84252;36.24803;39.366142;29.622047;31.96063;39.366142;41.704723;49.5;23.77559;0.0;,cdc939,711c40,3938.0,Archivo de audio MPEG,234240.0,2020.0,256.0,44100.0,100.0,100.0,4116.0,5.0,1.0,2.0,3825578169.0,2025-03-23 18:36:09,,,,31,1.0
Alex Soto,Esquivando Balas,Alex Soto,Duro y Dale,Alex Soto,Pop en español,2020-11-27,211.23,68,929395,48.720474;99.0;40.925198;49.889763;35.85827;41.31496;37.807087;26.503939;24.165356;32.740158;35.85827;26.893702;23.77559;30.401575;22.996063;28.062992;31.96063;28.062992;31.96063;35.85827;30.401575;30.401575;16.759842;0.0;,92da28,3f1234,3942.0,Archivo de audio MPEG,211252.0,2020.0,256.0,44100.0,100.0,100.0,6065.0,5.0,1.0,5.0,3830085978.0,2025-05-14 21:46:18,,,,29,-2.0
Alex Soto,Gracias (Bonus Track),Alex Soto,Duro y Dale,Alex Soto,Pop en español,2020-11-27,252.5,66,b2b99a,41.704723;99.0;84.968506;58.074802;65.480316;83.019684;55.73622;44.43307;55.34646;60.80315;46.38189;43.65354;26.114174;26.114174;25.724411;43.26378;38.97638;45.2126;44.04331;39.755905;61.972443;68.98819;25.334646;0.0;,59e3c6,50970b,3944.0,Archivo de audio MPEG,252525.0,2020.0,256.0,44100.0,100.0,100.0,3873.0,5.0,1.0,4.0,3837249046.0,2025-08-05 19:30:46,,,,20,
Alex Soto,Ahí Es,Alex Soto,Forma y Fondo,Alex Soto,Música latina,2023-01-20,192.44,84,020203,97.44095;99.0;47.940945;31.96063;62.362206;46.771652;30.011812;30.79134;26.893702;37.027557;24.944883;24.944883;24.165356;38.19685;24.165356;26.503939;24.555119;27.67323;22.996063;28.452757;33.519684;40.145668;20.657482;0.0;,94f657,391131,3946.0,Archivo de audio MPEG,192470.0,2023.0,256.0,44100.0,100.0,100.0,3577.0,5.0,1.0,6.0,3835034535.0,2025-07-11 04:22:15,,,,28,-1.0
Alex Soto,Tiempo y Espacio,Alex Soto,Forma y Fondo,Alex Soto,Música latina,2023-01-20,162.19,84,040408,68.208664;99.0;90.42519;56.515747;77.173225;66.25984;44.43307;38.97638;45.602364;30.79134;29.232285;25.334646;26.114174;42.09449;31.96063;31.570868;35.078743;40.925198;45.992126;64.70079;55.34646;56.125984;27.67323;0.0;,9bfc83,051a18,3948.0,Archivo de audio MPEG,162220.0,2023.0,256.0,44100.0,100.0,100.0,4239.0,5.0,1.0,2.0,3825615094.0,2025-03-24 04:51:34,,,,26,
Alex Soto,Ese Son,Alex Soto,Forma y Fondo,Alex Soto,Música latina,2023-01-20,203.36,120,8a6470,79.12205;88.47638;99.0;57.295277;54.177166;83.40945;70.93701;42.874016;44.43307;36.637794;31.181103;29.622047;24.165356;27.283466;23.385828;27.283466;28.062992;30.79134;30.011812;26.503939;39.755905;38.586617;21.826773;0.0;,2fe28b,050d12,3950.0,Archivo de audio MPEG,203389.0,2023.0,256.0,44100.0,100.0,100.0,4060.0,5.0,1.0,6.0,3825841034.0,2025-03-26 19:37:14,,,,27,3.0
Alex Soto,Un Ratito,Alex Soto & Cecy Leos,Un Ratito - Single,Alex Soto & Cecy Leos,Música latina,2019-07-05,174.02,94,05161b,46.38189;96.661415;99.0;60.02362;56.90551;24.944883;37.807087;32.350395;35.85827;25.724411;21.047245;26.114174;27.283466;33.12992;31.181103;28.84252;29.622047;43.65354;42.874016;40.535435;44.822834;44.04331;40.145668;0.0;,89f249,641350,13458.0,Archivo de audio AAC,174000.0,2019.0,338.0,48000.0,100.0,100.0,2856.0,5.0,1.0,1.0,3820425508.0,2025-01-23 03:18:28,,,,33,-2.0
Alex Soto,Ahorita No,Alex Soto,Ahorita No - Single,Alex Soto,Música latina,2019-04-12,182.02,106,01615e,53.007874;99.0;57.295277;38.586617;49.889763;62.362206;44.04331;44.04331;42.484253;48.720474;37.417324;40.145668;28.452757;40.535435;30.401575;37.417324;39.755905;31.96063;38.586617;42.484253;47.940945;48.330708;23.77559;0.0;,b2d32d,035034,13912.0,Archivo de audio AAC,181998.0,2019.0,322.0,48000.0,100.0,100.0,4148.0,5.0,1.0,2.0,3835792303.0,2025-07-19 22:51:43,,,,38,1.0
Alex Soto,Claro,Alex Soto,Claro - Single,Alex Soto,Música latina,2019-02-08,219.64,99,360ba3,10.133862;67.42913;99.0;51.44882;80.6811;51.83858;85.74803;45.2126;54.177166;34.688976;47.940945;46.38189;36.637794;44.822834;35.85827;43.65354;36.637794;33.12992;42.484253;42.874016;53.397636;54.56693;24.944883;0.0;,1c3ba8,4e4311,13916.0,Archivo de audio AAC,219614.0,2019.0,321.0,48000.0,100.0,100.0,2586.0,5.0,1.0,2.0,3837788512.0,2025-08-12 01:21:52,,,,25,-1.0
Alex Soto,Dolor De Muelas,Alex Soto,Dolor de Muelas - Single,Alex Soto,Música latina,2021-10-29,201.76,112,6be947,99.0;68.59843;83.019684;36.24803;53.007874;30.79134;40.535435;23.77559;20.267717;15.980316;17.539371;19.098427;16.370079;17.149609;12.08268;15.590553;11.692913;12.472443;15.980316;17.929134;20.267717;38.19685;14.811024;0.0;,65fc8c,701b42,13918.0,Archivo de audio AAC,201735.0,2021.0,326.0,48000.0,100.0,100.0,3084.0,5.0,1.0,4.0,3837421251.0,2025-08-07 19:20:51,,,,25,
Alex Soto,Forever Alone,Alex Soto,Forever Alone - Single,Alex Soto,Música latina,2018-02-12,218.5,118,a1768b,62.75197;89.255905;93.543304;47.16142;66.649605;53.397636;52.61811;33.12992;23.385828;24.944883;25.724411;24.555119;31.96063;47.940945;34.688976;39.755905;40.535435;55.73622;60.02362;78.732285;91.20473;99.0;50.669292;0.0;,edb1ab,868686,13922.0,Archivo de audio AAC,218476.0,2018.0,323.0,48000.0,100.0,100.0,1525.0,5.0,1.0,3.0,3835881718.0,2025-07-20 23:41:58,,,,29,1.0
Alex Soto,Mala Copa,Alex Soto,Mala Copa - Single,Alex Soto,Música latina,2018-12-14,199.92,148,806e7e,72.1063;99.0;81.07086;47.55118;57.295277;58.074802;51.059055;54.56693;40.925198;39.755905;42.874016;45.992126;41.704723;49.889763;37.807087;42.874016;42.484253;37.027557;45.992126;50.669292;51.059055;56.515747;28.062992;0.0;,bfd337,27270e,13926.0,Archivo de audio AAC,199900.0,2018.0,328.0,48000.0,100.0,100.0,4575.0,5.0,1.0,4.0,3837424445.0,2025-08-07 20:14:05,,,,35,1.0
Alex Soto,Nadie Le Gana Al Destino,Alex Soto,Nadie Le Gana Al Destino - Single,Alex Soto,Música latina,2019-02-03,217.24,98,6c11a4,18.3189;99.0;95.88189;40.925198;63.14173;59.633858;50.279526;42.484253;55.34646;42.874016;33.12992;30.401575;33.90945;40.925198;38.586617;41.704723;49.889763;53.007874;47.16142;52.228348;56.90551;58.854332;42.484253;0.0;,b8aa15,272618,13928.0,Archivo de audio AAC,217223.0,2019.0,336.0,48000.0,100.0,100.0,3283.0,5.0,1.0,2.0,3825848562.0,2025-03-26 21:42:42,,,,39,1.0
Alex Soto,No Debería,Alex Soto,No Debería - Single,Alex Soto,Música latina,2021-12-10,181.11,106,06ac9c,55.73622;78.342514;99.0;49.110237;48.330708;38.586617;49.110237;26.503939;42.09449;25.334646;21.047245;24.165356;24.165356;26.114174;21.43701;25.334646;27.67323;21.43701;18.708662;21.047245;46.38189;61.192913;18.3189;0.0;,67f99e,76116b,13930.0,Archivo de audio AAC,181092.0,2021.0,326.0,48000.0,100.0,100.0,2672.0,5.0,1.0,1.0,3820996606.0,2025-01-29 17:56:46,,,,38,1.0
Alex Soto,Qué Tal,Alex Soto & Griss Romero,Qué Tal - Single,Alex Soto & Griss Romero,Música latina,2020-10-30,232.15,128,6a6a6e,60.413383;99.0;67.03937;25.724411;39.755905;47.16142;21.047245;23.77559;13.641735;15.20079;13.251968;14.031498;12.8622055;17.149609;13.251968;18.708662;13.251968;16.370079;16.370079;15.980316;19.877954;28.452757;17.929134;0.0;,70f757,541b31,13934.0,Archivo de audio AAC,232130.0,2020.0,327.0,48000.0,100.0,100.0,2538.0,5.0,1.0,1.0,3827499386.0,2025-04-14 23:16:26,,,,35,1.0
Alex Soto,Recaídas,Alex Soto,Recaídas - Single,Alex Soto,Música latina,2022-07-15,204.64,128,858786,74.444885;99.0;55.34646;45.992126;38.586617;31.181103;21.43701;18.708662;14.421261;12.08268;13.641735;14.031498;15.980316;22.6063;16.370079;13.641735;18.708662;12.8622055;21.826773;24.555119;20.267717;31.181103;19.877954;0.0;,83f95a,6c2037,13936.0,Archivo de audio AAC,204614.0,2022.0,330.0,48000.0,100.0,100.0,2160.0,5.0,1.0,4.0,3835861905.0,2025-07-20 18:11:45,,,,36,1.0
Alex Soto,Seré Discreto,Alex Soto,Seré Discreto - Single,Alex Soto,Música latina,2019-11-15,211.16,104,aacc2f,61.582676;99.0;63.921257;42.484253;49.110237;40.535435;55.73622;24.555119;32.350395;31.570868;26.893702;40.925198;32.740158;36.24803;23.77559;35.078743;29.622047;31.570868;35.078743;42.484253;45.602364;54.56693;24.165356;0.0;,b5ee5c,6313ae,13938.0,Archivo de audio AAC,211139.0,2019.0,327.0,48000.0,100.0,100.0,4216.0,5.0,1.0,3.0,3834829940.0,2025-07-08 19:32:20,,,,26,
Alex Soto,Qué Chingón,Alex Soto,Qué Chingón - Single,Alex Soto,Música latina,2022-09-23,170.02,116,148ecb,99.0;86.52756;81.07086;65.480316;61.972443;68.98819;65.87008;35.85827;44.822834;57.295277;41.704723;38.97638;35.85827;37.417324;27.67323;31.181103;26.503939;28.84252;37.807087;44.822834;44.822834;47.55118;27.67323;0.0;,4ef0a1,095505,13946.0,Archivo de audio AAC,170000.0,2022.0,333.0,48000.0,100.0,100.0,3497.0,5.0,1.0,2.0,3832241532.0,2025-06-08 20:32:12,,,,39,-1.0
Alex Soto,14 Febrero,Alex Soto & Cyluz,14 Febrero - Single,Alex Soto & Cyluz,Música latina,2025-02-11,184.04,80,080c06,6.625984;99.0;38.586617;33.519684;18.3189;14.811024;9.354332;7.405514;9.744095;14.811024;8.964569;7.015751;10.133862;7.405514;7.015751;7.7952766;7.015751;12.8622055;17.149609;18.3189;17.149609;22.996063;17.929134;0.0;,84f145,782737,16358.0,Archivo de audio AAC,184018.0,2025.0,319.0,48000.0,100.0,100.0,1447.0,5.0,1.0,4.0,3837247058.0,2025-08-05 18:57:38,,,,23,
Ali,BEYOND ,ALI feat. MaRI,BEYOND,ALI feat. MaRI,J-Pop,2024,228.57,89,07060f,54.56693;74.83464;49.5;47.55118;35.468506;34.688976;57.68504;43.65354;46.38189;54.56693;52.228348;46.771652;58.854332;67.81889;52.228348;71.71654;58.074802;66.649605;72.885826;92.76378;91.98425;99.0;56.515747;0.0;,f44b85,94907c,10856.0,Archivo de audio MPEG,228597.0,2024.0,320.0,44100.0,100.0,100.0,13180.0,5.0,1.0,5.0,3832138201.0,2025-06-07 15:50:01,,,,24,0.0
Ali,Professionalism,ALI feat. Hannya,Professionalism,ALI feat. Hannya,Alternative & Indie,2024,292.87,123,afaee1,54.177166;68.59843;70.54724;37.807087;32.350395;27.283466;33.90945;50.669292;51.059055;41.704723;45.2126;47.55118;45.2126;59.633858;45.992126;54.56693;53.007874;51.83858;53.397636;69.37795;71.71654;99.0;65.87008;0.0;,f95b8c,a9b097,10858.0,Archivo de audio MPEG,292937.0,2024.0,320.0,44100.0,100.0,100.0,15140.0,5.0,1.0,21.0,3830025096.0,2025-05-14 04:51:36,Leo,,,22,4.0
Ali,FEELIN' GOOD,ALI feat. 梅田サイファー,"LOVE, MUSIC AND DANCE",ALI,Alternativa,2021-01-27,289.37,110,ac2299,46.38189;99.0;46.771652;37.027557;48.330708;26.503939;44.43307;38.586617;34.299213;40.925198;38.586617;37.807087;47.16142;58.464565;46.771652;58.464565;63.531494;59.633858;48.330708;59.244095;61.972443;76.3937;58.074802;0.0;,f36a4e,6b6f69,11724.0,Archivo de audio AAC,289344.0,2021.0,322.0,48000.0,100.0,100.0,14287.0,5.0,1.0,4.0,3825967946.0,2025-03-28 06:52:26,,,,23,5.0
Ali,FIGHT DUB CLUB,ALI feat. J‐REXXX & RUEED,"LOVE, MUSIC AND DANCE",ALI,Alternativa,2021-01-13,241.21,139,aaacb8,54.95669;93.15354;72.49606;42.484253;28.452757;48.720474;50.669292;51.44882;50.279526;61.972443;58.464565;58.464565;62.75197;64.31102;47.55118;51.059055;49.5;45.992126;44.04331;59.633858;72.885826;99.0;72.1063;0.0;,fa5b80,8c6d62,11730.0,Archivo de audio AAC,241186.0,2021.0,322.0,48000.0,100.0,100.0,12079.0,5.0,1.0,7.0,3835364424.0,2025-07-15 00:00:24,,,,29,6.0
Ali,CASANOVA POSSE,ALI,CASANOVA POSSE - EP,ALI,J-Pop,2025-01-09,240.74,97,1d5807,67.81889;61.582676;58.854332;58.854332;30.011812;40.535435;42.09449;39.366142;55.34646;61.582676;47.55118;47.16142;57.295277;81.85039;57.295277;71.71654;65.87008;80.291336;83.019684;91.20473;86.91732;99.0;55.34646;0.0;,ef4381,b7a886,11768.0,Archivo de audio AAC,240721.0,2025.0,323.0,48000.0,100.0,100.0,13242.0,5.0,1.0,5.0,3835520926.0,2025-07-16 19:28:46,,,,25,1.0
Ali,NEON,ALI feat. The Crane,NEON - Single,ALI feat. The Crane,J-Pop,2024-12-04,310.22,123,9b6e7f,57.295277;99.0;76.78346;49.110237;43.65354;35.468506;30.011812;33.519684;35.468506;35.078743;34.688976;37.417324;37.027557;52.228348;35.078743;38.19685;38.97638;39.366142;49.110237;58.854332;53.397636;59.244095;33.519684;0.0;,dfbd46,101215,11772.0,Archivo de audio AAC,310195.0,2024.0,324.0,48000.0,100.0,100.0,10679.0,5.0,1.0,8.0,3829853008.0,2025-05-12 05:03:28,,,,27,4.0
Ali,LOST IN PARADISE (Jujutsu Kaisen Ending Theme Song),ALI feat. AKLO,LOST IN PARADISE - EP,ALI,Alternativa,2020-10-10,329.05,122,b0b0ca,39.366142;99.0;68.208664;44.04331;30.401575;31.570868;35.468506;26.114174;28.84252;23.77559;34.299213;28.84252;29.622047;36.637794;33.90945;37.417324;33.12992;37.417324;38.19685;51.83858;53.397636;57.295277;33.90945;0.0;,dac84b,593138,11784.0,Archivo de audio AAC,329027.0,2020.0,324.0,48000.0,100.0,100.0,6847.0,5.0,1.0,6.0,3826905509.0,2025-04-08 02:18:29,,,,30,3.0
Ali,Wild Side,ALI,Wild Side - EP,ALI,Hip-Hop-Rap,2019-11-27,158.02,134,8d7182,71.71654;99.0;50.669292;38.19685;30.401575;31.181103;34.299213;30.011812;38.586617;56.515747;39.755905;50.669292;55.34646;56.125984;40.535435;42.484253;55.73622;65.480316;58.464565;49.889763;52.228348;54.95669;35.468506;0.0;,e67535,242b24,11786.0,Archivo de audio AAC,158000.0,2019.0,330.0,48000.0,100.0,100.0,7788.0,5.0,1.0,4.0,3826906544.0,2025-04-08 02:35:44,ALI,,,25,2.0
Ali,DESPERADO,ALI feat. J-REXXX,LOST IN PARADISE - EP,ALI,Alternativa,2020-11-25,340.01,46,914b49,37.417324;99.0;51.83858;50.279526;31.181103;45.992126;32.740158;37.807087;32.740158;40.925198;35.468506;42.874016;32.350395;28.452757;19.48819;24.555119;24.165356;24.555119;28.84252;31.570868;28.452757;25.724411;17.929134;0.0;,5cd023,0d0aa8,11792.0,Archivo de audio AAC,339986.0,2020.0,316.0,48000.0,100.0,100.0,7622.0,5.0,1.0,3.0,3826904740.0,2025-04-08 02:05:40,,,,15,1.0
Ali,BETTER DAYS,ALI feat. Dos Monos,BETTER DAYS - Single,ALI feat. Dos Monos,Alternativa,2020-10-07,303.16,108,b72c9c,63.921257;99.0;70.93701;36.637794;32.350395;30.401575;32.740158;29.232285;28.062992;26.893702;26.503939;29.622047;31.181103;36.24803;28.452757;31.96063;43.65354;31.96063;40.145668;38.19685;53.397636;72.1063;45.992126;0.0;,dbd567,533d4a,13950.0,Archivo de audio AAC,303136.0,2020.0,323.0,48000.0,100.0,100.0,4482.0,5.0,1.0,5.0,3835966320.0,2025-07-21 23:12:00,,,,28,1.0
Ali,NEVER SAY GOODBYE,ALI feat. Mummy-D,NEVER SAY GOODBYE - EP,ALI,Alternativa,2022-10-03,290.48,102,93197c,78.732285;99.0;62.362206;59.633858;46.38189;37.417324;44.822834;54.177166;47.55118;42.874016;37.807087;40.535435;44.822834;47.940945;44.43307;48.720474;51.059055;68.59843;65.87008;59.633858;52.228348;59.633858;42.484253;0.0;,f08443,434539,13960.0,Archivo de audio AAC,290458.0,2022.0,321.0,48000.0,100.0,100.0,9913.0,5.0,1.0,6.0,3835100874.0,2025-07-11 22:47:54,Leo Stillman & 宮田レフティリョウ,,,25,-1.0
Ali,Temptations,ALI,Temptations - Single,ALI,Alternativa,2019-08-28,169.02,109,9419ab,79.90157;99.0;62.362206;76.78346;46.771652;47.55118;62.75197;35.468506;51.059055;42.484253;35.468506;41.31496;68.98819;58.074802;38.19685;41.704723;48.330708;50.279526;48.720474;57.295277;62.362206;86.52756;52.228348;0.0;,fc9b89,7e5a53,13976.0,Archivo de audio AAC,169000.0,2019.0,322.0,48000.0,100.0,100.0,9847.0,5.0,1.0,1.0,3823172036.0,2025-02-23 22:13:56,ALI,,,21,2.0
Ali,Tokyo Pharaoh,ALI,Tokyo Pharaoh - Single,ALI,Alternativa,2019-09-24,213.48,121,c0a1db,58.074802;99.0;77.173225;49.5;41.31496;50.279526;56.125984;43.26378;37.417324;49.889763;36.24803;34.299213;37.417324;49.110237;35.85827;38.586617;37.027557;37.807087;48.720474;64.70079;70.54724;88.08661;50.669292;0.0;,efb79b,8e907f,13978.0,Archivo de audio AAC,213461.0,2019.0,323.0,48000.0,100.0,100.0,3964.0,5.0,1.0,4.0,3826910303.0,2025-04-08 03:38:23,,,,27,1.0
Ali,Vim,ALI,Vim - Single,ALI,R&B-Soul,2019-03-15,314.37,112,5f15b4,83.40945;99.0;72.49606;41.704723;30.79134;67.03937;42.874016;44.43307;28.84252;36.24803;42.874016;40.145668;50.669292;66.649605;44.822834;52.61811;59.633858;62.362206;63.531494;78.732285;73.66535;94.7126;57.295277;0.0;,fe8674,949888,13982.0,Archivo de audio AAC,314352.0,2019.0,324.0,48000.0,100.0,100.0,7971.0,5.0,1.0,5.0,3835541608.0,2025-07-17 01:13:28,ALI,,,29,5.0
Ali,Whole Lotta Love,ALI feat. 木村昴,INGLOURIOUS EASTERN COWBOY - EP,ALI,Alternativa,2022-02-23,246.92,112,a2276d,22.216536;99.0;85.35826;56.515747;39.755905;45.992126;44.43307;40.145668;38.19685;31.570868;30.401575;35.85827;42.09449;49.889763;38.586617;43.26378;37.807087;37.807087;59.633858;59.633858;70.54724;89.255905;51.44882;0.0;,f8a987,525653,13998.0,Archivo de audio AAC,246898.0,2022.0,322.0,48000.0,100.0,100.0,10567.0,5.0,1.0,2.0,3825064812.0,2025-03-17 20:00:12,,,,19,4.0
Ali,LOVE IS KILLING ME,ALI feat. eill,LOVE IS KILLING ME - Single,ALI feat. eill,J-Pop,2025-02-19,209.51,128,938c99,85.74803;99.0;67.42913;52.228348;38.19685;30.401575;24.165356;30.79134;30.011812;33.519684;31.570868;38.19685;29.622047;34.299213;26.114174;35.85827;48.330708;45.602364;51.44882;60.02362;66.649605;79.12205;38.586617;0.0;,ecc37a,675766,18544.0,Archivo de audio AAC,209490.0,2025.0,323.0,48000.0,100.0,100.0,6830.0,5.0,1.0,8.0,3835964056.0,2025-07-21 22:34:16,,,,30,
Atarashii Gakko!,Fly High,ATARASHII GAKKO!,AG! Calling,ATARASHII GAKKO!,J-Pop,2014-06-07,183.3,138,aeadc3,58.464565;62.75197;75.614174;40.925198;38.19685;51.83858;38.97638;53.007874;37.807087;46.38189;41.31496;38.586617;50.669292;53.007874;35.468506;42.484253;47.940945;53.397636;54.56693;72.1063;91.59448;99.0;47.16142;0.0;,f368b1,b1b79a,4020.0,Archivo de audio MPEG,183327.0,2014.0,256.0,44100.0,100.0,100.0,6611.0,5.0,1.0,2.0,3830088961.0,2025-05-14 22:36:01,"ATARASHII GAKKO!, Yonkey & Yoshio Tamamura",,,43,6.0
Atarashii Gakko!,Omakase,ATARASHII GAKKO!,AG! Calling,ATARASHII GAKKO!,J-Pop,2014-06-07,166.06,118,ab9eed,99.0;73.66535;41.704723;64.70079;44.822834;30.79134;62.362206;61.972443;38.97638;77.56299;50.279526;57.295277;58.854332;64.31102;32.740158;44.43307;58.854332;49.889763;50.279526;51.44882;61.972443;77.95276;51.059055;0.0;,ef4492,7e534f,4024.0,Archivo de audio MPEG,166086.0,2014.0,256.0,44100.0,100.0,100.0,5127.0,5.0,1.0,1.0,3833261506.0,2025-06-20 15:51:46,"ATARASHII GAKKO!, Yonkey & Yoshio Tamamura",,,35,-3.0
Atarashii Gakko!,Maji Yoroshiku,ATARASHII GAKKO!,AG! Calling,ATARASHII GAKKO!,J-Pop,2014-06-07,133.15,78,000000,42.09449;99.0;68.59843;36.637794;54.56693;41.31496;39.755905;42.484253;79.51181;41.31496;50.669292;49.110237;53.007874;55.73622;41.31496;47.16142;55.73622;59.244095;59.633858;61.192913;58.464565;65.480316;44.43307;0.0;,e5573e,7a4543,4026.0,Archivo de audio MPEG,133172.0,2014.0,256.0,44100.0,100.0,100.0,7928.0,5.0,1.0,1.0,3823267793.0,2025-02-25 00:49:53,"ATARASHII GAKKO!, Angus Leslie, Jessie Lauryn, Joshua Tavares, Miguel Olivera, Robert Douglas-Sola, Samuel Cox, Yonkey & Yoshio Tamamura",,,21,18.0
Atarashii Gakko!,Essa Hoisa,ATARASHII GAKKO!,AG! Calling,ATARASHII GAKKO!,J-Pop,2014-06-07,175.18,80,010102,99.0;86.137794;36.637794;42.484253;29.622047;24.555119;36.637794;58.854332;37.417324;39.366142;29.232285;38.97638;31.96063;33.90945;24.555119;32.350395;33.12992;31.181103;36.24803;34.688976;41.31496;49.110237;30.401575;0.0;,e1cc61,39152c,4028.0,Archivo de audio MPEG,175203.0,2014.0,256.0,44100.0,100.0,100.0,6395.0,5.0,1.0,2.0,3834322968.0,2025-07-02 22:42:48,,,,24,
Atarashii Gakko!,Drama,ATARASHII GAKKO! feat. MILLI,AG! Calling,ATARASHII GAKKO!,J-Pop,2014-06-07,159.4,82,0a0710,73.27559;99.0;41.31496;45.992126;31.181103;40.925198;67.81889;39.366142;47.16142;56.90551;48.330708;54.95669;56.515747;47.16142;37.417324;44.04331;55.34646;49.5;54.56693;44.822834;44.43307;50.669292;28.452757;0.0;,da622b,1f2114,4030.0,Archivo de audio MPEG,159425.0,2014.0,256.0,44100.0,100.0,100.0,7858.0,5.0,1.0,4.0,3837345617.0,2025-08-06 22:20:17,"ATARASHII GAKKO!, Danupha Kanateerakul, Christina Galligan, Leelee, Louis Bartolini & Stephanie Poetri",,,23,5.0
Atarashii Gakko!,Superhuman,ATARASHII GAKKO!,AG! Calling,ATARASHII GAKKO!,J-Pop,2014-06-07,196.6,178,1c0d1d,35.468506;99.0;62.75197;40.145668;30.011812;22.216536;37.807087;27.283466;37.027557;30.79134;22.6063;31.96063;35.078743;38.586617;32.740158;47.940945;40.925198;38.19685;38.19685;41.31496;47.16142;49.889763;22.6063;0.0;,d2ad29,120e16,4032.0,Archivo de audio MPEG,196623.0,2014.0,256.0,44100.0,100.0,100.0,8811.0,5.0,1.0,6.0,3829847304.0,2025-05-12 03:28:24,,,,23,1.0
Atarashii Gakko!,Forever Sisters,ATARASHII GAKKO!,AG! Calling,ATARASHII GAKKO!,J-Pop,2014-06-07,235.76,130,7c606e,94.7126;95.49213;61.192913;85.35826;63.921257;44.822834;99.0;42.874016;74.83464;49.110237;49.110237;57.68504;51.44882;62.75197;50.279526;60.80315;64.70079;63.14173;68.98819;75.22441;83.40945;97.05118;66.25984;0.0;,f660a1,594d41,4034.0,Archivo de audio MPEG,235781.0,2014.0,256.0,44100.0,100.0,100.0,5916.0,5.0,1.0,5.0,3837246460.0,2025-08-05 18:47:40,,,,37,
Atarashii Gakko!,Arigato,ATARASHII GAKKO!,AG! Calling,ATARASHII GAKKO!,J-Pop,2014-06-07,172.64,137,80616f,99.0;98.61023;57.295277;42.09449;39.755905;52.228348;66.25984;45.602364;97.05118;53.397636;43.65354;45.992126;62.362206;62.362206;38.586617;56.90551;72.885826;71.71654;67.03937;58.854332;65.09055;93.15354;58.464565;0.0;,fb6272,5a5245,4036.0,Archivo de audio MPEG,172669.0,2014.0,256.0,44100.0,100.0,100.0,7186.0,5.0,1.0,4.0,3835794394.0,2025-07-19 23:26:34,"ATARASHII GAKKO!, Yonkey & Yoshio Tamamura",,,44,-1.0
Atarashii Gakko!,Hero Show,ATARASHII GAKKO!,AG! Calling,ATARASHII GAKKO!,J-Pop,2014-06-07,186.04,136,1a201d,99.0;71.71654;40.925198;38.586617;38.586617;30.011812;51.059055;61.192913;41.704723;44.43307;44.04331;42.484253;57.295277;59.633858;46.771652;55.34646;57.295277;55.34646;55.34646;59.244095;63.531494;70.54724;42.484253;0.0;,f75671,8d7064,4038.0,Archivo de audio MPEG,186070.0,2014.0,256.0,44100.0,100.0,100.0,7216.0,5.0,1.0,2.0,3834351009.0,2025-07-03 06:30:09,,,,46,3.0
Atarashii Gakko!,Free Your Mind (Spanish Version),ATARASHII GAKKO!,Free Your Mind (Spanish Version) - Single,ATARASHII GAKKO!,J-Pop,2022-01-25,177.55,115,9d1b88,77.173225;99.0;49.110237;24.555119;24.555119;21.826773;19.877954;26.893702;32.350395;30.79134;33.90945;47.55118;46.771652;37.417324;28.062992;35.468506;45.602364;52.61811;33.90945;44.822834;32.350395;32.740158;25.334646;0.0;,cca21f,1f1b24,4042.0,Archivo de audio MPEG,177580.0,2022.0,256.0,44100.0,100.0,100.0,5336.0,5.0,1.0,3.0,3835093727.0,2025-07-11 20:48:47,"ATARASHII GAKKO!, Mark Ramos Nishita & Denise Janelle Gutierrez Mendoza",,,26,2.0
Atarashii Gakko!,HANAKO,ATARASHII GAKKO!,HANAKO - Single,ATARASHII GAKKO!,J-Pop,2022-10-31,221.75,124,b9718e,99.0;50.279526;34.688976;28.452757;19.098427;16.370079;21.826773;18.708662;13.251968;13.251968;17.929134;17.539371;21.047245;19.48819;12.472443;15.980316;22.216536;21.047245;28.452757;29.622047;42.09449;52.61811;28.062992;0.0;,e0ce9b,683c3f,4044.0,Archivo de audio MPEG,221779.0,2022.0,256.0,44100.0,100.0,100.0,1259.0,5.0,1.0,2.0,3833806144.0,2025-06-26 23:09:04,ATARASHII GAKKO! & Mark Ramos Nishita,,,44,4.0
Atarashii Gakko!,HELLO (from The Tiger's Apprentice),ATARASHII GAKKO!,HELLO (from The Tiger's Apprentice) - Single,ATARASHII GAKKO!,J-Pop,2024-02-09,153.18,161,020203,76.00394;82.62992;53.7874;34.299213;40.925198;49.110237;47.55118;58.854332;44.43307;63.921257;54.177166;49.889763;47.940945;53.7874;47.55118;61.972443;67.81889;71.32677;85.74803;77.56299;99.0;84.968506;74.444885;0.0;,f8577d,9a927d,4046.0,Archivo de audio MPEG,153208.0,2024.0,256.0,44100.0,100.0,100.0,8334.0,5.0,1.0,4.0,3829159433.0,2025-05-04 04:23:53,"ATARASHII GAKKO!, Wendy Wei-Jo Wang, Fransisca Hall, Kevin Bard & Louis Bartollini",,,28,3.0
Atarashii Gakko!,Janaindayo,ATARASHII GAKKO!,Ichijikikoku,ATARASHII GAKKO!,J-Pop,2023-04-12,179.15,100,9d1b8b,99.0;75.614174;38.19685;30.011812;21.826773;25.334646;38.19685;28.84252;30.401575;36.637794;38.97638;49.5;38.586617;60.02362;44.04331;56.90551;73.27559;81.85039;64.70079;66.25984;70.54724;77.56299;46.771652;0.0;,fa6965,7c7d7c,4048.0,Archivo de audio MPEG,179173.0,2023.0,256.0,44100.0,100.0,100.0,9222.0,5.0,1.0,5.0,3835094562.0,2025-07-11 21:02:42,jon-YAKITORY,,,28,1.0
Atarashii Gakko!,Seishun Wo Kirisaku Hado,ATARASHII GAKKO!,Ichijikikoku,ATARASHII GAKKO!,J-Pop,2023-04-12,213.86,95,110917,61.582676;99.0;49.5;40.535435;27.283466;19.877954;31.96063;45.992126;47.55118;44.43307;63.14173;46.771652;71.71654;66.649605;59.244095;77.56299;91.20473;88.08661;83.019684;75.614174;89.255905;93.543304;49.5;0.0;,f25659,78796a,4050.0,Archivo de audio MPEG,213890.0,2023.0,256.0,44100.0,100.0,100.0,12637.0,5.0,1.0,2.0,3825841941.0,2025-03-26 19:52:21,Kenta Matsukuma,,,22,6.0
Atarashii Gakko!,Giri Giri,ATARASHII GAKKO!,Ichijikikoku,ATARASHII GAKKO!,J-Pop,2023-04-12,185.18,134,969799,68.208664;99.0;37.417324;37.417324;30.401575;27.283466;35.85827;53.397636;28.062992;41.704723;32.350395;41.31496;29.232285;37.417324;26.503939;30.401575;35.468506;40.145668;39.755905;51.83858;55.73622;59.244095;32.350395;0.0;,f0b563,4f3039,4052.0,Archivo de audio MPEG,185208.0,2023.0,256.0,44100.0,100.0,100.0,4925.0,5.0,1.0,1.0,3823705579.0,2025-03-02 02:26:19,Yonkey,,,33,-2.0
Atarashii Gakko!,Suki Lie,ATARASHII GAKKO!,Ichijikikoku,ATARASHII GAKKO!,J-Pop,2023-04-12,195.11,89,7a6056,71.32677;99.0;68.98819;47.55118;45.992126;26.114174;50.669292;43.65354;58.074802;61.582676;54.95669;51.83858;48.330708;42.484253;24.944883;40.535435;40.145668;34.299213;33.12992;44.43307;52.228348;63.531494;37.027557;0.0;,dac749,3cbb15,4054.0,Archivo de audio MPEG,195134.0,2023.0,256.0,44100.0,100.0,100.0,6182.0,5.0,1.0,4.0,3835094114.0,2025-07-11 20:55:14,Yonkey,,,22,1.0
Atarashii Gakko!,Koinosyadanki,ATARASHII GAKKO! feat. H ZETTRIO,Koinosyadanki - Single,ATARASHII GAKKO! feat. H ZETTRIO,J-Pop,2018-01-24,260.41,118,59594a,76.00394;99.0;68.208664;58.464565;32.350395;36.24803;37.417324;41.704723;29.232285;57.295277;31.181103;44.822834;37.417324;40.535435;27.283466;46.771652;67.42913;73.27559;60.02362;42.874016;50.669292;67.03937;37.417324;0.0;,ef9645,d4bb5e,4062.0,Archivo de audio MPEG,260440.0,2018.0,256.0,44100.0,100.0,100.0,4116.0,5.0,1.0,2.0,3825786235.0,2025-03-26 04:23:55,,,,25,
Atarashii Gakko!,Maningen,ATARASHII GAKKO!,Maningen - EP,ATARASHII GAKKO!,J-Pop,2023-08-09,171.65,110,21d870,63.921257;99.0;62.362206;49.889763;29.232285;33.12992;52.228348;41.31496;59.244095;47.55118;37.027557;62.362206;56.125984;61.972443;42.874016;50.669292;74.444885;72.1063;70.15748;56.515747;55.73622;60.413383;33.90945;0.0;,e25a38,8d655d,4084.0,Archivo de audio MPEG,171676.0,2023.0,256.0,44100.0,100.0,100.0,15119.0,5.0,1.0,2.0,3823270797.0,2025-02-25 01:39:57,jon-YAKITORY,,,25,
Atarashii Gakko!,NAINAINAI,ATARASHII GAKKO!,NAINAINAI - Single,ATARASHII GAKKO!,J-Pop,2021-01-20,193.96,115,8e1487,61.972443;99.0;26.893702;26.893702;21.047245;17.539371;23.77559;22.216536;20.267717;29.232285;23.77559;31.181103;30.011812;35.468506;25.724411;38.97638;41.704723;40.145668;47.55118;35.078743;44.43307;44.822834;17.929134;0.0;,e3a83b,513843,4094.0,Archivo de audio MPEG,193985.0,2021.0,256.0,44100.0,100.0,100.0,2476.0,5.0,1.0,2.0,3835372068.0,2025-07-15 02:07:48,Yonkey & ATARASHII GAKKO!,,,52,-2.0
Atarashii Gakko!,Otonablue,ATARASHII GAKKO!,Otonablue - Single,ATARASHII GAKKO!,J-Pop,2020-02-28,185.63,130,564351,50.279526;99.0;37.807087;37.417324;31.181103;20.657482;26.893702;24.555119;22.6063;22.216536;20.657482;22.996063;20.657482;28.452757;16.370079;24.555119;30.401575;35.85827;37.027557;37.027557;42.09449;45.602364;26.114174;0.0;,cfd64e,5d2e34,4098.0,Archivo de audio MPEG,185652.0,2020.0,256.0,44100.0,100.0,100.0,4416.0,5.0,1.0,2.0,3837187695.0,2025-08-05 02:28:15,Yonkey,,,38,-1.0
Atarashii Gakko!,CANDY,ATARASHII GAKKO!,SNACKTIME - EP,ATARASHII GAKKO!,J-Pop,2021-11-12,165.46,129,705966,99.0;97.05118;32.740158;24.944883;28.84252;25.724411;20.267717;22.6063;17.539371;21.43701;18.708662;26.503939;28.84252;24.555119;17.539371;24.944883;35.078743;41.31496;51.059055;51.44882;45.602364;45.992126;24.165356;0.0;,e3c85d,3d2c39,4106.0,Archivo de audio MPEG,165485.0,2021.0,256.0,44100.0,100.0,100.0,3465.0,5.0,1.0,4.0,3837244272.0,2025-08-05 18:11:12,TARASHII GAKKO! & Mark Ramos Nishita,,,43,6.0
Atarashii Gakko!,Fantastico,ATARASHII GAKKO!,SNACKTIME - EP,ATARASHII GAKKO!,J-Pop,2021-11-12,173.56,125,99859a,99.0;66.25984;61.192913;34.299213;24.944883;23.385828;31.570868;30.79134;30.401575;28.84252;29.232285;39.366142;35.85827;38.97638;27.67323;33.12992;35.85827;42.484253;31.181103;29.232285;38.19685;53.007874;38.586617;0.0;,ecba5d,32202e,4108.0,Archivo de audio MPEG,173583.0,2021.0,256.0,44100.0,100.0,100.0,1961.0,5.0,1.0,5.0,3835095464.0,2025-07-11 21:17:44,ATARASHII GAKKO! & Mark Ramos Nishita,,,74,-15.0
Atarashii Gakko!,The Edge,ATARASHII GAKKO!,The Edge - Single,ATARASHII GAKKO!,J-Pop,2023-02-24,163.87,168,0f0914,76.3937;99.0;54.56693;38.97638;44.822834;40.535435;40.535435;41.704723;54.56693;58.464565;49.889763;62.362206;88.866135;70.54724;51.83858;57.68504;62.75197;73.27559;79.51181;83.40945;72.49606;81.46063;48.720474;0.0;,f1555a,5d594b,4112.0,Archivo de audio MPEG,163892.0,2023.0,256.0,44100.0,100.0,100.0,6797.0,5.0,1.0,1.0,3821356120.0,2025-02-02 21:48:40,"ATARASHII GAKKO!, Kayelee Ayers, Kianna Fleming, Louis Bartolini & William Kevany",,,34,
Atarashii Gakko!,Tokyo Calling,ATARASHII GAKKO!,Tokyo Calling - Single,ATARASHII GAKKO!,J-Pop,2023-10-20,191.27,79,272719,61.972443;99.0;46.771652;49.5;53.7874;46.38189;62.362206;88.866135;83.40945;45.992126;76.3937;45.992126;42.484253;48.720474;34.299213;39.366142;41.704723;35.468506;35.85827;32.350395;48.330708;56.90551;28.062992;0.0;,4d1946,6e5115,4114.0,Archivo de audio MPEG,191294.0,2023.0,256.0,44100.0,100.0,100.0,6111.0,5.0,1.0,3.0,3825777102.0,2025-03-26 01:51:42,"ATARASHII GAKKO!, Yonkey & Yoshio Tamamura",,,30,2.0
Atarashii Gakko!,Toryanse,ATARASHII GAKKO!,Toryanse - Single,ATARASHII GAKKO!,J-Pop,2024-01-26,156.66,150,9d424d,81.07086;91.98425;52.61811;99.0;80.291336;49.5;72.1063;68.98819;50.669292;66.25984;49.5;53.7874;69.767715;70.15748;45.602364;55.73622;65.09055;44.04331;47.55118;42.484253;41.704723;50.279526;33.519684;0.0;,521b40,582e23,4116.0,Archivo de audio MPEG,156682.0,2024.0,256.0,44100.0,100.0,100.0,5462.0,5.0,1.0,1.0,3820143222.0,2025-01-19 20:53:42,"ATARASHII GAKKO!, Yonkey & Yoshio Tamamura",,,30,1.0
Atarashii Gakko!,Koi Geba,ATARASHII GAKKO!,Wakage Ga Itaru,ATARASHII GAKKO!,J-Pop,2019-03-06,253.52,101,1fd89c,39.755905;99.0;53.7874;47.55118;40.925198;37.417324;41.31496;44.822834;30.79134;47.940945;42.09449;62.75197;54.177166;64.31102;44.43307;50.279526;75.22441;83.019684;89.255905;67.81889;49.5;56.515747;37.417324;0.0;,dc4d37,9a8070,4124.0,Archivo de audio MPEG,253544.0,2019.0,256.0,44100.0,100.0,100.0,10682.0,5.0,1.0,1.0,3820479026.0,2025-01-23 18:10:26,H ZETT M & Temma Matsunaga,,,21,1.0
Atarashii Gakko!,WOO! GO!,ATARASHII GAKKO!,WOO! GO! - Single,ATARASHII GAKKO!,J-Pop,2022-04-15,199.52,80,010201,99.0;88.47638;50.669292;72.49606;39.755905;40.145668;72.1063;64.31102;49.5;51.059055;46.771652;51.83858;47.16142;52.61811;37.807087;53.007874;62.362206;68.98819;65.09055;57.68504;58.464565;63.921257;40.925198;0.0;,f65a65,804847,4134.0,Archivo de audio MPEG,199549.0,2022.0,256.0,44100.0,100.0,100.0,3848.0,5.0,1.0,5.0,3834323459.0,2025-07-02 22:50:59,ATARASHII GAKKO! & Yonkey,,,28,2.0
Atarashii Gakko!,恋文,ATARASHII GAKKO!,恋文 - Single,ATARASHII GAKKO!,J-Pop,2020-05-22,240.37,85,040409,73.27559;78.342514;65.09055;42.484253;22.996063;35.078743;36.24803;27.283466;23.385828;26.893702;24.555119;27.67323;26.893702;29.622047;24.165356;38.97638;62.75197;63.14173;67.03937;83.019684;90.42519;99.0;70.15748;0.0;,fb9796,a6a6b3,13848.0,Archivo de audio AAC,240350.0,2020.0,325.0,48000.0,100.0,100.0,5105.0,5.0,1.0,3.0,3832757545.0,2025-06-14 19:52:25,,,,22,
Atarashii Gakko!,Pineapple Kryptonite,ATARASHII GAKKO!,Pineapple Kryptonite - Single,ATARASHII GAKKO!,J-Pop,2021-09-21,195.74,139,a9b7a9,99.0;76.3937;37.027557;21.047245;14.031498;16.759842;38.19685;19.48819;31.181103;26.503939;28.062992;33.519684;34.299213;37.027557;29.622047;34.688976;42.484253;46.771652;48.330708;51.83858;53.007874;60.80315;33.90945;0.0;,fa9c69,9f7284,13850.0,Archivo de audio AAC,195721.0,2021.0,322.0,48000.0,100.0,100.0,4414.0,5.0,1.0,2.0,3835618493.0,2025-07-17 22:34:53,ATARASHII GAKKO! & Mark Ramos Nishita,,,28,2.0
Atarashii Gakko!,Change,ATARASHII GAKKO!,Change - Single,ATARASHII GAKKO!,J-Pop,2024-07-19,191.28,158,191c1f,99.0;73.27559;54.177166;37.807087;28.84252;51.44882;33.519684;44.822834;23.385828;39.366142;35.85827;25.334646;31.96063;45.992126;31.570868;44.822834;45.2126;45.2126;47.55118;44.43307;46.771652;47.940945;24.944883;0.0;,f59b56,4b2a33,13852.0,Archivo de audio AAC,191263.0,2024.0,327.0,48000.0,100.0,100.0,4405.0,5.0,1.0,2.0,3825358389.0,2025-03-21 05:33:09,,,,25,-3.0
Atarashii Gakko!,Narani Narani,Balming Tiger feat. ATARASHII GAKKO!,Narani Narani - Single,Balming Tiger feat. ATARASHII GAKKO!,K-pop,2025-06-20,224.39,128,543a46,89.64567;99.0;58.074802;36.24803;42.484253;31.570868;37.027557;28.452757;49.889763;33.12992;35.85827;29.622047;35.468506;34.688976;35.078743;31.570868;42.484253;44.04331;42.874016;50.669292;50.669292;51.44882;27.67323;0.0;,ddc750,121017,26982.0,Archivo de audio MPEG,224417.0,2025.0,256.0,44100.0,100.0,100.0,6708.0,5.0,1.0,1.0,3833929986.0,2025-06-28 09:33:06,,,,20,1.0
Atarashii Gakko!: World Tour Part II - CDMX 2024,Fly High,ATARASHII GAKKO!,AG! Calling,ATARASHII GAKKO!,J-Pop,2014-06-07,183.3,138,aeadc3,58.464565;62.75197;75.614174;40.925198;38.19685;51.83858;38.97638;53.007874;37.807087;46.38189;41.31496;38.586617;50.669292;53.007874;35.468506;42.484253;47.940945;53.397636;54.56693;72.1063;91.59448;99.0;47.16142;0.0;,f368b1,b1b79a,4020.0,Archivo de audio MPEG,183327.0,2014.0,256.0,44100.0,100.0,100.0,6611.0,5.0,1.0,2.0,3830088961.0,2025-05-14 22:36:01,"ATARASHII GAKKO!, Yonkey & Yoshio Tamamura",,,43,6.0
Atarashii Gakko!: World Tour Part II - CDMX 2024,Omakase,ATARASHII GAKKO!,AG! Calling,ATARASHII GAKKO!,J-Pop,2014-06-07,166.06,118,ab9eed,99.0;73.66535;41.704723;64.70079;44.822834;30.79134;62.362206;61.972443;38.97638;77.56299;50.279526;57.295277;58.854332;64.31102;32.740158;44.43307;58.854332;49.889763;50.279526;51.44882;61.972443;77.95276;51.059055;0.0;,ef4492,7e534f,4024.0,Archivo de audio MPEG,166086.0,2014.0,256.0,44100.0,100.0,100.0,5127.0,5.0,1.0,1.0,3833261506.0,2025-06-20 15:51:46,"ATARASHII GAKKO!, Yonkey & Yoshio Tamamura",,,35,-3.0
Atarashii Gakko!: World Tour Part II - CDMX 2024,Maji Yoroshiku,ATARASHII GAKKO!,AG! Calling,ATARASHII GAKKO!,J-Pop,2014-06-07,133.15,78,000000,42.09449;99.0;68.59843;36.637794;54.56693;41.31496;39.755905;42.484253;79.51181;41.31496;50.669292;49.110237;53.007874;55.73622;41.31496;47.16142;55.73622;59.244095;59.633858;61.192913;58.464565;65.480316;44.43307;0.0;,e5573e,7a4543,4026.0,Archivo de audio MPEG,133172.0,2014.0,256.0,44100.0,100.0,100.0,7928.0,5.0,1.0,1.0,3823267793.0,2025-02-25 00:49:53,"ATARASHII GAKKO!, Angus Leslie, Jessie Lauryn, Joshua Tavares, Miguel Olivera, Robert Douglas-Sola, Samuel Cox, Yonkey & Yoshio Tamamura",,,21,18.0
Atarashii Gakko!: World Tour Part II - CDMX 2024,Essa Hoisa,ATARASHII GAKKO!,AG! Calling,ATARASHII GAKKO!,J-Pop,2014-06-07,175.18,80,010102,99.0;86.137794;36.637794;42.484253;29.622047;24.555119;36.637794;58.854332;37.417324;39.366142;29.232285;38.97638;31.96063;33.90945;24.555119;32.350395;33.12992;31.181103;36.24803;34.688976;41.31496;49.110237;30.401575;0.0;,e1cc61,39152c,4028.0,Archivo de audio MPEG,175203.0,2014.0,256.0,44100.0,100.0,100.0,6395.0,5.0,1.0,2.0,3834322968.0,2025-07-02 22:42:48,,,,24,
Atarashii Gakko!: World Tour Part II - CDMX 2024,Forever Sisters,ATARASHII GAKKO!,AG! Calling,ATARASHII GAKKO!,J-Pop,2014-06-07,235.76,130,7c606e,94.7126;95.49213;61.192913;85.35826;63.921257;44.822834;99.0;42.874016;74.83464;49.110237;49.110237;57.68504;51.44882;62.75197;50.279526;60.80315;64.70079;63.14173;68.98819;75.22441;83.40945;97.05118;66.25984;0.0;,f660a1,594d41,4034.0,Archivo de audio MPEG,235781.0,2014.0,256.0,44100.0,100.0,100.0,5916.0,5.0,1.0,5.0,3837246460.0,2025-08-05 18:47:40,,,,37,
Atarashii Gakko!: World Tour Part II - CDMX 2024,Arigato,ATARASHII GAKKO!,AG! Calling,ATARASHII GAKKO!,J-Pop,2014-06-07,172.64,137,80616f,99.0;98.61023;57.295277;42.09449;39.755905;52.228348;66.25984;45.602364;97.05118;53.397636;43.65354;45.992126;62.362206;62.362206;38.586617;56.90551;72.885826;71.71654;67.03937;58.854332;65.09055;93.15354;58.464565;0.0;,fb6272,5a5245,4036.0,Archivo de audio MPEG,172669.0,2014.0,256.0,44100.0,100.0,100.0,7186.0,5.0,1.0,4.0,3835794394.0,2025-07-19 23:26:34,"ATARASHII GAKKO!, Yonkey & Yoshio Tamamura",,,44,-1.0
Atarashii Gakko!: World Tour Part II - CDMX 2024,Free Your Mind (Spanish Version),ATARASHII GAKKO!,Free Your Mind (Spanish Version) - Single,ATARASHII GAKKO!,J-Pop,2022-01-25,177.55,115,9d1b88,77.173225;99.0;49.110237;24.555119;24.555119;21.826773;19.877954;26.893702;32.350395;30.79134;33.90945;47.55118;46.771652;37.417324;28.062992;35.468506;45.602364;52.61811;33.90945;44.822834;32.350395;32.740158;25.334646;0.0;,cca21f,1f1b24,4042.0,Archivo de audio MPEG,177580.0,2022.0,256.0,44100.0,100.0,100.0,5336.0,5.0,1.0,3.0,3835093727.0,2025-07-11 20:48:47,"ATARASHII GAKKO!, Mark Ramos Nishita & Denise Janelle Gutierrez Mendoza",,,26,2.0
Atarashii Gakko!: World Tour Part II - CDMX 2024,Giri Giri,ATARASHII GAKKO!,Ichijikikoku,ATARASHII GAKKO!,J-Pop,2023-04-12,185.18,134,969799,68.208664;99.0;37.417324;37.417324;30.401575;27.283466;35.85827;53.397636;28.062992;41.704723;32.350395;41.31496;29.232285;37.417324;26.503939;30.401575;35.468506;40.145668;39.755905;51.83858;55.73622;59.244095;32.350395;0.0;,f0b563,4f3039,4052.0,Archivo de audio MPEG,185208.0,2023.0,256.0,44100.0,100.0,100.0,4925.0,5.0,1.0,1.0,3823705579.0,2025-03-02 02:26:19,Yonkey,,,33,-2.0
Atarashii Gakko!: World Tour Part II - CDMX 2024,Suki Lie,ATARASHII GAKKO!,Ichijikikoku,ATARASHII GAKKO!,J-Pop,2023-04-12,195.11,89,7a6056,71.32677;99.0;68.98819;47.55118;45.992126;26.114174;50.669292;43.65354;58.074802;61.582676;54.95669;51.83858;48.330708;42.484253;24.944883;40.535435;40.145668;34.299213;33.12992;44.43307;52.228348;63.531494;37.027557;0.0;,dac749,3cbb15,4054.0,Archivo de audio MPEG,195134.0,2023.0,256.0,44100.0,100.0,100.0,6182.0,5.0,1.0,4.0,3835094114.0,2025-07-11 20:55:14,Yonkey,,,22,1.0
Atarashii Gakko!: World Tour Part II - CDMX 2024,Saisyu Jinrui,ATARASHII GAKKO!,Maenarawanai,ATARASHII GAKKO!,J-Pop,2018-03-21,259.42,96,1a0a22,37.417324;99.0;39.366142;28.062992;26.893702;30.011812;38.586617;33.519684;24.555119;38.19685;44.43307;45.2126;51.83858;65.480316;50.279526;47.940945;67.81889;64.70079;68.208664;57.68504;35.85827;32.350395;17.149609;0.0;,c9581f,212821,4080.0,Archivo de audio MPEG,259448.0,2018.0,256.0,44100.0,,,15852.0,5.0,1.0,,,,H ZETT M & Momorurugyaban,,,20,
Atarashii Gakko!: World Tour Part II - CDMX 2024,"Que Sera, Sera",ATARASHII GAKKO!,Maningen - EP,ATARASHII GAKKO!,J-Pop,2023-05-15,217.0,136,866f80,68.208664;99.0;71.32677;63.14173;47.16142;40.145668;52.228348;52.228348;40.925198;47.940945;44.43307;45.992126;56.125984;47.16142;42.09449;54.177166;66.649605;65.87008;66.649605;57.68504;91.59448;77.56299;41.704723;0.0;,fd776d,585346,4088.0,Archivo de audio MPEG,217025.0,2023.0,256.0,44100.0,,100.0,7468.0,5.0,1.0,,,,Yonkey,,,35,1.0
Atarashii Gakko!: World Tour Part II - CDMX 2024,NAINAINAI,ATARASHII GAKKO!,NAINAINAI - Single,ATARASHII GAKKO!,J-Pop,2021-01-20,193.96,115,8e1487,61.972443;99.0;26.893702;26.893702;21.047245;17.539371;23.77559;22.216536;20.267717;29.232285;23.77559;31.181103;30.011812;35.468506;25.724411;38.97638;41.704723;40.145668;47.55118;35.078743;44.43307;44.822834;17.929134;0.0;,e3a83b,513843,4094.0,Archivo de audio MPEG,193985.0,2021.0,256.0,44100.0,100.0,100.0,2476.0,5.0,1.0,2.0,3835372068.0,2025-07-15 02:07:48,Yonkey & ATARASHII GAKKO!,,,52,-2.0
Atarashii Gakko!: World Tour Part II - CDMX 2024,Otonablue,ATARASHII GAKKO!,Otonablue - Single,ATARASHII GAKKO!,J-Pop,2020-02-28,185.63,130,564351,50.279526;99.0;37.807087;37.417324;31.181103;20.657482;26.893702;24.555119;22.6063;22.216536;20.657482;22.996063;20.657482;28.452757;16.370079;24.555119;30.401575;35.85827;37.027557;37.027557;42.09449;45.602364;26.114174;0.0;,cfd64e,5d2e34,4098.0,Archivo de audio MPEG,185652.0,2020.0,256.0,44100.0,100.0,100.0,4416.0,5.0,1.0,2.0,3837187695.0,2025-08-05 02:28:15,Yonkey,,,38,-1.0
Atarashii Gakko!: World Tour Part II - CDMX 2024,CANDY,ATARASHII GAKKO!,SNACKTIME - EP,ATARASHII GAKKO!,J-Pop,2021-11-12,165.46,129,705966,99.0;97.05118;32.740158;24.944883;28.84252;25.724411;20.267717;22.6063;17.539371;21.43701;18.708662;26.503939;28.84252;24.555119;17.539371;24.944883;35.078743;41.31496;51.059055;51.44882;45.602364;45.992126;24.165356;0.0;,e3c85d,3d2c39,4106.0,Archivo de audio MPEG,165485.0,2021.0,256.0,44100.0,100.0,100.0,3465.0,5.0,1.0,4.0,3837244272.0,2025-08-05 18:11:12,TARASHII GAKKO! & Mark Ramos Nishita,,,43,6.0
Atarashii Gakko!: World Tour Part II - CDMX 2024,Tokyo Calling,ATARASHII GAKKO!,Tokyo Calling - Single,ATARASHII GAKKO!,J-Pop,2023-10-20,191.27,79,272719,61.972443;99.0;46.771652;49.5;53.7874;46.38189;62.362206;88.866135;83.40945;45.992126;76.3937;45.992126;42.484253;48.720474;34.299213;39.366142;41.704723;35.468506;35.85827;32.350395;48.330708;56.90551;28.062992;0.0;,4d1946,6e5115,4114.0,Archivo de audio MPEG,191294.0,2023.0,256.0,44100.0,100.0,100.0,6111.0,5.0,1.0,3.0,3825777102.0,2025-03-26 01:51:42,"ATARASHII GAKKO!, Yonkey & Yoshio Tamamura",,,30,2.0
Atarashii Gakko!: World Tour Part II - CDMX 2024,Toryanse,ATARASHII GAKKO!,Toryanse - Single,ATARASHII GAKKO!,J-Pop,2024-01-26,156.66,150,9d424d,81.07086;91.98425;52.61811;99.0;80.291336;49.5;72.1063;68.98819;50.669292;66.25984;49.5;53.7874;69.767715;70.15748;45.602364;55.73622;65.09055;44.04331;47.55118;42.484253;41.704723;50.279526;33.519684;0.0;,521b40,582e23,4116.0,Archivo de audio MPEG,156682.0,2024.0,256.0,44100.0,100.0,100.0,5462.0,5.0,1.0,1.0,3820143222.0,2025-01-19 20:53:42,"ATARASHII GAKKO!, Yonkey & Yoshio Tamamura",,,30,1.0
Atarashii Gakko!: World Tour Part II - CDMX 2024,WOO! GO!,ATARASHII GAKKO!,WOO! GO! - Single,ATARASHII GAKKO!,J-Pop,2022-04-15,199.52,80,010201,99.0;88.47638;50.669292;72.49606;39.755905;40.145668;72.1063;64.31102;49.5;51.059055;46.771652;51.83858;47.16142;52.61811;37.807087;53.007874;62.362206;68.98819;65.09055;57.68504;58.464565;63.921257;40.925198;0.0;,f65a65,804847,4134.0,Archivo de audio MPEG,199549.0,2022.0,256.0,44100.0,100.0,100.0,3848.0,5.0,1.0,5.0,3834323459.0,2025-07-02 22:50:59,ATARASHII GAKKO! & Yonkey,,,28,2.0
Atarashii Gakko!: World Tour Part II - CDMX 2024,恋文,ATARASHII GAKKO!,恋文 - Single,ATARASHII GAKKO!,J-Pop,2020-05-22,240.37,85,040409,73.27559;78.342514;65.09055;42.484253;22.996063;35.078743;36.24803;27.283466;23.385828;26.893702;24.555119;27.67323;26.893702;29.622047;24.165356;38.97638;62.75197;63.14173;67.03937;83.019684;90.42519;99.0;70.15748;0.0;,fb9796,a6a6b3,13848.0,Archivo de audio AAC,240350.0,2020.0,325.0,48000.0,100.0,100.0,5105.0,5.0,1.0,3.0,3832757545.0,2025-06-14 19:52:25,,,,22,
Atarashii Gakko!: World Tour Part II - CDMX 2024,Pineapple Kryptonite,ATARASHII GAKKO!,Pineapple Kryptonite - Single,ATARASHII GAKKO!,J-Pop,2021-09-21,195.74,139,a9b7a9,99.0;76.3937;37.027557;21.047245;14.031498;16.759842;38.19685;19.48819;31.181103;26.503939;28.062992;33.519684;34.299213;37.027557;29.622047;34.688976;42.484253;46.771652;48.330708;51.83858;53.007874;60.80315;33.90945;0.0;,fa9c69,9f7284,13850.0,Archivo de audio AAC,195721.0,2021.0,322.0,48000.0,100.0,100.0,4414.0,5.0,1.0,2.0,3835618493.0,2025-07-17 22:34:53,ATARASHII GAKKO! & Mark Ramos Nishita,,,28,2.0
Atarashii Gakko!: World Tour Part II - CDMX 2024,Change,ATARASHII GAKKO!,Change - Single,ATARASHII GAKKO!,J-Pop,2024-07-19,191.28,158,191c1f,99.0;73.27559;54.177166;37.807087;28.84252;51.44882;33.519684;44.822834;23.385828;39.366142;35.85827;25.334646;31.96063;45.992126;31.570868;44.822834;45.2126;45.2126;47.55118;44.43307;46.771652;47.940945;24.944883;0.0;,f59b56,4b2a33,13852.0,Archivo de audio AAC,191263.0,2024.0,327.0,48000.0,100.0,100.0,4405.0,5.0,1.0,2.0,3825358389.0,2025-03-21 05:33:09,,,,25,-3.0
Babymetal,Megitsune,BABYMETAL,BABYMETAL,BABYMETAL,J-Rock,2014-06-19,247.67,142,b1c2a6,36.637794;99.0;29.622047;21.43701;14.811024;16.370079;32.740158;32.350395;32.350395;33.90945;40.925198;40.925198;33.12992;54.177166;47.55118;54.95669;76.00394;83.019684;94.7126;74.444885;72.1063;81.07086;40.925198;0.0;,f66758,aebbb2,4184.0,Archivo de audio MPEG,247693.0,2014.0,256.0,44100.0,100.0,100.0,16415.0,5.0,1.0,4.0,3837189366.0,2025-08-05 02:56:06,KITSUNE OF METAL GOD,,,1,3.0
Babymetal,Gimme Chocolate!!,BABYMETAL,BABYMETAL,BABYMETAL,J-Rock,2014-02-26,230.71,110,a51c9e,48.720474;69.37795;39.366142;24.555119;16.759842;17.149609;21.43701;22.216536;25.334646;24.165356;24.944883;32.740158;35.468506;52.61811;41.31496;42.484253;60.413383;84.578735;99.0;89.64567;86.91732;84.968506;53.397636;0.0;,fd6c75,8e8f8f,4186.0,Archivo de audio MPEG,230739.0,2014.0,256.0,44100.0,100.0,100.0,14791.0,5.0,1.0,3.0,3831475041.0,2025-05-30 23:37:21,TAKESHI UEDA,,,70,
Babymetal,Iine!,BABYMETAL,BABYMETAL,BABYMETAL,J-Rock,2014-03-07,248.24,160,07050d,65.480316;77.173225;48.330708;35.85827;22.996063;19.48819;25.334646;30.011812;38.19685;31.96063;34.688976;36.24803;40.535435;70.15748;58.074802;70.93701;99.0;91.59448;91.20473;81.46063;74.055115;86.91732;60.413383;0.0;,f45a5d,8e948d,4188.0,Archivo de audio MPEG,248267.0,2014.0,256.0,44100.0,100.0,100.0,17533.0,5.0,1.0,2.0,3825962508.0,2025-03-28 05:21:48,Mish-Mosh,,,99,-9.0
Babymetal,Headbangeeeeerrrrr!!!!!,BABYMETAL,BABYMETAL,BABYMETAL,J-Rock,2014-07-04,240.56,93,12091b,74.83464;81.07086;42.09449;30.79134;23.77559;30.79134;30.401575;37.027557;26.893702;42.874016;41.31496;48.720474;56.125984;69.767715;53.397636;56.125984;86.137794;99.0;80.291336;69.37795;61.582676;63.14173;35.468506;0.0;,eb534b,70736a,4204.0,Archivo de audio MPEG,240587.0,2014.0,256.0,44100.0,100.0,100.0,19040.0,5.0,1.0,2.0,3837353191.0,2025-08-07 00:26:31,Kitsune,,,18,1.0
Babymetal,"Ijime, Dame, Zettai",BABYMETAL,BABYMETAL,BABYMETAL,J-Rock,2014-01-09,365.24,160,6e4619,47.940945;99.0;50.669292;28.452757;17.149609;19.48819;16.370079;23.385828;17.929134;37.027557;25.334646;33.90945;34.688976;68.59843;56.515747;48.330708;74.444885;72.49606;57.295277;62.362206;42.09449;39.755905;17.929134;0.0;,da7226,b5c0c8,4206.0,Archivo de audio MPEG,365270.0,2014.0,256.0,44100.0,100.0,100.0,20604.0,5.0,1.0,3.0,3832242741.0,2025-06-08 20:52:21,"TSUBOMETAL, KxBxMETAL & TAKEMETAL",,,33,-23.0
Babymetal,Oh! MAJINAI,BABYMETAL feat. Joakim Broden,METAL GALAXY,BABYMETAL,J-Metal,2019-10-08,192.71,142,9a7284,64.70079;93.15354;61.192913;35.078743;36.637794;33.12992;44.04331;30.401575;26.503939;33.12992;46.771652;47.16142;69.37795;99.0;66.25984;55.73622;64.31102;70.15748;67.81889;59.244095;45.992126;43.65354;20.657482;0.0;,cc5125,3b3d30,4268.0,Archivo de audio MPEG,192731.0,2019.0,256.0,44100.0,100.0,100.0,16518.0,5.0,1.0,1.0,3827236675.0,2025-04-11 22:17:55,RYU-METAL,,,24,6.0
Babymetal,Brand New Day,BABYMETAL feat. Tim Henson & Scott Lepage,METAL GALAXY,BABYMETAL,J-Metal,2019-10-08,248.5,105,a31e90,70.93701;99.0;48.330708;48.720474;45.2126;39.755905;59.244095;93.93307;67.03937;73.27559;54.177166;58.854332;59.244095;77.173225;50.279526;53.7874;71.71654;76.78346;78.342514;65.480316;65.87008;74.055115;43.65354;0.0;,e03658,675147,4270.0,Archivo de audio MPEG,248528.0,2019.0,256.0,44100.0,100.0,100.0,11790.0,5.0,1.0,2.0,3820664030.0,2025-01-25 21:33:50,MEG,,,25,-1.0
Babymetal,Night Night Burn!,BABYMETAL,METAL GALAXY,BABYMETAL,J-Metal,2019-10-08,220.79,138,a76a5d,58.854332;79.51181;44.43307;31.96063;21.047245;21.047245;43.26378;63.14173;42.09449;38.97638;33.519684;49.889763;51.059055;72.1063;54.177166;60.413383;78.342514;99.0;82.24016;50.279526;42.874016;48.720474;30.401575;0.0;,d6413a,b99475,4272.0,Archivo de audio MPEG,220813.0,2019.0,256.0,44100.0,100.0,100.0,19597.0,5.0,1.0,2.0,3835040138.0,2025-07-11 05:55:38,"NORiMETAL, Hola-METAL",,,17,2.0
Babymetal,Distortion,BABYMETAL feat. Alissa White-Gluz,METAL GALAXY,BABYMETAL,J-Metal,2019-05-08,184.45,98,a71d9b,67.03937;92.76378;37.807087;33.90945;37.417324;33.519684;48.720474;41.31496;42.874016;44.04331;39.755905;47.16142;57.68504;74.444885;53.397636;72.885826;87.69685;99.0;81.85039;62.75197;54.177166;52.61811;29.622047;0.0;,dc493a,6a6859,4276.0,Archivo de audio MPEG,184476.0,2019.0,256.0,44100.0,100.0,100.0,17690.0,5.0,1.0,1.0,3823757016.0,2025-03-02 16:43:36,TAKEMETAL,,,21,3.0
Babymetal,PA PA YA!!,BABYMETAL feat. F.HERO,METAL GALAXY,BABYMETAL,J-Metal,2019-06-28,235.26,158,523518,54.56693;77.56299;42.09449;26.893702;31.96063;27.283466;38.19685;57.68504;43.26378;49.889763;30.011812;51.44882;58.464565;79.51181;59.633858;60.80315;84.968506;99.0;87.30708;61.192913;60.413383;65.09055;37.807087;0.0;,e03f4c,ab977e,4278.0,Archivo de audio MPEG,235284.0,2019.0,256.0,44100.0,100.0,100.0,22233.0,5.0,1.0,2.0,3831321516.0,2025-05-29 04:58:36,SIAMMETAL,,,29,1.0
Babymetal,Kagerou,BABYMETAL,METAL GALAXY,BABYMETAL,J-Metal,2019-10-08,210.78,98,09b699,62.362206;79.12205;40.535435;39.755905;25.724411;19.098427;38.586617;46.38189;35.85827;42.484253;39.755905;47.940945;59.244095;69.767715;57.295277;75.614174;99.0;84.18898;77.95276;54.177166;54.56693;63.921257;40.145668;0.0;,df4444,99937e,4280.0,Archivo de audio MPEG,210808.0,2019.0,256.0,44100.0,100.0,100.0,16313.0,5.0,1.0,5.0,3837426176.0,2025-08-07 20:42:56,"Yuyoyuppe, MK-METAL",,,30,1.0
Babymetal,Starlight,BABYMETAL,METAL GALAXY,BABYMETAL,J-Metal,2019-10-19,217.31,142,b38a71,64.70079;90.03543;44.43307;24.555119;27.283466;20.267717;33.90945;44.822834;42.09449;45.992126;41.31496;56.125984;74.83464;95.49213;54.95669;69.767715;90.03543;99.0;81.85039;57.68504;40.535435;42.09449;24.165356;0.0;,cd442e,a77c6b,4282.0,Archivo de audio MPEG,217338.0,2019.0,256.0,44100.0,100.0,100.0,15986.0,5.0,1.0,3.0,3835882571.0,2025-07-20 23:56:11,MEG,,,2,1.0
Babymetal,KARATE,BABYMETAL,Metal Resistance,BABYMETAL,J-Metal,2016-02-26,263.26,180,010303,51.059055;99.0;41.31496;21.047245;19.098427;15.980316;29.232285;25.724411;41.704723;40.535435;31.570868;40.145668;46.771652;55.34646;49.5;51.059055;83.019684;87.30708;83.79921;53.007874;40.925198;57.68504;35.078743;0.0;,e46436,898e88,4290.0,Archivo de audio MPEG,263288.0,2016.0,256.0,44100.0,100.0,100.0,16147.0,5.0,1.0,2.0,3828953891.0,2025-05-01 19:18:11,Yuyoyuppe,,,34,-2.0
Babymetal,YAVA!,BABYMETAL,Metal Resistance,BABYMETAL,J-Metal,2016-04-01,228.52,96,0b0713,31.181103;74.83464;31.96063;22.216536;19.877954;15.980316;22.216536;36.24803;47.55118;37.417324;37.417324;41.31496;52.61811;63.921257;53.007874;63.921257;97.44095;99.0;84.968506;66.25984;63.531494;78.342514;38.586617;0.0;,e94654,7c8079,4294.0,Archivo de audio MPEG,228545.0,2016.0,256.0,44100.0,100.0,100.0,17201.0,5.0,1.0,2.0,3835609980.0,2025-07-17 20:13:00,"NAKAMETAL, MK-METAL & KxBxMETAL",,,51,1.0
Babymetal,"No Rain, No Rainbow",BABYMETAL,Metal Resistance,BABYMETAL,J-Metal,2016-04-01,290.59,79,080d06,50.279526;99.0;88.08661;63.921257;41.31496;58.854332;83.79921;76.78346;93.93307;67.42913;63.14173;58.464565;62.362206;50.279526;32.740158;53.007874;58.074802;68.208664;44.822834;35.078743;34.688976;35.078743;23.77559;0.0;,3e362f,673a1c,4306.0,Archivo de audio MPEG,290612.0,2016.0,256.0,44100.0,100.0,100.0,9953.0,5.0,1.0,5.0,3837792220.0,2025-08-12 02:23:40,"YOSHIFU-METAL, MK-METAL & NAKAMETAL",,,20,1.0
Babymetal,METALI!!,BABYMETAL feat. Tom Morello,METALI!!- Single,BABYMETAL feat. Tom Morello,J-Metal,2023-08-17,208.69,100,40c319,63.921257;96.661415;54.56693;47.16142;42.484253;31.570868;40.535435;61.972443;46.771652;57.295277;47.940945;55.34646;52.61811;75.614174;58.854332;79.90157;99.0;87.30708;76.78346;75.22441;87.30708;95.88189;59.244095;0.0;,f04e5e,b39f81,4312.0,Archivo de audio MPEG,208718.0,2023.0,256.0,44100.0,100.0,100.0,12723.0,5.0,1.0,2.0,3825583354.0,2025-03-23 20:02:34,"METAL-NIKI, RYU-METAL, NORIMETAL & MEGMETAL",,,18,8.0
Babymetal,METAL KINGDOM,BABYMETAL,THE OTHER ONE,BABYMETAL,J-Metal,2023-01-21,351.45,135,848486,99.0;92.374016;52.61811;51.83858;47.55118;61.972443;63.531494;77.173225;48.330708;52.61811;45.602364;52.61811;54.95669;89.255905;54.95669;76.3937;92.76378;81.07086;74.83464;70.93701;54.95669;55.34646;28.062992;0.0;,d53b3e,6f4945,4314.0,Archivo de audio MPEG,351477.0,2023.0,256.0,44100.0,100.0,100.0,12281.0,5.0,1.0,3.0,3835089893.0,2025-07-11 19:44:53,KITSUNE of METAL GOD,,,17,2.0
Babymetal,MAYA,BABYMETAL,THE OTHER ONE,BABYMETAL,J-Metal,2023-03-24,203.49,128,996960,99.0;71.32677;48.720474;45.602364;36.637794;35.078743;46.771652;57.68504;42.09449;44.43307;37.807087;39.755905;49.5;60.413383;36.24803;52.228348;70.15748;80.6811;83.019684;74.83464;71.71654;75.22441;43.26378;0.0;,fa5d76,d0e481,4320.0,Archivo de audio MPEG,203520.0,2023.0,256.0,44100.0,100.0,100.0,9452.0,5.0,1.0,1.0,3820349953.0,2025-01-22 06:19:13,MAYAMETAL,,,19,-1.0
Babymetal,Time Wave,BABYMETAL,THE OTHER ONE,BABYMETAL,J-Metal,2023-03-24,290.19,140,a686a0,99.0;69.37795;31.570868;35.85827;26.114174;19.877954;34.688976;45.2126;34.688976;27.283466;27.283466;35.85827;29.622047;29.622047;34.299213;26.893702;30.011812;38.19685;24.165356;15.980316;19.098427;24.944883;17.149609;0.0;,b3ba1b,140d18,4322.0,Archivo de audio MPEG,290220.0,2023.0,256.0,44100.0,100.0,100.0,8905.0,5.0,1.0,2.0,3827246432.0,2025-04-12 01:00:32,MK-METAL,,,20,1.0
Babymetal,METALIZM,BABYMETAL,THE OTHER ONE,BABYMETAL,J-Metal,2023-03-24,214.13,107,a52776,99.0;73.66535;53.7874;49.889763;35.85827;30.011812;54.95669;30.401575;31.96063;31.570868;33.12992;35.468506;40.145668;44.43307;32.740158;40.925198;46.38189;53.397636;49.889763;47.55118;47.940945;62.362206;40.145668;0.0;,fc9670,2d3033,4326.0,Archivo de audio MPEG,214151.0,2023.0,256.0,44100.0,100.0,100.0,4198.0,5.0,1.0,5.0,3835165618.0,2025-07-12 16:46:58,Metalian,,,18,1.0
Babymetal,Light and Darkness,BABYMETAL,THE OTHER ONE,BABYMETAL,J-Metal,2023-02-24,244.35,128,86868a,74.055115;80.291336;44.822834;49.110237;31.570868;33.12992;64.70079;45.602364;42.874016;31.570868;29.622047;61.582676;53.397636;70.54724;42.874016;55.73622;99.0;99.0;48.330708;44.43307;43.26378;53.007874;34.688976;0.0;,d13d38,54493d,4330.0,Archivo de audio MPEG,244375.0,2023.0,256.0,44100.0,100.0,100.0,13585.0,5.0,1.0,2.0,3831451108.0,2025-05-30 16:58:28,"MK-METAL, TAKEMETAL & tatsuoMETAL",,,19,1.0
Babymetal,RATATATA,BABYMETAL & Electric Callboy,RATATATA - Single,BABYMETAL & Electric Callboy,J-Metal,2024-05-23,216.53,140,c2d29f,98.220474;99.0;53.7874;48.330708;54.56693;33.519684;46.771652;63.14173;44.43307;42.09449;45.602364;54.95669;58.074802;74.444885;44.43307;59.633858;72.885826;71.32677;87.30708;90.42519;81.07086;79.90157;46.771652;0.0;,fa6865,ad987e,4334.0,Archivo de audio MPEG,216555.0,2024.0,256.0,44100.0,100.0,100.0,4993.0,5.0,1.0,1.0,3833444012.0,2025-06-22 18:33:32,"NORIMETAL, Kevin Ratajczak, Nico Sallach, Pascal Schillo & Daniel Haniß",,,24,-3.0
Babymetal,Leave It All Behind,"F.HERO, Bodyslam & BABYMETAL",Leave It All Behind - Single,"F.HERO, Bodyslam & BABYMETAL",Rock,2024-03-14,247.59,142,7a6574,62.362206;99.0;72.1063;35.078743;33.519684;42.874016;34.299213;47.940945;44.43307;54.177166;56.125984;47.940945;56.125984;85.35826;67.03937;74.444885;71.32677;70.15748;74.444885;77.95276;69.37795;72.49606;39.755905;0.0;,e65342,7b6b5e,5412.0,Archivo de audio MPEG,247614.0,2024.0,256.0,44100.0,100.0,100.0,12312.0,5.0,1.0,2.0,3826302657.0,2025-04-01 03:50:57,"Thitiwat Rongthong, Nattawut Srimhok & SIAMMETAL",,,21,3.0
Babymetal,Kingslayer,Bring Me The Horizon feat. BABYMETAL,POST HUMAN- SURVIVAL HORROR,Bring Me The Horizon,Hard rock,2020-10-30,220.12,93,051016,60.80315;60.02362;42.484253;28.84252;35.85827;35.078743;38.97638;55.34646;42.484253;45.992126;45.602364;54.56693;58.074802;79.51181;52.61811;68.59843;61.972443;62.362206;74.83464;72.885826;83.40945;99.0;60.80315;0.0;,ef4181,aaa88c,13822.0,Archivo de audio AAC,220102.0,2020.0,323.0,48000.0,100.0,100.0,12115.0,5.0,1.0,4.0,3826127503.0,2025-03-30 03:11:43,"Oliver Sykes, Jordan Fish & MK-METAL",,,70,1.0
Babymetal,Bekhauf,Bloodywood feat. BABYMETAL,Bekhauf - Single,Bloodywood feat. BABYMETAL,Metal,2024-12-06,228.44,180,04040b,93.93307;83.79921;71.71654;53.007874;49.110237;40.925198;54.177166;65.09055;67.81889;75.22441;83.40945;99.0;83.79921;86.91732;60.02362;72.1063;86.137794;91.98425;88.47638;83.019684;83.79921;85.35826;58.074802;0.0;,dc2d61,7c5c54,13836.0,Archivo de audio AAC,228415.0,2024.0,320.0,48000.0,100.0,100.0,10353.0,5.0,1.0,3.0,3821793100.0,2025-02-07 23:11:40,,,,18,-12.0
Babymetal,BxMxC,BABYMETAL,BxMxC - Single,BABYMETAL,J-Metal,2020-10-09,183.11,150,84293d,75.22441;86.137794;43.65354;21.047245;23.77559;42.09449;22.6063;65.87008;28.452757;35.468506;33.12992;39.366142;43.26378;65.480316;51.83858;55.73622;71.32677;74.83464;76.3937;82.62992;82.24016;99.0;68.208664;0.0;,fd6b73,959c95,13838.0,Archivo de audio AAC,183089.0,2020.0,324.0,48000.0,100.0,100.0,8659.0,5.0,1.0,3.0,3835794196.0,2025-07-19 23:23:16,"MEGMETAL, METAL CYPHER",,,100,-23.0
Babymetal,from me to u,BABYMETAL & Poppy,from me to u - Single,BABYMETAL & Poppy,J-Rock,2025-04-04,204.61,100,a21f85,99.0;78.732285;62.75197;51.44882;47.940945;33.519684;50.279526;50.669292;56.125984;51.44882;44.822834;60.02362;53.007874;78.732285;54.56693;59.633858;76.78346;74.055115;83.40945;68.98819;69.37795;87.69685;65.09055;0.0;,f4506b,777364,23950.0,Archivo de audio AAC,204591.0,2025.0,321.0,48000.0,100.0,100.0,10908.0,5.0,1.0,3.0,3834501933.0,2025-07-05 00:25:33,"MK-METAL, Jordan Fish & Moriah Rose Pereira",,,17,3.0
Bad Omens,EVEN,Bad Omens,CONCRETE JUNGLE [THE OST],Bad Omens,Metal,2024-05-31,178.34,96,6f3430,99.0;51.44882;56.515747;61.582676;80.291336;53.007874;46.38189;47.940945;38.586617;34.688976;29.232285;32.350395;42.09449;52.61811;31.96063;49.5;51.44882;48.720474;45.992126;55.34646;85.35826;82.24016;60.80315;0.0;,e171d0,51f159,4362.0,Archivo de audio MPEG,178364.0,2024.0,256.0,44100.0,100.0,100.0,1274.0,5.0,1.0,4.0,3833531184.0,2025-06-23 18:46:24,Noah Sebastian,,,32,
Bad Omens,Kingdom Of Cards,Bad Omens,Finding God Before God Finds Me (Deluxe),Bad Omens,Metal,2020-08-02,261.69,105,c0b330,42.484253;99.0;74.444885;45.602364;46.771652;35.85827;44.04331;28.452757;19.098427;35.468506;37.807087;27.283466;39.755905;36.24803;28.84252;29.622047;32.740158;35.078743;37.027557;43.26378;47.16142;43.65354;22.6063;0.0;,a5df34,3915bd,4386.0,Archivo de audio MPEG,261720.0,2020.0,256.0,44100.0,100.0,100.0,6342.0,5.0,1.0,4.0,3837423963.0,2025-08-07 20:06:03,Bad Omens,,,10,
Bad Omens,Careful What You Wish For,Bad Omens,Finding God Before God Finds Me (Deluxe),Bad Omens,Metal,2020-09-19,272.9,73,717272,77.95276;75.22441;57.295277;41.31496;47.55118;35.468506;53.397636;57.295277;49.889763;45.2126;55.34646;65.09055;68.208664;81.85039;56.125984;60.80315;79.90157;69.37795;66.649605;81.46063;99.0;71.32677;43.26378;0.0;,eb3e69,8f7165,4390.0,Archivo de audio MPEG,272927.0,2020.0,256.0,44100.0,100.0,100.0,11066.0,5.0,1.0,4.0,3837588495.0,2025-08-09 17:48:15,Joakim Karlsson & Noah Sebastian,,,14,1.0
Bad Omens,Said & Done,Bad Omens,Finding God Before God Finds Me (Deluxe),Bad Omens,Metal,2020-08-02,204.96,135,5a5a5f,59.244095;99.0;65.09055;33.90945;54.177166;57.295277;45.2126;46.771652;56.515747;37.417324;40.535435;44.822834;39.755905;47.16142;34.688976;46.771652;48.330708;66.649605;52.61811;75.22441;83.019684;84.18898;32.740158;0.0;,ff8885,8d786a,4400.0,Archivo de audio MPEG,204982.0,2020.0,256.0,44100.0,100.0,100.0,11081.0,5.0,1.0,2.0,3835095669.0,2025-07-11 21:21:09,Bad Omens,,,16,
Bad Omens,Burning Out,Bad Omens,Finding God Before God Finds Me (Deluxe),Bad Omens,Metal,2020-08-02,265.48,168,010202,68.59843;99.0;83.40945;38.19685;56.515747;47.940945;63.531494;53.397636;43.26378;47.55118;51.44882;58.074802;49.889763;55.73622;40.925198;54.177166;49.110237;54.177166;58.074802;68.208664;68.59843;64.31102;32.350395;0.0;,f4744c,683c39,4402.0,Archivo de audio MPEG,265508.0,2020.0,256.0,44100.0,100.0,100.0,11418.0,5.0,1.0,1.0,3833048614.0,2025-06-18 04:43:34,Bad Omens,,,23,1.0
Bad Omens,Never Know,Bad Omens,Finding God Before God Finds Me (Deluxe),Bad Omens,Metal,2020-12-17,213.94,152,110b14,59.244095;85.74803;45.602364;32.740158;40.535435;24.555119;42.484253;53.7874;56.90551;37.417324;32.350395;55.34646;50.669292;75.22441;44.04331;61.582676;63.531494;99.0;76.00394;62.75197;53.397636;52.228348;25.334646;0.0;,de473f,525042,4406.0,Archivo de audio MPEG,213968.0,2020.0,256.0,44100.0,100.0,100.0,10136.0,5.0,1.0,2.0,3823191072.0,2025-02-24 03:31:12,Bad Omens,,,33,-23.0
Bad Omens,Come Undone,Bad Omens,Finding God Before God Finds Me (Deluxe),Bad Omens,Metal,2020-01-17,261.49,87,050a04,99.0;92.76378;64.31102;53.007874;44.04331;41.704723;32.740158;30.401575;30.79134;36.24803;36.24803;42.874016;45.602364;60.413383;47.16142;58.074802;47.55118;55.34646;70.54724;91.98425;84.578735;87.30708;52.228348;0.0;,fe907b,b6ceaa,4410.0,Archivo de audio MPEG,261511.0,2020.0,256.0,44100.0,100.0,100.0,6922.0,5.0,1.0,2.0,3826287336.0,2025-03-31 23:35:36,Bad Omens,,,22,-1.0
Bad Omens,CONCRETE JUNGLE,Bad Omens,THE DEATH OF PEACE OF MIND,Bad Omens,Metal,2022-02-25,220.6,92,1b290a,99.0;62.362206;48.720474;34.688976;24.555119;29.232285;34.688976;31.96063;24.944883;26.893702;31.181103;31.570868;31.96063;26.893702;23.385828;30.011812;31.96063;36.24803;32.350395;33.90945;37.807087;47.940945;31.181103;0.0;,ebc477,8c343e,4426.0,Archivo de audio MPEG,220630.0,2022.0,256.0,44100.0,100.0,100.0,5660.0,5.0,1.0,3.0,3831022855.0,2025-05-25 18:00:55,Joakim Karlsson & Noah Sebastian,,,17,1.0
Bad Omens,Nowhere To Go,Bad Omens,THE DEATH OF PEACE OF MIND,Bad Omens,Metal,2022-02-25,246.86,87,030804,98.220474;93.15354;88.866135;59.633858;53.397636;73.66535;63.531494;53.7874;38.97638;55.73622;57.68504;54.56693;57.295277;66.25984;51.059055;62.75197;67.81889;76.78346;94.32283;99.0;91.98425;99.0;62.362206;0.0;,fd6989,a98571,4428.0,Archivo de audio MPEG,246883.0,2022.0,256.0,44100.0,100.0,100.0,9795.0,5.0,1.0,1.0,3831406246.0,2025-05-30 04:30:46,Joakim Karlsson & Noah Sebastian,,,21,2.0
Bad Omens,Take Me First,Bad Omens,THE DEATH OF PEACE OF MIND,Bad Omens,Metal,2022-12-10,199.78,82,030704,54.177166;99.0;90.42519;40.535435;37.027557;26.114174;45.992126;35.078743;31.570868;28.062992;28.84252;33.12992;30.011812;31.181103;21.43701;27.67323;26.503939;33.519684;34.688976;39.366142;39.755905;49.110237;30.401575;0.0;,99f350,6e1453,4430.0,Archivo de audio MPEG,199810.0,2022.0,256.0,44100.0,100.0,100.0,8289.0,5.0,1.0,4.0,3828987892.0,2025-05-02 04:44:52,"Erik Ron, Joakim Karlsson & Noah Sebastian",,,20,
Bad Omens,THE DEATH OF PEACE OF MIND,Bad Omens,THE DEATH OF PEACE OF MIND,Bad Omens,Metal,2022-11-10,241.61,78,030407,99.0;53.397636;82.24016;46.38189;30.79134;38.19685;39.366142;41.704723;35.468506;33.12992;40.925198;49.889763;48.720474;44.822834;29.232285;35.078743;34.688976;38.586617;35.468506;36.637794;39.366142;52.61811;35.468506;0.0;,fc9a82,03090b,4432.0,Archivo de audio MPEG,241632.0,2022.0,256.0,44100.0,100.0,100.0,6166.0,5.0,1.0,2.0,3831811146.0,2025-06-03 20:59:06,Noah Sebastian & Joakim Karlsson,,,15,-1.0
Bad Omens,What It Cost,Bad Omens,THE DEATH OF PEACE OF MIND,Bad Omens,Metal,2022-02-25,103.84,155,09060f,99.0;97.05118;88.08661;39.755905;28.062992;30.79134;33.12992;33.519684;26.893702;22.996063;21.43701;25.724411;28.452757;30.401575;22.216536;32.740158;35.85827;48.330708;58.854332;68.208664;63.14173;70.54724;39.755905;0.0;,e2d17a,644f5c,4434.0,Archivo de audio MPEG,103862.0,2022.0,256.0,44100.0,100.0,100.0,3769.0,5.0,1.0,1.0,3825790433.0,2025-03-26 05:33:53,Joakim Karlsson & Noah Sebastian,,,21,2.0
Bad Omens,Like A Villain,Bad Omens,THE DEATH OF PEACE OF MIND,Bad Omens,Metal,2022-01-19,210.78,78,010303,95.88189;99.0;63.14173;58.074802;34.688976;39.366142;60.80315;42.874016;48.330708;54.177166;48.330708;58.074802;61.582676;63.531494;44.04331;67.81889;62.75197;74.444885;83.019684;76.3937;72.1063;80.6811;50.669292;0.0;,f96860,90786a,4436.0,Archivo de audio MPEG,210808.0,2022.0,256.0,44100.0,100.0,100.0,7661.0,5.0,1.0,1.0,3828884370.0,2025-04-30 23:59:30,Noah Sebastian & Joakim Karlsson,,,18,3.0
Bad Omens,bad decisions,Bad Omens,THE DEATH OF PEACE OF MIND,Bad Omens,Metal,2022-02-25,261.46,90,754a46,42.874016;99.0;40.925198;32.350395;24.555119;24.165356;16.759842;21.43701;17.539371;23.77559;17.929134;18.3189;14.811024;14.811024;16.370079;15.980316;20.267717;28.84252;25.724411;23.385828;29.232285;35.85827;19.48819;0.0;,a7ec49,b524af,4438.0,Archivo de audio MPEG,261485.0,2022.0,256.0,44100.0,100.0,100.0,3142.0,5.0,1.0,2.0,3833809757.0,2025-06-27 00:09:17,Joakim Karlsson & Noah Sebastian,,,22,-2.0
Bad Omens,Just Pretend,Bad Omens,THE DEATH OF PEACE OF MIND,Bad Omens,Metal,2022-02-25,204.77,140,a76b5e,99.0;67.81889;51.44882;38.586617;39.755905;33.90945;49.5;50.669292;34.299213;36.637794;49.5;49.110237;64.31102;52.228348;35.85827;45.602364;43.65354;48.330708;53.7874;46.38189;51.83858;54.95669;38.97638;0.0;,f55861,cadb4c,4440.0,Archivo de audio MPEG,204800.0,2022.0,256.0,44100.0,100.0,100.0,7408.0,5.0,1.0,5.0,3835694285.0,2025-07-18 19:38:05,Joakim Karlsson & Noah Sebastian,,,16,2.0
Bad Omens,The Grey,Bad Omens,THE DEATH OF PEACE OF MIND,Bad Omens,Metal,2022-02-16,246.41,95,713837,42.09449;47.940945;99.0;50.669292;56.515747;82.24016;94.7126;70.15748;60.413383;56.515747;61.192913;58.074802;72.885826;51.44882;34.299213;38.586617;32.740158;44.04331;44.43307;42.874016;44.43307;79.12205;46.38189;0.0;,4d27cc,b3ae23,4442.0,Archivo de audio MPEG,246439.0,2022.0,256.0,44100.0,100.0,100.0,8984.0,5.0,1.0,2.0,3835611925.0,2025-07-17 20:45:25,Noah Sebastian & Joakim Karlsson,,,14,1.0
Bad Omens,Who are you ,Bad Omens,THE DEATH OF PEACE OF MIND,Bad Omens,Metal,2022-02-25,217.44,90,673936,76.3937;99.0;84.578735;40.925198;28.84252;19.48819;31.96063;24.165356;23.385828;15.590553;21.047245;31.96063;24.944883;25.724411;17.539371;31.570868;32.350395;46.771652;51.83858;65.09055;56.90551;62.75197;36.24803;0.0;,dbd66c,ab46de,4444.0,Archivo de audio MPEG,217469.0,2022.0,256.0,44100.0,100.0,100.0,3081.0,5.0,1.0,3.0,3834412656.0,2025-07-03 23:37:36,"Michael Taylor, Joakim Karlsson & Noah Sebastian",,,25,-1.0
Bad Omens,Somebody else.,Bad Omens,THE DEATH OF PEACE OF MIND,Bad Omens,Metal,2022-02-25,236.83,90,060b05,99.0;89.255905;73.27559;81.85039;37.417324;42.484253;68.59843;45.992126;26.114174;25.334646;26.893702;25.334646;21.826773;23.77559;16.370079;24.165356;26.503939;30.011812;31.181103;37.027557;43.26378;48.720474;26.114174;0.0;,7cfc99,520a7d,4446.0,Archivo de audio MPEG,236852.0,2022.0,256.0,44100.0,100.0,100.0,3807.0,5.0,1.0,5.0,3837340215.0,2025-08-06 20:50:15,Joakim Karlsson & Noah Sebastian,,,27,1.0
Bad Omens,IDWT$,Bad Omens,THE DEATH OF PEACE OF MIND,Bad Omens,Metal,2022-02-25,203.05,110,0f93c2,69.37795;99.0;54.56693;58.464565;58.464565;40.145668;60.02362;58.854332;47.16142;33.90945;51.83858;56.125984;57.68504;58.854332;43.65354;56.90551;55.73622;62.75197;72.49606;74.055115;73.27559;82.62992;57.68504;0.0;,fb6371,9f8070,4448.0,Archivo de audio MPEG,203075.0,2022.0,256.0,44100.0,100.0,100.0,7950.0,5.0,1.0,4.0,3832742816.0,2025-06-14 15:46:56,Joakim Karlsson & Noah Sebastian,,,19,2.0
Bad Omens,Miracle,Bad Omens,THE DEATH OF PEACE OF MIND,Bad Omens,Metal,2022-02-25,225.1,120,382432,99.0;83.40945;38.586617;25.334646;19.877954;16.370079;17.929134;15.980316;14.031498;14.031498;15.20079;16.370079;14.811024;15.980316;12.08268;12.472443;9.354332;14.421261;14.031498;14.811024;15.590553;14.811024;10.523624;0.0;,92f44f,4c222e,4454.0,Archivo de audio MPEG,225123.0,2022.0,256.0,44100.0,100.0,100.0,3975.0,5.0,1.0,5.0,3837350780.0,2025-08-06 23:46:20,Joakim Karlsson & Noah Sebastian,,,23,1.0
Bad Omens,ANYTHING   HUMAN,Bad Omens & ERRA,CONCRETE JUNGLE [THE OST],Bad Omens,Metal,2024-05-31,235.18,173,000000,93.543304;99.0;53.7874;50.669292;39.366142;37.027557;52.61811;37.807087;36.637794;41.31496;55.34646;60.02362;60.80315;71.71654;47.940945;59.633858;61.972443;63.14173;76.3937;71.32677;64.70079;60.80315;35.078743;0.0;,ee6645,756256,4460.0,Archivo de audio MPEG,235206.0,2024.0,256.0,44100.0,100.0,100.0,10889.0,5.0,1.0,4.0,3837252082.0,2025-08-05 20:21:22,"Noah Sebastian, Joakim Karlsson, Michael Taylor, Jesse Cash & Dan Braunstein",,,17,-2.0
Bad Omens,NERVOUS SYSTEM,Bad Omens & iRis.EXE,CONCRETE JUNGLE [THE OST],Bad Omens,Metal,2024-05-31,200.7,130,867d8a,92.374016;58.854332;51.44882;30.401575;30.401575;33.519684;24.165356;25.724411;20.657482;24.944883;22.996063;32.350395;36.24803;38.586617;26.503939;38.586617;48.720474;53.007874;66.649605;70.54724;80.6811;99.0;60.02362;0.0;,fb8c9e,9d98a5,4462.0,Archivo de audio MPEG,200724.0,2024.0,256.0,44100.0,100.0,100.0,5503.0,5.0,1.0,2.0,3820174951.0,2025-01-20 05:42:31,Noah Sebastian,,,26,
Bad Omens,V.A.N,Bad Omens & Poppy,CONCRETE JUNGLE [THE OST],Bad Omens,Metal,2024-01-24,274.21,102,4b18bf,99.0;80.291336;59.244095;30.401575;22.996063;28.452757;24.165356;23.385828;19.098427;23.77559;24.165356;28.452757;30.401575;42.484253;26.114174;36.637794;42.874016;40.925198;47.940945;41.31496;37.417324;39.366142;24.944883;0.0;,deb940,623f46,4464.0,Archivo de audio MPEG,274233.0,2024.0,256.0,44100.0,100.0,100.0,6827.0,5.0,1.0,1.0,3833312155.0,2025-06-21 05:55:55,"Noah Sebastian, Joakim Karlsson & Michael Taylor",,,23,1.0
Bad Omens,THE DRAIN,"Bad Omens, HEALTH & Swarm",CONCRETE JUNGLE [THE OST],Bad Omens,Metal,2024-04-17,225.8,100,1318c0,99.0;69.37795;35.078743;33.90945;23.77559;26.893702;25.724411;24.555119;21.047245;24.944883;24.555119;33.12992;37.027557;35.468506;28.452757;37.807087;35.468506;38.586617;42.874016;36.637794;37.027557;37.417324;23.77559;0.0;,eca649,653f45,4478.0,Archivo de audio MPEG,225828.0,2024.0,256.0,44100.0,100.0,100.0,6546.0,5.0,1.0,3.0,3835860126.0,2025-07-20 17:42:06,"Noah Sebastian, Joakim Karlsson, Michael Taylor, John Famiglietti, Jake Duszik, Brandon Caroll & Ajay Battacharyya",,,24,1.0
Bad Omens,Novocaine,Too Close To Touch & Bad Omens,For Keeps,Too Close To Touch,Rock,2024-03-05,295.87,145,919691,95.88189;99.0;76.3937;54.177166;45.602364;45.992126;58.854332;60.02362;54.95669;45.992126;48.330708;53.7874;61.582676;74.055115;52.228348;57.295277;69.37795;67.03937;73.66535;66.649605;52.61811;61.582676;40.145668;0.0;,e25c37,7f4947,11124.0,Archivo de audio AAC,295845.0,2024.0,319.0,48000.0,100.0,100.0,9244.0,5.0,1.0,2.0,3835607122.0,2025-07-17 19:25:22,"Kenneth Downey, Mason Marble, Charles Kallaghan & Noah Sebastian",,,15,2.0
Bad Omens,Glass Houses,Bad Omens,Glass Houses - Single,Bad Omens,Metal,2016-01-29,240.97,115,9524c3,98.61023;92.76378;40.535435;42.484253;44.04331;37.027557;74.444885;65.87008;66.649605;85.74803;85.35826;54.56693;65.87008;75.22441;66.25984;90.42519;94.7126;91.98425;99.0;95.49213;84.578735;77.95276;39.366142;0.0;,e53a5e,826a5e,13804.0,Archivo de audio AAC,240953.0,2016.0,317.0,48000.0,100.0,100.0,12409.0,5.0,1.0,3.0,3837789962.0,2025-08-12 01:46:02,Bad Omens,,,99,-23.0
Bad Omens,Limits,Bad Omens,Limits - Single,Bad Omens,Metal,2020-01-17,207.93,103,8816a7,57.68504;99.0;50.669292;33.519684;36.24803;31.181103;42.484253;51.059055;35.468506;50.279526;54.177166;59.633858;75.614174;94.7126;58.074802;73.66535;75.22441;99.0;75.22441;66.25984;68.59843;66.649605;32.350395;0.0;,dc453e,786b5d,13806.0,Archivo de audio AAC,207911.0,2020.0,321.0,48000.0,100.0,100.0,9255.0,5.0,1.0,1.0,3832583589.0,2025-06-12 19:33:09,Erik Ron & Noah Sebastian,,,45,1.0
Belanova,Niño,Belanova,Dulce Beat,Belanova,Músicas del mundo,2005-01-01,211.38,75,5e4049,83.019684;99.0;35.85827;48.330708;26.893702;12.472443;37.417324;39.366142;82.62992;46.771652;38.19685;41.31496;46.771652;51.83858;39.366142;41.31496;61.582676;61.192913;61.192913;66.25984;68.98819;69.37795;37.027557;0.0;,fa7a5d,282e29,4508.0,Archivo de audio MPEG,211408.0,2005.0,256.0,44100.0,100.0,100.0,4784.0,5.0,1.0,4.0,3837338302.0,2025-08-06 20:18:22,"Cachorro López/Denisse Guerrero/Huerta, Edgar A./Ricardo Arreola",,,92,2.0
Belanova,Rosa Pastel,Belanova,Dulce Beat,Belanova,Músicas del mundo,2005-01-01,186.02,128,2e2e35,58.464565;99.0;50.279526;35.078743;18.3189;22.6063;21.43701;26.893702;25.334646;37.807087;23.385828;19.48819;26.503939;30.79134;22.6063;28.062992;41.31496;48.330708;44.822834;49.110237;55.73622;68.208664;46.38189;0.0;,ecbc65,765159,4510.0,Archivo de audio MPEG,186044.0,2005.0,256.0,44100.0,100.0,100.0,2770.0,5.0,1.0,3.0,3831996531.0,2025-06-06 00:28:51,"Cachorro López/Denisse Guerrero/Huerta, Edgar A./Ricardo Arreola",,,60,-1.0
Belanova,Miedo,Belanova,Dulce Beat,Belanova,Músicas del mundo,2005-01-01,216.14,150,684c58,79.90157;99.0;30.011812;47.16142;25.334646;15.590553;43.65354;46.38189;37.807087;43.65354;38.586617;31.570868;42.874016;60.80315;46.38189;49.5;53.7874;50.279526;52.228348;49.5;48.330708;55.34646;32.740158;0.0;,eb7c3b,191f1d,4516.0,Archivo de audio MPEG,216163.0,2005.0,256.0,44100.0,100.0,100.0,4494.0,5.0,1.0,1.0,3823773059.0,2025-03-02 21:10:59,"Cachorro López/Denisse Guerrero/Huerta, Edgar A./Ricardo Arreola",,,38,-1.0
Belanova,Por Ti,Belanova,Dulce Beat,Belanova,Músicas del mundo,2005-01-01,216.42,138,825e6a,99.0;85.35826;60.80315;32.740158;39.366142;25.334646;17.539371;41.704723;50.669292;51.059055;37.027557;28.062992;37.417324;37.417324;27.283466;37.027557;51.83858;47.940945;54.56693;54.177166;60.02362;79.90157;58.464565;0.0;,f9a77e,2f3234,4520.0,Archivo de audio MPEG,216450.0,2005.0,256.0,44100.0,100.0,100.0,4228.0,5.0,1.0,2.0,3831367873.0,2025-05-29 17:51:13,"Cachorro López/Denisse Guerrero/Huerta, Edgar A./Ricardo Arreola",,,96,13.0
Belanova,Me Pregunto,Belanova,Dulce Beat,Belanova,Músicas del mundo,2005-01-01,187.66,125,865e69,98.220474;99.0;65.87008;33.12992;19.877954;33.90945;20.267717;32.740158;28.84252;48.330708;21.047245;31.96063;29.232285;31.570868;23.385828;30.79134;43.26378;49.110237;54.56693;65.480316;59.633858;65.480316;45.2126;0.0;,ebc16b,3a353f,4524.0,Archivo de audio MPEG,187689.0,2005.0,256.0,44100.0,100.0,100.0,2988.0,5.0,1.0,1.0,3820149292.0,2025-01-19 22:34:52,"Cachorro López/Denisse Guerrero/Huerta, Edgar A./Ricardo Arreola",,,85,5.0
Belanova,Baila Mi Corazón,Belanova,Fantasía Pop,Belanova,Pop en español,2007-01-01,215.77,132,826473,58.464565;99.0;61.972443;60.80315;22.6063;21.047245;28.452757;27.67323;30.79134;51.44882;29.232285;23.77559;22.216536;33.90945;20.267717;28.062992;41.31496;40.145668;49.889763;52.228348;55.34646;57.295277;38.97638;0.0;,dfce60,221b26,4530.0,Archivo de audio MPEG,215797.0,2007.0,256.0,44100.0,100.0,100.0,6012.0,5.0,1.0,5.0,3835036008.0,2025-07-11 04:46:48,"Denisse Guerrero, Edgar Huerta & Ricardo Arreola",,,41,-2.0
Belanova,"One, Two, Three, GO!",Belanova,Fantasía Pop,Belanova,Pop en español,2007-01-01,164.6,75,453340,61.972443;99.0;39.755905;20.267717;25.724411;28.84252;21.047245;27.67323;69.767715;47.55118;27.283466;26.503939;53.007874;63.14173;49.110237;60.02362;67.42913;53.7874;52.61811;41.704723;42.09449;52.228348;29.622047;0.0;,db6a29,1c221e,4532.0,Archivo de audio MPEG,164623.0,2007.0,256.0,44100.0,100.0,100.0,11998.0,5.0,1.0,2.0,3835374586.0,2025-07-15 02:49:46,"Denisse Guerrero, Edgar Huerta & Ricardo Arreola",,,70,-1.0
Belanova,Paso el Tiempo,Belanova,Fantasía Pop,Belanova,Pop en español,2007-01-01,207.18,139,8b6e7f,93.543304;99.0;49.889763;47.55118;29.622047;16.370079;40.145668;35.85827;74.055115;46.38189;34.688976;32.350395;47.55118;60.413383;53.7874;52.228348;90.03543;83.40945;65.87008;42.874016;63.921257;74.444885;45.992126;0.0;,f16f49,3e433b,4538.0,Archivo de audio MPEG,207203.0,2007.0,256.0,44100.0,100.0,100.0,8672.0,5.0,1.0,1.0,3832861447.0,2025-06-16 00:44:07,C. López/D. Guerrero/E. Huerta/R. Arreola,,,70,49.0
Belanova,Cada Que...,Belanova,Fantasía Pop,Belanova,Pop en español,2007-01-01,223.74,135,896775,58.464565;99.0;34.299213;27.67323;27.283466;24.944883;15.590553;43.65354;30.79134;31.181103;20.267717;42.09449;35.078743;55.34646;54.95669;60.413383;60.02362;67.81889;62.75197;54.56693;68.98819;92.374016;47.16142;0.0;,fb7b5f,4f5152,4542.0,Archivo de audio MPEG,223764.0,2007.0,256.0,44100.0,100.0,100.0,8557.0,5.0,1.0,3.0,3837438439.0,2025-08-08 00:07:19,D. Guerrero/E. Huerta/R. Arreola,,,100,14.0
Belanova,Bye Bye,Belanova,Fantasía Pop,Belanova,Pop en español,2007-01-01,144.14,84,08060e,90.81496;99.0;48.330708;39.755905;34.688976;33.12992;40.535435;45.2126;58.464565;57.68504;53.397636;49.5;60.413383;90.42519;61.582676;68.208664;87.30708;87.69685;79.12205;73.27559;72.1063;80.291336;47.55118;0.0;,ec544e,6a6557,4546.0,Archivo de audio MPEG,144169.0,2007.0,256.0,44100.0,100.0,100.0,11190.0,5.0,1.0,2.0,3837339770.0,2025-08-06 20:42:50,C. López/D. Guerrero/E. Huerta/R. Arreola,,,30,1.0
Belanova,Chica Robot,Belanova,Sueño Electro I,Belanova,Pop en español,2010-01-01,203.68,140,8e6b7b,81.85039;99.0;55.34646;57.295277;45.602364;43.26378;44.04331;54.177166;40.925198;52.228348;44.04331;30.79134;50.279526;53.007874;33.90945;40.535435;56.90551;63.531494;71.32677;65.480316;86.52756;91.98425;45.602364;0.0;,fe8b8b,40463f,4554.0,Archivo de audio MPEG,203702.0,2010.0,256.0,44100.0,100.0,100.0,5512.0,5.0,1.0,3.0,3827491668.0,2025-04-14 21:07:48,Denisse Guerrero,,,33,-5.0
Belanova,No Me Voy a Morir,Belanova,Sueño Electro I,Belanova,Pop en español,2010-01-01,243.1,144,6d4b54,67.81889;98.220474;56.515747;53.7874;56.90551;30.011812;30.011812;46.38189;99.0;58.854332;40.145668;36.24803;44.04331;38.19685;28.84252;35.85827;49.110237;64.70079;57.295277;36.637794;44.04331;46.771652;24.555119;0.0;,ca8418,070b07,4558.0,Archivo de audio MPEG,243121.0,2010.0,256.0,44100.0,100.0,100.0,6706.0,5.0,1.0,2.0,3835883012.0,2025-07-21 00:03:32,"Denisse Guerrero, Edgar Huerta & Ricardo Arreola",,,20,2.0
Belanova,Tic - Toc,Belanova,Sueño Electro I,Belanova,Pop en español,2010-01-01,254.33,132,866e7e,58.464565;99.0;79.90157;64.31102;32.350395;36.637794;54.56693;42.484253;83.79921;54.95669;48.330708;51.83858;42.09449;49.5;34.299213;39.755905;58.464565;63.531494;95.88189;70.54724;74.055115;72.1063;37.027557;0.0;,fc7168,584e41,4564.0,Archivo de audio MPEG,254354.0,2010.0,256.0,44100.0,100.0,100.0,7796.0,5.0,1.0,3.0,3835535169.0,2025-07-16 23:26:09,Denisse Guerrero,,,28,1.0
Belanova,Necio,Belanova,Sueño Electro I,Belanova,Pop en español,2010-01-01,246.18,133,956f7f,99.0;96.661415;56.515747;60.413383;34.688976;34.299213;51.83858;47.940945;60.02362;40.535435;33.90945;40.535435;37.027557;51.059055;34.299213;47.55118;55.73622;63.14173;75.614174;67.03937;74.83464;96.27165;47.55118;0.0;,fd938a,404540,4568.0,Archivo de audio MPEG,246204.0,2010.0,256.0,44100.0,100.0,100.0,7469.0,5.0,1.0,2.0,3837408607.0,2025-08-07 15:50:07,"Denisse Guerrero, Edgar Huerta & Ricardo Arreola",,,38,3.0
Belanova,Flash Eléctrico,Belanova,Sueño Electro II,Belanova,Pop en español,2011-01-01,210.83,133,816675,49.110237;99.0;49.110237;46.38189;32.740158;28.062992;49.5;46.771652;49.889763;40.145668;40.145668;35.078743;37.417324;54.95669;33.12992;38.97638;48.330708;57.68504;77.95276;74.444885;97.05118;91.98425;44.822834;0.0;,ff8288,6b6e6b,4574.0,Archivo de audio MPEG,210860.0,2011.0,256.0,44100.0,100.0,100.0,6323.0,5.0,1.0,2.0,3830949585.0,2025-05-24 21:39:45,"Denisse Guerrero, Edgar Huerta, Ricardo Arreola & Armando Avila",,,29,1.0
Belanova,Nada Es Igual,Belanova,Viaje Al Centro Del Corazón,Belanova,Pop en español,2018-02-09,196.6,135,7b616f,99.0;81.46063;56.515747;43.26378;40.535435;24.555119;32.740158;30.011812;34.299213;31.570868;38.586617;31.181103;29.232285;39.366142;26.114174;31.570868;57.68504;58.854332;46.771652;44.04331;65.09055;91.98425;59.633858;0.0;,f7a98e,504f55,4594.0,Archivo de audio MPEG,196623.0,2018.0,256.0,44100.0,100.0,100.0,1624.0,5.0,1.0,4.0,3826353197.0,2025-04-01 17:53:17,"Oskar Nyman, Joel Isaksson, Denisse Guerrero, Ricardo Arreola & Edgar Huerta",,,30,-1.0
Belanova,En Tu Mirada,Belanova,Viaje Al Centro Del Corazón,Belanova,Pop en español,2018-06-15,218.54,124,b3819f,99.0;79.90157;54.177166;38.586617;34.299213;25.334646;32.740158;49.5;38.19685;51.44882;37.417324;23.385828;26.114174;43.65354;26.503939;33.12992;57.295277;61.192913;33.519684;34.299213;42.09449;60.80315;47.16142;0.0;,f3a65a,232129,4596.0,Archivo de audio MPEG,218566.0,2018.0,256.0,44100.0,100.0,100.0,1554.0,5.0,1.0,4.0,3823164754.0,2025-02-23 20:12:34,"Denisse Guerrero, Ricardo Arreola, Edgar Huerta & Chetes",,,28,
Belanova,Hoy Que No Estás,Belanova,Viaje Al Centro Del Corazón,Belanova,Pop en español,2018-06-15,234.71,126,7e7581,99.0;61.192913;47.16142;36.24803;27.283466;27.67323;24.944883;33.12992;38.97638;36.24803;30.401575;26.114174;24.944883;22.996063;17.149609;20.657482;40.145668;40.535435;39.366142;35.078743;43.26378;64.70079;45.2126;0.0;,edba9c,5a383f,4598.0,Archivo de audio MPEG,234736.0,2018.0,256.0,44100.0,100.0,100.0,1392.0,5.0,1.0,3.0,3835771366.0,2025-07-19 17:02:46,"Oskar Nyman, Joel Isaksson, Denisse Guerrero, Ricardo Arreola, Edgar Huerta & Sebastian Jacome",,,35,1.0
Belanova,Mil Poemas,Belanova,Viaje Al Centro Del Corazón,Belanova,Pop en español,2018-06-15,226.32,128,6d5765,52.228348;58.464565;42.874016;31.570868;31.96063;28.84252;26.503939;27.67323;33.519684;45.602364;24.944883;19.877954;35.468506;39.366142;24.165356;37.027557;54.95669;58.074802;50.669292;53.007874;69.37795;99.0;55.73622;0.0;,fa75a0,4f4d54,4600.0,Archivo de audio MPEG,226351.0,2018.0,256.0,44100.0,100.0,100.0,2067.0,5.0,1.0,4.0,3835883238.0,2025-07-21 00:07:18,"Denisse Guerrero, Edgar Huerta, Ricardo Arreola & Chetes",,,34,
Belanova,Eres Mío,Belanova,Viaje Al Centro Del Corazón,Belanova,Pop en español,2018-06-15,224.65,108,0e0db2,99.0;72.1063;48.330708;36.637794;20.657482;16.370079;27.67323;22.996063;30.401575;38.586617;21.826773;24.944883;19.877954;20.657482;11.692913;14.421261;29.622047;26.503939;17.149609;22.996063;34.299213;44.822834;31.96063;0.0;,bcf079,683033,4602.0,Archivo de audio MPEG,224679.0,2018.0,256.0,44100.0,100.0,100.0,1005.0,5.0,1.0,5.0,3831375643.0,2025-05-29 20:00:43,"Denisse Guerrero, Ricardo Arreola & Edgar Huerta",,,45,-2.0
Belanova,Cásate Conmigo,Belanova,Viaje Al Centro Del Corazón,Belanova,Pop en español,2016-03-11,208.95,90,030306,71.32677;62.362206;35.468506;31.181103;39.366142;20.657482;19.098427;30.401575;40.535435;22.6063;26.503939;22.996063;27.67323;41.704723;33.519684;39.755905;62.75197;66.25984;70.54724;71.71654;88.47638;99.0;77.173225;0.0;,fd7a93,a7a9b1,4604.0,Archivo de audio MPEG,208979.0,2016.0,256.0,44100.0,100.0,100.0,2200.0,5.0,1.0,4.0,3827498432.0,2025-04-14 23:00:32,"Denisse Guerrero, Edgar Huerta, Ricardo Arreola & Claudia Brant",,,42,-1.0
Belanova,Polaroid,Belanova,Viaje Al Centro Del Corazón,Belanova,Pop en español,2018-06-15,197.07,132,624650,57.295277;99.0;48.330708;37.807087;25.334646;29.232285;30.79134;34.299213;23.385828;35.85827;20.657482;20.267717;26.503939;28.84252;20.657482;28.452757;40.535435;42.484253;49.110237;53.7874;68.59843;73.66535;42.484253;0.0;,efbe7c,56424f,4606.0,Archivo de audio MPEG,197093.0,2018.0,256.0,44100.0,100.0,100.0,1717.0,5.0,1.0,3.0,3827491379.0,2025-04-14 21:02:59,"Oskar Nyman, Joel Isaksson, Denisse Guerrero, Ricardo Arreola & Edgar Huerta",,,31,
Belanova,Dentro de Mí,Belanova,Viaje Al Centro Del Corazón,Belanova,Pop en español,2018-06-15,231.89,98,4b18c0,99.0;79.51181;35.85827;33.90945;23.385828;17.929134;33.519684;31.96063;26.503939;30.011812;27.67323;24.165356;24.555119;32.350395;21.047245;25.334646;39.366142;35.85827;27.67323;36.24803;49.5;52.61811;32.740158;0.0;,e8c66f,68434b,4608.0,Archivo de audio MPEG,231915.0,2018.0,256.0,44100.0,100.0,100.0,1244.0,5.0,1.0,6.0,3835606636.0,2025-07-17 19:17:16,"Denisse Guerrero, Edgar Huerta & Ricardo Arreola",,,34,-2.0
Belanova,Maldita Soledad,Belanova,Viaje Al Centro Del Corazón,Belanova,Pop en español,2018-06-15,243.57,75,a2967f,67.42913;53.007874;37.417324;53.7874;31.570868;33.90945;30.79134;30.401575;42.874016;56.125984;23.77559;28.062992;31.570868;30.401575;22.6063;31.96063;62.75197;69.767715;46.771652;31.96063;48.330708;99.0;61.582676;0.0;,f36bb1,79a6fc,4610.0,Archivo de audio MPEG,243591.0,2018.0,256.0,44100.0,100.0,100.0,1824.0,5.0,1.0,5.0,3829914655.0,2025-05-12 22:10:55,"Denisse Guerrero, Edgar Huerta & Ricardo Arreola",,,27,-1.0
Belanova,Esta Vez,Belanova,Viaje Al Centro Del Corazón,Belanova,Pop en español,2018-06-15,181.89,124,976b7a,99.0;73.27559;48.330708;45.602364;26.114174;23.77559;25.724411;21.43701;19.098427;33.519684;18.3189;20.657482;23.385828;29.622047;18.3189;22.996063;36.24803;37.417324;30.79134;38.97638;48.720474;73.66535;49.5;0.0;,e2ce93,4e3844,4612.0,Archivo de audio MPEG,181916.0,2018.0,256.0,44100.0,100.0,100.0,1636.0,5.0,1.0,4.0,3825577106.0,2025-03-23 18:18:26,"Denisse Guerrero, Ricardo Arreola & Edgar Huerta",,,51,-1.0
Belanova,No Estás Aquí,Mr. Pig feat. Belanova,No Estás Aquí - Single,Mr. Pig feat. Belanova,Pop en español,2017-01-27,211.72,127,4a4c4d,47.16142;57.295277;47.16142;35.468506;19.877954;19.48819;24.555119;32.740158;51.44882;41.704723;28.452757;44.822834;24.944883;32.350395;27.67323;21.047245;42.484253;44.822834;42.484253;53.7874;70.54724;99.0;61.582676;0.0;,f57db1,ba91b7,12868.0,Archivo de audio AAC,211696.0,2017.0,332.0,48000.0,100.0,100.0,3438.0,5.0,1.0,2.0,3825840399.0,2025-03-26 19:26:39,,,,20,-1.0
Belanova,Barco de Papel,Belanova,Cocktail,Belanova,Pop,2003-01-01,282.82,124,afa1bb,99.0;26.114174;26.503939;25.334646;17.539371;15.590553;13.641735;12.472443;12.472443;14.811024;17.149609;21.826773;20.267717;19.48819;14.031498;17.149609;15.590553;17.149609;15.980316;21.43701;24.165356;24.944883;19.877954;0.0;,e3cd91,673134,17242.0,Archivo de audio AAC,282796.0,2003.0,328.0,48000.0,100.0,100.0,4150.0,5.0,1.0,1.0,3825854177.0,2025-03-26 23:16:17,Alex Midi Ortega,,,31,-13.0
Belanova,Suele Pasar,Belanova,Cocktail,Belanova,Pop,2003-01-01,184.71,125,b889ad,77.173225;99.0;23.77559;25.334646;18.3189;19.48819;28.062992;21.047245;23.77559;24.555119;29.622047;26.114174;30.401575;42.09449;24.944883;31.570868;34.299213;45.602364;47.55118;35.468506;37.807087;65.480316;40.925198;0.0;,edb155,523e4b,18124.0,Archivo de audio AAC,184691.0,2003.0,331.0,48000.0,100.0,100.0,2688.0,5.0,1.0,1.0,3833316011.0,2025-06-21 07:00:11,Belanova,,,28,2.0
Belanova,Laberinto,Aleks Syntek & Belanova,Lección de Vuelo,Aleks Syntek,Pop en español,2007-01-01,257.25,130,7e6574,85.74803;99.0;68.208664;48.720474;41.704723;24.944883;33.90945;23.385828;28.452757;38.19685;26.893702;30.011812;26.114174;28.452757;29.232285;30.79134;39.366142;44.43307;58.854332;52.61811;48.720474;49.889763;40.535435;0.0;,d6d456,231c26,18564.0,Archivo de audio AAC,257230.0,2007.0,324.0,48000.0,100.0,100.0,3217.0,5.0,1.0,2.0,3825862703.0,2025-03-27 01:38:23,Aleks Syntek,,,37,1.0
BlackPink: Born Pink World Tour - CDMX 2023,Pink Venom,BLACKPINK,BORN PINK,BLACKPINK,K-Pop,2022-08-19,187.06,90,020405,86.137794;71.32677;29.232285;44.43307;31.570868;24.555119;56.90551;65.480316;42.874016;53.007874;49.110237;68.98819;86.91732;87.69685;60.413383;65.87008;73.27559;66.649605;71.32677;80.291336;88.08661;99.0;61.582676;0.0;,ed3f79,988a76,4746.0,Archivo de audio MPEG,187088.0,2022.0,256.0,44100.0,100.0,100.0,3673.0,5.0,1.0,1.0,3832849921.0,2025-06-15 21:32:01,"Teddy, 24, R. Tee & Ido",,,80,1.0
BlackPink: Born Pink World Tour - CDMX 2023,Shut Down,BLACKPINK,BORN PINK,BLACKPINK,K-Pop,2022-09-16,175.99,110,20d656,52.228348;43.26378;32.740158;35.468506;35.85827;28.452757;48.720474;25.724411;26.893702;26.114174;37.417324;31.96063;35.85827;55.34646;36.637794;45.2126;47.16142;56.515747;60.02362;59.244095;99.0;79.12205;44.04331;0.0;,f4559c,b6dee7,4748.0,Archivo de audio MPEG,176013.0,2022.0,256.0,44100.0,100.0,100.0,4383.0,5.0,1.0,1.0,3833444184.0,2025-06-22 18:36:24,Teddy & 24,,,70,2.0
BlackPink: Born Pink World Tour - CDMX 2023,Typa Girl,BLACKPINK,BORN PINK,BLACKPINK,K-Pop,2022-09-16,179.28,66,aec0b1,45.992126;41.31496;35.85827;29.622047;72.1063;34.299213;28.84252;39.366142;34.688976;36.24803;33.90945;46.771652;53.397636;60.80315;36.637794;41.704723;39.755905;49.889763;56.90551;55.34646;62.75197;99.0;59.633858;0.0;,e341b1,a4efa9,4750.0,Archivo de audio MPEG,179304.0,2022.0,256.0,44100.0,100.0,100.0,3154.0,5.0,1.0,3.0,3830154798.0,2025-05-15 16:53:18,Bekuh Boom & Dominsuk,,,60,-1.0
BlackPink: Born Pink World Tour - CDMX 2023,Hard to Love,BLACKPINK,BORN PINK,BLACKPINK,K-Pop,2022-09-16,162.66,105,1437c5,82.62992;99.0;32.350395;35.85827;25.724411;18.708662;37.417324;41.704723;33.90945;28.84252;32.350395;45.992126;42.484253;49.5;27.67323;30.401575;37.417324;53.7874;53.397636;49.110237;61.972443;68.59843;49.889763;0.0;,f89e64,8a8890,4754.0,Archivo de audio MPEG,162690.0,2022.0,256.0,44100.0,100.0,100.0,5350.0,5.0,1.0,3.0,3825766160.0,2025-03-25 22:49:20,"24, Bianca Atterberry, Freddy Wexler, Max Wolfgang, R.Tee, Teddy Park",,,70,-1.0
BlackPink: Born Pink World Tour - CDMX 2023,Tally,BLACKPINK,BORN PINK,BLACKPINK,K-Pop,2022-09-16,184.35,65,959696,96.661415;90.03543;46.38189;42.484253;40.145668;49.110237;70.15748;57.68504;41.704723;52.228348;31.570868;42.874016;70.93701;70.15748;41.31496;59.633858;67.81889;64.70079;79.90157;65.87008;85.35826;99.0;63.921257;0.0;,fc6483,a0927c,4758.0,Archivo de audio MPEG,184372.0,2022.0,256.0,44100.0,,100.0,5331.0,5.0,1.0,,,,"Nat Dunn, David Phelan, Alex Oriet, Brian Lee, Soraya Lapread & 24",,,80,-1.0
BlackPink: Born Pink World Tour - CDMX 2023,How You Like That,BLACKPINK,THE ALBUM,BLACKPINK,K-Pop,2020-06-26,181.05,130,a2a0ad,86.137794;69.767715;51.059055;43.65354;37.807087;35.85827;46.38189;44.43307;45.602364;43.65354;35.85827;45.602364;72.885826;82.24016;59.244095;63.531494;85.74803;86.91732;99.0;60.413383;70.93701;77.173225;50.669292;0.0;,eb435e,827c6c,4762.0,Archivo de audio MPEG,181080.0,2020.0,256.0,44100.0,100.0,100.0,5032.0,5.0,1.0,2.0,3837183653.0,2025-08-05 01:20:53,"24, R. Tee, Danny Chung & Teddy",,,70,1.0
BlackPink: Born Pink World Tour - CDMX 2023,Pretty Savage,BLACKPINK,THE ALBUM,BLACKPINK,K-Pop,2020-10-02,199.21,76,12170a,86.91732;46.38189;52.61811;25.334646;37.807087;36.637794;30.011812;45.2126;47.16142;37.807087;35.078743;54.56693;54.95669;53.007874;35.468506;54.95669;67.42913;85.74803;86.91732;86.91732;82.62992;99.0;63.531494;0.0;,f65490,bbd4a6,4764.0,Archivo de audio MPEG,199235.0,2020.0,256.0,44100.0,100.0,100.0,3120.0,5.0,1.0,2.0,3834405259.0,2025-07-03 21:34:19,"Teddy, Loren, Vince, Danny Chung, R. Tee & Bekuh Boom",,,16,1.0
BlackPink: Born Pink World Tour - CDMX 2023,Lovesick Girls,BLACKPINK,THE ALBUM,BLACKPINK,K-Pop,2020-10-02,192.86,128,717074,55.73622;77.173225;48.720474;49.5;37.417324;29.232285;46.38189;52.228348;45.992126;36.637794;30.011812;41.704723;63.921257;66.649605;43.26378;59.244095;68.208664;75.22441;79.12205;68.208664;90.03543;99.0;53.397636;0.0;,f85680,9b9c87,4768.0,Archivo de audio MPEG,192888.0,2020.0,256.0,44100.0,,100.0,5328.0,5.0,1.0,,,,"Teddy, Loren, Ji-Soo, JENNIE, Danny Chung, 24, Brian Lee, Leah Haywood, R. Tee & David Guetta",,,70,-1.0
BlackPink: Born Pink World Tour - CDMX 2023,Crazy Over You,BLACKPINK,THE ALBUM,BLACKPINK,K-Pop,2020-10-02,162.04,115,bf8153,22.996063;45.2126;37.807087;38.586617;40.925198;31.96063;49.5;47.940945;46.38189;40.145668;50.279526;47.940945;58.074802;81.46063;47.55118;71.71654;91.20473;87.69685;90.81496;79.90157;93.15354;99.0;51.44882;0.0;,e12e80,cfcb8d,4770.0,Archivo de audio MPEG,162063.0,2020.0,256.0,44100.0,,100.0,4490.0,5.0,1.0,,,,"Teddy, Bekuh Boom, Danny Chung, 24, R. Tee & FUTURE BOUNCE",,,70,1.0
BlackPink: Born Pink World Tour - CDMX 2023,FLOWER,JISOO,ME - Single,JISOO,K-pop,2023-03-31,173.02,124,d38ddc,45.992126;58.074802;32.350395;37.807087;44.43307;39.366142;46.771652;56.125984;52.228348;54.56693;33.90945;52.228348;64.70079;67.42913;52.228348;44.43307;45.2126;49.5;58.464565;50.669292;81.46063;99.0;53.007874;0.0;,e438a0,8a816f,13176.0,Archivo de audio AAC,173000.0,2023.0,322.0,48000.0,100.0,100.0,2644.0,5.0,1.0,3.0,3837184907.0,2025-08-05 01:41:47,24,,,60,1.0
BlackPink: Born Pink World Tour - CDMX 2023,BOOMBAYAH,BLACKPINK,BLACKPINK - EP,BLACKPINK,J-Pop,2017-08-29,241.72,125,aa86a1,99.0;51.059055;26.114174;52.228348;33.519684;38.586617;52.61811;54.177166;44.04331;47.16142;39.755905;49.5;45.992126;59.244095;38.97638;54.56693;70.54724;66.649605;68.208664;68.208664;81.07086;95.49213;59.633858;0.0;,f24e9b,878c80,14654.0,Archivo de audio AAC,241696.0,2017.0,325.0,48000.0,100.0,100.0,8820.0,5.0,1.0,2.0,3827492390.0,2025-04-14 21:19:50,TEDDY/Rebecca Johnson & TEDDY/Rebecca Johnson/SUNNY BOY,,,100,1.0
BlackPink: Born Pink World Tour - CDMX 2023,WHISTLE,BLACKPINK,BLACKPINK - EP,BLACKPINK,J-Pop,2017-08-29,212.67,103,b435cf,99.0;78.732285;95.102356;31.570868;45.992126;57.295277;39.755905;32.350395;38.586617;30.011812;27.283466;36.637794;49.5;61.192913;38.97638;47.16142;54.95669;55.73622;54.177166;57.295277;73.27559;99.0;66.649605;0.0;,fb9c90,a8b7a6,14656.0,Archivo de audio AAC,212648.0,2017.0,331.0,48000.0,,100.0,4505.0,5.0,1.0,,,,TEDDY/FUTURE BOUNCE/Rebecca Johnson & TEDDY/Rebecca Johnson/SUNNY BOY,,,20,1.0
BlackPink: Born Pink World Tour - CDMX 2023,STAY,BLACKPINK,BLACKPINK - EP,BLACKPINK,J-Pop,2017-08-29,231.38,88,2e2716,43.26378;99.0;77.95276;51.83858;31.96063;51.44882;45.602364;60.02362;28.452757;26.114174;21.826773;24.555119;32.740158;38.19685;26.503939;25.724411;40.535435;34.299213;34.688976;32.740158;30.79134;50.669292;55.34646;0.0;,7cee40,200ba8,14660.0,Archivo de audio AAC,231363.0,2017.0,327.0,48000.0,,100.0,3107.0,5.0,1.0,1.0,3831368918.0,2025-05-29 18:08:38,,,,40,1.0
BlackPink: Born Pink World Tour - CDMX 2023,AS IF IT'S YOUR LAST,BLACKPINK,BLACKPINK - EP,BLACKPINK,J-Pop,2017-08-29,212.86,125,a7a9ec,74.83464;87.30708;75.614174;67.03937;57.295277;55.73622;99.0;59.633858;62.75197;42.484253;60.413383;51.059055;70.15748;65.87008;55.34646;69.37795;76.78346;79.51181;83.019684;70.93701;88.47638;99.0;63.531494;0.0;,ea3b8b,936960,14662.0,Archivo de audio AAC,212834.0,2017.0,326.0,48000.0,,100.0,8958.0,5.0,1.0,,,,TEDDY/FUTURE BOUNCE/Lydia Paek & TEDDY/BrotherSu/CHOICE37/SUNNY BOY,,,80,3.0
BlackPink: Born Pink World Tour - CDMX 2023,DDU-DU DDU-DU,BLACKPINK,SQUARE UP - EP,BLACKPINK,K-pop,2018-06-15,211.44,140,c5d49d,44.43307;26.114174;36.637794;24.555119;47.16142;29.232285;31.96063;37.807087;44.43307;26.893702;32.350395;40.925198;60.02362;65.480316;53.007874;65.480316;77.95276;88.08661;88.47638;81.07086;98.61023;99.0;59.244095;0.0;,ea3a8d,bad9a8,14666.0,Archivo de audio AAC,211418.0,2018.0,321.0,48000.0,,,6128.0,5.0,1.0,1.0,3830098463.0,2025-05-15 01:14:23,"Teddy, 24, R. Tee & Bekuh Boom",,,100,-23.0
BlackPink: Born Pink World Tour - CDMX 2023,Kill This Love,BLACKPINK,KILL THIS LOVE - EP,BLACKPINK,K-pop,2019-04-04,191.12,132,79b3fd,22.6063;34.688976;32.350395;41.704723;30.401575;39.755905;64.70079;49.889763;60.413383;49.889763;40.535435;49.889763;68.208664;74.83464;51.059055;71.71654;91.20473;94.7126;95.102356;72.885826;94.32283;99.0;50.669292;0.0;,d92587,aa9d82,14668.0,Archivo de audio AAC,191100.0,2019.0,322.0,48000.0,,,5946.0,5.0,1.0,,,,"Teddy, R. Tee, 24 & Bekuh Boom",,,80,-23.0
BlackPink: Born Pink World Tour - CDMX 2023,Don't Know What To Do,BLACKPINK,KILL THIS LOVE - EP,BLACKPINK,K-pop,2019-04-04,201.15,130,787878,5.0669327;33.519684;63.531494;31.570868;42.484253;60.413383;36.637794;74.83464;57.295277;33.12992;32.350395;43.65354;48.720474;80.6811;35.85827;46.771652;79.51181;84.18898;70.54724;55.34646;72.49606;99.0;60.80315;0.0;,cc1c96,b6977a,14670.0,Archivo de audio AAC,201131.0,2019.0,322.0,48000.0,,,6336.0,5.0,1.0,,,,"Teddy, 24, Brian Lee & Bekuh Boom",,,74,1.0
BlackPink: Born Pink World Tour - CDMX 2023,Forever Young,BLACKPINK,SQUARE UP - EP,BLACKPINK,K-pop,2018-06-15,239.19,110,8c19b0,80.291336;71.71654;43.65354;35.078743;30.011812;29.622047;43.26378;37.417324;38.19685;40.925198;38.586617;46.38189;63.14173;78.732285;53.7874;49.5;77.56299;78.732285;70.15748;62.75197;79.12205;99.0;59.244095;0.0;,f75574,8e9488,14672.0,Archivo de audio AAC,239165.0,2018.0,321.0,48000.0,,,10375.0,5.0,1.0,,,,Teddy & FUTURE BOUNCE,,,70,
BlackPink: Born Pink World Tour - CDMX 2023,You & Me,JENNIE,JENNIE Special Single [You & Me] - Single,JENNIE,K-pop,2023-10-06,179.02,112,13c889,47.55118;45.992126;42.09449;38.586617;26.503939;24.555119;50.669292;54.56693;45.602364;45.2126;45.602364;52.228348;60.02362;67.42913;49.889763;56.90551;59.244095;65.09055;76.78346;67.03937;83.40945;99.0;61.582676;0.0;,e83990,bcbd96,14684.0,Archivo de audio AAC,179000.0,2023.0,322.0,48000.0,,,4733.0,5.0,1.0,,,,Teddy,,,28,
BlackPink: Born Pink World Tour - CDMX 2023,On The Ground,ROSÉ,R - Single,ROSÉ,K-pop,2021-03-12,168.02,95,160b1a,81.85039;99.0;43.26378;32.350395;30.011812;25.334646;31.96063;36.24803;26.114174;22.996063;30.011812;24.944883;35.85827;38.97638;24.944883;33.519684;30.011812;31.570868;36.24803;33.12992;44.822834;50.279526;30.79134;0.0;,d4d04d,2f1e2c,14690.0,Archivo de audio AAC,168000.0,2021.0,321.0,48000.0,,,3525.0,5.0,1.0,,,,"ROSÉ, Amy Allen, Jon Bellion, Jorgen Odegard, Raul Cubina & Teddy",,,60,2.0
BlackPink: Born Pink World Tour - CDMX 2023,LALISA,LISA,LALISA - Single,LISA,K-pop,2021-09-10,200.78,75,b3bdc2,90.42519;99.0;44.43307;31.181103;38.586617;35.85827;30.011812;43.26378;46.771652;43.26378;30.401575;49.5;55.73622;61.582676;47.55118;58.074802;81.07086;72.885826;90.81496;67.42913;55.73622;80.6811;41.31496;0.0;,f56c53,8d8e7c,14694.0,Archivo de audio AAC,200760.0,2021.0,323.0,48000.0,,,3423.0,5.0,1.0,,,,"Teddy, Bekuh Boom & 24",,,80,1.0
BlackPink: Born Pink World Tour - CDMX 2023,MONEY,LISA,LALISA - Single,LISA,K-pop,2021-09-10,168.02,140,b1c3b8,48.720474;27.67323;17.929134;22.216536;30.79134;16.370079;28.84252;41.704723;41.704723;36.637794;35.078743;43.26378;51.059055;46.771652;37.027557;52.61811;79.12205;74.444885;99.0;79.90157;77.173225;86.137794;59.244095;0.0;,ec3e89,b3cdb9,14696.0,Archivo de audio AAC,168000.0,2021.0,321.0,48000.0,,,1614.0,5.0,1.0,,,,"Teddy, Bekuh Boom, Vince, 24 & R. Tee",,,60,-1.0
Cö shu Nie,Artificial Vampire,Cö shu Nie,Artificial Vampire - Single,Cö shu Nie,J-Rock,2024-03-13,185.44,120,c17da5,72.1063;99.0;43.26378;54.95669;35.85827;28.452757;36.24803;36.24803;28.84252;34.688976;22.6063;28.062992;29.622047;31.181103;22.996063;27.67323;37.417324;48.720474;62.75197;60.80315;62.75197;75.22441;55.73622;0.0;,f0bb83,695c6a,4800.0,Archivo de audio MPEG,185469.0,2024.0,256.0,44100.0,100.0,100.0,5717.0,5.0,1.0,4.0,3827337517.0,2025-04-13 02:18:37,,,,29,-10.0
Cö shu Nie,asphyxia,Cö shu Nie,asphyxia - Single,Cö shu Nie,J-Rock,2018-04-04,175.62,78,30320d,51.83858;99.0;53.7874;41.704723;37.807087;48.330708;77.56299;47.16142;43.26378;40.535435;41.31496;41.31496;47.940945;71.32677;43.65354;51.44882;59.244095;60.413383;65.09055;66.25984;58.074802;61.972443;37.417324;0.0;,e95545,aa6657,4804.0,Archivo de audio MPEG,175647.0,2018.0,256.0,44100.0,100.0,100.0,14791.0,5.0,1.0,3.0,3826296912.0,2025-04-01 02:15:12,Miku Nakamura,,,15,2.0
Cö shu Nie,最終列車,Cö shu Nie,asphyxia - Single,Cö shu Nie,J-Rock,2018-05-15,168.12,132,c2b085,55.34646;99.0;63.921257;41.704723;35.85827;48.330708;53.7874;49.5;47.16142;42.484253;42.484253;48.330708;64.70079;68.59843;52.228348;60.80315;77.95276;79.51181;84.578735;81.85039;60.413383;83.019684;48.720474;0.0;,ef5354,b49478,4806.0,Archivo de audio MPEG,168150.0,2018.0,256.0,44100.0,100.0,100.0,12739.0,5.0,1.0,2.0,3835535566.0,2025-07-16 23:32:46,Miku Nakamura,,,21,3.0
Cö shu Nie,PERSON.,Cö shu Nie,asphyxia - Single,Cö shu Nie,J-Rock,2018-06-06,235.55,123,d449cd,43.26378;99.0;37.807087;34.688976;36.24803;28.84252;37.807087;37.027557;25.724411;18.708662;19.48819;27.283466;27.283466;39.755905;26.114174;30.401575;32.740158;39.366142;39.366142;40.145668;32.350395;28.062992;15.590553;0.0;,b9b71c,431e2c,4808.0,Archivo de audio MPEG,235572.0,2018.0,256.0,44100.0,100.0,100.0,10014.0,5.0,1.0,2.0,3825260383.0,2025-03-20 02:19:43,Miku Nakamura,,,17,
Cö shu Nie,character,Cö shu Nie,Aurora - EP,Cö shu Nie,J-Rock,2018-10-24,148.19,175,010102,50.669292;99.0;64.70079;47.55118;40.925198;38.586617;73.66535;61.192913;50.279526;37.417324;41.704723;52.228348;58.074802;70.54724;45.992126;51.44882;72.49606;56.515747;62.362206;54.177166;58.074802;82.24016;48.330708;0.0;,eb4c52,764f4a,4810.0,Archivo de audio MPEG,148218.0,2018.0,256.0,44100.0,100.0,100.0,13842.0,5.0,1.0,3.0,3837244856.0,2025-08-05 18:20:56,Miku Nakamura,,,20,
Cö shu Nie,葡萄,Cö shu Nie,Aurora - EP,Cö shu Nie,J-Rock,2018-10-24,156.5,135,c59262,45.992126;99.0;80.291336;69.767715;52.61811;45.992126;71.32677;80.6811;61.582676;42.874016;35.468506;50.669292;63.14173;60.02362;45.602364;40.535435;56.90551;65.87008;77.173225;72.1063;67.42913;81.85039;65.09055;0.0;,f44b7c,bb7a56,4812.0,Archivo de audio MPEG,156525.0,2018.0,256.0,44100.0,100.0,100.0,9047.0,5.0,1.0,3.0,3837513580.0,2025-08-08 20:59:40,Miku Nakamura,,,19,
Cö shu Nie,defection,Cö shu Nie,Aurora - EP,Cö shu Nie,J-Rock,2018-10-24,227.63,58,b06954,1.1692924;9.354332;20.657482;49.889763;27.283466;26.114174;99.0;46.771652;40.145668;24.165356;38.97638;29.232285;34.688976;34.299213;21.047245;17.149609;37.027557;32.740158;43.26378;16.759842;28.062992;41.31496;28.84252;0.0;,6b0eb5,0e5fbe,4814.0,Archivo de audio MPEG,227657.0,2018.0,256.0,44100.0,100.0,100.0,5471.0,5.0,1.0,6.0,3835889457.0,2025-07-21 01:50:57,Miku Nakamura,,,15,1.0
Cö shu Nie,asura,Cö shu Nie,Aurora - EP,Cö shu Nie,J-Rock,2018-10-24,94.38,143,65584c,60.80315;99.0;73.27559;57.68504;41.31496;44.04331;52.61811;54.177166;44.43307;38.97638;36.24803;43.26378;64.31102;68.208664;47.55118;65.09055;86.52756;84.578735;91.98425;90.42519;73.66535;70.93701;52.61811;0.0;,ef5850,bb9a79,4816.0,Archivo de audio MPEG,94406.0,2018.0,256.0,44100.0,100.0,100.0,11535.0,5.0,1.0,7.0,3831367404.0,2025-05-29 17:43:24,Miku Nakamura,,,15,1.0
Cö shu Nie,Burn The Fire,Cö shu Nie,Burn The Fire - Single,Cö shu Nie,J-Rock,2023-10-18,235.76,79,633633,96.661415;99.0;51.83858;37.027557;31.181103;31.96063;36.637794;51.44882;45.602364;36.637794;38.97638;53.007874;53.7874;67.81889;39.366142;40.925198;66.649605;57.295277;67.03937;61.192913;62.362206;78.732285;50.669292;0.0;,fa7f5b,cbe77b,4820.0,Archivo de audio MPEG,235781.0,2023.0,256.0,44100.0,100.0,100.0,6962.0,5.0,1.0,3.0,3837352775.0,2025-08-07 00:19:35,Miku Nakamura,,,24,-7.0
Cö shu Nie,病は花から,Cö shu Nie,Flos Ex Machina,Cö shu Nie,J-Rock,2022-03-09,174.73,130,694a44,99.0;88.47638;68.208664;24.165356;22.996063;21.43701;23.77559;21.047245;21.826773;15.590553;18.3189;22.6063;27.67323;31.570868;27.67323;24.165356;35.468506;38.97638;40.145668;44.04331;38.97638;52.228348;45.2126;0.0;,d7d45a,af4b64,4830.0,Archivo de audio MPEG,174759.0,2022.0,256.0,44100.0,100.0,100.0,3848.0,5.0,1.0,1.0,3823967827.0,2025-03-05 03:17:07,Miku Nakamura,,,32,1.0
Cö shu Nie,ö=Person,Cö shu Nie,Idola,Cö shu Nie,J-Pop,2012-09-02,229.51,120,c9c793,61.582676;99.0;48.720474;41.31496;30.011812;58.074802;44.04331;56.515747;40.925198;20.657482;27.283466;39.755905;23.77559;16.370079;11.30315;16.759842;26.893702;26.114174;39.755905;36.24803;34.688976;54.95669;56.515747;0.0;,9efb88,882051,4852.0,Archivo de audio MPEG,229537.0,2012.0,256.0,44100.0,100.0,100.0,5528.0,5.0,1.0,1.0,3833098405.0,2025-06-18 18:33:25,Miku Nakamura,,,19,1.0
Cö shu Nie,About the Drawings of a Mirror,Cö shu Nie,Idola,Cö shu Nie,J-Pop,2012-09-02,221.15,116,a47526,33.90945;99.0;66.25984;43.26378;66.649605;53.7874;30.011812;47.16142;47.16142;28.062992;23.77559;28.062992;25.724411;28.452757;20.267717;27.283466;36.637794;38.586617;46.771652;44.04331;34.688976;42.874016;39.366142;0.0;,7dee40,170cae,4856.0,Archivo de audio MPEG,221178.0,2012.0,256.0,44100.0,100.0,100.0,5159.0,5.0,1.0,3.0,3837425515.0,2025-08-07 20:31:55,Miku Nakamura,,,22,1.0
Cö shu Nie,Fool in tank,Cö shu Nie,LITMUS - EP,Cö shu Nie,J-Pop,2020-10-14,188.29,90,04040a,54.177166;99.0;72.885826;33.12992;36.24803;32.350395;36.24803;39.366142;31.570868;27.283466;24.555119;31.96063;46.771652;41.31496;33.90945;37.807087;53.397636;62.75197;67.03937;61.192913;48.330708;78.342514;54.177166;0.0;,f69c5a,878888,4868.0,Archivo de audio MPEG,188316.0,2020.0,256.0,44100.0,100.0,100.0,8074.0,5.0,1.0,6.0,3835862391.0,2025-07-20 18:19:51,Miku Nakamura,,,24,-1.0
Cö shu Nie,ice melt,Cö shu Nie,LITMUS - EP,Cö shu Nie,J-Pop,2020-11-11,191.45,100,7213aa,70.15748;87.30708;63.14173;40.925198;37.417324;21.43701;27.283466;29.232285;25.724411;18.708662;18.708662;29.232285;35.468506;24.944883;17.929134;20.657482;30.401575;57.295277;77.95276;83.79921;72.49606;99.0;60.80315;0.0;,f2b09b,ae97b3,4870.0,Archivo de audio MPEG,191477.0,2020.0,256.0,44100.0,100.0,100.0,2907.0,5.0,1.0,2.0,3825680491.0,2025-03-24 23:01:31,Miku Nakamura,,,24,-1.0
Cö shu Nie,Black sand,Cö shu Nie,LITMUS - EP,Cö shu Nie,J-Pop,2020-11-11,164.62,100,ca38cc,40.535435;60.413383;45.602364;36.637794;38.19685;37.417324;39.366142;42.09449;54.56693;51.83858;26.114174;34.299213;45.602364;32.350395;23.77559;28.452757;42.09449;55.34646;65.480316;64.31102;64.31102;99.0;72.49606;0.0;,ef66b8,b1bcbb,4874.0,Archivo de audio MPEG,164649.0,2020.0,256.0,44100.0,100.0,100.0,4533.0,5.0,1.0,3.0,3823965572.0,2025-03-05 02:39:32,Miku Nakamura,,,16,-1.0
Cö shu Nie,Forever together,Cö shu Nie,LITMUS - EP,Cö shu Nie,J-Pop,2020-10-14,246.83,135,9f917b,69.767715;89.64567;71.71654;39.755905;44.822834;39.366142;44.43307;47.16142;47.940945;40.535435;32.350395;39.755905;81.46063;57.295277;45.602364;49.110237;53.007874;56.515747;84.968506;63.921257;69.767715;99.0;70.15748;0.0;,fe707d,cbc48d,4876.0,Archivo de audio MPEG,246857.0,2020.0,256.0,44100.0,100.0,100.0,8557.0,5.0,1.0,1.0,3823965819.0,2025-03-05 02:43:39,Miku Nakamura,,,17,
Cö shu Nie,no future,Cö shu Nie,no future - Single,Cö shu Nie,J-Rock,2023-06-28,201.43,95,060b19,63.531494;99.0;48.720474;47.940945;37.417324;29.232285;27.283466;31.570868;31.96063;20.657482;18.708662;19.098427;35.468506;34.299213;23.77559;22.6063;26.893702;36.637794;39.755905;33.519684;26.503939;34.299213;28.062992;0.0;,a7df35,4f1e2e,4878.0,Archivo de audio MPEG,201456.0,2023.0,256.0,44100.0,100.0,100.0,5959.0,5.0,1.0,6.0,3831242935.0,2025-05-28 07:08:55,Miku Nakamura,,,22,
Cö shu Nie,透明,Cö shu Nie,OVERKILL - EP,Cö shu Nie,J-Rock,2020-05-13,238.34,93,07050c,47.940945;99.0;84.578735;37.807087;38.97638;44.04331;44.43307;65.09055;59.633858;35.85827;33.90945;35.468506;37.417324;52.228348;35.468506;44.43307;61.192913;58.854332;69.37795;51.83858;49.5;60.80315;45.602364;0.0;,e47d31,40382b,4896.0,Archivo de audio MPEG,238367.0,2020.0,256.0,44100.0,100.0,100.0,9863.0,5.0,1.0,5.0,3830873620.0,2025-05-24 00:33:40,Miku Nakamura,,,22,
Cö shu Nie,フラッシュバック,Cö shu Nie,OVERKILL - EP,Cö shu Nie,J-Rock,2020-05-13,199.37,170,030408,41.31496;99.0;61.582676;35.468506;27.67323;19.877954;39.366142;26.893702;29.232285;30.011812;28.84252;33.12992;37.807087;56.90551;41.704723;42.09449;53.7874;56.515747;65.480316;67.03937;58.074802;55.34646;38.19685;0.0;,ed853e,636465,4900.0,Archivo de audio MPEG,199392.0,2020.0,256.0,44100.0,100.0,100.0,11812.0,5.0,1.0,2.0,3823958061.0,2025-03-05 00:34:21,,,,15,2.0
Cö shu Nie,Pelican-Go de Dokomademo,Cö shu Nie,Puzzle - EP,Cö shu Nie,Alternative,2016-04-20,299.96,180,07050d,67.42913;99.0;44.822834;45.992126;29.232285;26.893702;37.417324;44.04331;31.96063;37.807087;36.637794;35.468506;39.366142;42.874016;30.011812;35.078743;41.31496;43.26378;44.822834;41.31496;38.97638;47.16142;33.90945;0.0;,d8ab2f,08080c,4904.0,Archivo de audio MPEG,299990.0,2016.0,256.0,44100.0,100.0,100.0,11114.0,5.0,1.0,4.0,3837510736.0,2025-08-08 20:12:16,Miku Nakamura,,,22,
Cö shu Nie,Amayadori,Cö shu Nie,Puzzle - EP,Cö shu Nie,Alternative,2016-04-20,225.46,135,b3aed1,40.535435;99.0;52.228348;37.417324;26.503939;30.011812;45.602364;48.330708;26.114174;37.027557;31.181103;37.027557;49.889763;54.177166;41.31496;58.464565;59.633858;51.059055;62.362206;47.16142;42.09449;59.244095;42.09449;0.0;,e06b2e,383e39,4906.0,Archivo de audio MPEG,225488.0,2016.0,256.0,44100.0,100.0,100.0,11431.0,5.0,1.0,2.0,3829467772.0,2025-05-07 18:02:52,Miku Nakamura,,,28,1.0
Cö shu Nie,Eien No Torte,Cö shu Nie,Puzzle - EP,Cö shu Nie,Alternative,2016-04-20,236.38,160,030509,36.637794;99.0;68.59843;40.925198;26.893702;34.299213;44.43307;40.145668;23.77559;33.12992;37.807087;45.992126;46.771652;69.37795;57.295277;55.73622;67.03937;50.669292;66.649605;63.14173;49.5;72.49606;58.854332;0.0;,e7663a,878776,4910.0,Archivo de audio MPEG,236408.0,2016.0,256.0,44100.0,100.0,100.0,12010.0,5.0,1.0,3.0,3834502890.0,2025-07-05 00:41:30,Miku Nakamura,,,17,4.0
Cö shu Nie,red strand,Cö shu Nie,red strand - Single,Cö shu Nie,J-Rock,2020-03-27,240.98,88,5a3028,65.480316;48.330708;59.244095;33.90945;37.807087;43.26378;38.586617;36.24803;37.417324;41.704723;54.56693;57.295277;86.137794;93.93307;61.972443;51.83858;66.649605;56.515747;99.0;67.42913;69.37795;92.76378;68.59843;0.0;,e43278,d0c081,4914.0,Archivo de audio MPEG,241005.0,2020.0,256.0,44100.0,100.0,100.0,11229.0,5.0,1.0,4.0,3833531421.0,2025-06-23 18:50:21,Miku Nakamura,,,16,2.0
Cö shu Nie,SAKURA BURST,Cö shu Nie,SAKURA BURST - EP,Cö shu Nie,J-Rock,2022-01-14,263.52,72,bcb38d,72.1063;99.0;88.866135;66.649605;48.720474;83.019684;74.83464;55.73622;59.633858;67.03937;38.97638;43.26378;61.192913;83.019684;53.7874;53.7874;70.93701;58.074802;62.362206;50.669292;53.397636;82.62992;63.531494;0.0;,d42f4c,944641,4916.0,Archivo de audio MPEG,263549.0,2022.0,256.0,44100.0,100.0,100.0,7411.0,5.0,1.0,4.0,3834414237.0,2025-07-04 00:03:57,Miku Nakamura,,,18,1.0
Cö shu Nie,o=レテヘの行進,Cö shu Nie,SAKURA BURST - EP,Cö shu Nie,J-Rock,2022-04-20,188.6,130,b9d0d7,84.968506;99.0;62.362206;35.85827;29.232285;31.181103;37.417324;60.02362;29.622047;36.637794;34.688976;58.464565;60.80315;75.22441;56.90551;65.480316;93.543304;77.95276;94.32283;90.42519;91.20473;94.7126;66.649605;0.0;,f96762,a1a590,4918.0,Archivo de audio MPEG,188630.0,2022.0,256.0,44100.0,100.0,100.0,11576.0,5.0,1.0,4.0,3832240896.0,2025-06-08 20:21:36,,,,20,-6.0
Cö shu Nie,絶体絶命,Cö shu Nie,絶体絶命 - Lamp - EP,Cö shu Nie,J-Rock,2019-01-11,149.29,143,703b39,41.31496;99.0;65.480316;42.874016;38.97638;37.807087;60.02362;44.04331;31.570868;29.622047;34.688976;33.12992;46.38189;47.940945;36.24803;44.43307;46.38189;40.925198;47.55118;45.2126;43.26378;47.940945;28.452757;0.0;,c59216,0ab555,4928.0,Archivo de audio MPEG,149315.0,2019.0,256.0,44100.0,100.0,100.0,9786.0,5.0,1.0,2.0,3835874554.0,2025-07-20 21:42:34,Cö Shu Nie,,,17,
Cö shu Nie,Deal With the Monster,Cö shu Nie,7 Deadly Guilt,Cö shu Nie,J-Rock,2024-09-04,185.13,172,100916,99.0;49.889763;33.519684;35.85827;26.503939;25.724411;32.740158;30.79134;28.062992;27.283466;21.43701;24.944883;32.350395;44.04331;25.724411;31.570868;39.366142;43.26378;57.295277;53.007874;42.484253;51.44882;30.401575;0.0;,ff827f,554250,12268.0,Archivo de audio AAC,185109.0,2024.0,320.0,48000.0,100.0,100.0,8039.0,5.0,1.0,2.0,3835863995.0,2025-07-20 18:46:35,,,,22,-1.0
Cö shu Nie,Where I Belong,Cö shu Nie,7 Deadly Guilt,Cö shu Nie,J-Rock,2024-09-04,213.9,150,caa64a,58.464565;99.0;49.110237;34.299213;24.555119;22.996063;28.062992;24.944883;19.877954;26.503939;28.062992;21.43701;24.944883;39.366142;34.299213;34.299213;37.027557;36.637794;48.330708;45.602364;37.807087;37.417324;22.996063;0.0;,d1b830,a03e50,12312.0,Archivo de audio AAC,213879.0,2024.0,318.0,48000.0,100.0,100.0,7375.0,5.0,1.0,2.0,3825960948.0,2025-03-28 04:55:48,,,,21,3.0
Cö shu Nie,bullet,Cö shu Nie,PURE,Cö shu Nie,J-Rock,2019-10-22,157.5,91,030306,32.350395;99.0;55.34646;42.874016;37.807087;47.55118;45.602364;50.279526;44.04331;43.26378;28.452757;45.602364;56.515747;54.177166;43.65354;47.940945;73.27559;56.515747;76.3937;56.90551;52.228348;53.007874;36.637794;0.0;,d95231,624d44,23310.0,Archivo de audio AAC,157478.0,2019.0,321.0,48000.0,100.0,100.0,10122.0,5.0,1.0,2.0,3835793722.0,2025-07-19 23:15:22,Cö Shu Nie,,,16,-1.0
Cö shu Nie,scapegoat,Cö shu Nie,PURE,Cö shu Nie,J-Rock,2019-12-11,155.39,100,22d858,49.889763;99.0;47.16142;35.078743;35.85827;46.771652;41.704723;46.38189;43.26378;39.755905;27.67323;42.484253;57.295277;59.244095;33.12992;37.027557;52.228348;51.44882;54.95669;51.059055;51.44882;57.295277;40.145668;0.0;,e97239,a7806e,23312.0,Archivo de audio AAC,155365.0,2019.0,324.0,48000.0,100.0,100.0,5640.0,5.0,1.0,2.0,3824833839.0,2025-03-15 03:50:39,Cö Shu Nie,,,20,-1.0
Cö shu Nie,サイコプール≒レゴプール,Cö shu Nie,PURE,Cö shu Nie,J-Rock,2019,217.15,110,40d123,51.44882;99.0;30.011812;37.417324;35.078743;23.77559;36.637794;50.669292;29.232285;25.724411;19.098427;26.503939;25.724411;26.114174;17.929134;17.149609;28.452757;29.622047;36.24803;41.704723;40.535435;40.925198;39.366142;0.0;,c9de54,903043,23318.0,Archivo de audio AAC,217130.0,2019.0,323.0,48000.0,100.0,100.0,3705.0,5.0,1.0,2.0,3825859713.0,2025-03-27 00:48:33,Cö Shu Nie,,,20,
Cö shu Nie,iB,Cö shu Nie,PURE,Cö shu Nie,J-Rock,2019-12-04,177.14,95,844722,69.37795;99.0;62.362206;49.110237;42.09449;38.19685;47.940945;37.027557;20.267717;20.657482;16.759842;18.3189;24.944883;27.283466;17.929134;19.098427;30.401575;38.586617;45.2126;45.602364;39.366142;55.73622;65.87008;0.0;,b9f175,ce3dcb,23320.0,Archivo de audio AAC,177122.0,2019.0,321.0,48000.0,100.0,100.0,3717.0,5.0,1.0,3.0,3831906163.0,2025-06-04 23:22:43,Cö Shu Nie,,,28,
Cö shu Nie,inertia,Cö shu Nie,PURE,Cö shu Nie,J-Rock,2019-12-11,189.43,80,8a5350,23.385828;38.97638;99.0;93.93307;43.26378;24.165356;28.84252;28.84252;21.826773;12.8622055;12.8622055;18.708662;26.503939;21.43701;16.759842;16.370079;28.452757;33.12992;38.586617;44.822834;66.649605;51.83858;45.2126;0.0;,89bfed,5229d5,23326.0,Archivo de audio AAC,189405.0,2019.0,309.0,48000.0,100.0,100.0,1284.0,5.0,1.0,3.0,3835871594.0,2025-07-20 20:53:14,Cö Shu Nie,,,19,
Cö shu Nie,gray,Cö shu Nie,PURE,Cö shu Nie,J-Rock,2019-12-11,211.65,90,79534e,99.0;71.32677;35.468506;49.5;35.85827;28.062992;35.078743;24.165356;20.657482;15.20079;13.251968;15.20079;12.472443;11.30315;7.405514;6.625984;11.30315;15.590553;16.759842;16.370079;14.031498;21.047245;25.724411;0.0;,71fe7c,a11d89,23328.0,Archivo de audio AAC,211626.0,2019.0,312.0,48000.0,100.0,100.0,4180.0,5.0,1.0,1.0,3823964499.0,2025-03-05 02:21:39,Cö Shu Nie,,,15,-1.0
Cö shu Nie,give it back,Cö shu Nie,give it back - EP,Cö shu Nie,J-Pop,2021-01-22,214.97,100,21d327,86.91732;95.88189;85.74803;59.244095;42.484253;71.32677;68.59843;63.921257;35.078743;34.299213;41.704723;45.992126;57.68504;48.330708;37.027557;26.503939;40.535435;53.397636;72.1063;44.43307;61.582676;99.0;76.78346;0.0;,e4b5ba,c99f69,23334.0,Archivo de audio AAC,214947.0,2021.0,308.0,48000.0,100.0,100.0,4599.0,5.0,1.0,3.0,3827247233.0,2025-04-12 01:13:53,Miku Nakamura,,,13,1.0
Cö shu Nie,undress me,Cö shu Nie,undress me - Single,Cö shu Nie,J-Rock,2021-07-24,193.26,76,4f3a31,63.14173;99.0;89.255905;74.83464;51.83858;80.6811;95.88189;72.1063;73.66535;49.5;48.330708;40.535435;69.37795;88.866135;39.366142;47.16142;63.531494;62.362206;82.24016;69.767715;65.87008;88.08661;60.413383;0.0;,db2890,9c4e45,23342.0,Archivo de audio AAC,193236.0,2021.0,327.0,48000.0,100.0,100.0,6633.0,5.0,1.0,2.0,3826289065.0,2025-04-01 00:04:25,Miku Nakamura,,,17,
Daoko,Abon,Daoko,Abon - Single,Daoko,J-Pop,2023-04-12,155.72,77,040409,94.7126;99.0;74.444885;52.228348;39.366142;33.12992;37.417324;41.31496;39.366142;35.468506;41.704723;35.85827;29.622047;30.79134;22.216536;27.283466;33.90945;44.822834;51.059055;57.295277;55.34646;58.074802;43.65354;0.0;,d3df72,33202d,4940.0,Archivo de audio MPEG,155742.0,2023.0,256.0,44100.0,100.0,100.0,4183.0,5.0,1.0,2.0,3829157671.0,2025-05-04 03:54:31,Daoko & Dj6gatsu,,,13,1.0
Daoko,Allure of the Dark,Daoko,Allure of the Dark - Single,Daoko,J-Pop,2023-11-01,248.95,158,030307,79.51181;99.0;70.93701;45.602364;30.011812;32.740158;28.452757;38.19685;47.55118;46.38189;31.181103;30.011812;40.925198;26.893702;22.6063;28.062992;33.90945;33.90945;33.519684;30.011812;35.078743;60.80315;35.468506;0.0;,b1f05d,1b0c1f,4942.0,Archivo de audio MPEG,248973.0,2023.0,256.0,44100.0,100.0,100.0,5213.0,5.0,1.0,1.0,3820417159.0,2025-01-23 00:59:19,,,,21,
Daoko,Suisei,DAOKO,DAOKO,DAOKO,J-Pop,2015-03-25,273.58,100,1515c3,97.05118;93.93307;49.5;87.69685;37.027557;26.893702;69.37795;63.531494;49.110237;33.90945;45.602364;50.669292;47.940945;51.83858;37.417324;44.43307;49.889763;63.531494;67.42913;65.09055;81.07086;99.0;67.42913;0.0;,fa88a1,a09b83,4966.0,Archivo de audio MPEG,273606.0,2015.0,256.0,44100.0,100.0,100.0,5334.0,5.0,1.0,2.0,3833805455.0,2025-06-26 22:57:35,"tofubeats, DAOKO & Onomatope Daiji",,,41,1.0
Daoko,Kakete Ageru,DAOKO,DAOKO,DAOKO,J-Pop,2015-03-25,243.07,109,6419bd,99.0;86.137794;48.330708;72.885826;34.299213;47.16142;71.71654;41.704723;49.5;44.43307;36.637794;52.228348;53.007874;63.14173;44.04331;54.56693;52.61811;69.37795;73.27559;63.531494;57.68504;79.90157;63.531494;0.0;,fc6477,817969,4968.0,Archivo de audio MPEG,243095.0,2015.0,256.0,44100.0,100.0,100.0,4319.0,5.0,1.0,1.0,3819979475.0,2025-01-17 23:24:35,DAOKO & 小島英也,,,30,
Daoko,Hajimemashiteno Kimochiwo,DAOKO,Hajimemashiteno Kimochiwo - Single,DAOKO,J-Pop,2019-09-04,227.29,96,07082a,99.0;73.27559;54.56693;56.125984;55.34646;43.26378;56.90551;72.49606;39.755905;38.586617;45.992126;45.992126;36.24803;40.925198;25.724411;26.114174;33.519684;38.97638;43.26378;34.688976;33.519684;47.55118;34.299213;0.0;,7fedc1,071f07,4990.0,Archivo de audio MPEG,227317.0,2019.0,256.0,44100.0,100.0,100.0,5078.0,5.0,1.0,1.0,3823706443.0,2025-03-02 02:40:43,YOH KAMIYAMA & Daoko,,,27,-1.0
Daoko,最近,Daoko,HYPER GIRL -向こう側の女の子-,Daoko,Hip-Hop/Rap,2012-12-05,202.74,120,363a3a,99.0;71.71654;25.724411;30.79134;30.011812;20.267717;38.19685;56.90551;30.401575;52.61811;35.468506;45.602364;37.417324;27.67323;18.3189;23.77559;23.77559;29.232285;30.401575;32.740158;31.570868;31.96063;24.165356;0.0;,e1c14e,3f1136,4998.0,Archivo de audio MPEG,202762.0,2012.0,256.0,44100.0,100.0,100.0,2677.0,5.0,1.0,5.0,3835963648.0,2025-07-21 22:27:28,daoko & COASARU,,,45,-26.0
Daoko,Daisuki,Daoko with TeddyLoid,Moshimo Bokura Ga Game No Shyuyakude - Daisuki with TeddyLoid - Bang!,Daoko,J-Pop,2016-09-14,198.77,75,6d726c,61.192913;64.31102;38.586617;38.586617;47.55118;38.586617;33.519684;56.125984;38.19685;40.145668;38.586617;39.755905;44.04331;66.649605;41.704723;49.889763;55.34646;77.173225;77.56299;74.83464;76.78346;99.0;84.968506;0.0;,f6538f,bacda6,5020.0,Archivo de audio MPEG,198791.0,2016.0,256.0,44100.0,100.0,100.0,8878.0,5.0,1.0,4.0,3833804957.0,2025-06-26 22:49:17,,,,25,-2.0
Daoko,Bang!,Daoko,Moshimo Bokura Ga Game No Shyuyakude - Daisuki with TeddyLoid - Bang!,Daoko,J-Pop,2016-09-14,219.09,80,080610,61.582676;86.137794;47.16142;42.09449;37.807087;31.181103;35.078743;27.283466;26.114174;22.6063;25.724411;25.724411;28.452757;31.96063;23.385828;29.622047;35.85827;44.43307;55.73622;65.09055;74.444885;99.0;66.25984;0.0;,f2aca1,a689a3,5022.0,Archivo de audio MPEG,219115.0,2016.0,256.0,44100.0,100.0,100.0,6220.0,5.0,1.0,3.0,3827253910.0,2025-04-12 03:05:10,DAOKO & 小島英也(ORESAMA),,,39,
Daoko,ShibuyaK,DAOKO,ShibuyaK -SamishiiKamisama - Single,DAOKO,J-Pop,2015-10-21,260.0,128,796373,99.0;70.15748;75.22441;28.84252;21.43701;24.165356;30.011812;22.6063;21.826773;22.6063;16.370079;19.877954;20.267717;24.944883;17.539371;24.555119;34.299213;45.2126;63.531494;74.055115;68.59843;69.37795;42.874016;0.0;,efbb90,624e5c,5034.0,Archivo de audio MPEG,260022.0,2015.0,256.0,44100.0,100.0,100.0,5836.0,5.0,1.0,2.0,3837188195.0,2025-08-05 02:36:35,DAOKO & 小島英也(ORESAMA),,,70,2.0
Daoko,Samishii Kamisama,DAOKO,ShibuyaK -SamishiiKamisama - Single,DAOKO,J-Pop,2015-10-21,267.08,128,695968,99.0;78.342514;44.04331;48.330708;45.2126;27.67323;37.807087;29.622047;28.452757;22.216536;36.637794;40.535435;33.90945;59.244095;32.350395;40.145668;52.228348;59.633858;67.81889;65.87008;62.362206;61.582676;33.90945;0.0;,fd8769,545556,5036.0,Archivo de audio MPEG,267102.0,2015.0,256.0,44100.0,100.0,100.0,6773.0,5.0,1.0,2.0,3835366754.0,2025-07-15 00:39:14,DAOKO & 小島英也(ORESAMA),,,23,
Daoko,Yumemitetano Atashi,DAOKO,ShibuyaK -SamishiiKamisama - Single,DAOKO,J-Pop,2015-10-21,267.49,100,b56f46,83.40945;58.854332;99.0;68.59843;35.468506;40.535435;53.007874;27.283466;23.385828;22.6063;26.503939;31.570868;40.925198;38.97638;27.283466;28.84252;38.586617;52.61811;61.582676;40.535435;30.79134;58.074802;54.95669;0.0;,d8da8d,3296e7,5038.0,Archivo de audio MPEG,267520.0,2015.0,256.0,44100.0,100.0,100.0,4457.0,5.0,1.0,3.0,3834310330.0,2025-07-02 19:12:10,DAOKO & 小島英也(ORESAMA),,,15,
Daoko,Tanemoshikakemoarumahou,DAOKO,Shitekiryoko,DAOKO,J-Pop,2018-12-12,245.97,116,09a80f,77.95276;36.637794;69.37795;41.704723;49.110237;48.720474;56.90551;45.2126;36.24803;30.79134;37.027557;41.704723;42.874016;45.2126;32.740158;39.366142;55.73622;70.54724;77.173225;72.885826;68.98819;99.0;67.42913;0.0;,e956b9,b1e9a2,5046.0,Archivo de audio MPEG,245995.0,2018.0,256.0,44100.0,100.0,100.0,6499.0,5.0,1.0,1.0,3825318063.0,2025-03-20 18:21:03,,,,27,2.0
Daoko,Tenshi Ga Itayo,Daoko,Slash-&-Burn,Daoko,J-Pop,2024-04-10,195.87,125,996c7b,99.0;54.95669;38.586617;22.6063;22.996063;16.370079;17.539371;25.334646;26.503939;21.047245;21.047245;19.877954;19.098427;18.3189;12.472443;15.20079;17.149609;24.165356;23.385828;33.90945;51.44882;61.972443;44.43307;0.0;,ddcca7,5a3a42,5058.0,Archivo de audio MPEG,195892.0,2024.0,256.0,44100.0,100.0,100.0,3494.0,5.0,1.0,1.0,3822403688.0,2025-02-15 00:48:08,,,,28,-1.0
Daoko,Fts,Daoko,Slash-&-Burn,Daoko,J-Pop,2024-05-22,241.95,129,a08674,42.484253;80.291336;99.0;22.216536;22.216536;16.370079;19.877954;16.759842;21.43701;13.641735;15.20079;22.216536;22.996063;20.657482;14.811024;17.929134;26.114174;25.724411;30.011812;29.232285;29.622047;37.027557;26.893702;0.0;,9aef48,a52871,5060.0,Archivo de audio MPEG,241972.0,2024.0,256.0,44100.0,100.0,100.0,1759.0,5.0,1.0,2.0,3823263351.0,2025-02-24 23:35:51,,,,22,-1.0
Daoko,Slump,Daoko,Slash-&-Burn,Daoko,J-Pop,2024-05-22,210.31,120,9a4e53,99.0;65.09055;51.059055;38.586617;23.385828;23.77559;25.334646;22.6063;25.334646;24.165356;23.77559;22.996063;20.657482;17.929134;9.744095;12.08268;15.20079;21.826773;24.165356;20.657482;26.503939;33.90945;21.826773;0.0;,9ffb7c,4a232e,5062.0,Archivo de audio MPEG,210337.0,2024.0,256.0,44100.0,100.0,100.0,1591.0,5.0,1.0,4.0,3835036716.0,2025-07-11 04:58:36,,,,33,27.0
Daoko,Gameover,Daoko,Slash-&-Burn,Daoko,J-Pop,2024-05-22,178.34,124,b8cbd2,68.208664;91.20473;99.0;76.00394;47.940945;59.244095;84.578735;68.59843;83.40945;51.44882;52.61811;47.940945;41.704723;45.602364;36.24803;40.535435;51.83858;53.007874;58.074802;65.480316;64.70079;79.12205;56.515747;0.0;,c57aea,833a36,5066.0,Archivo de audio MPEG,178364.0,2024.0,256.0,44100.0,100.0,100.0,6458.0,5.0,1.0,3.0,3831325610.0,2025-05-29 06:06:50,,,,29,1.0
Daoko,Akame No Buildings,Daoko,Slash-&-Burn,Daoko,J-Pop,2024-05-22,250.49,85,292513,48.330708;99.0;97.05118;26.503939;23.77559;31.96063;25.334646;30.011812;27.67323;17.929134;22.6063;21.826773;22.996063;18.708662;12.472443;14.421261;21.43701;18.708662;24.165356;26.114174;22.6063;35.468506;27.67323;0.0;,75f54f,8b1a67,5080.0,Archivo de audio MPEG,250514.0,2024.0,256.0,44100.0,100.0,100.0,3220.0,5.0,1.0,3.0,3837241706.0,2025-08-05 17:28:26,,,,31,-2.0
Daoko,Ututu,Daoko,UTUTU,Daoko,Hip-Hop/Rap,2013-09-11,132.94,90,393111,83.40945;99.0;38.19685;60.02362;63.921257;39.366142;51.059055;89.64567;46.771652;42.484253;39.755905;47.55118;42.09449;37.027557;29.232285;35.078743;67.81889;68.98819;82.24016;63.531494;58.854332;66.649605;53.397636;0.0;,fe7474,cca15e,5112.0,Archivo de audio MPEG,132963.0,2013.0,256.0,44100.0,100.0,100.0,4444.0,5.0,1.0,4.0,3827335432.0,2025-04-13 01:43:52,Pigeondust,,,34,-1.0
Daoko,Affordance,DAOKO & GuruConnect,Affordance - Single,DAOKO & GuruConnect,Alternative,2022-01-26,141.09,105,07a20e,99.0;43.26378;62.362206;28.452757;25.724411;36.637794;19.098427;21.43701;14.421261;14.031498;18.3189;19.877954;23.385828;20.267717;21.43701;28.84252;32.350395;39.366142;55.34646;70.54724;77.173225;71.71654;47.940945;0.0;,f2a5aa,c680ae,5134.0,Archivo de audio MPEG,141113.0,2022.0,256.0,44100.0,100.0,100.0,1259.0,5.0,1.0,5.0,3835862203.0,2025-07-20 18:16:43,,,,18,-4.0
Daoko,Groggy Ghost,Daoko & TAAR,Groggy Ghost - Single,Daoko & TAAR,Hip-Hop/Rap,2021-09-29,193.65,96,32490a,99.0;67.03937;50.669292;27.67323;16.759842;23.385828;16.370079;20.267717;18.708662;19.877954;21.43701;22.996063;20.267717;22.216536;18.708662;23.385828;28.062992;37.417324;47.55118;42.09449;35.468506;31.570868;17.149609;0.0;,dfcb5a,943f45,5136.0,Archivo de audio MPEG,193671.0,2021.0,256.0,44100.0,100.0,100.0,3082.0,5.0,1.0,2.0,3828885718.0,2025-05-01 00:21:58,,,,28,-3.0
Daoko,Escape,Daoko & Yohji Igarashi,Escape - Single,Daoko & Yohji Igarashi,Dance,2022-03-09,223.74,117,9a1b7f,72.885826;99.0;44.822834;22.6063;15.590553;26.114174;19.877954;25.724411;20.267717;21.43701;17.929134;14.811024;15.980316;19.877954;16.759842;22.996063;30.79134;36.637794;41.704723;40.925198;43.65354;79.90157;42.874016;0.0;,e0d37b,714d55,5138.0,Archivo de audio MPEG,223764.0,2022.0,256.0,44100.0,100.0,100.0,7216.0,5.0,1.0,4.0,3835032820.0,2025-07-11 03:53:40,,,,24,-3.0
Daoko,Mad,Daoko & Yohji Igarashi,Mad - EP,Daoko & Yohji Igarashi,Dance,2022-03-23,209.61,126,5f5c63,99.0;75.614174;40.535435;30.79134;33.12992;42.484253;54.56693;43.65354;45.2126;33.12992;42.874016;31.570868;28.84252;33.12992;26.114174;28.452757;38.97638;37.807087;44.04331;54.56693;57.295277;56.515747;25.724411;0.0;,f7a892,16111a,5140.0,Archivo de audio MPEG,209632.0,2022.0,256.0,44100.0,100.0,100.0,4810.0,5.0,1.0,2.0,3827333548.0,2025-04-13 01:12:28,,,,34,15.0
Daoko,Spoopy,Daoko & Yohji Igarashi,Mad - EP,Daoko & Yohji Igarashi,Dance,2022-03-23,175.6,126,665563,99.0;75.22441;40.925198;25.334646;17.539371;23.385828;26.503939;29.622047;26.893702;33.90945;38.19685;37.417324;28.84252;30.011812;21.826773;33.90945;40.145668;40.535435;44.822834;43.65354;36.24803;40.145668;22.996063;0.0;,eca94c,342330,5142.0,Archivo de audio MPEG,175621.0,2022.0,256.0,44100.0,100.0,100.0,5340.0,5.0,1.0,1.0,3820418461.0,2025-01-23 01:21:01,,,,16,1.0
Daoko,Cha Cha,Daoko & Yohji Igarashi,Mad - EP,Daoko & Yohji Igarashi,Dance,2022-03-23,175.28,137,0d1012,73.27559;91.20473;44.822834;41.704723;31.570868;32.350395;43.65354;26.893702;50.279526;35.468506;51.44882;54.95669;54.95669;53.397636;42.874016;69.37795;88.47638;77.56299;99.0;97.8307;65.87008;62.75197;36.637794;0.0;,f05951,95937f,5146.0,Archivo de audio MPEG,175307.0,2022.0,256.0,44100.0,100.0,100.0,10667.0,5.0,1.0,4.0,3829849939.0,2025-05-12 04:12:19,Daoko & YOHJI IGARASHI,,,21,1.0
Daoko,Senkyaku Banrai,DAOKO × MIYAVI,Senkyaku Banrai - Single,DAOKO × MIYAVI,J-Rock,2019-07-03,268.15,135,a59fb0,91.98425;91.98425;91.20473;42.09449;35.85827;52.61811;38.97638;61.582676;51.83858;47.55118;31.181103;44.822834;44.04331;51.44882;48.330708;47.940945;70.15748;87.30708;99.0;93.93307;72.49606;89.64567;69.37795;0.0;,fe7a74,a5a48a,5148.0,Archivo de audio MPEG,268173.0,2019.0,256.0,44100.0,100.0,100.0,7682.0,5.0,1.0,6.0,3835549417.0,2025-07-17 03:23:37,,,,35,2.0
Daoko,Step Up Love,DAOKO×岡村靖幸,Step Up Love - Single,DAOKO×岡村靖幸,J-Pop,2017-10-18,253.62,128,6e6c72,43.65354;99.0;62.75197;28.452757;31.570868;42.09449;34.688976;38.97638;33.90945;32.740158;33.90945;36.637794;43.65354;56.515747;41.31496;51.83858;56.90551;65.87008;76.78346;73.66535;74.055115;93.15354;65.87008;0.0;,fd7b6b,898b8a,5156.0,Archivo de audio MPEG,253648.0,2017.0,256.0,44100.0,100.0,100.0,12017.0,5.0,1.0,3.0,3837787443.0,2025-08-12 01:04:03,岡村靖幸,,,39,-1.0
Daoko,Uchiagehanabi,DAOKO×米津玄師,Uchiagehanabi - Single,DAOKO,J-Pop,2017-08-16,289.44,96,443d30,48.720474;99.0;47.55118;92.374016;54.95669;51.059055;57.295277;44.43307;26.503939;24.165356;27.283466;24.165356;40.925198;41.704723;42.09449;33.519684;34.688976;38.19685;44.04331;41.704723;51.059055;48.720474;37.417324;0.0;,98f452,0393a4,5162.0,Archivo de audio MPEG,289462.0,2017.0,256.0,44100.0,100.0,100.0,5313.0,5.0,1.0,2.0,3835035332.0,2025-07-11 04:35:32,Kenshi Yonezu,,,15,1.0
Daoko,Troy,Dios feat.Daoko,Troy - Single,Dios feat.Daoko,Pop indie,2024-04-03,198.56,112,a82e69,76.00394;99.0;68.59843;44.04331;42.874016;30.401575;39.366142;36.24803;31.96063;22.6063;27.283466;27.67323;25.724411;26.503939;20.267717;26.114174;27.67323;30.401575;32.350395;42.484253;42.484253;54.95669;33.519684;0.0;,aff46f,331d2b,5164.0,Archivo de audio MPEG,198582.0,2024.0,256.0,44100.0,100.0,100.0,4039.0,5.0,1.0,1.0,3833260837.0,2025-06-20 15:40:37,,,,26,-1.0
Daoko,IRONY,m-flo + daoko,FUTURE IS WOW,m-flo,J-Pop,2013-09-11,291.37,90,020304,99.0;81.85039;49.889763;41.31496;17.929134;24.555119;30.79134;35.078743;46.38189;20.267717;25.724411;30.011812;27.283466;28.84252;21.826773;24.555119;40.925198;45.992126;48.330708;53.397636;67.03937;97.44095;84.968506;0.0;,f0b49e,a98ba7,6930.0,Archivo de audio MPEG,291395.0,2013.0,256.0,44100.0,100.0,100.0,5362.0,5.0,1.0,3.0,3835888004.0,2025-07-21 01:26:44,m-flo + daoko,,,70,14.0
Daoko,Otogino Machi,Daoko,Otogino Machi - Single,Daoko,J-Pop,2020-01-15,203.22,113,5b79f6,71.71654;56.515747;56.125984;26.503939;28.062992;47.55118;29.232285;60.413383;27.283466;34.688976;34.299213;35.468506;38.586617;38.586617;28.84252;35.078743;47.940945;51.059055;59.244095;67.03937;77.56299;99.0;73.27559;0.0;,f677ae,b9cbd4,13798.0,Archivo de audio AAC,203198.0,2020.0,331.0,48000.0,100.0,100.0,3844.0,5.0,1.0,2.0,3835606405.0,2025-07-17 19:13:25,Daoko & Nariaki,,,36,-1.0
Daoko,金星,女王蜂 feat. DAOKO,Q,女王蜂,J-Rock,2017-04-05T07:00:00Z,234.43,123,b23477,99.0;73.66535;36.637794;26.503939;35.468506;50.279526;44.822834;41.704723;45.602364;44.822834;42.09449;58.464565;47.16142;68.208664;49.889763;94.7126;71.71654;72.49606;54.56693;70.15748;92.76378;98.61023;74.444885;0.0;,f85679,84887c,22186.0,Archivo de audio AAC,234373.0,2017.0,256.0,44100.0,100.0,100.0,7188.0,5.0,1.0,1.0,3834070644.0,2025-06-30 00:37:24,薔薇園アヴ,,,32,-1.0
Daoko: World Tour - CDMX 2023,Allure of the Dark,Daoko,Allure of the Dark - Single,Daoko,J-Pop,2023-11-01,248.95,158,030307,79.51181;99.0;70.93701;45.602364;30.011812;32.740158;28.452757;38.19685;47.55118;46.38189;31.181103;30.011812;40.925198;26.893702;22.6063;28.062992;33.90945;33.90945;33.519684;30.011812;35.078743;60.80315;35.468506;0.0;,b1f05d,1b0c1f,4942.0,Archivo de audio MPEG,248973.0,2023.0,256.0,44100.0,100.0,100.0,5213.0,5.0,1.0,1.0,3820417159.0,2025-01-23 00:59:19,,,,21,
Daoko: World Tour - CDMX 2023,Ocharaketayo,DAOKO,Anima,DAOKO,Alternative,2020-07-29,250.91,95,643531,93.93307;99.0;59.633858;58.854332;43.26378;36.637794;45.2126;32.350395;36.24803;35.85827;30.79134;29.232285;32.350395;29.232285;17.929134;24.944883;28.062992;37.417324;41.31496;38.97638;44.822834;47.16142;29.622047;0.0;,adf56c,5914b4,4964.0,Archivo de audio MPEG,250932.0,2020.0,256.0,44100.0,,,1259.0,5.0,1.0,,,,Daoko & pxzvc,,,39,-23.0
Daoko: World Tour - CDMX 2023,Suisei,DAOKO,DAOKO,DAOKO,J-Pop,2015-03-25,273.58,100,1515c3,97.05118;93.93307;49.5;87.69685;37.027557;26.893702;69.37795;63.531494;49.110237;33.90945;45.602364;50.669292;47.940945;51.83858;37.417324;44.43307;49.889763;63.531494;67.42913;65.09055;81.07086;99.0;67.42913;0.0;,fa88a1,a09b83,4966.0,Archivo de audio MPEG,273606.0,2015.0,256.0,44100.0,100.0,100.0,5334.0,5.0,1.0,2.0,3833805455.0,2025-06-26 22:57:35,"tofubeats, DAOKO & Onomatope Daiji",,,41,1.0
Daoko: World Tour - CDMX 2023,Kakete Ageru,DAOKO,DAOKO,DAOKO,J-Pop,2015-03-25,243.07,109,6419bd,99.0;86.137794;48.330708;72.885826;34.299213;47.16142;71.71654;41.704723;49.5;44.43307;36.637794;52.228348;53.007874;63.14173;44.04331;54.56693;52.61811;69.37795;73.27559;63.531494;57.68504;79.90157;63.531494;0.0;,fc6477,817969,4968.0,Archivo de audio MPEG,243095.0,2015.0,256.0,44100.0,100.0,100.0,4319.0,5.0,1.0,1.0,3819979475.0,2025-01-17 23:24:35,DAOKO & 小島英也,,,30,
Daoko: World Tour - CDMX 2023,Boku,DAOKO,DAOKO,DAOKO,J-Pop,2015-03-25,295.92,105,a93365,44.04331;44.822834;31.570868;36.24803;14.811024;20.657482;28.452757;19.098427;25.724411;22.996063;20.267717;17.929134;24.555119;25.724411;17.929134;18.708662;25.334646;31.181103;35.85827;38.586617;39.366142;99.0;45.992126;0.0;,e992c4,6d4e58,4976.0,Archivo de audio MPEG,295941.0,2015.0,256.0,44100.0,,100.0,3794.0,5.0,1.0,,,,DAOKO & 小島英也,,,23,-11.0
Daoko: World Tour - CDMX 2023,Samishii Kamisama,DAOKO,ShibuyaK -SamishiiKamisama - Single,DAOKO,J-Pop,2015-10-21,267.08,128,695968,99.0;78.342514;44.04331;48.330708;45.2126;27.67323;37.807087;29.622047;28.452757;22.216536;36.637794;40.535435;33.90945;59.244095;32.350395;40.145668;52.228348;59.633858;67.81889;65.87008;62.362206;61.582676;33.90945;0.0;,fd8769,545556,5036.0,Archivo de audio MPEG,267102.0,2015.0,256.0,44100.0,100.0,100.0,6773.0,5.0,1.0,2.0,3835366754.0,2025-07-15 00:39:14,DAOKO & 小島英也(ORESAMA),,,23,
Daoko: World Tour - CDMX 2023,Yumemitetano Atashi,DAOKO,ShibuyaK -SamishiiKamisama - Single,DAOKO,J-Pop,2015-10-21,267.49,100,b56f46,83.40945;58.854332;99.0;68.59843;35.468506;40.535435;53.007874;27.283466;23.385828;22.6063;26.503939;31.570868;40.925198;38.97638;27.283466;28.84252;38.586617;52.61811;61.582676;40.535435;30.79134;58.074802;54.95669;0.0;,d8da8d,3296e7,5038.0,Archivo de audio MPEG,267520.0,2015.0,256.0,44100.0,100.0,100.0,4457.0,5.0,1.0,3.0,3834310330.0,2025-07-02 19:12:10,DAOKO & 小島英也(ORESAMA),,,15,
Daoko: World Tour - CDMX 2023,Mad,Daoko & Yohji Igarashi,Mad - EP,Daoko & Yohji Igarashi,Dance,2022-03-23,209.61,126,5f5c63,99.0;75.614174;40.535435;30.79134;33.12992;42.484253;54.56693;43.65354;45.2126;33.12992;42.874016;31.570868;28.84252;33.12992;26.114174;28.452757;38.97638;37.807087;44.04331;54.56693;57.295277;56.515747;25.724411;0.0;,f7a892,16111a,5140.0,Archivo de audio MPEG,209632.0,2022.0,256.0,44100.0,100.0,100.0,4810.0,5.0,1.0,2.0,3827333548.0,2025-04-13 01:12:28,,,,34,15.0
Daoko: World Tour - CDMX 2023,Spoopy,Daoko & Yohji Igarashi,Mad - EP,Daoko & Yohji Igarashi,Dance,2022-03-23,175.6,126,665563,99.0;75.22441;40.925198;25.334646;17.539371;23.385828;26.503939;29.622047;26.893702;33.90945;38.19685;37.417324;28.84252;30.011812;21.826773;33.90945;40.145668;40.535435;44.822834;43.65354;36.24803;40.145668;22.996063;0.0;,eca94c,342330,5142.0,Archivo de audio MPEG,175621.0,2022.0,256.0,44100.0,100.0,100.0,5340.0,5.0,1.0,1.0,3820418461.0,2025-01-23 01:21:01,,,,16,1.0
Daoko: World Tour - CDMX 2023,Bokurano Network,DAOKO × 中田ヤスタカ,Shitekiryoko,DAOKO,J-Pop,2018-11-17,217.39,115,8b16a8,53.7874;52.61811;54.177166;65.87008;49.110237;34.299213;63.531494;43.26378;51.059055;45.602364;42.484253;53.397636;61.192913;45.2126;31.570868;40.145668;51.83858;75.614174;70.54724;60.02362;58.464565;99.0;42.484253;0.0;,de3cb3,817868,5154.0,Archivo de audio MPEG,217417.0,2018.0,256.0,44100.0,,100.0,9479.0,5.0,1.0,,,,Yasutaka Nakata,,,32,
Daoko: World Tour - CDMX 2023,Uchiagehanabi,DAOKO×米津玄師,Uchiagehanabi - Single,DAOKO,J-Pop,2017-08-16,289.44,96,443d30,48.720474;99.0;47.55118;92.374016;54.95669;51.059055;57.295277;44.43307;26.503939;24.165356;27.283466;24.165356;40.925198;41.704723;42.09449;33.519684;34.688976;38.19685;44.04331;41.704723;51.059055;48.720474;37.417324;0.0;,98f452,0393a4,5162.0,Archivo de audio MPEG,289462.0,2017.0,256.0,44100.0,100.0,100.0,5313.0,5.0,1.0,2.0,3835035332.0,2025-07-11 04:35:32,Kenshi Yonezu,,,15,1.0
Daoko: World Tour - CDMX 2023,ME!ME!ME! pt.1,日本アニメ(ーター)見本市-TeddyLoid-daoko,日本アニメ(ーター)見本市 「ME!ME!ME!」 - Single,日本アニメ(ーター)見本市-TeddyLoid-daoko,Anime,2014-12-22,96.02,125,9b6774,91.59448;70.15748;41.31496;38.586617;45.602364;42.09449;34.688976;38.97638;45.992126;44.04331;42.09449;38.19685;35.078743;48.330708;37.807087;41.704723;51.059055;61.582676;77.173225;79.90157;76.3937;99.0;73.66535;0.0;,fb769c,858786,14638.0,Archivo de audio AAC,96000.0,2014.0,323.0,48000.0,,,9311.0,5.0,1.0,,,,www.eimusics.com,,,20,-1.0
Daoko: World Tour - CDMX 2023,ME!ME!ME! pt.2,日本アニメ(ーター)見本市-TeddyLoid-daoko,日本アニメ(ーター)見本市 「ME!ME!ME!」 - Single,日本アニメ(ーター)見本市-TeddyLoid-daoko,Anime,2014-12-22,96.02,90,020404,73.66535;54.56693;65.480316;74.444885;52.61811;50.669292;47.55118;59.244095;84.578735;74.055115;52.228348;51.83858;54.177166;56.125984;61.192913;60.413383;99.0;73.66535;99.0;82.24016;54.177166;74.055115;54.56693;0.0;,d01c79,936059,14640.0,Archivo de audio AAC,96000.0,2014.0,321.0,48000.0,,,5106.0,5.0,1.0,,,,www.eimusics.com,,,12,-1.0
Daoko: World Tour - CDMX 2023,ME!ME!ME! pt.3,日本アニメ(ーター)見本市-TeddyLoid-daoko,日本アニメ(ーター)見本市 「ME!ME!ME!」 - Single,日本アニメ(ーター)見本市-TeddyLoid-daoko,Anime,2014-12-22,158.02,140,a7acac,49.889763;35.85827;38.586617;24.165356;20.267717;18.3189;26.503939;18.3189;31.96063;19.877954;25.334646;27.283466;35.078743;53.007874;36.637794;44.04331;55.34646;62.75197;73.27559;74.055115;79.12205;99.0;68.59843;0.0;,f95e95,b3b8cd,14642.0,Archivo de audio AAC,158000.0,2014.0,322.0,48000.0,,,11636.0,5.0,1.0,,,,www.eimusics.com,,,23,
Daoko: World Tour - CDMX 2023,Tsuki no Hana,Daoko,Pretty Guardian Sailor Moon Cosmos the Movie Theme Song Collection - EP,,Anime,2023-05-26,241.23,130,918092,99.0;86.91732;72.49606;39.755905;27.67323;40.535435;35.468506;30.79134;27.283466;23.77559;28.062992;26.893702;30.011812;30.79134;22.6063;33.519684;44.04331;46.38189;53.007874;49.889763;54.95669;76.78346;55.34646;0.0;,e8c883,5d4b59,14644.0,Archivo de audio AAC,241209.0,2023.0,322.0,48000.0,,,6733.0,5.0,1.0,,,,,True,,26,-2.0
Dua Lipa,Dance The Night (From Barbie The Album),Dua Lipa,Dance The Night (From Barbie The Album) - Single,Dua Lipa,Pop,2023-05-25,176.67,110,29db38,69.767715;82.24016;45.992126;44.43307;36.24803;25.724411;34.299213;31.570868;30.79134;28.062992;24.165356;25.334646;42.484253;47.16142;26.503939;44.43307;38.19685;43.65354;51.44882;50.669292;62.362206;99.0;69.767715;0.0;,fa9d95,b9a5e0,5200.0,Archivo de audio MPEG,176692.0,2023.0,256.0,44100.0,100.0,100.0,5817.0,5.0,1.0,3.0,3831057497.0,2025-05-26 03:38:17,"Andrew Wyatt, Caroline Ailin, Dua Lipa & Mark Ronson",,,70,-1.0
Dua Lipa,Hotter Than Hell,Dua Lipa,Dua Lipa (Deluxe),Dua Lipa,Pop,2017-05-06,188.06,110,a6ca2d,56.515747;44.822834;31.181103;29.232285;34.299213;37.807087;38.19685;44.43307;30.011812;36.637794;39.366142;49.110237;47.55118;44.04331;31.570868;49.889763;38.19685;50.279526;54.56693;34.688976;66.25984;99.0;44.04331;0.0;,eb4dad,a5f7de,5206.0,Archivo de audio MPEG,188081.0,2017.0,256.0,44100.0,100.0,100.0,7606.0,5.0,1.0,1.0,3822552157.0,2025-02-16 18:02:37,"Dua Lipa, Adam Midgley, Gerard O'Connell & Tommy Baxter",,,70,
Dua Lipa,Garden,Dua Lipa,Dua Lipa (Deluxe),Dua Lipa,Pop,2017-06-02,228.02,76,010302,83.019684;74.055115;52.61811;38.586617;52.228348;56.125984;60.02362;36.24803;26.893702;29.622047;40.145668;55.73622;46.771652;44.822834;30.401575;51.059055;51.44882;99.0;50.279526;38.19685;51.44882;95.88189;57.295277;0.0;,fb648d,b7ad8a,5214.0,Archivo de audio MPEG,228048.0,2017.0,256.0,44100.0,100.0,100.0,7604.0,5.0,1.0,3.0,3834413572.0,2025-07-03 23:52:52,"Dua Lipa, Greg Wells & Sean Douglas",,,70,1.0
Dua Lipa,No Goodbyes,Dua Lipa,Dua Lipa (Deluxe),Dua Lipa,Pop,2017-06-02,216.16,109,d0e482,88.47638;99.0;53.007874;41.704723;33.12992;34.688976;44.822834;37.027557;35.468506;31.96063;53.7874;57.295277;34.299213;32.740158;24.944883;44.822834;45.2126;67.81889;52.61811;44.04331;56.125984;88.47638;48.720474;0.0;,f9a476,a1f7c7,5216.0,Archivo de audio MPEG,216189.0,2017.0,256.0,44100.0,100.0,100.0,5187.0,5.0,1.0,1.0,3822553200.0,2025-02-16 18:20:00,"Dua Lipa, GRADES, Ilsey Juber & Lindy Robbins",,,70,-1.0
Dua Lipa,Thinking 'Bout You,Dua Lipa,Dua Lipa (Deluxe),Dua Lipa,Pop,2017-01-06,172.04,91,392b16,15.980316;74.055115;99.0;83.79921;35.078743;32.350395;53.7874;42.874016;55.34646;72.1063;47.55118;53.007874;54.177166;60.413383;34.688976;48.720474;40.145668;60.02362;46.771652;25.724411;44.04331;81.46063;77.95276;0.0;,720175,b3852f,5218.0,Archivo de audio MPEG,172068.0,2017.0,256.0,44100.0,100.0,100.0,4202.0,5.0,1.0,2.0,3825790151.0,2025-03-26 05:29:11,Dua Lipa & Adam Argyle,,,50,1.0
Dua Lipa,New Rules,Dua Lipa,Dua Lipa (Deluxe),Dua Lipa,Pop,2017-06-02,209.42,116,a44054,68.208664;75.22441;59.633858;41.31496;47.940945;68.208664;45.2126;37.027557;33.90945;45.2126;35.078743;42.484253;33.519684;33.519684;23.385828;37.417324;40.145668;57.295277;51.059055;43.26378;56.515747;99.0;80.291336;0.0;,e995c3,898989,5220.0,Archivo de audio MPEG,209449.0,2017.0,256.0,44100.0,100.0,100.0,3483.0,5.0,1.0,2.0,3823756832.0,2025-03-02 16:40:32,"Caroline Ailin, Emily Warren & Ian Kirkpatrick",,,70,-1.0
Dua Lipa,Last Dance,Dua Lipa,Dua Lipa (Deluxe),Dua Lipa,Pop,2017-02-09,229.07,136,333123,99.0;90.42519;41.31496;40.535435;57.68504;37.807087;39.755905;65.480316;34.299213;33.90945;38.19685;45.602364;63.921257;43.26378;39.366142;63.531494;57.68504;80.291336;65.480316;31.96063;41.31496;64.31102;49.5;0.0;,ec6641,a4685d,5234.0,Archivo de audio MPEG,229093.0,2017.0,256.0,44100.0,100.0,100.0,5062.0,5.0,1.0,4.0,3837348639.0,2025-08-06 23:10:39,"Dua Lipa, Stephen ""Koz"" Kozmeniuk & Talay Riley",,,70,-1.0
Dua Lipa,Cool,Dua Lipa,Future Nostalgia,Dua Lipa,Pop,2020-03-27,209.68,91,010302,59.244095;99.0;60.02362;47.940945;51.44882;21.047245;30.79134;33.519684;33.519684;44.04331;46.38189;47.940945;49.110237;52.61811;37.417324;49.110237;47.940945;57.295277;68.208664;58.854332;70.93701;96.661415;59.244095;0.0;,fe8974,b7c5a3,5240.0,Archivo de audio MPEG,209711.0,2020.0,256.0,44100.0,100.0,100.0,6394.0,5.0,1.0,7.0,3825864195.0,2025-03-27 02:03:15,"Ben Kohn, Camille Purcell, Dua Lipa, Peter Kelleher, Shakka Philip, Tom Barnes, Tove Lo",,,60,-1.0
Dua Lipa,Physical,Dua Lipa,Future Nostalgia,Dua Lipa,Pop,2020-01-30,193.93,147,62424b,86.91732;99.0;42.484253;47.940945;39.366142;24.165356;26.893702;47.940945;25.724411;32.740158;32.740158;40.925198;32.740158;40.925198;30.011812;48.330708;47.16142;56.125984;69.37795;57.68504;56.125984;68.208664;44.04331;0.0;,f79f5f,292c2f,5242.0,Archivo de audio MPEG,193959.0,2020.0,256.0,44100.0,100.0,100.0,7813.0,5.0,1.0,3.0,3822750600.0,2025-02-19 01:10:00,"Dua Lipa, Clarence Coffee Jr, Jason Evigan & Sarah Hudson",,,70,-5.0
Dua Lipa,Levitating,Dua Lipa,Future Nostalgia,Dua Lipa,Pop,2020-03-27,203.91,103,0817a5,83.40945;99.0;61.582676;55.73622;46.38189;63.14173;65.87008;58.464565;81.46063;56.125984;69.37795;68.98819;63.14173;66.25984;52.228348;65.480316;69.767715;79.12205;82.24016;80.291336;84.18898;91.98425;47.55118;0.0;,f14575,87635b,5244.0,Archivo de audio MPEG,203937.0,2020.0,256.0,44100.0,100.0,100.0,9870.0,5.0,1.0,4.0,3835100120.0,2025-07-11 22:35:20,"Clarence Coffee Jr., Dua Lipa, Sarah Hudson, Stephen Kozmeniuk",,,70,1.0
Dua Lipa,Levitating,Dua Lipa feat. DaBaby,Future Nostalgia,Dua Lipa,Pop,2020-03-27,203.15,103,053fa2,85.74803;89.255905;49.110237;53.7874;38.97638;59.244095;53.397636;48.720474;63.14173;45.602364;57.68504;62.362206;60.413383;62.362206;45.2126;50.279526;59.633858;71.71654;74.055115;81.07086;87.69685;99.0;54.56693;0.0;,fa5e8c,9e8b77,5258.0,Archivo de audio MPEG,203180.0,2020.0,256.0,44100.0,,100.0,7226.0,5.0,1.0,2.0,3822549346.0,2025-02-16 17:15:46,"Clarence Coffee Jr., Dua Lipa, Sarah Hudson, Stephen Kozmeniuk",,,70,-1.0
Dua Lipa,Hallucinate,Dua Lipa,Future Nostalgia,Dua Lipa,Pop,2020-03-27,208.59,122,afa9c2,58.464565;61.192913;56.515747;52.228348;88.47638;65.480316;67.42913;56.125984;49.110237;42.09449;56.515747;52.61811;55.34646;50.279526;27.283466;43.26378;45.992126;45.602364;51.83858;53.397636;73.66535;99.0;61.972443;0.0;,b548e5,95514d,5248.0,Archivo de audio MPEG,208613.0,2020.0,256.0,44100.0,100.0,100.0,6134.0,5.0,1.0,3.0,3825848344.0,2025-03-26 21:39:04,Dua Lipa,,,70,1.0
Dua Lipa,Love Again,Dua Lipa,Future Nostalgia,Dua Lipa,Pop,2020-03-27,258.12,116,6f13a9,99.0;93.93307;54.177166;33.519684;38.97638;28.84252;26.503939;18.3189;23.385828;17.539371;20.657482;25.334646;27.67323;33.519684;21.826773;43.26378;39.366142;55.34646;46.771652;53.7874;54.95669;60.413383;38.97638;0.0;,e9c264,725b69,5250.0,Archivo de audio MPEG,258142.0,2020.0,256.0,44100.0,100.0,100.0,6125.0,5.0,1.0,6.0,3831135764.0,2025-05-27 01:22:44,"Chelcee Grimes, Clarence Coffee Jr, Crosby, Dua Lipa, Stephen Kozmeniuk, Wallman & Wartell",,,70,1.0
Dua Lipa,Break My Heart,Dua Lipa,Future Nostalgia,Dua Lipa,Pop,2020-03-25,221.94,113,2b58df,73.66535;99.0;52.228348;63.14173;49.889763;44.43307;61.192913;38.19685;34.688976;37.807087;37.807087;42.874016;44.43307;37.027557;22.996063;44.04331;46.38189;65.480316;48.720474;31.570868;32.350395;71.71654;46.771652;0.0;,e5bc50,472d1c,5252.0,Archivo de audio MPEG,221962.0,2020.0,256.0,44100.0,100.0,100.0,7933.0,5.0,1.0,4.0,3827240458.0,2025-04-11 23:20:58,"Dua Lipa, Andrew Wotman, Ali Tamposi, Stefan Johnson, Jordan K. Johnson, Andrew Farriss & Michael Hutchence",,,60,2.0
Dua Lipa,Houdini,Dua Lipa,Houdini - Single,Dua Lipa,Pop,2023-11-09,186.02,117,9248e4,88.866135;99.0;54.95669;43.26378;32.740158;38.586617;40.535435;37.807087;31.570868;47.55118;37.417324;37.807087;33.90945;38.97638;28.84252;37.027557;33.90945;49.110237;70.15748;60.413383;63.531494;73.66535;37.417324;0.0;,f5b179,7b7c7e,5260.0,Archivo de audio MPEG,186044.0,2023.0,256.0,44100.0,100.0,100.0,4778.0,5.0,1.0,4.0,3832758661.0,2025-06-14 20:11:01,"Caroline Ailin, Danny L Harle, Dua Lipa, Kevin Parker & Tobias Jesso Jr.",,,70,-1.0
Dua Lipa,Illusion,Dua Lipa,Illusion - Single,Dua Lipa,Pop,2024-04-11,188.24,127,674f5c,99.0;76.00394;35.85827;51.059055;35.078743;25.334646;26.114174;30.011812;26.893702;30.401575;28.84252;27.283466;35.468506;34.688976;27.67323;38.586617;38.97638;49.889763;74.055115;63.14173;67.42913;63.531494;25.334646;0.0;,fc9c80,413e46,5262.0,Archivo de audio MPEG,188264.0,2024.0,256.0,44100.0,100.0,100.0,4975.0,5.0,1.0,2.0,3834831984.0,2025-07-08 20:06:24,"Caroline Ailin, Danny L Harle, Dua Lipa, Kevin Parker & Tobias Jesso Jr.",,,70,1.0
Dua Lipa,End Of An Era,Dua Lipa,Radical Optimism,Dua Lipa,Pop,2024-05-03,196.31,117,aa2488,85.35826;99.0;66.649605;55.73622;53.7874;52.228348;57.68504;46.38189;53.7874;30.401575;34.688976;26.114174;36.637794;34.688976;20.657482;31.96063;39.366142;43.26378;65.87008;63.14173;74.444885;82.24016;45.992126;0.0;,e1c6aa,5a5c5c,5266.0,Archivo de audio MPEG,196336.0,2024.0,256.0,44100.0,100.0,100.0,4927.0,5.0,1.0,2.0,3826295037.0,2025-04-01 01:43:57,"Caroline Ailin, Danny L Harle, Dua Lipa, Kevin Parker & Tobias Jesso Jr.",,,60,-2.0
Dua Lipa,These Walls,Dua Lipa,Radical Optimism,Dua Lipa,Pop,2024-05-03,217.89,123,9b6976,99.0;98.220474;54.95669;46.771652;37.027557;34.688976;55.34646;40.145668;33.12992;28.452757;36.637794;33.12992;24.555119;28.84252;21.43701;28.062992;35.85827;48.720474;60.413383;60.02362;56.125984;57.295277;31.181103;0.0;,e4ce78,201e26,5272.0,Archivo de audio MPEG,217913.0,2024.0,256.0,44100.0,100.0,100.0,4496.0,5.0,1.0,4.0,3825877783.0,2025-03-27 05:49:43,"Andrew Wyatt, Billy Walsh, Caroline Ailin, Danny L Harle & Dua Lipa",,,70,-1.0
Dua Lipa,Whatcha Doing,Dua Lipa,Radical Optimism,Dua Lipa,Pop,2024-05-03,198.3,105,027a9b,67.03937;99.0;47.16142;47.16142;31.570868;22.996063;37.417324;31.96063;25.334646;20.657482;30.401575;30.79134;31.570868;31.181103;22.216536;28.062992;30.011812;46.38189;66.649605;67.03937;67.03937;68.59843;33.519684;0.0;,f1b97a,b286a4,5274.0,Archivo de audio MPEG,198321.0,2024.0,256.0,44100.0,100.0,100.0,5895.0,5.0,1.0,1.0,3828883657.0,2025-04-30 23:47:37,"Ali Tamposi, Caroline Ailin, Danny L Harle, Dua Lipa & Kevin Parker",,,70,
Dua Lipa,Falling Forever,Dua Lipa,Radical Optimism,Dua Lipa,Pop,2024-05-03,223.19,130,8f798c,84.968506;99.0;45.2126;40.925198;40.535435;37.417324;43.26378;58.464565;35.85827;36.24803;34.688976;38.586617;41.31496;42.484253;23.77559;34.299213;30.401575;35.468506;47.940945;46.771652;54.177166;53.397636;29.232285;0.0;,e4c761,07080b,5280.0,Archivo de audio MPEG,223216.0,2024.0,256.0,44100.0,100.0,100.0,5021.0,5.0,1.0,1.0,3833361288.0,2025-06-21 19:34:48,"Ali Tamposi, Caroline Ailin, Danny L Harle, Dua Lipa, Emily Warren & Ian Kirkpatrick",,,70,
Dua Lipa,Maria,Dua Lipa,Radical Optimism,Dua Lipa,Pop,2024-05-03,187.77,127,6b616d,99.0;93.543304;78.342514;50.279526;50.279526;45.992126;42.09449;55.34646;33.90945;33.90945;33.90945;47.55118;45.2126;47.16142;22.996063;30.011812;37.807087;45.602364;61.582676;61.192913;67.81889;81.07086;44.43307;0.0;,e9c398,202622,5284.0,Archivo de audio MPEG,187794.0,2024.0,256.0,44100.0,100.0,100.0,2961.0,5.0,1.0,1.0,3820226860.0,2025-01-20 20:07:40,"Andrew Wyatt, Caroline Ailin, Danny L Harle, Dua Lipa & Julia Michaels",,,80,1.0
Dua Lipa,Happy For You,Dua Lipa,Radical Optimism,Dua Lipa,Pop,2024-05-03,245.79,120,ae809b,90.81496;97.8307;74.83464;75.22441;91.98425;68.98819;74.444885;48.720474;53.7874;46.771652;64.31102;60.80315;76.00394;51.44882;31.96063;49.889763;51.059055;65.87008;95.49213;83.019684;89.255905;99.0;54.177166;0.0;,f072ba,915f59,5286.0,Archivo de audio MPEG,245812.0,2024.0,256.0,44100.0,100.0,100.0,5239.0,5.0,1.0,2.0,3822907935.0,2025-02-20 20:52:15,"Caroline Ailin, Danny L Harle, Dua Lipa, Kevin Parker & Tobias Jesso Jr.",,,70,1.0
Dua Lipa,Training Season,Dua Lipa,Training Season - Single,Dua Lipa,Pop,2024-02-16,209.58,123,ac7990,98.61023;99.0;54.95669;43.65354;39.366142;25.334646;34.688976;47.940945;34.299213;46.38189;35.85827;64.70079;40.535435;44.822834;30.401575;49.889763;46.771652;63.14173;88.866135;84.578735;80.291336;81.46063;47.16142;0.0;,fe8f76,5d5f5e,5310.0,Archivo de audio MPEG,209606.0,2024.0,256.0,44100.0,100.0,100.0,6272.0,5.0,1.0,5.0,3834321205.0,2025-07-02 22:13:25,"Caroline Ailin, Danny L Harle, Dua Lipa, Kevin Parker, Martina Sorbara, Nicholas Gale, Shaun Frank, Steve Francis Richard Mastroianni, Tobias Jesso Jr. & Yaakov Gruzman",,,80,-1.0
Dua Lipa,Fever,Dua Lipa & Angèle,Future Nostalgia,Dua Lipa,Pop,2020-03-27,157.0,115,21bfda,67.03937;99.0;51.44882;28.84252;29.622047;25.334646;19.098427;19.48819;14.811024;15.590553;14.811024;18.708662;20.657482;23.385828;12.8622055;15.590553;16.370079;18.3189;24.165356;21.43701;24.165356;33.90945;24.165356;0.0;,98f350,6e2b32,5312.0,Archivo de audio MPEG,157022.0,2020.0,256.0,44100.0,100.0,100.0,2133.0,5.0,1.0,3.0,3825772536.0,2025-03-26 00:35:36,"Angèle, Caroline Ailin, Dua Lipa, Ian Kirkpatrick, Jacob Kasher Hindlin & Julia Michaels",,,60,-1.0
Dua Lipa,Prisoner,Miley Cyrus feat. Dua Lipa,Plastic Hearts,Miley Cyrus,Pop,2020-11-19,169.02,128,644853,78.732285;99.0;44.822834;39.755905;27.67323;35.85827;41.31496;37.027557;30.401575;30.011812;28.062992;38.97638;49.110237;51.44882;33.519684;44.04331;51.83858;67.42913;77.56299;59.633858;52.61811;72.49606;42.874016;0.0;,f98a59,383c3c,11278.0,Archivo de audio AAC,169000.0,2020.0,329.0,48000.0,100.0,100.0,5757.0,5.0,1.0,2.0,3826128439.0,2025-03-30 03:27:19,"Miley Cyrus, Miley Cyrus, Dua Lipa, Dua Lipa, Andrew Wotman, Andrew Wotman, Jordan K. Johnson, Jordan K. Johnson, Marcus Lomax, Marcus Lomax, Stefan Johnson, Stefan Johnson, Ali Tamposi, Ali Tamposi, Jonathan Bellion & Jonathan Bellion",,,70,2.0
Dua Lipa,Blow Your Mind (Mwah),Dua Lipa,Blow Your Mind (Mwah) - Single,Dua Lipa,Pop,2016-08-26,178.02,109,8427cb,99.0;70.15748;52.61811;36.24803;36.637794;38.97638;34.688976;37.417324;33.12992;47.940945;39.755905;44.43307;44.43307;43.65354;32.740158;43.65354;37.417324;45.992126;53.7874;42.874016;63.921257;88.47638;66.25984;0.0;,fb8d9b,a3a7a7,16754.0,Archivo de audio AAC,178000.0,2016.0,330.0,48000.0,100.0,100.0,5192.0,5.0,1.0,1.0,3832241362.0,2025-06-08 20:29:22,"Dua Lipa, Jon Levine & Lauren Christy",,,80,-1.0
Dua Lipa,CAN THEY HEAR US (From ‘Gully’ with original Daniel Heath Score),Dua Lipa,CAN THEY HEAR US (From ‘Gully’ with original Daniel Heath Score) - Single,Dua Lipa,Soundtrack,2021-06-04,231.9,95,2b2514,52.61811;99.0;70.54724;49.110237;68.208664;59.633858;72.49606;43.26378;50.279526;52.228348;49.889763;66.25984;45.602364;44.822834;28.84252;42.484253;37.417324;44.43307;40.535435;44.43307;52.228348;58.464565;31.181103;0.0;,449611,836b16,16762.0,Archivo de audio AAC,231874.0,2021.0,330.0,48000.0,100.0,100.0,5382.0,5.0,1.0,1.0,3832757103.0,2025-06-14 19:45:03,Dua Lipa/Clarence Coffee Jr.,,,24,1.0
Dua Lipa,Cold Heart (PNAU Remix),Elton John & Dua Lipa,Cold Heart (PNAU Remix) - Single,Elton John & Dua Lipa,Pop,2021-08-13,202.82,116,811cba,61.582676;99.0;61.972443;30.79134;19.098427;24.944883;21.43701;19.877954;15.20079;12.08268;15.980316;15.980316;16.370079;17.539371;10.523624;11.30315;14.421261;24.165356;33.90945;42.09449;50.669292;47.940945;28.452757;0.0;,bdee70,6c3b3d,16772.0,Archivo de audio AAC,202803.0,2021.0,331.0,48000.0,100.0,100.0,2514.0,5.0,1.0,3.0,3825961375.0,2025-03-28 05:02:55,"Elton John, Bernie Taupin, Peter Mayes, Nicholas Littlemore & Sam Littlemore",,,60,-23.0
Dua Lipa,Don't Start Now,Dua Lipa,Don't Start Now - Single,Dua Lipa,Pop,2019-10-31,183.37,124,b3adcd,71.32677;99.0;56.90551;46.771652;31.570868;39.755905;40.535435;38.586617;44.822834;45.602364;38.97638;47.16142;42.874016;49.5;37.807087;47.55118;43.65354;47.16142;52.61811;53.007874;73.27559;79.90157;58.074802;0.0;,fc9770,858a81,16782.0,Archivo de audio AAC,183345.0,2019.0,329.0,48000.0,100.0,100.0,4260.0,5.0,1.0,2.0,3827256659.0,2025-04-12 03:50:59,"Dua Lipa, Caroline Ailin, Emily Warren & Ian Kirkpatrick",,,70,-23.0
Dua Lipa,Future Nostalgia,Dua Lipa,Future Nostalgia - Single,Dua Lipa,Pop,2019-12-13,184.97,115,3f1bc6,76.3937;95.88189;49.889763;37.417324;35.078743;39.366142;43.26378;30.401575;31.570868;37.807087;33.519684;40.145668;37.417324;44.43307;29.622047;37.807087;36.24803;47.55118;53.7874;60.02362;73.66535;99.0;56.90551;0.0;,f7a693,9fa1a6,16796.0,Archivo de audio AAC,184947.0,2019.0,326.0,48000.0,100.0,100.0,4278.0,5.0,1.0,1.0,3833314126.0,2025-06-21 06:28:46,"Dua Lipa, Clarence Coffee Jr & Jeff Bhasker",,,100,-2.0
Dua Lipa,One Kiss,"Calvin Harris, Dua Lipa",One Kiss - Single,"Calvin Harris, Dua Lipa",Dance,2018-04-06,214.92,124,ce8cc8,99.0;90.03543;51.44882;53.007874;28.062992;37.027557;31.570868;29.622047;32.740158;33.519684;34.688976;42.484253;33.519684;32.740158;25.334646;45.992126;34.299213;46.771652;47.940945;41.704723;48.330708;69.37795;53.007874;0.0;,ecc170,4b414d,16852.0,Archivo de audio AAC,214901.0,2018.0,333.0,48000.0,100.0,100.0,5686.0,5.0,1.0,4.0,3834417597.0,2025-07-04 00:59:57,"Dua Lipa, Adam Wiles & Jessie Reyez",,,70,-23.0
Dua Lipa,Real Groove (Studio 2054 Remix),Kylie Minogue & Dua Lipa,Real Groove (Studio 2054 Remix) - Single,Kylie Minogue & Dua Lipa,Pop,2020-12-31,262.96,120,b9d2dd,70.93701;99.0;43.26378;36.637794;32.350395;21.43701;28.84252;34.299213;28.452757;29.622047;28.062992;38.97638;36.637794;37.027557;30.79134;38.97638;46.38189;46.38189;37.807087;33.519684;29.622047;36.24803;26.503939;0.0;,c4aa1d,421f2c,16864.0,Archivo de audio AAC,262943.0,2020.0,327.0,48000.0,100.0,100.0,4232.0,5.0,1.0,4.0,3826299604.0,2025-04-01 03:00:04,"Alida Garpestad Peck, Kylie Minogue, Nico Stadi & Teemu Brunila",,,70,1.0
Dua Lipa,Swan Song (From the Motion Picture 'Alita- Battle Angel'),Dua Lipa,Swan Song (From the Motion Picture 'Alita- Battle Angel') - Single,Dua Lipa,Soundtrack,2019-01-24,182.16,94,1b0c1e,84.18898;99.0;36.24803;38.97638;20.267717;25.724411;31.96063;17.929134;19.48819;22.6063;21.047245;24.944883;21.047245;19.098427;13.641735;21.43701;24.555119;31.570868;32.740158;21.826773;23.77559;36.637794;24.555119;0.0;,b0ea4c,341d2b,16878.0,Archivo de audio AAC,182137.0,2019.0,327.0,48000.0,100.0,100.0,4002.0,5.0,1.0,9.0,3829915584.0,2025-05-12 22:26:24,"Dua Lipa, Justin Tranter, Kennedi Lykken, Mattias Larsson, Robin Fredriksson & Tom Holkenborg",,,70,2.0
Dua Lipa,No Lie,Sean Paul feat. Dua Lipa,No Lie - Single,Sean Paul feat. Dua Lipa,Reggae,2016-11-18,221.26,102,a32182,85.35826;99.0;63.531494;44.822834;53.397636;50.669292;42.484253;49.5;37.027557;46.38189;42.484253;61.972443;57.295277;55.73622;34.299213;44.04331;49.889763;67.81889;60.80315;60.413383;67.81889;78.342514;42.874016;0.0;,fd8469,635f51,17182.0,Archivo de audio AAC,221240.0,2016.0,330.0,48000.0,100.0,100.0,6608.0,5.0,1.0,4.0,3831905570.0,2025-06-04 23:12:50,"Sean Paul Henriques, Emily Warren, Andrew Jackson, Jamie Sanderson & Philip Kembo",,,70,-2.0
Dua Lipa,Scared to Be Lonely,Martin Garrix & Dua Lipa,Scared To Be Lonely - Single,Martin Garrix & Dua Lipa,Dance,2017-01-27,220.96,69,a7aa91,94.7126;99.0;46.38189;47.940945;33.90945;33.519684;48.720474;42.484253;40.535435;34.299213;36.24803;43.65354;38.97638;52.61811;35.85827;53.397636;44.04331;57.68504;42.484253;30.401575;48.330708;90.42519;52.61811;0.0;,f8a46c,7ef46a,17186.0,Archivo de audio AAC,220938.0,2017.0,325.0,48000.0,100.0,100.0,2955.0,5.0,1.0,1.0,3832860522.0,2025-06-16 00:28:42,"Martijn Garritsen, Georgia Ku Overton, Nathaniel Campany, Kyle Shearer & Giorgio Tuinfort",,,100,1.0
Dua Lipa,Want To,Dua Lipa,Dua Lipa (Complete Edition),Dua Lipa,Pop,2018-09-07,211.9,92,030808,72.1063;62.362206;72.1063;49.110237;63.921257;49.110237;58.854332;67.81889;67.03937;67.42913;50.669292;66.649605;54.95669;54.177166;37.417324;54.56693;57.68504;59.244095;73.27559;75.22441;99.0;93.93307;57.68504;0.0;,e141b4,a06f63,17222.0,Archivo de audio AAC,211882.0,2018.0,322.0,48000.0,100.0,100.0,6059.0,5.0,1.0,2.0,3827295720.0,2025-04-12 14:42:00,Amish Dilipkumar Patel/Andrew Jackson/Dua Lipa,,,50,1.0
Dua Lipa,Running,Dua Lipa,Dua Lipa (Complete Edition),Dua Lipa,Pop,2018,222.03,98,ca539d,99.0;77.173225;42.484253;38.586617;48.720474;36.24803;60.413383;47.55118;52.228348;39.755905;57.295277;56.90551;50.669292;47.55118;34.688976;54.56693;40.145668;60.02362;74.444885;50.279526;72.1063;79.12205;50.279526;0.0;,fc658b,717061,17224.0,Archivo de audio AAC,222006.0,2018.0,327.0,48000.0,100.0,100.0,6852.0,5.0,1.0,1.0,3833319766.0,2025-06-21 08:02:46,Andrew Wyatt/Dua Lipa,,,70,1.0
Dua Lipa,Kiss and Make Up,Dua Lipa & BLACKPINK,Dua Lipa (Complete Edition),Dua Lipa,Pop,2018-10-19,189.26,100,a42772,83.019684;99.0;83.79921;43.26378;35.468506;31.96063;34.688976;29.232285;25.724411;35.078743;24.555119;38.97638;38.19685;42.09449;31.181103;42.09449;41.31496;47.16142;53.397636;64.70079;66.649605;75.22441;61.582676;0.0;,ecc06e,848388,17226.0,Archivo de audio AAC,189242.0,2018.0,328.0,48000.0,100.0,100.0,4792.0,5.0,1.0,4.0,3832747077.0,2025-06-14 16:57:57,Chelcee Grimes/Dua Lipa/Marc Vincent/Mathieu Jomphe-Lepine/Teddy Parker/Yannick Rastogi/Zacharie Raymond,,,70,-3.0
Ellie Goulding,Midnight Dreams,Ellie Goulding,Higher Than Heaven (Deluxe),Ellie Goulding,Pop,2023-04-07,192.86,116,8f3bdc,63.531494;99.0;53.7874;43.26378;45.602364;56.125984;41.704723;49.889763;35.85827;40.145668;38.586617;43.26378;45.2126;62.75197;49.889763;59.244095;73.66535;62.362206;68.98819;71.32677;74.055115;86.137794;52.228348;0.0;,fa6a65,91907c,12750.0,Archivo de audio AAC,192842.0,2023.0,326.0,48000.0,100.0,100.0,8638.0,5.0,1.0,3.0,3826277579.0,2025-03-31 20:52:59,"Ellie Goulding, Glen Garth, Phil Garth, Stephen Kozmeniuk & Trey Campbell",,,60,
Ellie Goulding,Somebody,"TSHA, Ellie Goulding & Gregory Porter",Somebody - Single,"TSHA, Ellie Goulding & Gregory Porter",Electrónica,2023-09-14,235.36,77,120a16,88.08661;99.0;65.87008;48.720474;51.44882;26.114174;32.740158;38.97638;32.740158;17.539371;23.77559;22.996063;24.165356;17.149609;17.149609;23.385828;37.027557;34.299213;34.688976;41.31496;49.889763;69.767715;63.921257;0.0;,bdef89,442b37,12756.0,Archivo de audio AAC,235334.0,2023.0,326.0,48000.0,100.0,100.0,2528.0,5.0,1.0,2.0,3830265427.0,2025-05-16 23:37:07,"Ellie Goulding, Teisha Matthews & Matthew Phelan",,,38,-3.0
Ellie Goulding,Cure For Love,Ellie Goulding,Higher Than Heaven (Deluxe),Ellie Goulding,Pop,2023-04-07,177.02,111,1ed8d3,99.0;63.14173;36.637794;81.85039;26.114174;28.062992;44.04331;34.688976;35.468506;55.73622;36.24803;38.97638;31.570868;40.145668;34.299213;39.755905;51.44882;52.61811;60.02362;58.854332;69.767715;88.866135;54.56693;0.0;,f87eaa,b8dbcd,12776.0,Archivo de audio AAC,177000.0,2023.0,326.0,48000.0,100.0,100.0,8906.0,5.0,1.0,7.0,3835540838.0,2025-07-17 01:00:38,"Ellie Goulding, Andrew Wells, Anthony Rossomando & Tom Mann",,,60,-1.0
Ellie Goulding,By The End Of The Night,Ellie Goulding,Higher Than Heaven (Deluxe),Ellie Goulding,Pop,2023-04-07,188.64,150,746271,99.0;71.71654;30.79134;32.740158;32.350395;16.759842;24.555119;39.755905;24.944883;37.807087;20.657482;33.519684;27.283466;50.669292;49.110237;56.125984;65.09055;53.7874;55.73622;53.7874;49.5;59.633858;44.43307;0.0;,f87657,4f5053,12784.0,Archivo de audio AAC,188616.0,2023.0,328.0,48000.0,100.0,100.0,7098.0,5.0,1.0,1.0,3831278298.0,2025-05-28 16:58:18,"Ellie Goulding, Stephen Kozmeniuk & Trey Campbell",,,70,1.0
Ellie Goulding,Something In the Way You Move,Ellie Goulding,Delirium (Deluxe),Ellie Goulding,Pop,2015-10-09,227.51,109,9c1c80,99.0;97.05118;47.940945;53.397636;44.43307;33.519684;42.09449;42.484253;45.2126;43.26378;31.181103;42.09449;33.90945;42.874016;40.535435;45.2126;54.177166;45.992126;44.04331;49.110237;52.228348;78.342514;50.279526;0.0;,f5ad70,363b39,12788.0,Archivo de audio AAC,227486.0,2015.0,319.0,48000.0,100.0,100.0,4608.0,5.0,1.0,4.0,3837428054.0,2025-08-07 21:14:14,Ellie Goulding & Greg Kurstin,,,70,-5.0
Ellie Goulding,Love Goes On,Ellie Goulding,Higher Than Heaven (Deluxe),Ellie Goulding,Pop,2023-04-07,232.34,109,95245a,70.93701;99.0;54.177166;58.854332;52.61811;30.79134;44.822834;38.19685;31.96063;35.468506;28.452757;34.299213;36.637794;41.31496;30.011812;33.519684;40.535435;47.940945;62.75197;68.208664;71.32677;91.59448;57.295277;0.0;,f3b096,515354,12800.0,Archivo de audio AAC,232315.0,2023.0,318.0,48000.0,100.0,100.0,5090.0,5.0,1.0,1.0,3833316429.0,2025-06-21 07:07:09,Ellie Goulding & Greg Kurstin,,,40,-1.0
Ellie Goulding,On My Mind,Ellie Goulding,Delirium (Deluxe),Ellie Goulding,Pop,2015-09-17,213.53,155,0c0712,94.7126;99.0;58.074802;63.14173;45.2126;41.31496;33.90945;42.09449;40.535435;94.32283;38.586617;62.75197;42.484253;58.074802;39.755905;50.279526;70.54724;65.09055;61.972443;60.02362;69.37795;78.732285;46.38189;0.0;,fb7661,5c5246,12802.0,Archivo de audio AAC,213507.0,2015.0,322.0,48000.0,100.0,100.0,3918.0,5.0,1.0,3.0,3834334352.0,2025-07-03 01:52:32,"Ellie Goulding, Max Martin, Savan Kotecha & Ilya",,,70,-1.0
Ellie Goulding,Higher Than Heaven,Ellie Goulding,Higher Than Heaven (Deluxe),Ellie Goulding,Pop,2023-04-07,209.23,104,102fbd,45.2126;99.0;44.04331;32.350395;23.385828;26.114174;35.468506;33.12992;53.007874;35.85827;25.334646;27.283466;37.027557;43.26378;40.535435;46.771652;50.669292;45.992126;52.61811;61.972443;60.02362;63.14173;36.637794;0.0;,f58950,919197,12812.0,Archivo de audio AAC,209212.0,2023.0,324.0,48000.0,100.0,100.0,7762.0,5.0,1.0,4.0,3835371873.0,2025-07-15 02:04:33,"Ellie Goulding, Glen Garth, Phil Garth, Stephen Kozmeniuk & Trey Campbell",,,60,1.0
Ellie Goulding,Holding On For Life,Ellie Goulding,Delirium (Deluxe),Ellie Goulding,Pop,2015-11-06,255.3,114,87b018,35.468506;48.330708;67.42913;99.0;68.208664;69.767715;93.93307;68.59843;79.51181;55.73622;59.244095;55.73622;52.228348;62.75197;55.73622;62.75197;74.83464;63.14173;64.31102;68.98819;65.09055;90.81496;80.6811;0.0;,910db5,a5594c,12814.0,Archivo de audio AAC,255280.0,2015.0,320.0,48000.0,100.0,100.0,4547.0,5.0,1.0,1.0,3830369086.0,2025-05-18 04:24:46,"Ellie Goulding, Greg Kurstin & Maureen ""Mozella"" McDonald",,,100,-2.0
Ellie Goulding,Let It Die,Ellie Goulding,Higher Than Heaven (Deluxe),Ellie Goulding,Pop,2023,166.02,120,6742e7,50.669292;99.0;76.3937;70.93701;81.85039;68.59843;77.95276;87.30708;64.31102;63.921257;55.73622;42.09449;46.38189;51.83858;30.401575;43.65354;49.5;31.96063;38.97638;48.720474;51.83858;74.055115;70.54724;0.0;,1d6dce,6f3326,12816.0,Archivo de audio AAC,166000.0,2023.0,327.0,48000.0,100.0,100.0,7176.0,5.0,1.0,2.0,3827256268.0,2025-04-12 03:44:28,"Ellie Goulding, Peter Rycroft, Tom Mann & Andrea Rocha",,,50,-1.0
Ellie Goulding,Waiting For It,Ellie Goulding,Higher Than Heaven (Deluxe),Ellie Goulding,Pop,2023-04-07,199.39,90,432c1f,54.56693;99.0;36.24803;26.893702;42.09449;24.944883;22.216536;22.6063;22.216536;19.48819;14.811024;17.929134;20.267717;27.67323;19.877954;28.062992;38.19685;35.078743;34.299213;29.232285;28.452757;31.570868;30.011812;0.0;,b8d12f,9e2d59,12822.0,Archivo de audio AAC,199366.0,2023.0,316.0,48000.0,100.0,100.0,5193.0,5.0,1.0,1.0,3830428414.0,2025-05-18 20:53:34,"Ellie Goulding, Jesse Shatkin & Maureen ""Mozella"" McDonald",,,60,-2.0
Ellie Goulding,Don't Need Nobody,Ellie Goulding,Delirium (Deluxe),Ellie Goulding,Pop,2015-11-06,214.09,99,b62bc3,71.32677;99.0;41.704723;77.173225;55.73622;25.724411;48.330708;39.366142;44.43307;58.854332;41.704723;43.65354;61.582676;77.95276;43.65354;52.228348;60.02362;47.16142;49.5;40.535435;47.940945;60.413383;44.43307;0.0;,d15826,4f3c32,12826.0,Archivo de audio AAC,214065.0,2015.0,322.0,48000.0,100.0,100.0,3561.0,5.0,1.0,4.0,3830369588.0,2025-05-18 04:33:08,"Ellie Goulding, Savan Kotecha, Peter Svensson, Ludvig Söderberg, Jakob Jerlström & Max Martin",,,100,4.0
Ellie Goulding,Just For You,Ellie Goulding,Higher Than Heaven (Deluxe),Ellie Goulding,Pop,2023-04-07,186.48,113,8e2254,80.6811;99.0;79.90157;54.177166;44.822834;42.874016;27.67323;23.77559;29.622047;37.027557;31.96063;28.062992;27.283466;35.85827;26.114174;38.19685;49.110237;47.940945;68.208664;65.09055;67.42913;87.69685;74.83464;0.0;,ecc385,626265,12828.0,Archivo de audio AAC,186456.0,2023.0,322.0,48000.0,100.0,100.0,4335.0,5.0,1.0,5.0,3835545434.0,2025-07-17 02:17:14,"Ellie Goulding, Greg Kurstin & Julia Michaels",,,50,-2.0
Ellie Goulding,Don't Panic,Ellie Goulding,Delirium (Deluxe),Ellie Goulding,Pop,2015-11-06,196.46,102,6d14ae,53.7874;99.0;33.90945;46.38189;39.755905;43.65354;43.26378;37.417324;37.807087;44.43307;41.31496;43.65354;40.925198;60.80315;40.925198;44.43307;51.83858;50.669292;55.73622;61.192913;63.531494;75.614174;58.854332;0.0;,fb7361,767a74,12832.0,Archivo de audio AAC,196441.0,2015.0,323.0,48000.0,100.0,100.0,4194.0,5.0,1.0,2.0,3831969964.0,2025-06-05 17:06:04,"Ellie Goulding, Greg Kurstin & Maureen ""Mozella"" McDonald",,,100,43.0
Ellie Goulding,Temptation,Ellie Goulding,Higher Than Heaven (Deluxe),Ellie Goulding,Pop,2023-04-07,183.18,118,c4759f,70.15748;99.0;35.85827;41.704723;30.79134;25.334646;27.283466;26.893702;22.996063;29.622047;24.944883;23.77559;30.79134;45.992126;35.85827;39.755905;50.669292;44.822834;47.55118;53.7874;44.822834;49.5;31.181103;0.0;,e7a540,3e3440,12836.0,Archivo de audio AAC,183159.0,2023.0,328.0,48000.0,100.0,100.0,6180.0,5.0,1.0,12.0,3837439154.0,2025-08-08 00:19:14,"Ellie Goulding, Andrew Wells, Anthony Rossomando & Tom Mann",,,70,-1.0
Ellie Goulding,Intuition,Ellie Goulding,Higher Than Heaven (Deluxe),Ellie Goulding,Pop,2023-04-07,192.7,100,991987,94.32283;99.0;81.46063;62.75197;99.0;68.59843;54.95669;58.854332;59.633858;51.44882;44.43307;47.16142;46.38189;59.633858;45.992126;56.515747;68.98819;56.515747;60.80315;58.464565;58.074802;75.22441;50.279526;0.0;,fd7d67,5d3e38,12842.0,Archivo de audio AAC,192679.0,2023.0,321.0,48000.0,100.0,100.0,5699.0,5.0,1.0,2.0,3832784902.0,2025-06-15 03:28:22,Ellie Goulding & Greg Kurstin,,,50,-1.0
Ellie Goulding,Lost and Found,Ellie Goulding,Delirium (Deluxe),Ellie Goulding,Pop,2015-10-23,216.97,137,957284,61.972443;99.0;50.279526;43.26378;28.452757;38.19685;39.755905;26.114174;48.720474;49.889763;37.027557;38.19685;31.181103;38.586617;28.84252;38.97638;48.720474;48.330708;53.397636;59.633858;61.582676;63.14173;46.771652;0.0;,f69e5d,212527,12844.0,Archivo de audio AAC,216944.0,2015.0,318.0,48000.0,100.0,100.0,4513.0,5.0,1.0,3.0,3831055874.0,2025-05-26 03:11:14,"Ellie Goulding, Carl Falk, Max Martin, Laleh Pourkarim & Joakim Berg",,,100,-1.0
Ellie Goulding,Devotion,Ellie Goulding,Delirium (Deluxe),Ellie Goulding,Pop,2015-11-06,226.62,131,171c19,99.0;68.98819;83.79921;64.70079;52.61811;58.074802;47.55118;44.822834;41.704723;46.771652;32.350395;40.145668;35.078743;46.771652;36.637794;43.26378;67.81889;68.208664;81.85039;80.6811;77.95276;87.30708;53.397636;0.0;,fa7ea3,c6b889,12850.0,Archivo de audio AAC,226603.0,2015.0,324.0,48000.0,100.0,100.0,2992.0,5.0,1.0,4.0,3835792972.0,2025-07-19 23:02:52,"Ellie Goulding, Klas Åhlund, Ali Payami & Stephen Wrabel",,,99,
Ellie Goulding,Paradise,Ellie Goulding,Delirium (Deluxe),Ellie Goulding,Pop,2015-11-06,224.86,112,1c48d1,81.46063;74.055115;60.413383;99.0;48.330708;54.56693;79.51181;64.70079;77.95276;67.81889;62.75197;54.95669;43.26378;61.972443;47.16142;65.09055;83.019684;56.515747;57.68504;44.43307;58.464565;90.42519;60.02362;0.0;,ba13a2,834645,12858.0,Archivo de audio AAC,224839.0,2015.0,317.0,48000.0,100.0,100.0,6328.0,5.0,1.0,4.0,3831970875.0,2025-06-05 17:21:15,Ellie Goulding & Joel Little,,,100,1.0
Ellie Goulding,Winner,Ellie Goulding,Delirium (Deluxe),Ellie Goulding,Pop,2015-11-06,200.32,133,c8c390,99.0;54.95669;63.531494;36.24803;44.43307;44.04331;35.468506;54.177166;60.02362;54.95669;49.889763;53.397636;51.83858;59.244095;50.279526;67.81889;77.56299;70.15748;81.85039;73.27559;60.413383;81.85039;43.65354;0.0;,ed3f78,c09a74,12860.0,Archivo de audio AAC,200295.0,2015.0,322.0,48000.0,100.0,100.0,5002.0,5.0,1.0,2.0,3831024643.0,2025-05-25 18:30:43,Ellie Goulding & Laleh Pourkarim,,,100,-6.0
Ellie Goulding,Heal,Ellie Goulding,Delirium (Deluxe),Ellie Goulding,Pop,2015-11-06,292.62,120,b8bd99,95.49213;81.85039;83.019684;87.69685;77.173225;45.2126;59.633858;38.19685;33.519684;31.181103;34.299213;27.67323;32.740158;38.586617;28.84252;36.637794;53.007874;53.7874;61.192913;83.40945;81.46063;99.0;79.51181;0.0;,dcb4c6,79f984,12862.0,Archivo de audio AAC,292594.0,2015.0,324.0,48000.0,100.0,100.0,2907.0,5.0,1.0,4.0,3831997585.0,2025-06-06 00:46:25,"Ellie Goulding, Guy Lawrence & James Napier",,,100,1.0
Ellie Goulding,Guns and Horses,Ellie Goulding,Bright Lights (Deluxe Version),Ellie Goulding,Pop,2011,214.76,72,636564,49.5;99.0;42.09449;40.925198;31.570868;33.519684;51.44882;52.61811;58.854332;54.95669;34.688976;29.622047;29.622047;31.181103;26.503939;44.822834;44.822834;49.5;58.074802;78.342514;74.055115;78.342514;51.059055;0.0;,fe8d89,b1d3b1,14932.0,Archivo de audio AAC,214738.0,2011.0,329.0,48000.0,100.0,100.0,6465.0,5.0,1.0,8.0,3837250613.0,2025-08-05 19:56:53,John Fortis & Ellie Goulding,,,79,-2.0
Ellie Goulding,This Love (Will Be Your Downfall),Ellie Goulding,Bright Lights (Deluxe Version),Ellie Goulding,Pop,2011,233.61,110,8716aa,90.03543;99.0;65.480316;54.56693;40.925198;28.062992;68.208664;72.1063;44.04331;68.208664;44.822834;38.97638;47.55118;52.61811;34.299213;48.330708;55.34646;49.5;49.5;63.14173;75.22441;97.44095;64.31102;0.0;,fb9099,726f60,14954.0,Archivo de audio AAC,233593.0,2011.0,322.0,48000.0,100.0,100.0,4043.0,5.0,1.0,2.0,3831534172.0,2025-05-31 16:02:52,Ellie Goulding & Starsmith,,,80,-1.0
Ellie Goulding,Under the Sheets,Ellie Goulding,Bright Lights (Deluxe Version),Ellie Goulding,Pop,2011,225.16,102,033a98,66.25984;97.05118;47.940945;37.807087;42.484253;29.622047;22.216536;32.350395;35.85827;42.874016;37.807087;35.468506;21.826773;32.350395;26.114174;43.65354;50.669292;56.125984;63.531494;67.81889;70.54724;99.0;70.93701;0.0;,fb9f88,b0b6c1,14960.0,Archivo de audio AAC,225141.0,2011.0,328.0,48000.0,100.0,100.0,5371.0,5.0,1.0,2.0,3830899964.0,2025-05-24 07:52:44,Ellie Goulding & Starsmith,,,85,2.0
Ellie Goulding,Your Biggest Mistake,Ellie Goulding,Bright Lights (Deluxe Version),Ellie Goulding,Pop,2011,206.1,123,bf8fb9,72.1063;99.0;47.16142;54.177166;57.295277;33.519684;47.940945;42.09449;38.19685;42.484253;40.925198;34.299213;29.232285;42.874016;33.90945;44.43307;50.669292;55.73622;72.49606;70.15748;68.208664;84.968506;60.02362;0.0;,fd9784,909590,14994.0,Archivo de audio AAC,206077.0,2011.0,324.0,48000.0,100.0,100.0,6965.0,5.0,1.0,6.0,3837183316.0,2025-08-05 01:15:16,Ellie Goulding & Fraser T. Smith,,,70,-3.0
Ellie Goulding,Salt Skin,Ellie Goulding,Bright Lights (Deluxe Version),Ellie Goulding,Pop,2011,255.81,86,150b19,87.30708;99.0;63.531494;26.503939;20.267717;43.65354;19.098427;30.401575;24.555119;24.944883;21.43701;22.6063;21.43701;22.6063;19.877954;29.622047;37.807087;39.755905;47.55118;60.80315;58.074802;54.177166;43.26378;0.0;,dfd169,5d424d,15008.0,Archivo de audio AAC,255791.0,2011.0,326.0,48000.0,100.0,100.0,6139.0,5.0,1.0,2.0,3837422950.0,2025-08-07 19:49:10,Ellie Goulding & Starsmith,,,93,-1.0
Ellie Goulding,Human,Ellie Goulding,Bright Lights (Deluxe Version),Ellie Goulding,Pop,2011,249.1,93,6e505b,25.334646;84.968506;48.720474;96.661415;80.6811;33.12992;36.24803;93.543304;55.73622;88.47638;39.366142;73.27559;33.90945;68.208664;76.00394;75.22441;60.80315;51.44882;64.70079;97.05118;94.7126;99.0;68.98819;0.0;,da2999,655449,15022.0,Archivo de audio AAC,249080.0,2011.0,325.0,48000.0,100.0,100.0,6041.0,5.0,1.0,1.0,3830333165.0,2025-05-17 18:26:05,Ellie Goulding & Starsmith,,,97,6.0
Ellie Goulding,Little Dreams,Ellie Goulding,Bright Lights (Deluxe Version),Ellie Goulding,Pop,2011,198.09,125,c37ea8,83.79921;93.15354;86.137794;42.874016;52.61811;43.26378;35.85827;31.96063;32.740158;31.96063;23.385828;32.740158;28.062992;28.452757;25.334646;35.85827;53.7874;61.582676;78.732285;72.1063;99.0;91.59448;49.110237;0.0;,f2b297,7d7e7f,15024.0,Archivo de audio AAC,198066.0,2011.0,331.0,48000.0,100.0,100.0,6454.0,5.0,1.0,2.0,3837790633.0,2025-08-12 01:57:13,Liam Howe & Ellie Goulding,,,100,6.0
Ellie Goulding,Home,Ellie Goulding,Bright Lights (Deluxe Version),Ellie Goulding,Pop,2011,204.57,99,c29640,12.08268;45.992126;56.125984;52.228348;44.04331;32.350395;38.586617;63.531494;99.0;45.602364;49.889763;49.110237;27.283466;29.622047;28.062992;34.299213;88.08661;59.633858;43.26378;38.97638;32.740158;53.007874;37.807087;0.0;,880079,aac026,15026.0,Archivo de audio AAC,204544.0,2011.0,322.0,48000.0,100.0,100.0,4472.0,5.0,1.0,3.0,3837586946.0,2025-08-09 17:22:26,Ellie Goulding & Fred Falke,,,21,-1.0
Ellie Goulding,Animal,Ellie Goulding,Bright Lights (Deluxe Version),Ellie Goulding,Pop,2011,220.33,124,cb8fc7,83.40945;63.14173;44.822834;40.145668;25.334646;33.519684;34.688976;49.5;74.83464;42.484253;34.688976;33.12992;33.90945;46.38189;37.807087;45.602364;57.68504;55.34646;68.98819;79.12205;90.42519;99.0;62.362206;0.0;,f96ea0,9ea59f,15028.0,Archivo de audio AAC,220311.0,2011.0,325.0,48000.0,100.0,100.0,6044.0,5.0,1.0,2.0,3837349871.0,2025-08-06 23:31:11,Ellie Goulding & Starsmith,,,25,1.0
Ellie Goulding,Love Me Like You Do,Ellie Goulding,Fifty Shades of Grey (OST),Various Artists,Soundtrack,2015,250.27,95,282512,19.877954;99.0;74.83464;66.649605;42.09449;46.38189;51.44882;35.85827;39.755905;35.85827;26.503939;40.145668;40.925198;40.535435;30.79134;36.24803;45.992126;40.145668;53.007874;48.720474;47.16142;46.771652;33.12992;0.0;,a4ab0d,039c52,19122.0,Archivo de audio MPEG,250305.0,2015.0,257.0,44100.0,100.0,100.0,6163.0,5.0,1.0,1.0,3830369337.0,2025-05-18 04:28:57,"Max Martin, Savan Kotecha, Ilya Salmanzadeh, Ali Payami & Tove Lo",True,,60,1.0
Ellie Goulding,Burn,Ellie Goulding,Burn,Ellie Goulding,Pop,2013-07-05T07:00:00Z,231.27,87,020604,77.95276;98.61023;77.56299;64.70079;64.31102;99.0;50.279526;92.374016;48.720474;43.26378;36.637794;46.771652;35.078743;45.992126;31.96063;37.417324;54.177166;63.921257;70.93701;73.27559;67.81889;97.8307;90.03543;0.0;,e099ce,b67c64,19522.0,Archivo de audio AAC comprado,231211.0,2013.0,256.0,44100.0,100.0,100.0,5905.0,5.0,1.0,1.0,3832587564.0,2025-06-12 20:39:24,"Ellie Goulding, Ryan Tedder, Greg Kurstin, Noel Zancanella & Brent Kutzle",,,70,1.0
Ellie Goulding,Don't Say a Word,Ellie Goulding,Halcyon (Deluxe),Ellie Goulding,Pop,2013-10-05,247.51,125,9b5d57,2.338585;27.67323;22.6063;44.04331;65.87008;38.97638;32.740158;99.0;43.65354;65.09055;24.944883;14.811024;14.031498;24.165356;17.149609;14.031498;21.826773;17.929134;10.133862;8.1850395;14.421261;15.980316;18.3189;0.0;,183fa5,075eae,24998.0,Archivo de audio MPEG,247536.0,2013.0,256.0,44100.0,100.0,100.0,4240.0,5.0,1.0,1.0,3830335178.0,2025-05-17 18:59:38,Ellie Goulding & Jim Eliot,,,26,-2.0
Ellie Goulding,Easy Lover,Ellie Goulding feat. Big Sean,Easy Lover - Single,Ellie Goulding feat. Big Sean,Pop,2022-07-15,216.03,106,93187d,67.42913;99.0;54.177166;45.992126;45.992126;33.519684;31.181103;24.165356;28.062992;45.992126;32.740158;32.350395;31.181103;41.704723;32.740158;38.586617;40.925198;56.90551;69.37795;69.767715;72.885826;90.03543;66.25984;0.0;,faa483,79797a,25004.0,Archivo de audio MPEG,216058.0,2022.0,256.0,44100.0,100.0,100.0,6743.0,5.0,1.0,1.0,3832711190.0,2025-06-14 06:59:50,Greg Kurstin,,,70,
Ellie Goulding,Hypnotized,Anyma & Ellie Goulding,Hypnotized - Single,Anyma & Ellie Goulding,Dance,2025-01-10,180.64,125,85293f,99.0;98.61023;43.65354;43.65354;31.181103;30.79134;29.622047;31.570868;24.555119;33.90945;21.826773;25.724411;26.893702;22.216536;14.811024;18.3189;35.078743;28.84252;33.12992;35.468506;47.16142;47.55118;36.24803;0.0;,c2ea6c,382432,25040.0,Archivo de audio MPEG,180662.0,2025.0,256.0,44100.0,100.0,100.0,5292.0,5.0,1.0,3.0,3834564899.0,2025-07-05 17:54:59,"Ellie Goulding, Matteo Milleri, Jack Rochon, Scott Harris & Cassian Stewart-Kasimba",,,65,-1.0
Ellie Goulding,Like A Saviour,Ellie Goulding,Like A Saviour - Single,Ellie Goulding,Pop,2023-02-01,220.5,123,b89fc3,99.0;92.374016;76.3937;62.75197;44.43307;47.940945;47.55118;45.992126;39.366142;36.24803;37.417324;37.417324;42.484253;48.720474;40.535435;50.279526;67.03937;61.582676;69.767715;73.27559;81.85039;98.220474;67.42913;0.0;,fc968e,9ba190,25056.0,Archivo de audio MPEG,220525.0,2023.0,256.0,44100.0,100.0,100.0,8849.0,5.0,1.0,1.0,3830181233.0,2025-05-16 00:13:53,"Ellie Goulding, Andrew Wells, Anthony Rossomando & Tom Mann",,,70,1.0
Ellie Goulding,Miracle,Calvin Harris & Ellie Goulding,Miracle - Single,Calvin Harris & Ellie Goulding,Dance,2023-03-10,186.59,143,69454c,75.22441;99.0;44.822834;32.740158;33.12992;16.370079;15.980316;30.79134;30.79134;14.421261;13.641735;15.980316;18.3189;18.708662;17.149609;22.216536;24.944883;26.893702;26.893702;40.145668;54.177166;55.34646;31.181103;0.0;,cce573,32212f,25066.0,Archivo de audio MPEG,186618.0,2023.0,256.0,44100.0,100.0,100.0,4478.0,5.0,1.0,2.0,3834070826.0,2025-06-30 00:40:26,"Ellie Goulding, Adam Wiles, BURNS, Pablo Bowman & Peter Rycroft",,,60,-1.0
Ellie Goulding,Starry Eyed,Ellie Goulding,Starry Eyed - EP,Ellie Goulding,Pop,2010-02-21,177.66,75,8f7e90,73.27559;99.0;58.464565;45.992126;34.299213;25.334646;40.925198;47.940945;70.54724;35.078743;51.44882;35.85827;39.366142;33.90945;32.740158;36.637794;35.85827;42.484253;54.95669;53.7874;52.61811;63.921257;43.26378;0.0;,f1b261,0e1310,25114.0,Archivo de audio MPEG,177684.0,2010.0,256.0,44100.0,100.0,100.0,5614.0,5.0,1.0,1.0,3833267125.0,2025-06-20 17:25:25,Ellie Goulding & Jonny Lattimer,,,60,3.0
Ellie Goulding,Worry About Me,Ellie Goulding & blackbear,Worry About Me - Single,Ellie Goulding & blackbear,Pop,2020-03-13,179.85,81,240f23,99.0;94.32283;53.007874;50.669292;27.67323;25.334646;33.12992;32.350395;35.85827;43.26378;24.944883;31.181103;22.6063;28.84252;24.555119;33.519684;39.366142;33.519684;42.484253;40.535435;48.330708;63.531494;34.688976;0.0;,dbd872,392633,25132.0,Archivo de audio MPEG,179879.0,2020.0,256.0,44100.0,100.0,100.0,2467.0,5.0,1.0,1.0,3833047691.0,2025-06-18 04:28:11,"Ellie Goulding, Peter Svensson, Savan Kotecha, Ilya Salmanzadeh & Matthew Musto",,,60,-5.0
Ellie Goulding,Lights (Single Version),Ellie Goulding,Lights (Sped Up Version) - Single,Ellie Goulding,Pop,2010-02-26,210.94,120,b5738d,90.03543;99.0;41.31496;23.77559;42.484253;29.622047;19.877954;30.011812;54.95669;36.24803;28.062992;25.334646;23.77559;30.401575;28.062992;33.12992;44.43307;47.55118;56.90551;58.854332;53.7874;64.70079;46.771652;0.0;,f1b669,524a55,25158.0,Archivo de audio MPEG,210964.0,2010.0,256.0,44100.0,100.0,100.0,4639.0,5.0,1.0,2.0,3837789178.0,2025-08-12 01:32:58,"Ellie Goulding, Richard Stannard & Ash Howes",,,99,-13.0
Ellie Goulding,How Deep Is Too Deep,Ellie Goulding,Brightest Blue (Apple Music Film Edition),Ellie Goulding,Pop,2020-07-17,205.14,72,969c8d,49.110237;99.0;55.73622;58.074802;38.19685;46.771652;30.401575;19.48819;23.385828;25.334646;17.539371;21.047245;22.216536;26.893702;16.370079;25.724411;31.96063;24.944883;23.385828;21.43701;23.385828;31.96063;26.114174;0.0;,6cee42,6d164c,25214.0,Archivo de audio MPEG,205165.0,2020.0,256.0,44100.0,100.0,100.0,4367.0,5.0,1.0,3.0,3833799694.0,2025-06-26 21:21:34,"Joe Kearns, Ellie Goulding, Finlay Dow-Smith",,,19,-2.0
Ellie Goulding,Only You,Ellie Goulding,Halcyon (Deluxe),Ellie Goulding,Pop,2013-10-05,230.92,99,5510a9,99.0;93.15354;33.12992;31.96063;31.96063;26.503939;42.874016;44.43307;33.519684;61.582676;51.44882;45.2126;38.97638;44.04331;38.586617;67.81889;58.854332;43.65354;42.09449;41.704723;47.940945;29.232285;20.267717;0.0;,d2731f,192018,25256.0,Archivo de audio MPEG,230948.0,2013.0,256.0,44100.0,100.0,100.0,6763.0,5.0,1.0,2.0,3835519766.0,2025-07-16 19:09:26,Ellie Goulding & Jim Eliot,,,59,2.0
Ellie Goulding,Halcyon,Ellie Goulding,Halcyon (Deluxe),Ellie Goulding,Pop,2013-10-05,204.8,120,b1b3c8,48.330708;81.46063;99.0;44.43307;62.362206;68.59843;25.724411;74.444885;67.42913;40.145668;24.944883;31.96063;35.468506;42.09449;40.925198;67.42913;89.64567;73.27559;80.291336;67.81889;45.2126;46.771652;15.590553;0.0;,c8412c,603733,25276.0,Archivo de audio MPEG,204826.0,2013.0,256.0,44100.0,100.0,100.0,4127.0,5.0,1.0,3.0,3837185814.0,2025-08-05 01:56:54,Ellie Goulding & Jim Eliot,,,12,3.0
Ellie Goulding,Figure 8,Ellie Goulding,Halcyon (Deluxe),Ellie Goulding,Pop,2013-10-05,247.54,74,714945,94.32283;99.0;76.78346;46.38189;50.279526;62.75197;54.95669;57.68504;44.822834;51.83858;41.31496;35.85827;41.704723;53.7874;45.2126;47.55118;64.31102;60.80315;55.73622;51.059055;61.582676;84.578735;56.125984;0.0;,fc9873,d4d445,25300.0,Archivo de audio MPEG,247562.0,2013.0,256.0,44100.0,100.0,100.0,7824.0,5.0,1.0,1.0,3830336107.0,2025-05-17 19:15:07,"Ellie Goulding, Jonny Lattimer, Rufio Sandilands & Rocky Morris",,,97,-4.0
Ellie Goulding,Joy,Ellie Goulding,Halcyon (Deluxe),Ellie Goulding,Pop,2013-10-05,194.09,93,863e3d,44.822834;53.397636;53.397636;64.70079;56.125984;99.0;58.854332;29.622047;45.992126;48.330708;21.047245;30.011812;23.77559;25.724411;18.3189;25.724411;41.31496;37.027557;51.83858;44.822834;32.350395;34.688976;11.692913;0.0;,2758d2,0cbeae,25322.0,Archivo de audio MPEG,194115.0,2013.0,256.0,44100.0,100.0,100.0,3682.0,5.0,1.0,4.0,3837338687.0,2025-08-06 20:24:47,Ellie Goulding & Jim Eliot,,,24,-6.0
Ellie Goulding,Hanging On,Ellie Goulding,Halcyon (Deluxe),Ellie Goulding,Pop,2013-10-05,201.9,70,a2907a,77.173225;98.220474;86.52756;88.08661;83.79921;80.6811;99.0;55.34646;68.98819;78.342514;43.26378;26.503939;41.704723;51.44882;45.602364;45.2126;74.83464;60.80315;38.586617;21.43701;24.165356;46.38189;51.059055;0.0;,076e5b,896e17,25332.0,Archivo de audio MPEG,201926.0,2013.0,256.0,44100.0,100.0,100.0,5725.0,5.0,1.0,3.0,3830337361.0,2025-05-17 19:36:01,Patrick James Grossi & Ariel Rechtshaid,,,60,-4.0
Ellie Goulding,Hanging On,Ellie Goulding feat. Tinie Tempah,Halcyon (Deluxe),Ellie Goulding,Pop,2013-10-05,253.73,70,9a907b,86.91732;97.8307;89.255905;84.18898;82.62992;76.00394;99.0;57.295277;76.3937;82.62992;46.771652;28.84252;44.04331;53.397636;45.992126;43.26378;70.15748;57.295277;37.807087;22.216536;26.893702;50.279526;50.279526;0.0;,047363,846318,25392.0,Archivo de audio MPEG,253753.0,2013.0,256.0,44100.0,,100.0,5649.0,5.0,1.0,,,,Ariel Rechtshaid/Patrick James Grossi/Patrick Okogwu,,,60,-1.0
Ellie Goulding,Explosions,Ellie Goulding,Halcyon (Deluxe),Ellie Goulding,Pop,2013-10-05,243.98,49,8f4644,8.964569;27.283466;73.66535;89.64567;36.637794;40.145668;99.0;36.637794;72.885826;51.059055;40.925198;23.77559;21.43701;25.334646;15.590553;23.385828;36.24803;42.484253;30.011812;37.417324;51.059055;75.614174;40.145668;0.0;,5c4bee,1cd48e,25340.0,Archivo de audio MPEG,244009.0,2013.0,256.0,44100.0,100.0,100.0,4470.0,5.0,1.0,1.0,3830337605.0,2025-05-17 19:40:05,Ellie Goulding,,,17,-4.0
Ellie Goulding,Ritual,Ellie Goulding,Halcyon (Deluxe),Ellie Goulding,Pop,2013-10-12,230.53,115,410fac,68.98819;67.42913;53.397636;42.484253;58.464565;42.484253;43.26378;38.586617;99.0;38.97638;39.755905;52.228348;38.586617;66.649605;57.68504;54.56693;61.192913;56.90551;61.582676;60.413383;58.464565;65.87008;56.515747;0.0;,df2f69,80665b,25380.0,Archivo de audio MPEG,230556.0,2013.0,256.0,44100.0,100.0,100.0,7314.0,5.0,1.0,2.0,3835874785.0,2025-07-20 21:46:25,"Ellie Goulding, Richard ""Biff"" Stannard & Ash Howes",,,100,-5.0
Ellie Goulding,You My Everything,Ellie Goulding,Halcyon Days (Deluxe Version),Ellie Goulding,Pop,2014-10-05,209.35,83,020506,47.55118;54.177166;51.83858;61.582676;31.181103;59.633858;56.90551;51.83858;48.720474;44.04331;37.027557;32.740158;41.31496;46.38189;33.90945;39.755905;38.97638;49.5;60.80315;68.208664;81.07086;99.0;69.37795;0.0;,df5bcb,c7dc9a,25404.0,Archivo de audio MPEG,209371.0,2014.0,256.0,44100.0,100.0,100.0,5975.0,5.0,1.0,1.0,3830339226.0,2025-05-17 20:07:06,Ellie Goulding & Eg White,,,100,-1.0
Ellie Goulding,Hearts Without Chains,Ellie Goulding,Halcyon Days (Deluxe Version),Ellie Goulding,Pop,2014-08-23,226.09,79,030703,18.3189;37.027557;47.16142;56.515747;81.07086;61.192913;38.586617;47.16142;62.362206;47.16142;32.740158;41.31496;23.385828;31.181103;20.267717;20.267717;31.570868;28.84252;28.84252;27.283466;57.68504;99.0;53.397636;0.0;,7a5efa,0bbabc,25406.0,Archivo de audio MPEG,226115.0,2014.0,256.0,44100.0,100.0,100.0,3559.0,5.0,1.0,3.0,3835967818.0,2025-07-21 23:36:58,Ellie Goulding & Fraser T. Smith,,,41,-23.0
Ellie Goulding,Stay Awake,Ellie Goulding & Madeon,Halcyon Days (Deluxe Version),Ellie Goulding,Pop,2014-08-23,206.73,160,100915,63.531494;72.1063;60.02362;35.468506;42.484253;35.85827;33.12992;54.177166;56.515747;39.755905;33.12992;42.484253;44.04331;83.019684;61.972443;65.87008;79.90157;73.66535;74.83464;72.1063;80.6811;99.0;76.00394;0.0;,f44d72,878879,25408.0,Archivo de audio MPEG,206759.0,2014.0,256.0,44100.0,100.0,100.0,10348.0,5.0,1.0,1.0,3830340030.0,2025-05-17 20:20:30,Ellie Goulding & Hugo Pierre Leclercq,,,100,-23.0
Ellie Goulding,Under Control,Ellie Goulding,Halcyon Days (Deluxe Version),Ellie Goulding,Pop,2014-08-23,246.31,142,735a67,76.3937;90.03543;44.43307;46.771652;58.074802;61.192913;52.61811;68.98819;99.0;61.192913;31.96063;44.822834;46.38189;52.61811;70.54724;72.49606;77.56299;69.767715;70.93701;84.578735;76.00394;90.42519;65.09055;0.0;,f0447c,705f53,25410.0,Archivo de audio MPEG,246334.0,2014.0,256.0,44100.0,100.0,100.0,7017.0,5.0,1.0,2.0,3831021942.0,2025-05-25 17:45:42,"Ellie Goulding, Oliver Goldstein, Bonnie McKee & Cory Nitta",,,100,-1.0
Ellie Goulding,Flashlight,Ellie Goulding & DJ Fresh,Halcyon Days (Deluxe Version),Ellie Goulding,Pop,2014-10-05,213.76,88,020204,38.19685;54.177166;31.181103;30.011812;26.503939;29.622047;28.452757;26.114174;33.90945;32.740158;31.96063;38.19685;45.992126;69.37795;47.940945;60.02362;72.49606;67.03937;75.614174;86.91732;95.49213;99.0;47.55118;0.0;,f64f83,a9b4ac,25412.0,Archivo de audio MPEG,213786.0,2014.0,256.0,44100.0,100.0,100.0,10128.0,5.0,1.0,3.0,3831219188.0,2025-05-28 00:33:08,"Ellie Goulding, Dan Stein & The Invisible Men",,,70,
Ellie Goulding,Beating Heart,Ellie Goulding,Halcyon Nights,Ellie Goulding,Pop,2014-02-25,212.22,128,65695f,78.342514;99.0;45.2126;74.055115;37.807087;41.704723;65.09055;37.417324;43.65354;44.04331;46.771652;22.216536;19.098427;22.996063;21.047245;30.79134;43.26378;33.519684;37.807087;43.26378;40.535435;54.177166;43.65354;0.0;,aaf881,1e0580,25448.0,Archivo de audio MPEG,212244.0,2014.0,256.0,44100.0,100.0,100.0,6068.0,5.0,1.0,3.0,3837346894.0,2025-08-06 22:41:34,Ellie Goulding & Joe Janiak,,,60,-23.0
Ellie Goulding,Mirror (From “The Hunger Games- Catching Fire” Soundtrack),Ellie Goulding,Halcyon Nights,Ellie Goulding,Pop,2014-10-12,261.8,134,b0c0b6,1.1692924;21.826773;23.385828;53.7874;42.874016;69.767715;99.0;50.279526;45.992126;45.602364;44.04331;28.84252;15.20079;17.149609;8.964569;13.251968;18.708662;11.30315;10.913387;8.964569;5.8464584;15.20079;13.251968;0.0;,1747af,031f5e,25450.0,Archivo de audio MPEG,261825.0,2014.0,256.0,44100.0,100.0,100.0,3158.0,5.0,1.0,2.0,3830415337.0,2025-05-18 17:15:37,Ellie Goulding,,,64,-5.0
Ellie Goulding,Bittersweet,Ellie Goulding,Halcyon Nights,Ellie Goulding,Pop,2014-10-12,236.28,75,9fa5a0,19.48819;17.149609;32.350395;56.125984;60.80315;47.940945;49.889763;99.0;76.78346;56.515747;39.755905;45.602364;42.09449;46.771652;31.570868;43.65354;53.397636;47.940945;40.535435;33.90945;37.417324;43.65354;29.622047;0.0;,6807a1,765118,25452.0,Archivo de audio MPEG,236303.0,2014.0,256.0,44100.0,100.0,100.0,4541.0,5.0,1.0,5.0,3835884125.0,2025-07-21 00:22:05,Ellie Goulding/Sonny Moore,,,70,-1.0
Flip,CHERRY BOMB,FLiP,XX emotion,FLiP,J-Rock,2012-05-16,218.41,155,04050b,40.145668;99.0;30.401575;25.334646;27.283466;26.893702;50.669292;30.011812;36.637794;25.724411;33.90945;36.637794;48.720474;60.80315;41.31496;49.5;58.854332;61.972443;45.992126;53.007874;51.44882;47.16142;31.181103;0.0;,df6530,323836,14026.0,Archivo de audio AAC,218384.0,2012.0,323.0,48000.0,100.0,100.0,9781.0,5.0,1.0,4.0,3828358303.0,2025-04-24 21:51:43,,,,15,9.0
Flip,Girl,FLiP,Girls- Single,FLiP,J-Rock,2014-09-24,254.93,124,b7a7cb,92.374016;99.0;59.633858;42.874016;35.468506;29.622047;58.074802;54.95669;54.56693;53.7874;53.397636;50.669292;59.244095;60.80315;28.84252;44.04331;83.40945;80.6811;77.173225;65.87008;66.25984;67.81889;60.413383;0.0;,f36552,756e60,14028.0,Archivo de audio AAC,254908.0,2014.0,327.0,48000.0,100.0,100.0,6399.0,5.0,1.0,7.0,3835770709.0,2025-07-19 16:51:49,,,,31,-1.0
Flip,Oh Darling!,FLiP,未知evolution,FLiP,J-Rock,2011-05-25,254.37,125,9fa799,37.417324;99.0;30.401575;40.535435;35.85827;26.893702;29.622047;37.807087;45.992126;30.79134;37.417324;38.586617;41.31496;54.95669;45.992126;56.90551;59.633858;56.90551;36.24803;33.519684;34.299213;33.12992;21.43701;0.0;,b66011,074f06,14034.0,Archivo de audio AAC,254351.0,2011.0,324.0,48000.0,100.0,100.0,11192.0,5.0,1.0,4.0,3837251846.0,2025-08-05 20:17:26,,,,24,5.0
Flip,Tarantula,FLiP,LOVE TOXiCiTY,FLiP,J-Rock,2013-06-26,192.68,122,ba37cf,66.649605;99.0;49.889763;38.19685;23.77559;25.724411;37.027557;30.401575;45.602364;31.181103;24.555119;40.535435;38.97638;60.413383;57.295277;60.80315;91.98425;90.03543;93.543304;95.88189;83.40945;79.51181;60.413383;0.0;,f86c5a,a1ab9f,14038.0,Archivo de audio AAC,192656.0,2013.0,320.0,48000.0,100.0,100.0,16639.0,5.0,1.0,2.0,3837189118.0,2025-08-05 02:51:58,,,,16,2.0
Flip,カザーナ,FLiP,mulu mole - EP,FLiP,J-Rock,2010-09-15,254.72,133,aa85a0,25.724411;99.0;25.334646;34.688976;41.704723;28.452757;40.925198;45.992126;51.059055;42.09449;41.704723;36.24803;58.074802;67.03937;49.5;51.44882;60.02362;53.397636;35.468506;33.12992;27.67323;36.637794;26.114174;0.0;,a44514,090e09,14040.0,Archivo de audio AAC,254700.0,2010.0,323.0,48000.0,100.0,100.0,13232.0,5.0,1.0,4.0,3821803784.0,2025-02-08 02:09:44,FLiP & いしわたり淳治,,,24,4.0
Flip,ホシイモノハ,FLiP,ホシイモノハ - Single,FLiP,J-Rock,2011-12-07,246.55,114,c0bb2d,37.807087;99.0;32.740158;21.047245;19.877954;16.759842;28.452757;23.385828;19.098427;21.43701;24.555119;30.011812;44.04331;48.720474;29.622047;35.078743;40.925198;42.484253;26.503939;30.011812;37.027557;34.299213;24.944883;0.0;,c9961a,9b3b4b,14042.0,Archivo de audio AAC,246526.0,2011.0,319.0,48000.0,100.0,100.0,7786.0,5.0,1.0,5.0,3835520685.0,2025-07-16 19:24:45,FLiP,,,24,2.0
Flip,ワンダーランド,FLiP,ワンダーランド - EP,FLiP,J-Rock,2012-02-08,227.34,88,09060e,30.401575;99.0;38.97638;21.826773;26.893702;26.503939;36.637794;48.720474;39.366142;51.44882;37.027557;58.854332;57.68504;73.66535;49.5;43.26378;45.2126;56.125984;42.874016;42.09449;47.55118;49.889763;29.232285;0.0;,cb4f25,1e2219,14046.0,Archivo de audio AAC,227323.0,2012.0,320.0,48000.0,100.0,100.0,12642.0,5.0,1.0,2.0,3834321667.0,2025-07-02 22:21:07,Sachiko Tonaki,,,19,9.0
Flip,Jeremy,FLiP,BIRTH,FLiP,J-Rock,2015-05-06,269.28,146,744a50,60.413383;99.0;36.637794;30.011812;24.165356;19.877954;31.181103;29.232285;36.24803;34.299213;38.586617;49.110237;58.074802;47.16142;28.84252;34.299213;47.55118;48.330708;51.83858;51.83858;46.38189;43.65354;32.740158;0.0;,e38330,191c1f,14050.0,Archivo de audio AAC,269258.0,2015.0,321.0,48000.0,100.0,100.0,7986.0,5.0,1.0,5.0,3823502879.0,2025-02-27 18:07:59,,,,30,
Flip,ふつつか少女,FLiP,ホシイモノハ - Single,FLiP,J-Rock,2011-12-07,230.97,132,857f6e,27.67323;99.0;35.078743;27.283466;26.114174;24.944883;41.31496;40.925198;32.350395;37.027557;28.84252;37.417324;41.31496;44.04331;35.078743;39.366142;44.04331;47.16142;30.011812;32.740158;32.740158;34.299213;22.216536;0.0;,b7780d,590b81,14052.0,Archivo de audio AAC,230946.0,2011.0,323.0,48000.0,100.0,100.0,7219.0,5.0,1.0,4.0,3834331080.0,2025-07-03 00:58:00,Rufus,,,16,
Flip,カミングアウト,FLiP,LOVE TOXiCiTY,FLiP,J-Rock,2013-06-12,198.48,168,0a070f,97.8307;99.0;51.83858;37.807087;37.027557;32.740158;31.181103;28.062992;41.31496;36.24803;24.165356;37.027557;50.279526;69.767715;67.42913;84.578735;95.88189;93.15354;76.3937;90.81496;74.83464;72.49606;47.55118;0.0;,f26a4c,777b72,14054.0,Archivo de audio AAC,198461.0,2013.0,322.0,48000.0,100.0,100.0,10014.0,5.0,1.0,1.0,3820244360.0,2025-01-21 00:59:20,FLiP,,,29,2.0
Flip,ライラ,FLiP,DEAR GIRLS - EP,FLiP,J-Rock,2010-02-03,227.65,155,06050d,33.12992;99.0;45.2126;61.582676;42.09449;31.96063;42.09449;36.24803;35.85827;28.452757;32.350395;35.078743;51.83858;47.55118;45.992126;63.14173;49.5;56.125984;30.011812;28.062992;23.385828;24.555119;21.826773;0.0;,846802,010302,14058.0,Archivo de audio AAC,227625.0,2010.0,320.0,48000.0,100.0,100.0,10129.0,5.0,1.0,2.0,3825785615.0,2025-03-26 04:13:35,,,,23,5.0
Flip,最後の晩餐,FLiP,ワンダーランド - EP,FLiP,J-Rock,2012-02-08,235.73,175,0f0814,17.149609;99.0;24.555119;24.555119;23.385828;13.641735;19.877954;19.098427;14.421261;17.539371;14.811024;22.216536;22.996063;31.96063;26.503939;31.96063;44.822834;45.2126;31.96063;28.452757;30.79134;32.350395;17.539371;0.0;,c9a11d,442732,14064.0,Archivo de audio AAC,235706.0,2012.0,319.0,48000.0,100.0,100.0,9899.0,5.0,1.0,3.0,3831275974.0,2025-05-28 16:19:34,,,,7,18.0
Flip,Madonna,FLiP,Girls- Single,FLiP,J-Rock,2014-07-30,264.64,132,b2bda1,67.42913;99.0;68.59843;45.602364;33.90945;46.38189;49.5;50.669292;38.19685;63.531494;36.24803;38.97638;57.295277;44.04331;26.114174;36.637794;63.14173;68.208664;63.14173;59.633858;57.68504;66.649605;60.02362;0.0;,f78254,c69b6d,14070.0,Archivo de audio AAC,264614.0,2014.0,329.0,48000.0,100.0,100.0,8902.0,5.0,1.0,8.0,3837783981.0,2025-08-12 00:06:21,,,,33,
Flip,エミモア,FLiP,XX emotion,FLiP,J-Rock,2012-05-16,223.63,112,23d63f,37.417324;99.0;22.996063;28.452757;33.90945;27.283466;28.062992;29.232285;35.468506;22.216536;29.232285;38.19685;55.34646;89.255905;53.007874;49.889763;57.295277;54.95669;42.09449;49.5;52.61811;52.61811;35.468506;0.0;,db5d2e,a2aba2,14074.0,Archivo de audio AAC,223608.0,2012.0,322.0,48000.0,100.0,100.0,9828.0,5.0,1.0,2.0,3821000126.0,2025-01-29 18:55:26,,,,18,1.0
Flip,ニル・アドミラリ,FLiP,LOVE TOXiCiTY,FLiP,J-Rock,2013-06-26,203.38,93,090610,76.3937;99.0;44.822834;33.519684;31.181103;36.24803;28.452757;30.011812;35.468506;30.011812;24.165356;33.519684;41.704723;43.26378;40.925198;45.2126;58.854332;72.1063;57.68504;76.00394;90.42519;78.342514;50.279526;0.0;,fd8f6e,8d8e8e,14080.0,Archivo de audio AAC,203360.0,2013.0,322.0,48000.0,100.0,100.0,7073.0,5.0,1.0,3.0,3837187509.0,2025-08-05 02:25:09,,,,22,2.0
Flip,雨の女,FLiP,未知evolution,FLiP,J-Rock,2011-05-25,178.02,178,0d0814,38.97638;99.0;33.12992;60.02362;33.519684;27.67323;51.44882;35.85827;43.65354;69.37795;63.531494;67.81889;66.649605;68.208664;61.582676;66.25984;79.51181;97.44095;64.31102;64.70079;48.720474;34.299213;22.6063;0.0;,bb362a,4e4136,14084.0,Archivo de audio AAC,178000.0,2011.0,323.0,48000.0,100.0,100.0,10250.0,5.0,1.0,5.0,3830795270.0,2025-05-23 02:47:50,,,,20,4.0
Flip,Raspberry Rhapsody,FLiP,LOVE TOXiCiTY,FLiP,J-Rock,2013-06-26,226.49,154,090610,92.76378;99.0;38.586617;33.90945;31.570868;34.688976;42.874016;37.417324;40.925198;33.90945;40.145668;39.755905;42.874016;60.02362;45.602364;54.95669;70.15748;77.95276;48.330708;49.5;53.007874;59.244095;51.83858;0.0;,ec753d,484d47,14088.0,Archivo de audio AAC,226464.0,2013.0,323.0,48000.0,100.0,100.0,6976.0,5.0,1.0,6.0,3837249895.0,2025-08-05 19:44:55,FLiP,,,25,
Flip,かごめかごめ,FLiP,DEAR GIRLS - EP,FLiP,J-Rock,2010-02-03,211.25,165,07050c,35.468506;85.74803;41.704723;58.464565;35.85827;46.38189;46.771652;53.397636;42.484253;40.925198;39.755905;50.669292;54.56693;93.543304;79.90157;99.0;97.8307;89.64567;46.771652;54.95669;46.771652;42.09449;26.503939;0.0;,b42d2d,524338,14092.0,Archivo de audio AAC,211232.0,2010.0,318.0,48000.0,100.0,100.0,15501.0,5.0,1.0,2.0,3823542529.0,2025-02-28 05:08:49,,,,14,6.0
Flip,darkish teddy bear,FLiP,LOVE TOXiCiTY,FLiP,J-Rock,2013-06-26,168.02,160,040408,79.12205;99.0;58.854332;50.279526;34.688976;38.19685;41.31496;33.519684;33.519684;28.452757;26.114174;41.31496;38.97638;65.480316;60.80315;59.633858;76.00394;69.767715;62.75197;69.767715;72.49606;70.93701;52.61811;0.0;,f57a4e,787c74,14104.0,Archivo de audio AAC,168000.0,2013.0,322.0,48000.0,100.0,100.0,7034.0,5.0,1.0,3.0,3825849205.0,2025-03-26 21:53:25,,,,25,2.0
Flip,Dream,FLiP,BIRTH,FLiP,J-Rock,2015-05-06,201.04,106,065eaa,80.291336;83.79921;58.464565;52.61811;47.55118;40.925198;61.582676;72.1063;50.669292;66.25984;53.7874;59.633858;79.51181;99.0;45.992126;44.04331;59.633858;61.972443;61.582676;53.7874;53.397636;55.73622;61.192913;0.0;,bf2343,7a4d49,14106.0,Archivo de audio AAC,201015.0,2015.0,318.0,48000.0,100.0,100.0,7670.0,5.0,1.0,5.0,3833566640.0,2025-06-24 04:37:20,,,,30,
Flip,a will,FLiP,LOVE TOXiCiTY,FLiP,J-Rock,2013-06-26,316.49,100,12c671,99.0;90.81496;62.75197;31.181103;18.708662;16.759842;25.334646;21.826773;24.165356;22.6063;17.149609;29.232285;31.181103;44.822834;31.96063;38.586617;34.688976;33.90945;26.893702;28.452757;29.622047;32.350395;27.283466;0.0;,bccb2c,773436,14116.0,Archivo de audio AAC,316465.0,2013.0,321.0,48000.0,100.0,100.0,6378.0,5.0,1.0,5.0,3826291879.0,2025-04-01 00:51:19,,,,23,1.0
Flip,YUKEMURI DJ,FLiP,XX emotion,FLiP,J-Rock,2012-05-16,216.38,146,45474a,33.12992;99.0;26.503939;24.944883;33.12992;20.657482;21.047245;26.893702;28.84252;33.12992;33.519684;33.12992;37.807087;47.940945;30.401575;33.519684;56.515747;67.03937;52.61811;37.417324;31.181103;31.96063;21.826773;0.0;,cc741a,311f2d,14124.0,Archivo de audio AAC,216363.0,2012.0,323.0,48000.0,100.0,100.0,6013.0,5.0,1.0,4.0,3825761800.0,2025-03-25 21:36:40,,,,23,-1.0
Flip,す・て・きReaction,FLiP,未知evolution,FLiP,J-Rock,2011-05-25,250.61,140,9a8096,77.56299;95.88189;52.228348;45.992126;46.38189;38.97638;49.110237;37.027557;60.80315;74.055115;55.73622;61.582676;77.95276;99.0;79.90157;85.74803;86.91732;92.374016;61.972443;52.228348;47.16142;52.61811;30.79134;0.0;,bd352c,534439,14126.0,Archivo de audio AAC,250590.0,2011.0,324.0,48000.0,100.0,100.0,8535.0,5.0,1.0,1.0,3820236560.0,2025-01-20 22:49:20,,,,22,3.0
Flip,Chiisanakoinouta (Studio Live Version),FLiP,BIRTH,FLiP,J-Rock,2015-05-06,376.42,79,010304,5.8464584;21.047245;78.342514;52.228348;99.0;89.255905;50.279526;48.720474;69.767715;47.940945;18.708662;38.19685;25.724411;20.267717;17.149609;21.047245;36.637794;38.97638;34.688976;33.90945;35.078743;50.669292;66.25984;0.0;,2f49d2,028426,14130.0,Archivo de audio AAC,376395.0,2015.0,321.0,48000.0,100.0,100.0,3197.0,5.0,1.0,4.0,3829856824.0,2025-05-12 06:07:04,,,,24,
Flip,永遠夜〜エンヤ〜,FLiP,LOVE TOXiCiTY,FLiP,J-Rock,2013-06-26,351.27,84,020605,62.362206;99.0;33.519684;25.334646;28.84252;19.48819;21.826773;24.555119;20.267717;19.48819;17.539371;21.047245;24.555119;34.688976;31.181103;42.09449;46.771652;48.330708;36.24803;38.19685;42.09449;48.720474;45.602364;0.0;,e1af3d,855155,14136.0,Archivo de audio AAC,351248.0,2013.0,326.0,48000.0,100.0,100.0,7470.0,5.0,1.0,5.0,3834356245.0,2025-07-03 07:57:25,,,,21,1.0
Flip,"Shut Up, Men!",FLiP,XX emotion,FLiP,J-Rock,2012-05-16,229.81,101,270aa0,21.047245;99.0;33.12992;23.385828;22.6063;26.503939;28.062992;31.181103;24.555119;26.503939;27.283466;30.011812;34.299213;53.7874;28.452757;39.755905;51.83858;54.177166;34.299213;37.417324;34.688976;36.24803;22.216536;0.0;,c97b17,422b38,14144.0,Archivo de audio AAC,229785.0,2012.0,321.0,48000.0,100.0,100.0,7776.0,5.0,1.0,2.0,3830798264.0,2025-05-23 03:37:44,,,,24,6.0
Flip,でも maybe,FLiP,XX emotion,FLiP,J-Rock,2012-05-16,223.7,140,8b6f80,43.65354;99.0;33.519684;30.79134;29.232285;37.027557;26.503939;31.570868;30.401575;44.822834;21.047245;36.637794;39.755905;45.2126;34.688976;45.2126;59.633858;57.295277;33.12992;33.519684;46.38189;58.854332;38.586617;0.0;,e58132,1a1a21,14160.0,Archivo de audio AAC,223678.0,2012.0,325.0,48000.0,100.0,100.0,6501.0,5.0,1.0,2.0,3834510211.0,2025-07-05 02:43:31,,,,23,3.0
Flip,Bat Boy! Bat Girl!,FLiP,LOVE TOXiCiTY,FLiP,J-Rock,2013-06-26,251.01,142,ca81b5,91.20473;99.0;39.366142;22.6063;33.12992;26.503939;23.385828;28.452757;24.944883;21.43701;16.370079;28.062992;29.232285;40.145668;32.350395;45.992126;37.417324;42.09449;35.85827;43.26378;46.771652;51.059055;47.940945;0.0;,e2bb49,694c57,14164.0,Archivo de audio AAC,250984.0,2013.0,326.0,48000.0,100.0,100.0,6325.0,5.0,1.0,4.0,3821624778.0,2025-02-06 00:26:18,,,,29,4.0
Flip,One,FLiP,BIRTH,FLiP,J-Rock,2015-05-06,256.76,123,c79ad5,76.3937;99.0;49.5;33.519684;24.555119;32.740158;38.19685;58.464565;56.90551;84.18898;49.5;85.35826;57.68504;60.413383;33.12992;40.535435;55.73622;44.43307;45.2126;48.330708;44.822834;47.55118;43.26378;0.0;,c95222,393225,14198.0,Archivo de audio AAC,256743.0,2015.0,327.0,48000.0,100.0,100.0,6994.0,5.0,1.0,4.0,3837247900.0,2025-08-05 19:11:40,,,,29,-1.0
Flip,カートニアゴ,FLiP,未知evolution,FLiP,J-Rock,2011-02-23,253.7,82,0b0810,40.535435;96.27165;30.401575;35.078743;30.79134;33.519684;41.31496;41.31496;29.622047;40.145668;48.330708;43.65354;51.83858;76.78346;52.228348;60.02362;76.78346;99.0;64.70079;50.279526;46.771652;39.366142;18.708662;0.0;,cc472a,414133,14202.0,Archivo de audio AAC,253678.0,2011.0,324.0,48000.0,100.0,100.0,13660.0,5.0,1.0,2.0,3835041052.0,2025-07-11 06:10:52,渡名喜 幸子,,,19,3.0
Genie High,Classic high,Genie High,Genie classic,Genie High,J-Rock,2023-06-28,253.91,150,7d6473,99.0;92.76378;81.46063;63.531494;56.515747;52.61811;59.244095;87.69685;74.83464;45.602364;59.244095;96.27165;80.291336;85.74803;55.73622;58.464565;81.46063;72.885826;57.295277;58.464565;60.413383;70.54724;36.637794;0.0;,c02345,5d3b35,5606.0,Archivo de audio MPEG,253936.0,2023.0,256.0,44100.0,100.0,100.0,10031.0,5.0,1.0,7.0,3837252336.0,2025-08-05 20:25:36,,,,23,1.0
Genie High,GDGD,Genie High,Genie classic,Genie High,J-Rock,2023-06-28,192.08,128,808181,99.0;58.074802;29.232285;47.940945;37.417324;23.385828;24.944883;38.586617;17.539371;18.3189;27.67323;26.503939;35.85827;37.807087;35.078743;35.85827;51.059055;51.44882;52.228348;60.02362;48.720474;47.16142;28.062992;0.0;,fe816e,775864,5610.0,Archivo de audio MPEG,192104.0,2023.0,256.0,44100.0,100.0,100.0,5889.0,5.0,1.0,3.0,3835528320.0,2025-07-16 21:32:00,,,,26,1.0
Genie High,Genie girl crash,Genie High,Genie classic,Genie High,J-Rock,2023-06-28,193.23,126,545244,99.0;56.90551;48.720474;55.73622;49.889763;33.12992;60.413383;44.822834;42.484253;31.570868;49.110237;47.940945;57.68504;70.15748;34.688976;49.5;61.582676;61.582676;62.362206;63.14173;79.12205;93.93307;69.767715;0.0;,f3559f,d6d389,5620.0,Archivo de audio MPEG,193253.0,2023.0,256.0,44100.0,100.0,100.0,3905.0,5.0,1.0,3.0,3837352539.0,2025-08-07 00:15:39,,,,14,-1.0
Genie High,Koeshizuku,Genie High,Genie classic,Genie High,J-Rock,2023-06-28,227.68,122,b6c2ca,60.413383;99.0;52.61811;71.71654;62.362206;34.688976;43.26378;40.535435;30.79134;30.79134;42.09449;35.85827;54.56693;60.80315;39.366142;43.65354;53.397636;53.007874;60.413383;62.362206;59.633858;70.15748;42.874016;0.0;,f88558,91786a,5622.0,Archivo de audio MPEG,227709.0,2023.0,256.0,44100.0,100.0,100.0,10895.0,5.0,1.0,4.0,3825852509.0,2025-03-26 22:48:29,,,,22,2.0
Genie High,Dietter Noriko,Genie High,Genie High Story,Genie High,J-Rock,2019-11-27,274.76,90,150b19,53.397636;99.0;44.43307;39.755905;33.519684;31.570868;47.55118;33.12992;34.688976;31.96063;29.232285;33.90945;50.279526;45.2126;22.996063;31.570868;42.484253;46.38189;36.637794;32.350395;37.417324;50.669292;29.232285;0.0;,d1aa27,09080d,5630.0,Archivo de audio MPEG,274782.0,2019.0,256.0,44100.0,100.0,100.0,9525.0,5.0,1.0,2.0,3825253451.0,2025-03-20 00:24:11,,,,25,3.0
Genie High,Fuben Na Kawaige,Genie High feat. AiNA the END,Genie High Story,Genie High,J-Rock,2019-11-22,243.41,136,98939f,90.03543;99.0;42.874016;61.192913;40.925198;43.65354;56.515747;70.15748;50.279526;44.822834;32.350395;59.244095;62.362206;75.22441;33.12992;43.26378;61.192913;44.04331;41.704723;37.417324;55.73622;76.3937;43.65354;0.0;,f76b58,473429,5632.0,Archivo de audio MPEG,243435.0,2019.0,256.0,44100.0,100.0,100.0,7267.0,5.0,1.0,4.0,3837245965.0,2025-08-05 18:39:25,,,,20,1.0
Genie High,Primadonna,Genie High,Genie High Story,Genie High,J-Rock,2019-11-27,271.33,94,03070a,61.582676;99.0;49.5;61.972443;44.04331;42.09449;58.074802;35.078743;29.622047;31.181103;30.011812;26.893702;45.2126;34.688976;21.826773;22.996063;32.350395;35.078743;35.468506;38.19685;40.535435;49.110237;38.19685;0.0;,a1f65e,4b0f48,5636.0,Archivo de audio MPEG,271360.0,2019.0,256.0,44100.0,100.0,100.0,5855.0,5.0,1.0,3.0,3835887303.0,2025-07-21 01:15:03,Enon Kawatani,,,13,
Genie High,Guutara Bushi,Genie High,Genie High Story,Genie High,J-Rock,2019-11-08,263.99,130,79606f,41.31496;99.0;44.822834;42.484253;29.622047;34.688976;45.2126;58.074802;33.90945;42.09449;28.062992;44.43307;41.31496;38.586617;24.944883;35.85827;40.535435;43.26378;42.484253;40.145668;38.97638;47.55118;34.688976;0.0;,d19620,030405,5640.0,Archivo de audio MPEG,264019.0,2019.0,256.0,44100.0,100.0,100.0,7360.0,5.0,1.0,4.0,3830024880.0,2025-05-14 04:48:00,Enon Kawatani,,,26,
Genie High,Valentine Dorobou,Genie High,Genie High Story,Genie High,J-Rock,2019-11-27,180.01,127,7e7e7f,95.102356;99.0;62.75197;45.992126;58.464565;43.26378;49.889763;41.704723;40.145668;38.97638;50.279526;43.65354;42.484253;47.16142;35.85827;40.535435;54.56693;52.61811;52.228348;64.70079;67.81889;73.66535;38.586617;0.0;,f9a674,625449,5644.0,Archivo de audio MPEG,180035.0,2019.0,256.0,44100.0,100.0,100.0,4292.0,5.0,1.0,2.0,3834355228.0,2025-07-03 07:40:28,Enon Kawatani,,,23,-1.0
Genie High,natsuarashi,Genie High,geniestar,Genie High,J-Rock,2021-07-28,196.86,85,050409,78.732285;70.15748;51.83858;48.330708;37.027557;44.822834;40.145668;36.24803;57.295277;36.24803;33.519684;42.484253;38.586617;56.125984;44.04331;48.720474;70.15748;55.34646;54.95669;55.34646;63.531494;99.0;84.578735;0.0;,fb6690,91978b,5650.0,Archivo de audio MPEG,196884.0,2021.0,256.0,44100.0,100.0,100.0,7627.0,5.0,1.0,5.0,3823852356.0,2025-03-03 19:12:36,Enon Kawatani,,,18,2.0
Genie High,baitoleader noriko,Genie High,geniestar,Genie High,J-Rock,2021-09-01,210.29,155,07050c,91.98425;99.0;51.059055;49.5;40.535435;21.43701;33.519684;44.04331;30.011812;35.078743;28.84252;37.417324;37.027557;55.34646;51.059055;54.95669;81.85039;55.34646;49.110237;33.90945;45.2126;51.059055;36.637794;0.0;,db8727,1e241f,5652.0,Archivo de audio MPEG,210311.0,2021.0,256.0,44100.0,100.0,100.0,7392.0,5.0,1.0,5.0,3832140895.0,2025-06-07 16:34:55,Enon Kawatani,,,39,1.0
Genie High,BABY LADY,Genie High,geniestar,Genie High,J-Rock,2021-09-01,209.89,132,685866,72.885826;99.0;61.192913;65.480316;55.73622;49.5;49.5;57.295277;33.90945;25.334646;25.334646;27.283466;32.350395;48.720474;28.062992;37.417324;41.704723;42.484253;43.26378;35.468506;38.97638;45.992126;28.84252;0.0;,96e739,030608,5654.0,Archivo de audio MPEG,209920.0,2021.0,256.0,44100.0,100.0,100.0,2804.0,5.0,1.0,2.0,3830084897.0,2025-05-14 21:28:17,,,,25,2.0
Genie High,Iindatte,Genie High,geniestar,Genie High,J-Rock,2021-09-01,144.64,128,816776,96.27165;85.74803;53.007874;40.145668;29.622047;35.468506;28.452757;30.401575;34.299213;35.468506;34.299213;34.299213;37.807087;29.232285;24.555119;30.401575;30.401575;34.299213;43.65354;71.71654;95.88189;99.0;61.972443;0.0;,edb3a9,716c75,5658.0,Archivo de audio MPEG,144666.0,2021.0,256.0,44100.0,100.0,100.0,2244.0,5.0,1.0,1.0,3823852986.0,2025-03-03 19:23:06,Enon Kawatani,,,29,-3.0
Genie High,rubik love,Genie High,geniestar,Genie High,J-Rock,2021-09-01,219.87,136,9a8298,99.0;68.208664;42.484253;48.720474;37.417324;30.401575;40.925198;31.181103;26.503939;19.48819;41.704723;38.19685;45.602364;41.704723;27.283466;30.401575;37.807087;37.417324;42.09449;45.992126;64.70079;94.7126;63.14173;0.0;,f1a0af,58535c,5660.0,Archivo de audio MPEG,219898.0,2021.0,256.0,44100.0,100.0,100.0,3929.0,5.0,1.0,1.0,3823853332.0,2025-03-03 19:28:52,,,,32,1.0
Genie High,geniehigh box,Genie High,geniestar,Genie High,J-Rock,2021-09-01,160.55,65,aeac8e,99.0;82.24016;68.59843;53.7874;43.65354;37.417324;45.2126;40.925198;38.586617;39.755905;36.637794;40.535435;35.85827;34.299213;24.555119;30.79134;37.027557;37.027557;42.874016;57.68504;69.37795;79.51181;65.87008;0.0;,e2c3ac,4dc0f5,5662.0,Archivo de audio MPEG,160574.0,2021.0,256.0,44100.0,100.0,100.0,2555.0,5.0,1.0,2.0,3827247017.0,2025-04-12 01:10:17,Enon Kawatani,,,18,-1.0
Genie High,takkyu monkey,Genie High,geniestar,Genie High,J-Rock,2021-08-27,225.1,92,120918,77.95276;99.0;40.925198;33.12992;27.67323;30.401575;31.96063;34.688976;29.232285;32.350395;30.011812;38.97638;46.38189;54.177166;47.55118;52.61811;49.5;52.228348;50.279526;44.04331;47.940945;60.413383;42.874016;0.0;,eb8a3c,323637,5664.0,Archivo de audio MPEG,225123.0,2021.0,256.0,44100.0,100.0,100.0,5858.0,5.0,1.0,3.0,3832011668.0,2025-06-06 04:41:08,,,,16,3.0
Genie High,geniestar,Genie High,geniestar,Genie High,J-Rock,2021-09-01,222.17,122,b8d1df,99.0;62.362206;38.586617;32.740158;27.283466;26.893702;30.79134;33.519684;35.85827;36.637794;30.401575;29.232285;24.555119;24.165356;16.370079;19.48819;22.996063;24.944883;28.84252;37.417324;46.38189;54.177166;45.602364;0.0;,decda4,843f40,5668.0,Archivo de audio MPEG,222197.0,2021.0,256.0,44100.0,100.0,100.0,2143.0,5.0,1.0,3.0,3823854159.0,2025-03-03 19:42:39,,,,28,15.0
Genie High,Monster,Genie High feat. yama,Monster - Single,Genie High feat. yama,J-Rock,2023-03-22,263.52,130,96949d,58.074802;99.0;51.83858;33.12992;37.807087;27.67323;31.570868;31.181103;20.657482;30.401575;22.996063;25.334646;28.062992;22.996063;14.421261;23.77559;27.283466;30.011812;27.67323;29.622047;31.570868;39.366142;31.570868;0.0;,a2ed47,481d2d,5672.0,Archivo de audio MPEG,263549.0,2023.0,256.0,44100.0,100.0,100.0,9542.0,5.0,1.0,3.0,3835883695.0,2025-07-21 00:14:55,,,,28,3.0
Genie High,Cho Saiaku,Genie High,Cho Saiaku - Single,Genie High,J-Rock,2022-11-30,178.02,146,423240,57.295277;99.0;41.704723;21.43701;37.027557;29.232285;20.657482;35.85827;35.85827;25.724411;24.555119;31.570868;47.16142;51.44882;39.366142;55.34646;72.1063;57.295277;60.80315;49.110237;53.007874;50.669292;30.011812;0.0;,e67934,444748,11086.0,Archivo de audio AAC,178000.0,2022.0,320.0,48000.0,100.0,100.0,9857.0,5.0,1.0,4.0,3831325132.0,2025-05-29 05:58:52,,,,34,4.0
Genie High,PEAKY,Genie High,PEAKY - Single,Genie High,J-Rock,2022-11-11,225.93,147,6d5967,61.582676;85.35826;46.771652;49.110237;38.19685;30.79134;39.755905;36.637794;31.570868;32.350395;34.299213;29.622047;42.484253;85.35826;53.7874;62.75197;99.0;91.98425;69.37795;60.02362;63.531494;76.00394;54.95669;0.0;,eb534c,6b6f66,12232.0,Archivo de audio AAC,225907.0,2022.0,324.0,48000.0,100.0,100.0,10512.0,5.0,1.0,2.0,3826296267.0,2025-04-01 02:04:27,,,,27,1.0
Genie High,No Makeup Star,Genie High feat. Utaha,No Makeup Star - Single,Genie High feat. Utaha,J-Rock,2024-09-04,244.67,118,9bfbf9,60.413383;97.8307;54.56693;46.771652;29.232285;35.078743;47.940945;50.669292;54.177166;48.330708;42.874016;81.85039;81.07086;81.85039;54.56693;66.649605;79.12205;99.0;74.055115;37.417324;40.535435;62.362206;61.192913;0.0;,c53b2e,7a5a52,12252.0,Archivo de audio AAC,244645.0,2024.0,327.0,48000.0,100.0,100.0,17146.0,5.0,1.0,5.0,3834831064.0,2025-07-08 19:51:04,,,,35,2.0
Genie High,Katamede Ijouni Koishiteru,Genie High,Katamede Ijouni Koishiteru - Single,Genie High,J-Rock,2018-03-16,257.39,132,aeb8b7,28.84252;99.0;60.80315;62.75197;37.417324;33.12992;41.31496;64.70079;31.96063;32.350395;22.6063;40.535435;24.555119;33.519684;21.047245;23.77559;33.12992;53.007874;53.7874;54.56693;52.61811;71.32677;41.31496;0.0;,e9c786,aa306d,23270.0,Archivo de audio AAC,257370.0,2018.0,327.0,48000.0,100.0,100.0,6017.0,5.0,1.0,6.0,3837246223.0,2025-08-05 18:43:43,,,,26,1.0
Genie High,Randezvous Ni Touhikou,Genie High,Genie High - EP,Genie High,J-Rock,2018-10-17,231.87,176,190b1e,42.874016;99.0;42.874016;45.992126;38.586617;35.468506;38.19685;45.992126;20.267717;23.77559;26.114174;33.519684;42.874016;53.007874;21.826773;27.67323;31.181103;51.83858;37.027557;30.79134;33.519684;41.31496;25.334646;0.0;,b6ae16,110b15,23272.0,Archivo de audio AAC,231851.0,2018.0,319.0,48000.0,100.0,100.0,5563.0,5.0,1.0,1.0,3833399984.0,2025-06-22 06:19:44,,,,17,
Genie High,Genie High Rhapsody,Genie High,Genie High Rhapsody - Single,Genie High,J-Rock,2019-11-08,202.55,132,959796,49.5;99.0;66.25984;40.925198;36.637794;29.622047;33.519684;25.724411;27.67323;28.84252;22.996063;23.77559;23.77559;32.350395;24.555119;34.299213;47.940945;52.61811;54.95669;65.480316;67.81889;78.342514;44.822834;0.0;,f2b777,ba7d9e,23286.0,Archivo de audio AAC,202524.0,2019.0,336.0,48000.0,100.0,100.0,3433.0,5.0,1.0,4.0,3835541810.0,2025-07-17 01:16:50,,,,32,2.0
Genie High,Genie High No Theme,Genie High,Genie High - EP,Genie High,J-Rock,2018-10-17,255.7,73,aca589,6.625984;80.291336;51.44882;66.649605;43.26378;63.921257;51.059055;26.893702;23.385828;17.539371;20.267717;56.125984;28.062992;40.145668;28.84252;30.401575;41.704723;45.2126;49.889763;49.889763;66.25984;99.0;47.16142;0.0;,e883c8,4f9cf5,23288.0,Archivo de audio AAC,255675.0,2018.0,333.0,48000.0,100.0,100.0,2712.0,5.0,1.0,2.0,3835610236.0,2025-07-17 20:17:16,,,,25,0.0
Genie High,Tokyo Ha Ame,Genie High,Genie High - EP,Genie High,J-Rock,2018-10-17,257.37,132,82626f,24.165356;99.0;44.04331;42.09449;19.48819;30.401575;39.755905;34.299213;16.759842;12.8622055;19.877954;17.929134;19.48819;23.77559;13.251968;17.539371;28.062992;24.165356;28.84252;28.452757;32.740158;42.484253;26.893702;0.0;,a4ee4c,341b2a,23290.0,Archivo de audio AAC,257347.0,2018.0,322.0,48000.0,100.0,100.0,4960.0,5.0,1.0,2.0,3833801091.0,2025-06-26 21:44:51,,,,25,
Genie High,Shaminami,Genie High,Shaminami - Single,Genie High,J-Rock,2019-11-08,225.58,147,c1bd91,71.71654;99.0;68.98819;68.98819;64.70079;56.515747;61.972443;72.885826;51.83858;47.940945;43.26378;51.44882;60.413383;67.42913;31.96063;38.97638;49.110237;60.413383;49.5;53.7874;58.854332;58.854332;33.90945;0.0;,d94d34,955029,23292.0,Archivo de audio AAC,225558.0,2019.0,320.0,48000.0,100.0,100.0,8137.0,5.0,1.0,3.0,3831453318.0,2025-05-30 17:35:18,,,,27,1.0
Genie High,Genie High Wash,Genie High,Genie High Wash - Single,Genie High,J-Rock,2020-05-16,153.95,65,a9a388,99.0;56.90551;55.34646;44.822834;40.925198;44.04331;37.027557;38.586617;27.67323;29.622047;24.944883;30.79134;24.555119;27.67323;19.098427;22.6063;26.503939;21.826773;21.43701;25.334646;29.232285;35.078743;29.622047;0.0;,77fc9a,911499,23294.0,Archivo de audio AAC,153925.0,2020.0,329.0,48000.0,100.0,100.0,4138.0,5.0,1.0,6.0,3837793147.0,2025-08-12 02:39:07,,,,27,-1.0
Genie High,Cocoonsan,Genie High,Cocoonsan - Single,Genie High,J-Rock,2021-07-28,221.68,135,7a5b67,81.85039;99.0;74.444885;74.055115;44.822834;42.874016;69.767715;56.90551;37.027557;45.602364;40.925198;45.2126;43.65354;40.535435;26.114174;35.85827;47.940945;47.16142;45.2126;42.874016;41.704723;56.125984;32.350395;0.0;,a2ef4b,030604,23298.0,Archivo de audio AAC,221658.0,2021.0,321.0,48000.0,100.0,100.0,4863.0,5.0,1.0,3.0,3835863280.0,2025-07-20 18:34:40,,,,26,1.0
Genie High,Eclair,Genie High,Eclair - Single,Genie High,J-Rock,2022-05-20,212.83,170,06050b,99.0;64.70079;78.732285;45.992126;34.688976;32.350395;44.04331;39.755905;42.484253;24.555119;33.519684;31.570868;35.078743;45.2126;31.96063;42.484253;56.515747;58.854332;54.56693;53.007874;58.464565;66.649605;60.02362;0.0;,fe8f7d,545757,23300.0,Archivo de audio AAC,212811.0,2022.0,326.0,48000.0,100.0,100.0,7087.0,5.0,1.0,1.0,3823855588.0,2025-03-03 20:06:28,,,,25,1.0
Genie High,Kyashana Lip,Genie High feat. CHANMINA,Kyashana Lip - Single,Genie High feat. CHANMINA,J-Rock,2021-07-28,268.84,125,a2a6a5,62.362206;84.18898;57.68504;48.330708;36.24803;44.822834;53.397636;37.417324;25.724411;34.299213;31.96063;31.570868;36.24803;40.535435;25.334646;35.468506;59.244095;55.73622;63.14173;58.854332;58.074802;99.0;77.56299;0.0;,fb929a,b8dae3,23302.0,Archivo de audio AAC,268817.0,2021.0,325.0,48000.0,100.0,100.0,4910.0,5.0,1.0,3.0,3833811425.0,2025-06-27 00:37:05,,,,27,
Hikaru Utada,BADモード,Hikaru Utada,BADモード,Hikaru Utada,J-Pop,2022-01-19,303.31,117,587ff5,84.18898;99.0;77.56299;57.295277;39.755905;28.452757;31.96063;32.740158;31.181103;26.114174;14.811024;21.826773;17.539371;18.708662;12.8622055;13.641735;15.980316;19.098427;19.877954;27.283466;30.011812;40.535435;37.027557;0.0;,76fe74,682035,5700.0,Archivo de audio MPEG,303333.0,2022.0,256.0,44100.0,100.0,100.0,2576.0,5.0,1.0,2.0,3830703293.0,2025-05-22 01:14:53,Hikaru Utada & Jodi Milliner,,,27,
Hikaru Utada,気分じゃないの (Not In The Mood),Hikaru Utada,BADモード,Hikaru Utada,J-Pop,2022-01-19,448.21,76,030709,74.444885;99.0;96.27165;28.452757;35.468506;22.6063;24.555119;25.334646;25.724411;16.759842;24.944883;24.165356;22.996063;23.385828;19.48819;19.098427;25.724411;27.283466;42.484253;54.177166;41.31496;53.007874;21.826773;0.0;,b6f066,6c2d32,5710.0,Archivo de audio MPEG,448235.0,2022.0,256.0,44100.0,100.0,100.0,1994.0,5.0,1.0,6.0,3830703737.0,2025-05-22 01:22:17,Hikaru Utada & Sam Shepherd,,,27,
Hikaru Utada,Somewhere Near Marseilles ーマルセイユ辺りー,Hikaru Utada,BADモード,Hikaru Utada,J-Pop,2022-01-19,714.68,114,b523b2,58.854332;62.75197;61.582676;67.42913;37.417324;27.67323;67.81889;42.874016;38.19685;37.417324;20.657482;27.283466;19.48819;21.43701;17.539371;20.267717;31.96063;36.637794;44.822834;53.397636;53.7874;99.0;65.87008;0.0;,c5abe2,846573,5716.0,Archivo de audio MPEG,714710.0,2022.0,256.0,44100.0,100.0,100.0,1574.0,5.0,1.0,2.0,3834339205.0,2025-07-03 03:13:25,Hikaru Utada & Sam Shepherd,,,48,-6.0
Hikaru Utada,Ore No Kanojo,Hikaru Utada,Fantôme,Hikaru Utada,J-Pop,2016-09-28,304.2,80,1a1d0d,29.622047;88.08661;93.93307;58.074802;40.535435;52.228348;54.177166;48.330708;41.704723;29.622047;23.77559;31.570868;35.468506;24.944883;22.6063;31.96063;38.97638;31.570868;26.893702;31.570868;54.56693;99.0;45.992126;0.0;,99dcd4,0f4fbf,5726.0,Archivo de audio MPEG,304222.0,2016.0,256.0,44100.0,100.0,100.0,1519.0,5.0,1.0,6.0,3837626309.0,2025-08-10 04:18:29,Hikaru Utada,,,26,-2.0
Hikaru Utada,Nijikan Dake No Vacance,Hikaru Utada feat. Sheena Ringo,Fantôme,Hikaru Utada,J-Pop,2016-09-16,282.31,114,b46f54,24.165356;50.279526;99.0;52.61811;25.724411;22.6063;21.047245;19.48819;22.996063;16.370079;14.031498;19.098427;17.149609;13.251968;14.031498;20.267717;25.724411;21.047245;17.149609;23.77559;34.299213;40.925198;26.893702;0.0;,5bf991,b221b0,5730.0,Archivo de audio MPEG,282331.0,2016.0,256.0,44100.0,100.0,100.0,1320.0,5.0,1.0,3.0,3835538669.0,2025-07-17 00:24:29,Hikaru Utada,,,26,
Hikaru Utada,Kouya No Ookami,Hikaru Utada,Fantôme,Hikaru Utada,J-Pop,2016-09-28,274.78,117,11be2b,65.480316;99.0;41.704723;35.468506;15.980316;10.913387;28.452757;14.421261;14.031498;12.08268;14.421261;14.421261;16.759842;12.8622055;14.421261;22.216536;21.047245;22.216536;24.944883;31.181103;36.24803;41.704723;26.114174;0.0;,bbea5c,80383a,5738.0,Archivo de audio MPEG,274808.0,2016.0,256.0,44100.0,100.0,100.0,2341.0,5.0,1.0,4.0,3837511011.0,2025-08-08 20:16:51,Hikaru Utada,,,33,
Hikaru Utada,One Last Kiss,Hikaru Utada,One Last Kiss,Hikaru Utada,J-Pop,2020-12-09,252.11,112,68f35d,99.0;41.31496;87.30708;65.87008;51.83858;79.51181;32.350395;63.531494;38.97638;35.078743;17.149609;26.893702;21.047245;20.657482;14.031498;14.031498;19.48819;22.996063;22.996063;21.047245;24.165356;72.885826;19.098427;0.0;,53bee5,3d0884,5798.0,Archivo de audio MPEG,252133.0,2020.0,256.0,44100.0,100.0,100.0,1841.0,5.0,1.0,3.0,3831024895.0,2025-05-25 18:34:55,Hikaru Utada,,,26,-1.0
Hikaru Utada,This Is Love (Remastered 2018),Hikaru Utada,Ultra Blue (Remastered 2018),Hikaru Utada,J-Pop,2006-06-14,298.48,116,9618a6,67.42913;71.71654;55.34646;53.397636;47.55118;42.874016;51.83858;49.110237;58.464565;58.464565;37.417324;47.16142;42.874016;42.09449;30.401575;38.97638;48.330708;53.007874;66.25984;86.52756;99.0;96.27165;47.16142;0.0;,f170b7,939889,5858.0,Archivo de audio MPEG,298501.0,2006.0,256.0,44100.0,100.0,100.0,6766.0,5.0,1.0,3.0,3831971174.0,2025-06-05 17:26:14,Hikaru Utada,,,24,
Hikaru Utada,Sanctuary (Opening),Hikaru Utada,Ultra Blue (Remastered 2018),Hikaru Utada,J-Pop,2006-06-14,272.04,109,af2f7a,58.074802;53.7874;44.43307;54.56693;44.04331;35.85827;77.95276;99.0;58.074802;39.755905;34.688976;50.279526;49.889763;67.03937;43.65354;54.177166;61.192913;51.44882;37.807087;46.38189;47.55118;63.14173;24.165356;0.0;,a7078a,503229,5882.0,Archivo de audio MPEG,272065.0,2006.0,256.0,44100.0,100.0,100.0,4296.0,5.0,1.0,2.0,3830630318.0,2025-05-21 04:58:38,Utada,,,16,3.0
Hikaru Utada,Show Me Love (Not A Dream),Hikaru Utada,Utada Hikaru Single Collection Vol.2 (2014 Remastered),Hikaru Utada,J-Pop,2004-01-01,257.7,110,ace24d,38.97638;54.95669;99.0;48.720474;51.83858;81.85039;55.73622;48.720474;53.007874;37.807087;19.48819;37.027557;25.334646;22.216536;18.3189;22.996063;29.232285;16.370079;10.523624;16.759842;23.385828;38.586617;16.759842;0.0;,099ba6,013473,5918.0,Archivo de audio MPEG,257724.0,2004.0,256.0,44100.0,100.0,100.0,4063.0,5.0,1.0,8.0,3835771804.0,2025-07-19 17:10:04,Hikaru Utada,,,19,-1.0
Hikaru Utada,Goodbye Happiness,Hikaru Utada,Utada Hikaru Single Collection Vol.2 (2014 Remastered),Hikaru Utada,J-Pop,2004-01-01,321.44,120,a189a1,97.44095;99.0;75.22441;43.26378;40.535435;44.822834;52.228348;39.366142;59.244095;42.09449;35.078743;30.011812;25.724411;21.826773;16.370079;20.657482;22.6063;22.6063;30.011812;38.19685;40.145668;46.38189;26.503939;0.0;,80ff80,100916,5922.0,Archivo de audio MPEG,321462.0,2004.0,256.0,44100.0,100.0,100.0,3879.0,5.0,1.0,2.0,3835042479.0,2025-07-11 06:34:39,Hikaru Utada,,,30,-1.0
Hikaru Utada,Play A Love Song,Hikaru Utada,初恋,Hikaru Utada,J-Pop,2018-04-25,252.21,106,3036e0,70.54724;78.732285;49.889763;68.59843;99.0;41.704723;30.011812;77.56299;66.649605;47.55118;43.65354;37.417324;27.283466;19.48819;16.370079;22.6063;36.24803;31.570868;25.334646;31.570868;36.637794;50.669292;27.283466;0.0;,25b8c6,044c33,5950.0,Archivo de audio MPEG,252238.0,2018.0,256.0,44100.0,100.0,100.0,2614.0,5.0,1.0,2.0,3835884934.0,2025-07-21 00:35:34,Hikaru Utada,,,32,
Hikaru Utada,あなた,Hikaru Utada,初恋,Hikaru Utada,J-Pop,2017-12-08,277.24,89,5c3732,47.940945;99.0;56.90551;70.54724;38.19685;21.047245;47.940945;33.519684;29.622047;41.31496;24.165356;33.519684;22.216536;22.216536;14.421261;18.708662;32.740158;21.826773;17.539371;24.944883;37.417324;57.295277;30.011812;0.0;,79ff7e,8a1286,5952.0,Archivo de audio MPEG,277263.0,2017.0,256.0,44100.0,100.0,100.0,2971.0,5.0,1.0,5.0,3837426453.0,2025-08-07 20:47:33,Hikaru Utada,,,23,-1.0
Hikaru Utada,初恋,Hikaru Utada,初恋,Hikaru Utada,J-Pop,2018-05-30,280.97,92,8a403f,12.08268;66.25984;99.0;50.279526;52.61811;62.362206;30.79134;35.468506;39.366142;31.96063;17.149609;24.944883;15.590553;16.370079;10.913387;13.641735;13.641735;17.149609;13.251968;13.641735;21.826773;34.299213;18.708662;0.0;,14c291,150bab,5954.0,Archivo de audio MPEG,280999.0,2018.0,256.0,44100.0,100.0,100.0,2095.0,5.0,1.0,3.0,3830698783.0,2025-05-21 23:59:43,Hikaru Utada,,,17,
Hikaru Utada,誓い,Hikaru Utada,初恋,Hikaru Utada,J-Pop,2018-06-27,273.71,85,81534f,56.125984;72.1063;72.49606;99.0;35.85827;23.385828;39.366142;32.740158;28.452757;56.125984;27.67323;30.011812;26.114174;20.267717;18.708662;24.944883;40.925198;31.570868;13.641735;16.370079;36.24803;43.65354;14.031498;0.0;,32e489,0929ac,5956.0,Archivo de audio MPEG,273737.0,2018.0,256.0,44100.0,100.0,100.0,2021.0,5.0,1.0,6.0,3834408474.0,2025-07-03 22:27:54,,,,27,-1.0
Hikaru Utada,Forevermore,Hikaru Utada,初恋,Hikaru Utada,J-Pop,2017-07-28,294.4,180,010101,70.54724;99.0;70.93701;51.44882;60.413383;39.366142;25.334646;50.669292;33.12992;28.452757;27.283466;40.925198;34.688976;33.90945;26.893702;35.468506;49.5;31.96063;28.84252;41.31496;54.95669;72.49606;38.97638;0.0;,c6ea7a,530e56,5958.0,Archivo de audio MPEG,294426.0,2017.0,256.0,44100.0,100.0,100.0,2953.0,5.0,1.0,4.0,3837250908.0,2025-08-05 20:01:48,Hikaru Utada,,,32,
Hikaru Utada,夕凪,Hikaru Utada,初恋,Hikaru Utada,J-Pop,2018-06-27,284.73,120,858372,99.0;83.019684;29.622047;35.468506;16.759842;33.90945;18.3189;12.08268;12.8622055;10.523624;11.30315;10.133862;8.964569;9.354332;5.8464584;7.7952766;8.964569;10.913387;10.913387;12.08268;13.251968;13.641735;9.354332;0.0;,85fb5f,772439,5970.0,Archivo de audio MPEG,284760.0,2018.0,256.0,44100.0,100.0,100.0,1133.0,5.0,1.0,2.0,3833751782.0,2025-06-26 08:03:02,,,,19,
Hikaru Utada,嫉妬されるべき人生,Hikaru Utada,初恋,Hikaru Utada,J-Pop,2018-06-27,286.88,102,620c7f,99.0;84.18898;42.484253;41.704723;70.93701;15.20079;33.519684;37.417324;22.216536;15.980316;23.77559;21.43701;19.877954;13.251968;17.149609;15.590553;15.590553;16.759842;15.980316;18.708662;25.334646;40.145668;18.708662;0.0;,7cff83,5d1d33,5972.0,Archivo de audio MPEG,286902.0,2018.0,256.0,44100.0,100.0,100.0,1053.0,5.0,1.0,1.0,3830701179.0,2025-05-22 00:39:39,,,,38,1.0
Hikaru Utada,Manatsu No Tooriame,Hikaru Utada,Manatsu No Tooriame - Single,Hikaru Utada,J-Pop,2016-04-15,341.29,74,875450,4.287403;21.826773;99.0;70.93701;35.468506;37.807087;35.078743;43.26378;25.724411;20.267717;12.472443;24.555119;19.48819;14.421261;11.692913;11.30315;15.20079;10.133862;7.7952766;12.08268;17.539371;30.011812;18.3189;0.0;,0d8db5,390eaa,17316.0,Archivo de audio AAC,341264.0,2016.0,315.0,48000.0,100.0,100.0,1383.0,5.0,1.0,1.0,3830638443.0,2025-05-21 07:14:03,Hikaru Utada,,,27,-1.0
Hikaru Utada,Sakura Nagashi,Hikaru Utada,Sakura Nagashi - Single,Hikaru Utada,J-Pop,2012-11-17,281.56,99,05a552,4.287403;28.062992;99.0;25.724411;21.826773;37.027557;19.098427;22.996063;22.216536;16.759842;12.472443;9.354332;10.523624;8.574806;7.015751;8.1850395;9.354332;9.744095;5.0669327;9.744095;12.472443;17.539371;7.7952766;0.0;,0fba8f,791b4a,17346.0,Archivo de audio AAC,281542.0,2012.0,297.0,48000.0,100.0,100.0,2681.0,5.0,1.0,2.0,3831550487.0,2025-05-31 20:34:47,Hikaru Utada & Paul Carter,,,3,
Hikaru Utada,Exodus '04,Hikaru Utada,Exodus,Hikaru Utada,J-Pop,2004-09-08,270.79,85,05040a,99.0;62.362206;60.02362;40.535435;33.90945;38.586617;30.401575;29.232285;40.925198;35.468506;18.708662;32.740158;23.385828;26.503939;25.334646;35.078743;58.464565;59.244095;59.244095;65.87008;72.1063;74.055115;42.874016;0.0;,fb9797,928997,17550.0,Archivo de audio AAC,270768.0,2004.0,331.0,48000.0,100.0,100.0,3761.0,5.0,1.0,1.0,3830617474.0,2025-05-21 01:24:34,"Timbaland Moseley, Utada",,,50,-5.0
Hikaru Utada,Merry Christmas Mr. Lawrence - FYI,Hikaru Utada,This Is the One,Hikaru Utada,J-Pop,2009-03-24,229.64,102,0999b7,56.125984;63.14173;54.177166;54.56693;28.452757;26.503939;59.633858;23.77559;32.740158;20.267717;31.181103;24.165356;37.807087;29.232285;20.267717;26.503939;26.893702;24.944883;22.216536;22.996063;41.31496;99.0;52.228348;0.0;,c2b9dc,a44254,17568.0,Archivo de audio AAC,229622.0,2009.0,321.0,48000.0,100.0,100.0,4898.0,5.0,1.0,2.0,3834329866.0,2025-07-03 00:37:46,Ryuichi Sakamoto,,,99,47.0
Hikaru Utada,Shiawase Ni Narou (Remastered 2018),Hikaru Utada,Deep River (Remastered 2018),Hikaru Utada,J-Pop,2002-06-19,286.93,101,450b9d,64.31102;68.59843;46.771652;42.09449;47.940945;32.740158;46.771652;48.330708;51.83858;38.586617;50.669292;38.586617;49.110237;42.484253;35.468506;42.484253;63.14173;67.03937;55.73622;63.14173;76.78346;99.0;47.55118;0.0;,f65e9f,9a9f8d,17592.0,Archivo de audio AAC,286906.0,2002.0,330.0,48000.0,100.0,100.0,3223.0,5.0,1.0,3.0,3834065205.0,2025-06-29 23:06:45,Hikaru Utada,,,31,
Hikaru Utada,First Love (Remastered 2014),Hikaru Utada,First Love (Remastered 2014),Hikaru Utada,J-Pop,1999-01-01,257.97,90,3c2f22,4.287403;17.929134;57.295277;44.43307;34.299213;32.740158;46.38189;52.61811;45.2126;99.0;33.12992;40.145668;43.65354;30.79134;19.098427;28.062992;38.19685;29.622047;20.267717;17.539371;40.925198;93.15354;32.740158;0.0;,7a29dd,0dbe72,17650.0,Archivo de audio AAC,257950.0,1999.0,321.0,48000.0,100.0,100.0,2209.0,5.0,1.0,2.0,3834337917.0,2025-07-03 02:51:57,Hikaru Utada,,,20,
Hikaru Utada,"Amai Wana - Paint It, Black (Remastered 2014)",Hikaru Utada,First Love (Remastered 2014),Hikaru Utada,J-Pop,1999-03-10,302.37,117,13c6ca,82.24016;99.0;56.125984;46.38189;39.755905;31.181103;35.85827;49.110237;40.145668;29.232285;27.283466;31.96063;34.299213;43.26378;32.740158;46.771652;58.464565;58.074802;79.51181;96.27165;84.578735;86.91732;45.602364;0.0;,fd9680,b6cbc3,17720.0,Archivo de audio AAC,302347.0,1999.0,335.0,48000.0,100.0,100.0,4605.0,5.0,1.0,1.0,3830512358.0,2025-05-19 20:12:38,"Hikaru Utada, Mick Jagger & Keith Richards",,,32,-1.0
Hikaru Utada,Never Let Go (Remastered 2014),Hikaru Utada,First Love (Remastered 2014),Hikaru Utada,J-Pop,1999-03-10,237.91,96,7c3735,76.3937;90.42519;99.0;37.807087;58.854332;38.19685;30.011812;54.95669;48.330708;64.70079;42.09449;59.244095;70.15748;55.73622;50.669292;51.059055;56.125984;50.279526;56.90551;47.55118;49.110237;44.04331;23.77559;0.0;,b0620d,9b552c,17950.0,Archivo de audio AAC,237888.0,1999.0,327.0,48000.0,100.0,100.0,1346.0,5.0,1.0,1.0,3830512591.0,2025-05-19 20:16:31,"Hikaru Utada, Dominic Miller & Sting",,,25,4.0
Hikaru Utada,Parody (Remastered 2018),Hikaru Utada,Distance (Remastered 2018),Hikaru Utada,J-Pop,2001-03-28,325.54,97,026634,69.767715;70.54724;54.56693;51.83858;51.059055;35.468506;32.740158;44.04331;35.85827;38.586617;35.078743;30.401575;42.874016;48.330708;41.31496;56.90551;66.649605;81.46063;69.767715;82.24016;88.866135;99.0;42.09449;0.0;,fc6a90,b7d1ab,18192.0,Archivo de audio AAC,325520.0,2001.0,326.0,48000.0,100.0,100.0,5019.0,5.0,1.0,1.0,3830612485.0,2025-05-21 00:01:25,Hikaru Utada,,,28,1.0
Hikaru Utada,Simple And Clean (Remastered 2018),Hikaru Utada,Deep River (Remastered 2018),Hikaru Utada,J-Pop,2002-06-19,303.99,88,030408,63.531494;95.88189;72.1063;43.26378;35.85827;30.401575;32.350395;36.24803;35.468506;49.889763;30.401575;31.570868;43.65354;51.83858;31.570868;46.771652;62.362206;75.614174;54.56693;44.43307;56.515747;99.0;58.854332;0.0;,fc906b,767876,18376.0,Archivo de audio AAC,303972.0,2002.0,323.0,48000.0,100.0,100.0,3789.0,5.0,1.0,3.0,3835884429.0,2025-07-21 00:27:09,Utada Hikaru,,,27,
Hikaru Utada,Addicted To You (Up-In-Heaven Mix),Hikaru Utada,Addicted To You - EP,Hikaru Utada,J-Pop,1999-11-10,318.96,99,b42d8d,47.940945;73.66535;86.91732;25.334646;26.893702;32.740158;38.19685;31.96063;24.944883;32.350395;30.401575;40.145668;40.535435;31.96063;45.602364;37.417324;48.330708;56.90551;43.65354;51.059055;77.173225;99.0;51.44882;0.0;,fd8f93,8e8e91,25512.0,Archivo de audio MPEG,318981.0,1999.0,256.0,44100.0,100.0,100.0,4003.0,5.0,1.0,1.0,3830513630.0,2025-05-19 20:33:50,Hikaru Utada,,,99,-23.0
Hikaru Utada,Automatic,Hikaru Utada,Automatic - Time Will Tell - Single,Hikaru Utada,J-Pop,1998-12-09,312.16,95,061d13,70.15748;99.0;65.87008;50.279526;36.24803;22.996063;32.740158;40.145668;33.90945;22.6063;29.622047;34.688976;39.755905;54.95669;35.078743;41.31496;47.940945;52.61811;57.68504;49.889763;54.177166;64.70079;45.992126;0.0;,eda74a,b0acc6,25514.0,Archivo de audio MPEG,312189.0,1998.0,256.0,44100.0,100.0,100.0,6529.0,5.0,1.0,1.0,3830510688.0,2025-05-19 19:44:48,Hikaru Utada,,,37,34.0
Hikaru Utada,Can You Keep a Secret ,Hikaru Utada,Can You Keep a Secret  - Single,Hikaru Utada,J-Pop,2001-02-16,308.9,104,d4bb61,35.468506;49.110237;20.267717;28.84252;31.96063;10.913387;15.590553;26.503939;30.79134;21.826773;21.43701;19.48819;22.6063;19.48819;15.980316;17.929134;38.19685;38.586617;20.657482;38.19685;61.192913;99.0;37.807087;0.0;,ed8cbf,bf5e84,25516.0,Archivo de audio MPEG,308924.0,2001.0,256.0,44100.0,100.0,100.0,6906.0,5.0,1.0,1.0,3830535977.0,2025-05-20 02:46:17,Hikaru Utada,,,31,1.0
Hikaru Utada,Movin' On Without You,Hikaru Utada,Movin' On Without You - Single,Hikaru Utada,J-Pop,1999-02-17,278.26,122,b4bdc7,51.83858;81.85039;25.334646;20.267717;20.267717;16.759842;21.43701;31.570868;31.181103;27.283466;30.79134;30.011812;37.807087;42.484253;35.85827;39.366142;50.669292;56.125984;68.59843;72.1063;99.0;72.1063;47.55118;0.0;,fe7b75,a3a0ae,25522.0,Archivo de audio MPEG,278282.0,1999.0,256.0,44100.0,100.0,100.0,5350.0,5.0,1.0,2.0,3834831354.0,2025-07-08 19:55:54,Hikaru Utada,,,98,-23.0
Hikaru Utada,Traveling,Hikaru Utada,Traveling - EP,Hikaru Utada,J-Pop,2001-11-28,314.72,117,992f4f,39.755905;81.46063;39.755905;32.350395;20.267717;19.098427;19.48819;24.944883;18.708662;26.114174;19.48819;23.385828;29.622047;28.062992;22.216536;38.19685;42.09449;46.771652;45.992126;57.68504;66.25984;99.0;53.007874;0.0;,fb9c8e,736473,25524.0,Archivo de audio MPEG,314749.0,2001.0,256.0,44100.0,100.0,100.0,7975.0,5.0,1.0,2.0,3832783872.0,2025-06-15 03:11:12,Hikaru Utada,,,0,-23.0
Hikaru Utada,Wait & See - Risk,Hikaru Utada,Wait & See - Risk - EP,Hikaru Utada,J-Pop,2000-04-19,288.57,112,9e1caf,70.54724;86.91732;56.125984;48.330708;41.704723;35.468506;44.04331;60.413383;58.464565;40.145668;38.586617;63.14173;53.007874;52.228348;37.807087;45.992126;66.649605;76.3937;65.87008;72.1063;93.543304;99.0;53.007874;0.0;,fc678b,7e8073,25526.0,Archivo de audio MPEG,288600.0,2000.0,256.0,44100.0,100.0,100.0,7061.0,5.0,1.0,3.0,3837787908.0,2025-08-12 01:11:48,Hikaru Utada,,,80,1.0
Hikaru Utada,Sakura Drops,Hikaru Utada,Sakura Drops - EP,Hikaru Utada,J-Pop,2001-01-01,298.79,83,020304,77.173225;71.71654;53.397636;40.535435;46.38189;51.44882;40.145668;31.96063;30.011812;73.27559;55.34646;51.83858;52.228348;35.078743;19.48819;30.011812;33.12992;56.515747;67.03937;74.444885;93.15354;99.0;47.16142;0.0;,f17fba,adb69c,25572.0,Archivo de audio MPEG,298814.0,2001.0,256.0,44100.0,100.0,100.0,6386.0,5.0,1.0,2.0,3831325431.0,2025-05-29 06:03:51,Hikaru Utada,,,0,-23.0
Hikaru Utada,Colors,Hikaru Utada,Colors - EP,Hikaru Utada,J-Pop,2003-01-29,240.14,122,c283ad,99.0;80.291336;67.42913;71.71654;45.992126;45.602364;56.90551;84.18898;49.5;47.940945;45.992126;34.688976;36.24803;38.97638;34.688976;40.925198;52.228348;56.515747;37.807087;44.822834;60.413383;88.866135;49.5;0.0;,df9ccf,3f3529,25586.0,Archivo de audio MPEG,240169.0,2003.0,256.0,44100.0,100.0,100.0,4213.0,5.0,1.0,2.0,3832746210.0,2025-06-14 16:43:30,Hikaru Utada,,,0,-5.0
Hikaru Utada,Passion,Hikaru Utada,Passion - Single,Hikaru Utada,J-Pop,2005-12-14,282.7,109,b02a87,78.342514;64.31102;46.38189;51.83858;38.586617;33.90945;68.59843;99.0;72.885826;51.83858;37.027557;76.3937;53.397636;56.125984;37.807087;45.2126;65.480316;60.02362;45.2126;45.992126;44.822834;59.244095;20.657482;0.0;,b40c76,503229,25592.0,Archivo de audio MPEG,282723.0,2005.0,256.0,44100.0,100.0,100.0,6152.0,5.0,1.0,2.0,3831320650.0,2025-05-29 04:44:10,Hikaru Utada,,,93,3.0
Hikaru Utada,Beautiful World,Hikaru Utada,Beautiful World - Kiss & Cry - EP,Hikaru Utada,J-Pop,2007-08-29,314.33,115,8a20bf,95.102356;99.0;43.26378;62.362206;62.362206;51.059055;84.578735;51.059055;50.669292;32.350395;44.43307;42.09449;38.19685;38.19685;26.114174;28.84252;39.366142;41.31496;46.771652;59.244095;64.31102;60.413383;28.84252;0.0;,d7d0ae,282414,25628.0,Archivo de audio MPEG,314357.0,2007.0,256.0,44100.0,100.0,100.0,4763.0,5.0,1.0,2.0,3835524509.0,2025-07-16 20:28:29,Hikaru Utada,,,27,-3.0
Hikaru Utada,Flavor of Life,Hikaru Utada,Flavor of Life - EP,Hikaru Utada,J-Pop,2007-02-28,287.92,106,1242c2,80.6811;99.0;83.40945;64.31102;54.95669;44.822834;47.55118;29.622047;36.637794;33.12992;29.232285;33.12992;40.535435;40.925198;32.350395;42.09449;44.822834;58.074802;72.49606;89.255905;76.00394;81.85039;49.110237;0.0;,f3b48a,b1c6b4,25636.0,Archivo de audio MPEG,287947.0,2007.0,256.0,44100.0,100.0,100.0,5267.0,5.0,1.0,3.0,3837787194.0,2025-08-12 00:59:54,Hikaru Utada,,,96,-23.0
Hikaru Utada,Hanataba Wo Kimini,Hikaru Utada,Hanataba Wo Kimini - Single,Hikaru Utada,J-Pop,2016-04-15,280.06,82,633834,17.149609;56.125984;71.32677;81.85039;65.480316;42.09449;84.968506;99.0;78.732285;64.70079;31.96063;45.992126;34.688976;33.519684;30.401575;27.283466;47.940945;30.79134;18.708662;25.724411;39.755905;66.649605;37.807087;0.0;,2747c8,45a70e,25640.0,Archivo de audio MPEG,280084.0,2016.0,256.0,44100.0,100.0,100.0,2629.0,5.0,1.0,1.0,3830638718.0,2025-05-21 07:18:38,Hikaru Utada,,,4,
Hikaru Utada,Prisoner of Love,Hikaru Utada,Prisoner of Love - EP,Hikaru Utada,J-Pop,2008-03-19,285.52,97,0e3707,61.192913;99.0;65.87008;45.992126;31.96063;28.062992;31.96063;44.04331;27.67323;36.24803;25.724411;32.740158;30.401575;33.12992;28.452757;35.85827;42.874016;38.586617;56.90551;69.37795;55.73622;49.110237;19.877954;0.0;,e6bc52,bc4b7c,25646.0,Archivo de audio MPEG,285544.0,2008.0,256.0,44100.0,100.0,100.0,3983.0,5.0,1.0,2.0,3837782286.0,2025-08-11 23:38:06,Hikaru Utada,,,93,-23.0
Hikaru Utada,Kiss & Cry,Hikaru Utada,Beautiful World - Kiss & Cry - EP,Hikaru Utada,J-Pop,2007-05-31,305.97,104,1dd59a,45.602364;99.0;60.80315;52.61811;35.468506;46.38189;41.31496;41.704723;38.586617;38.586617;41.31496;42.09449;47.16142;54.177166;40.925198;48.720474;55.34646;53.7874;60.413383;64.70079;60.80315;61.582676;28.062992;0.0;,ef7343,9b7065,25666.0,Archivo de audio MPEG,305998.0,2007.0,256.0,44100.0,100.0,100.0,7544.0,5.0,1.0,1.0,3830631357.0,2025-05-21 05:15:57,Hikaru Utada,,,70,
Hikaru Utada,Stay Gold,Hikaru Utada,Heart Station - Stay Gold - EP,Hikaru Utada,J-Pop,2008-02-20,314.62,90,0a060f,56.90551;83.79921;61.582676;47.16142;48.720474;99.0;65.09055;67.03937;68.59843;59.244095;56.515747;56.515747;43.65354;40.535435;30.79134;55.34646;59.633858;74.83464;76.00394;90.03543;82.62992;72.49606;49.889763;0.0;,e5399d,78504c,25672.0,Archivo de audio MPEG,314644.0,2008.0,256.0,44100.0,100.0,100.0,5509.0,5.0,1.0,3.0,3837342848.0,2025-08-06 21:34:08,Hikaru Utada,,,23,4.0
Hikaru Utada,Time,Hikaru Utada,Time - Single,Hikaru Utada,J-Pop,2020-05-08,297.61,100,a3a4ee,99.0;97.05118;60.413383;41.31496;40.145668;19.48819;24.165356;40.145668;19.098427;31.181103;16.759842;28.062992;26.503939;26.893702;22.996063;26.503939;40.925198;39.366142;53.397636;61.582676;64.70079;98.61023;65.87008;0.0;,e7c894,a6819a,25736.0,Archivo de audio MPEG,297639.0,2020.0,256.0,44100.0,100.0,100.0,1259.0,5.0,1.0,2.0,3835364722.0,2025-07-15 00:05:22,Hikaru Utada,,,25,
Kocchi No Kento,Hai Yorokonde,Kocchi No Kento,Hai Yorokonde - Single,Kocchi No Kento,J-Pop,2024-05-27T12:00:00Z,161.7,147,6c4d57,70.54724;99.0;49.889763;26.893702;40.925198;51.44882;42.484253;37.417324;55.34646;40.535435;35.85827;36.637794;41.31496;57.295277;42.874016;72.1063;64.31102;34.688976;29.232285;34.688976;40.535435;49.889763;29.622047;0.0;,c37514,070b08,10862.0,Archivo de audio AAC comprado,161632.0,2024.0,256.0,44100.0,100.0,100.0,3179.0,5.0,1.0,5.0,3829855992.0,2025-05-12 05:53:12,GRP & Kocchi No Kento,,,32,1.0
Kocchi No Kento,Mouiiyo,Kocchi No Kento,Mouiiyo - Single,Kocchi No Kento,J-Pop,2024-10-14,178.02,130,433b46,99.0;83.40945;55.34646;34.688976;36.637794;62.362206;47.16142;58.074802;44.822834;45.602364;43.26378;48.330708;43.65354;41.704723;29.232285;67.42913;68.59843;37.417324;29.622047;36.637794;38.19685;47.940945;29.232285;0.0;,cd6b1c,20210e,11806.0,Archivo de audio AAC,178000.0,2024.0,333.0,48000.0,100.0,100.0,4235.0,5.0,1.0,4.0,3830929174.0,2025-05-24 15:59:34,,,,31,
Kocchi No Kento,Dongurigame,Kocchi No Kento,Dongurigame - Single,Kocchi No Kento,J-Pop,2023-06-13,178.02,130,928d99,77.173225;99.0;64.70079;32.740158;53.397636;37.807087;49.5;61.582676;62.75197;44.43307;60.413383;69.767715;57.68504;63.14173;43.65354;81.07086;82.62992;63.921257;43.65354;51.44882;53.397636;66.25984;40.535435;0.0;,d14530,533f36,14512.0,Archivo de audio AAC,178000.0,2023.0,325.0,48000.0,100.0,100.0,3100.0,5.0,1.0,3.0,3837185350.0,2025-08-05 01:49:10,,,,31,
Kocchi No Kento,Shinuna!,Kocchi No Kento,Shinuna! - Single,Kocchi No Kento,J-Pop,2022-12-10,208.12,110,134bc5,72.1063;99.0;62.75197;48.330708;56.125984;61.192913;58.854332;58.464565;51.44882;41.31496;51.059055;57.295277;48.330708;62.362206;45.2126;72.49606;68.59843;55.34646;54.177166;49.889763;56.515747;65.480316;42.09449;0.0;,d84a35,744643,14936.0,Archivo de audio AAC,208097.0,2022.0,325.0,48000.0,100.0,100.0,2627.0,5.0,1.0,20.0,3835373206.0,2025-07-15 02:26:46,,,,25,-1.0
Kocchi No Kento,けっかおーらい - Kekka Orai,Kocchi No Kento,けっかおーらい - Kekka Orai - My Hero Academia- Vigilantes Opening Theme Song - Single,Kocchi No Kento,J-Pop,2025-04-07,172.64,155,060e2d,99.0;81.46063;51.83858;36.637794;47.16142;51.83858;43.65354;39.755905;35.078743;44.43307;35.078743;35.078743;33.90945;39.755905;33.519684;59.244095;62.362206;39.755905;31.181103;33.90945;36.24803;52.61811;28.062992;0.0;,e19a32,020403,23970.0,Archivo de audio AAC,172617.0,2025.0,325.0,48000.0,100.0,100.0,5906.0,5.0,1.0,2.0,3828356622.0,2025-04-24 21:23:42,,,,27,3.0
Ling Tosite Sigure,鮮やかな殺人,Ling tosite sigure,#4,Ling tosite sigure,J-Rock,2005-11-09,285.41,98,005874,22.6063;99.0;39.366142;26.893702;27.283466;26.114174;24.165356;19.877954;25.724411;41.31496;42.09449;59.244095;63.921257;72.1063;52.61811;68.208664;77.173225;75.614174;57.68504;54.177166;41.31496;41.31496;24.165356;0.0;,c74d23,726f60,6586.0,Archivo de audio MPEG,285440.0,2005.0,256.0,44100.0,100.0,100.0,13703.0,5.0,1.0,4.0,3837341750.0,2025-08-06 21:15:50,北嶋徹,,,2,
Ling Tosite Sigure,Sadistic Summer,Ling tosite sigure,#4,Ling tosite sigure,J-Rock,2005-11-09,266.21,99,0bb5bb,27.283466;99.0;56.125984;60.80315;35.468506;29.622047;70.93701;58.074802;49.889763;53.007874;34.299213;50.669292;70.93701;69.767715;56.90551;56.515747;67.81889;68.59843;68.208664;47.55118;51.44882;57.68504;33.519684;0.0;,c03330,794745,6590.0,Archivo de audio MPEG,266240.0,2005.0,256.0,44100.0,100.0,100.0,13301.0,5.0,1.0,2.0,3825579265.0,2025-03-23 18:54:25,北嶋徹,,,11,2.0
Ling Tosite Sigure,ターボチャージャーON,Ling tosite sigure,#4,Ling tosite sigure,J-Rock,2005-11-09,317.75,131,706b74,19.48819;99.0;37.027557;17.149609;17.539371;13.251968;13.251968;25.334646;21.826773;28.84252;45.2126;70.15748;55.73622;59.633858;40.145668;44.822834;52.228348;54.177166;26.503939;24.165356;18.3189;16.370079;10.133862;0.0;,9f6108,020203,6592.0,Archivo de audio MPEG,317779.0,2005.0,256.0,44100.0,100.0,100.0,15085.0,5.0,1.0,1.0,3826008576.0,2025-03-28 18:09:36,北嶋徹,,,0,2.0
Ling Tosite Sigure,TK in the 夕景,Ling tosite sigure,#4,Ling tosite sigure,J-Rock,2005-11-09,262.3,143,aa7162,18.708662;91.59448;56.125984;47.16142;31.96063;49.110237;46.38189;42.874016;46.38189;56.125984;46.771652;59.244095;84.18898;92.76378;60.413383;82.62992;83.019684;95.49213;88.866135;99.0;72.1063;55.34646;30.401575;0.0;,d13243,a77869,6604.0,Archivo de audio MPEG,262321.0,2005.0,256.0,44100.0,100.0,100.0,14937.0,5.0,1.0,2.0,3831411910.0,2025-05-30 06:05:10,北嶋徹,,,0,5.0
Ling Tosite Sigure,Ultra Overcorrection,Ling tosite sigure,#5,Ling tosite sigure,J-Rock,2018-02-14,284.11,136,9e5e2a,45.2126;86.91732;57.295277;45.602364;32.350395;27.283466;20.657482;25.724411;33.90945;35.468506;40.145668;48.330708;82.24016;99.0;54.177166;63.921257;58.074802;49.889763;53.397636;63.921257;67.42913;56.125984;28.84252;0.0;,da4d35,ac927a,6606.0,Archivo de audio MPEG,284133.0,2018.0,256.0,44100.0,100.0,100.0,19180.0,5.0,1.0,3.0,3833719816.0,2025-06-25 23:10:16,TK,,,20,8.0
Ling Tosite Sigure,Chocolate Passion,Ling tosite sigure,#5,Ling tosite sigure,J-Rock,2018-02-14,256.84,100,8f159e,47.16142;93.543304;47.16142;31.96063;40.535435;29.622047;38.586617;26.503939;27.67323;44.43307;38.97638;48.720474;77.95276;99.0;45.992126;53.397636;67.42913;42.874016;44.04331;42.484253;33.90945;42.484253;35.85827;0.0;,b54b19,323428,6608.0,Archivo de audio MPEG,256862.0,2018.0,256.0,44100.0,100.0,100.0,16553.0,5.0,1.0,3.0,3829858101.0,2025-05-12 06:28:21,TK,,,18,2.0
Ling Tosite Sigure,Tornado Minority,Ling tosite sigure,#5,Ling tosite sigure,J-Rock,2018-02-14,277.84,136,af826d,57.295277;99.0;52.228348;53.7874;39.755905;40.535435;81.46063;34.688976;42.874016;50.669292;52.61811;60.02362;95.88189;95.102356;65.87008;83.79921;87.30708;93.15354;87.30708;91.98425;57.68504;49.110237;30.79134;0.0;,cb3638,9a645c,6610.0,Archivo de audio MPEG,277864.0,2018.0,256.0,44100.0,100.0,100.0,18413.0,5.0,1.0,2.0,3834333029.0,2025-07-03 01:30:29,TK,,,18,1.0
Ling Tosite Sigure,Who's WhoFO,Ling tosite sigure,#5,Ling tosite sigure,J-Rock,2018-02-14,297.93,143,323338,64.70079;99.0;58.464565;40.145668;44.822834;45.602364;36.24803;24.555119;30.79134;35.078743;32.740158;54.56693;44.43307;55.73622;31.181103;46.38189;44.43307;44.04331;53.7874;59.244095;67.81889;66.25984;49.110237;0.0;,f69a57,818382,6612.0,Archivo de audio MPEG,297952.0,2018.0,256.0,44100.0,100.0,100.0,9820.0,5.0,1.0,2.0,3825501771.0,2025-03-22 21:22:51,TK,,,26,2.0
Ling Tosite Sigure,ten to ten,Ling tosite sigure,#5,Ling tosite sigure,J-Rock,2018-02-14,331.15,81,2c2616,22.6063;99.0;57.68504;35.078743;25.334646;41.704723;39.755905;22.6063;22.216536;24.165356;30.011812;37.807087;58.074802;93.543304;49.110237;60.413383;60.80315;51.059055;40.145668;49.889763;30.79134;29.232285;14.031498;0.0;,ab5a0e,82a614,6616.0,Archivo de audio MPEG,331180.0,2018.0,256.0,44100.0,100.0,100.0,14700.0,5.0,1.0,4.0,3830097598.0,2025-05-15 00:59:58,TK,,,18,-1.0
Ling Tosite Sigure,High Energy Vacuum,Ling tosite sigure,#5,Ling tosite sigure,J-Rock,2018-02-14,233.12,167,0e0815,63.921257;93.543304;54.177166;34.688976;32.740158;39.366142;40.145668;47.940945;40.145668;49.110237;35.85827;55.34646;90.42519;99.0;50.279526;51.83858;54.177166;57.295277;66.25984;79.90157;58.464565;50.669292;31.181103;0.0;,da4a38,564f42,6622.0,Archivo de audio MPEG,233142.0,2018.0,256.0,44100.0,100.0,100.0,15489.0,5.0,1.0,7.0,3834416912.0,2025-07-04 00:48:32,TK,,,19,5.0
Ling Tosite Sigure,#5,Ling tosite sigure,#5,Ling tosite sigure,J-Rock,2018-02-14,336.27,107,4af283,54.177166;99.0;49.5;51.059055;31.181103;35.85827;29.622047;17.929134;18.3189;25.334646;25.334646;38.586617;38.19685;54.56693;24.165356;33.90945;35.85827;35.468506;38.19685;40.535435;38.586617;38.19685;24.555119;0.0;,bfba22,752835,6624.0,Archivo de audio MPEG,336300.0,2018.0,256.0,44100.0,100.0,100.0,9610.0,5.0,1.0,3.0,3825757709.0,2025-03-25 20:28:29,,,,16,1.0
Ling Tosite Sigure,Beautiful Circus (remastered at METROPOLIS),Ling tosite sigure,i'mperfect,Ling tosite sigure,J-Rock,2013-04-10,196.75,145,894746,34.299213;56.515747;23.385828;13.641735;14.811024;23.385828;20.267717;11.692913;17.929134;21.826773;30.401575;53.397636;63.14173;99.0;53.007874;51.83858;46.38189;42.484253;39.366142;41.31496;35.468506;39.755905;25.724411;0.0;,cb3934,97cafb,6656.0,Archivo de audio MPEG,196780.0,2013.0,256.0,44100.0,100.0,100.0,20576.0,5.0,1.0,2.0,3825751090.0,2025-03-25 18:38:10,Toru Kitajima,,,25,4.0
Ling Tosite Sigure,Metamorphose,Ling tosite sigure,i'mperfect,Ling tosite sigure,J-Rock,2013-04-10,207.1,95,060b1c,56.515747;53.397636;28.452757;21.826773;16.759842;23.385828;28.452757;22.996063;29.622047;39.366142;37.417324;57.68504;77.95276;99.0;57.68504;51.059055;53.007874;51.83858;55.73622;55.73622;45.992126;50.279526;33.519684;0.0;,d53348,717469,6660.0,Archivo de audio MPEG,207124.0,2013.0,256.0,44100.0,100.0,100.0,17061.0,5.0,1.0,4.0,3837249491.0,2025-08-05 19:38:11,Toru Kitajima,,,15,4.0
Ling Tosite Sigure,Sitai miss me,Ling tosite sigure,i'mperfect,Ling tosite sigure,J-Rock,2013-04-10,240.95,95,0a0712,49.5;99.0;44.822834;19.48819;33.90945;35.468506;12.472443;21.43701;19.098427;30.011812;28.062992;39.366142;70.93701;72.1063;34.688976;44.04331;52.61811;49.110237;52.228348;54.177166;44.822834;51.83858;34.299213;0.0;,e0782c,303336,6664.0,Archivo de audio MPEG,240979.0,2013.0,256.0,44100.0,100.0,100.0,16026.0,5.0,1.0,4.0,3837346682.0,2025-08-06 22:38:02,Toru Kitajima,,,20,3.0
Ling Tosite Sigure,make up syndrome (album mix),Ling tosite sigure,i'mperfect,Ling tosite sigure,J-Rock,2013-04-10,243.07,165,07050d,63.921257;78.732285;49.889763;31.181103;40.145668;40.535435;30.401575;31.181103;42.874016;42.484253;42.09449;60.413383;99.0;95.102356;81.46063;91.98425;90.03543;76.00394;74.83464;76.3937;64.31102;66.25984;45.2126;0.0;,d63943,7d7162,6666.0,Archivo de audio MPEG,243095.0,2013.0,256.0,44100.0,100.0,100.0,15909.0,5.0,1.0,4.0,3835608548.0,2025-07-17 19:49:08,Toru Kitajima,,,20,5.0
Ling Tosite Sigure,MONSTER,Ling tosite sigure,i'mperfect,Ling tosite sigure,J-Rock,2013-04-10,220.5,147,ae9f22,58.464565;85.35826;56.90551;42.484253;35.078743;24.944883;38.586617;40.535435;36.637794;44.822834;56.125984;53.7874;88.08661;99.0;60.80315;69.767715;88.866135;62.362206;79.90157;88.866135;83.40945;88.47638;50.669292;0.0;,eb465a,a5967e,6668.0,Archivo de audio MPEG,220525.0,2013.0,256.0,44100.0,100.0,100.0,16294.0,5.0,1.0,4.0,3827334194.0,2025-04-13 01:23:14,Toru Kitajima,,,18,
Ling Tosite Sigure,Missing ling (remastered at METROPOLIS),Ling tosite sigure,i'mperfect,Ling tosite sigure,J-Rock,2013-04-10,414.96,80,744c47,7.405514;48.720474;30.011812;30.011812;21.047245;22.996063;28.452757;30.79134;26.114174;36.24803;52.61811;51.83858;56.125984;99.0;61.192913;60.80315;67.42913;49.5;37.417324;45.2126;34.299213;29.622047;20.657482;0.0;,aa1f38,b56f46,6672.0,Archivo de audio MPEG,414981.0,2013.0,256.0,44100.0,100.0,100.0,12807.0,5.0,1.0,4.0,3830948341.0,2025-05-24 21:19:01,Toru Kitajima,,,14,1.0
Ling Tosite Sigure,moment A rhythm (short ver. - remastered at METROPOLIS),Ling tosite sigure,just A moment,Ling tosite sigure,J-Rock,2009-05-13,436.79,80,5e3631,37.027557;99.0;45.602364;19.098427;14.031498;14.031498;15.20079;10.913387;9.354332;8.574806;10.523624;13.641735;14.811024;19.48819;17.539371;23.77559;19.877954;24.165356;27.283466;28.062992;30.401575;37.417324;29.232285;0.0;,bcde43,a5365a,6708.0,Archivo de audio MPEG,436819.0,2009.0,256.0,44100.0,100.0,100.0,4095.0,5.0,1.0,2.0,3835426538.0,2025-07-15 17:15:38,TK,,,92,7.0
Ling Tosite Sigure,Super Sonic Aurorally,Ling tosite sigure,last aurorally,Ling tosite sigure,J-Rock,2023-04-12,220.16,166,04050b,80.6811;99.0;37.807087;42.874016;35.468506;23.77559;28.452757;25.724411;32.350395;31.570868;40.535435;46.771652;64.70079;72.1063;53.397636;67.81889;83.019684;72.885826;65.480316;80.291336;67.81889;76.00394;41.31496;0.0;,f2684d,83877d,6712.0,Archivo de audio MPEG,220186.0,2023.0,256.0,44100.0,100.0,100.0,18101.0,5.0,1.0,3.0,3835542263.0,2025-07-17 01:24:23,,,,19,-1.0
Ling Tosite Sigure,self-hacking,Ling tosite sigure,last aurorally,Ling tosite sigure,J-Rock,2023-04-12,303.36,140,7c7c6d,99.0;78.342514;44.822834;29.232285;36.24803;33.90945;26.114174;21.43701;26.503939;28.452757;24.165356;28.062992;26.114174;36.637794;24.555119;28.84252;36.637794;37.807087;39.755905;61.582676;64.70079;59.633858;36.24803;0.0;,f1b981,ac6374,6720.0,Archivo de audio MPEG,303386.0,2023.0,256.0,44100.0,100.0,100.0,10501.0,5.0,1.0,4.0,3837512211.0,2025-08-08 20:36:51,,,,27,7.0
Ling Tosite Sigure,I was music (remastered at METROPOLIS),Ling tosite sigure,still a Sigure virgin ,Ling tosite sigure,J-Rock,2010-09-22,189.28,95,140a1a,45.602364;99.0;39.755905;35.468506;14.031498;21.43701;29.232285;19.877954;28.062992;31.570868;33.90945;46.38189;71.32677;85.74803;67.03937;64.70079;78.732285;68.59843;66.25984;82.24016;75.614174;79.12205;57.68504;0.0;,ee5e4b,80857f,6730.0,Archivo de audio MPEG,189309.0,2010.0,256.0,44100.0,100.0,100.0,13464.0,5.0,1.0,2.0,3837188924.0,2025-08-05 02:48:44,TK,,,95,
Ling Tosite Sigure,シャンディ,Ling tosite sigure,still a Sigure virgin ,Ling tosite sigure,J-Rock,2010-09-22,271.07,165,0c0715,46.771652;68.59843;54.177166;45.992126;35.078743;36.24803;48.720474;31.181103;38.586617;35.85827;36.24803;50.279526;44.43307;51.059055;42.484253;60.413383;69.37795;75.614174;97.8307;99.0;83.40945;86.137794;56.125984;0.0;,f8557d,92988d,6734.0,Archivo de audio MPEG,271098.0,2010.0,256.0,44100.0,100.0,100.0,12375.0,5.0,1.0,4.0,3837789449.0,2025-08-12 01:37:29,TK,,,96,
Ling Tosite Sigure,illusion is mine,Ling tosite sigure,still a Sigure virgin ,Ling tosite sigure,J-Rock,2010-09-22,243.88,140,727366,28.062992;99.0;47.16142;33.12992;32.740158;21.43701;22.216536;19.48819;11.692913;14.811024;19.877954;30.011812;31.570868;43.26378;17.149609;21.047245;21.43701;18.3189;19.877954;20.267717;15.590553;22.216536;15.590553;0.0;,7bcd1a,6b1b3f,6746.0,Archivo de audio MPEG,243905.0,2010.0,256.0,44100.0,100.0,100.0,11373.0,5.0,1.0,3.0,3832755625.0,2025-06-14 19:20:25,TK,,,87,3.0
Ling Tosite Sigure,狐独の才望,Ling tosite sigure,狐独の才望 - Single,Ling tosite sigure,J-Rock,2023-11-08,213.05,144,737474,86.52756;70.93701;30.79134;22.996063;24.555119;36.24803;30.401575;32.740158;29.232285;40.535435;35.85827;63.921257;99.0;90.03543;62.75197;64.31102;53.7874;58.464565;56.125984;61.972443;59.633858;66.25984;42.484253;0.0;,e5444f,7d7969,6748.0,Archivo de audio MPEG,213080.0,2023.0,256.0,44100.0,100.0,100.0,21474.0,5.0,1.0,2.0,3835797627.0,2025-07-20 00:20:27,,,,22,1.0
Ling Tosite Sigure,Trrrrrrrrrrrrrrrrrrrue Lies,Ling tosite sigure,Trrrrrrrrrrrrrrrrrrrue Lies - Single,Ling tosite sigure,J-Rock,2024-07-18,233.47,79,020606,65.09055;82.62992;32.740158;30.011812;30.401575;28.062992;41.704723;32.350395;41.31496;44.04331;55.34646;65.09055;81.46063;99.0;65.480316;74.055115;74.055115;77.173225;68.98819;91.98425;91.59448;96.661415;57.68504;0.0;,ef4765,9d9982,11082.0,Archivo de audio AAC,233453.0,2024.0,324.0,48000.0,100.0,100.0,16589.0,5.0,1.0,3.0,3826297692.0,2025-04-01 02:28:12,,,,19,1.0
Ling Tosite Sigure,abnormalize,Ling tosite sigure,abnormalize - Single,Ling tosite sigure,J-Rock,2012-11-14,218.06,175,030407,61.582676;95.88189;33.519684;32.350395;31.96063;15.980316;45.2126;29.622047;19.098427;24.944883;39.755905;60.02362;91.20473;99.0;72.49606;88.08661;76.00394;74.83464;65.480316;80.291336;79.12205;81.07086;44.822834;0.0;,e9504a,878776,16360.0,Archivo de audio AAC,218035.0,2012.0,321.0,48000.0,100.0,100.0,17774.0,5.0,1.0,1.0,3832708409.0,2025-06-14 06:13:29,TK,,,72,
Ling Tosite Sigure,DIE meets HARD,Ling tosite sigure,DIE meets HARD - Single,Ling tosite sigure,J-Rock,2017-08-23,247.15,127,98999b,62.362206;99.0;28.062992;28.84252;31.570868;23.385828;36.637794;32.350395;27.67323;26.114174;35.85827;42.874016;53.397636;57.295277;36.24803;46.771652;37.027557;33.90945;38.97638;63.14173;60.02362;61.192913;38.586617;0.0;,f58b4f,6d6871,16370.0,Archivo de audio AAC,247130.0,2017.0,320.0,48000.0,100.0,100.0,14204.0,5.0,1.0,1.0,3825250818.0,2025-03-19 23:40:18,TK,,,16,5.0
Ling Tosite Sigure,Enigmatic Feeling,Ling tosite sigure,Enigmatic Feeling - Single,Ling tosite sigure,J-Rock,2014-01-01,234.47,71,73534c,55.34646;87.69685;56.125984;41.704723;26.114174;42.874016;36.637794;27.283466;32.740158;37.807087;39.366142;71.71654;99.0;97.8307;55.34646;56.515747;47.55118;58.464565;60.413383;60.413383;58.854332;65.480316;50.669292;0.0;,da443d,b8856a,16374.0,Archivo de audio AAC,234452.0,2014.0,321.0,48000.0,100.0,100.0,12874.0,5.0,1.0,1.0,3831453092.0,2025-05-30 17:31:32,,,,60,6.0
Ling Tosite Sigure,Marvelous Persona,Ling tosite sigure,Marvelous Persona - Single,Ling tosite sigure,J-Rock,2022-11-16,255.88,75,746e5f,81.85039;99.0;50.669292;31.570868;29.622047;30.011812;30.401575;24.555119;31.96063;33.90945;35.85827;66.25984;69.37795;86.91732;64.70079;89.64567;80.291336;89.255905;76.00394;95.49213;91.20473;85.35826;39.366142;0.0;,f36053,acac8f,16392.0,Archivo de audio AAC,255861.0,2022.0,319.0,48000.0,100.0,100.0,15485.0,5.0,1.0,5.0,3837428965.0,2025-08-07 21:29:25,,,,17,2.0
Ling Tosite Sigure,Neighbormind,Ling tosite sigure,Neighbormind - Single,Ling tosite sigure,J-Rock,2019-06-28,243.16,144,8b6d62,35.078743;99.0;41.704723;30.79134;29.622047;44.04331;30.79134;26.114174;31.181103;43.65354;44.43307;52.228348;84.578735;94.7126;71.32677;98.220474;86.91732;68.59843;69.767715;70.15748;49.110237;44.43307;23.385828;0.0;,c6412a,936c62,16396.0,Archivo de audio AAC,243136.0,2019.0,320.0,48000.0,100.0,100.0,15275.0,5.0,1.0,1.0,3833362261.0,2025-06-21 19:51:01,,,,19,2.0
Ling Tosite Sigure,Perfake Perfect,Ling tosite sigure,Perfake Perfect - Single,Ling tosite sigure,J-Rock,2021-01-20,281.73,130,cdaa6f,56.125984;95.88189;40.535435;30.401575;39.366142;37.027557;37.027557;38.97638;30.011812;47.16142;44.43307;60.02362;77.56299;99.0;55.73622;76.3937;93.15354;60.413383;64.31102;79.51181;65.09055;67.42913;33.519684;0.0;,de4640,9c8472,16402.0,Archivo de audio AAC,281704.0,2021.0,320.0,48000.0,100.0,100.0,15550.0,5.0,1.0,2.0,3837354571.0,2025-08-07 00:49:31,,,,18,3.0
Ling Tosite Sigure,SOSOS,Ling tosite sigure,es or s - EP,Ling tosite sigure,J-Rock,2015-09-02,215.48,82,010303,31.181103;99.0;36.637794;26.114174;17.929134;23.385828;22.996063;15.980316;18.708662;35.468506;30.011812;41.31496;72.1063;46.38189;31.570868;30.79134;41.704723;45.2126;38.97638;56.90551;49.110237;49.110237;28.062992;0.0;,e58232,614955,16410.0,Archivo de audio AAC,215458.0,2015.0,317.0,48000.0,100.0,100.0,18366.0,5.0,1.0,1.0,3832850137.0,2025-06-15 21:35:37,,,,19,1.0
Ling Tosite Sigure,Telecastic fake show,Ling tosite sigure,Telecastic fake show - Single,Ling tosite sigure,J-Rock,2008-04-23,266.7,99,91149a,14.421261;86.137794;24.944883;29.232285;22.6063;27.67323;27.283466;31.181103;32.350395;24.944883;37.807087;54.95669;83.40945;99.0;72.1063;73.66535;76.00394;73.66535;67.03937;59.633858;45.602364;49.889763;24.165356;0.0;,c93933,626255,16414.0,Archivo de audio AAC,266681.0,2008.0,319.0,48000.0,100.0,100.0,18800.0,5.0,1.0,1.0,3823075023.0,2025-02-22 19:17:03,TK,,,14,5.0
Ling Tosite Sigure,Who What Who What,Ling tosite sigure,Who What Who What - Single,Ling tosite sigure,J-Rock,2015-01-14,222.07,75,767465,47.16142;99.0;38.19685;30.79134;19.877954;33.519684;28.452757;16.759842;17.539371;33.90945;35.85827;54.95669;68.59843;72.49606;31.570868;44.04331;36.637794;41.31496;44.822834;55.73622;51.059055;53.007874;40.535435;0.0;,e47831,b1b2d2,16424.0,Archivo de audio AAC,222052.0,2015.0,317.0,48000.0,100.0,100.0,15719.0,5.0,1.0,4.0,3834410835.0,2025-07-03 23:07:15,,,,20,3.0
Ling Tosite Sigure,アレキシサイミアスペア,Ling tosite sigure,アレキシサイミアスペア - EP,Ling tosite sigure,J-Rock,2023-04-12,326.28,152,010202,64.70079;84.968506;41.704723;30.79134;40.535435;26.114174;24.555119;31.96063;37.417324;29.622047;42.874016;61.972443;84.968506;99.0;57.68504;58.854332;58.074802;55.73622;55.34646;60.80315;53.7874;56.90551;37.417324;0.0;,d94837,6f6759,16430.0,Archivo de audio AAC,326263.0,2023.0,321.0,48000.0,100.0,100.0,12106.0,5.0,1.0,2.0,3832761144.0,2025-06-14 20:52:24,,,,19,2.0
Ling Tosite Sigure,竜巻いて鮮脳,Ling tosite sigure,竜巻いて鮮脳 - Single,Ling tosite sigure,J-Rock,2022-05-11,224.49,144,ae6248,59.244095;79.12205;25.724411;22.6063;32.350395;21.826773;21.43701;24.944883;26.503939;26.893702;39.755905;54.177166;60.413383;99.0;37.027557;47.16142;49.5;47.55118;50.279526;64.70079;52.228348;51.059055;32.740158;0.0;,e5543f,b2d7b5,16438.0,Archivo de audio AAC,224467.0,2022.0,323.0,48000.0,100.0,100.0,12593.0,5.0,1.0,2.0,3831549235.0,2025-05-31 20:13:55,,,,29,1.0
Ling Tosite Sigure,I'm Machine,Ling tosite sigure,DIE meets HARD - Single,Ling tosite sigure,J-Rock,2017-08-23,279.75,147,4d4a52,67.03937;99.0;67.42913;31.181103;31.181103;30.011812;30.79134;33.90945;33.90945;36.24803;32.740158;46.38189;48.330708;61.192913;35.468506;40.145668;44.04331;42.09449;44.43307;54.95669;52.61811;60.413383;37.417324;0.0;,e89d3c,313436,16446.0,Archivo de audio AAC,279731.0,2017.0,319.0,48000.0,100.0,100.0,11476.0,5.0,1.0,2.0,3834337415.0,2025-07-03 02:43:35,,,,18,4.0
Ling Tosite Sigure,make up syndrome,Ling tosite sigure,abnormalize - Single,Ling tosite sigure,J-Rock,2012-11-14,243.46,165,030409,58.854332;75.22441;38.586617;25.724411;31.96063;36.637794;25.334646;25.724411;35.468506;37.417324;36.24803;58.074802;95.102356;93.15354;73.66535;96.661415;99.0;87.30708;84.968506;90.81496;77.95276;68.208664;35.468506;0.0;,e13f4c,888573,16448.0,Archivo de audio AAC,243438.0,2012.0,322.0,48000.0,100.0,100.0,12908.0,5.0,1.0,4.0,3832755196.0,2025-06-14 19:13:16,Toru Kitajima,,,27,-23.0
Ling Tosite Sigure,24REVERSE,Ling tosite sigure,Telecastic fake show - Single,Ling tosite sigure,J-Rock,2008-04-23,306.69,121,98989f,24.944883;99.0;22.996063;24.944883;23.77559;21.047245;21.43701;22.996063;18.3189;26.114174;26.893702;31.181103;60.80315;43.26378;37.807087;52.228348;39.366142;37.417324;34.688976;44.04331;37.027557;32.740158;29.622047;0.0;,cc7a1a,432b37,16464.0,Archivo de audio AAC,306666.0,2008.0,318.0,48000.0,100.0,100.0,5658.0,5.0,1.0,4.0,3837423493.0,2025-08-07 19:58:13,,,,80,
Ling Tosite Sigure,Karma Siren,Ling tosite sigure,es or s - EP,Ling tosite sigure,J-Rock,2015-09-02,253.82,88,080612,48.330708;99.0;56.515747;31.96063;27.283466;23.77559;29.232285;25.724411;26.114174;33.90945;31.570868;45.992126;51.44882;36.24803;28.062992;43.26378;36.24803;47.16142;47.55118;65.480316;56.125984;56.90551;37.807087;0.0;,ef9d48,5d525f,16468.0,Archivo de audio AAC,253794.0,2015.0,320.0,48000.0,100.0,100.0,12723.0,5.0,1.0,4.0,3837786911.0,2025-08-12 00:55:11,,,,19,
Ling Tosite Sigure,Ling,Ling tosite sigure,#1,Ling tosite sigure,J-Rock,2002,544.89,120,b0a98a,24.165356;67.81889;32.350395;14.421261;15.590553;11.692913;10.523624;11.692913;12.08268;13.641735;15.980316;25.724411;32.740158;53.7874;54.95669;90.42519;85.35826;99.0;76.78346;54.56693;27.67323;21.826773;20.267717;0.0;,d14f2a,b2bbe2,22112.0,Archivo de audio MPEG,545697.0,2002.0,192.0,44100.0,100.0,100.0,19016.0,5.0,1.0,1.0,3823195613.0,2025-02-24 04:46:53,,,,18,2.0
LiSA,narrative,SawanoHiroyuki[nZk] feat. LiSA,R∃-MEMBER,SawanoHiroyuki[nZk],Anime,2018-11-27,260.62,83,030704,67.81889;89.64567;99.0;75.614174;48.720474;65.480316;78.342514;50.669292;61.192913;61.582676;38.97638;38.97638;43.65354;47.16142;36.637794;48.330708;53.7874;51.44882;62.75197;58.854332;51.83858;56.125984;38.97638;0.0;,c07212,7f3f24,9000.0,Archivo de audio MPEG,260649.0,2018.0,256.0,44100.0,100.0,100.0,9546.0,5.0,1.0,4.0,3835610675.0,2025-07-17 20:24:35,,,,89,5.0
LiSA,from the edge,FictionJunction feat. LiSA,from the edge - Single,FictionJunction feat. LiSA,Anime,2019-09-02,278.73,162,051815,69.37795;77.173225;42.874016;41.31496;41.31496;33.12992;49.5;54.95669;49.889763;53.7874;50.669292;54.56693;62.75197;90.03543;69.767715;69.37795;93.15354;99.0;90.81496;45.602364;35.468506;40.925198;26.503939;0.0;,be2f33,75524c,12888.0,Archivo de audio AAC,278709.0,2019.0,319.0,48000.0,100.0,100.0,9698.0,5.0,1.0,5.0,3837339625.0,2025-08-06 20:40:25,Yuki Kajiura,,,16,2.0
LiSA,play the world!,LiSA feat. Pablo,LEO-NiNE,LiSA,J-Pop,2020-09-09,259.04,161,05050a,69.767715;99.0;40.535435;34.688976;30.011812;52.61811;64.31102;70.15748;49.110237;62.75197;63.531494;73.66535;92.76378;92.76378;71.32677;88.47638;89.255905;86.137794;93.543304;77.56299;67.03937;69.37795;33.90945;0.0;,d43247,6b564c,12898.0,Archivo de audio AAC,259018.0,2020.0,322.0,48000.0,100.0,100.0,10140.0,5.0,1.0,2.0,3835881977.0,2025-07-20 23:46:17,PABLO a.k.a. WTF!?,,,23,
LiSA,Another Great Day!!,LiSA,LADYBUG,LiSA,J-Pop,2021-04-20,298.98,103,7422c7,37.417324;77.95276;42.874016;38.586617;44.43307;31.181103;40.925198;60.02362;41.31496;58.464565;45.2126;77.56299;65.87008;99.0;81.46063;76.78346;70.93701;76.78346;71.71654;53.7874;51.44882;46.771652;27.67323;0.0;,b92639,6b5149,12914.0,Archivo de audio AAC,298957.0,2021.0,321.0,48000.0,100.0,100.0,15893.0,5.0,1.0,1.0,3833920021.0,2025-06-28 06:47:01,松本孝弘,,,15,1.0
LiSA,LOSER 〜希望と未来に無縁のカタルシス〜,LiSA,LiTTLE DEViL PARADE,LiSA,Anime,2017-05-24,213.74,110,a21d8e,44.43307;99.0;63.14173;43.26378;36.24803;37.417324;47.940945;35.468506;36.24803;40.535435;37.027557;35.078743;53.007874;53.397636;46.771652;53.007874;68.208664;63.921257;78.342514;64.70079;44.43307;54.177166;33.90945;0.0;,df652f,494d43,12944.0,Archivo de audio AAC,213716.0,2017.0,325.0,48000.0,100.0,100.0,15407.0,5.0,1.0,3.0,3833958915.0,2025-06-28 17:35:15,カヨコ,,,22,6.0
LiSA,DOCTOR,LiSA,LANDSPACE,LiSA,Anime,2013-10-30,184.9,185,160b1a,50.669292;78.342514;60.02362;43.26378;44.822834;45.992126;53.7874;56.125984;70.93701;63.921257;57.68504;59.633858;79.90157;81.85039;54.177166;49.110237;78.732285;76.78346;99.0;85.35826;61.582676;70.54724;35.468506;0.0;,d6295d,625146,12962.0,Archivo de audio AAC,184877.0,2013.0,321.0,48000.0,100.0,100.0,11986.0,5.0,1.0,1.0,3833891407.0,2025-06-27 22:50:07,kayoko,,,60,1.0
LiSA,GL,LiSA,LADYBUG,LiSA,J-Pop,2021-05-19,181.02,133,a588a2,99.0;73.66535;50.279526;39.366142;36.24803;48.330708;45.2126;44.822834;41.704723;52.228348;40.145668;41.31496;43.26378;42.484253;26.114174;35.078743;42.874016;58.464565;74.83464;62.75197;63.531494;83.79921;56.125984;0.0;,fc839c,5b5e5c,12966.0,Archivo de audio AAC,180999.0,2021.0,325.0,48000.0,100.0,100.0,3098.0,5.0,1.0,3.0,3833959809.0,2025-06-28 17:50:09,Avu Barazono,,,27,5.0
LiSA,蜜,LiSA,Launcher,LiSA,Anime,2015-03-04,214.9,91,05040b,35.468506;97.05118;46.38189;44.04331;49.110237;44.43307;65.87008;68.59843;70.54724;62.362206;56.515747;65.09055;66.649605;99.0;68.98819;60.80315;73.66535;88.08661;97.8307;80.6811;60.02362;85.35826;49.5;0.0;,d52a57,775a51,12978.0,Archivo de audio AAC,214877.0,2015.0,320.0,48000.0,100.0,100.0,11448.0,5.0,1.0,2.0,3834412203.0,2025-07-03 23:30:03,kayoko,,,60,1.0
LiSA,cancellation,LiSA,LEO-NiNE,LiSA,J-Pop,2020-10-14,251.42,91,04040a,80.291336;83.40945;54.56693;45.992126;28.452757;42.09449;68.208664;61.582676;99.0;81.46063;61.192913;70.15748;74.055115;79.12205;54.95669;68.59843;80.6811;81.07086;90.03543;73.27559;62.362206;58.854332;35.078743;0.0;,cd2650,6a4a44,12982.0,Archivo de audio AAC,251402.0,2020.0,318.0,48000.0,100.0,100.0,11539.0,5.0,1.0,1.0,3833915525.0,2025-06-28 05:32:05,PABLO a.k.a. WTF!?,,,24,3.0
LiSA,ViVA LA MiDALA,LiSA,LADYBUG,LiSA,J-Pop,2021-05-19,244.46,90,08060e,53.7874;86.91732;93.15354;54.56693;31.570868;34.688976;70.15748;51.44882;73.27559;70.15748;59.633858;65.87008;81.46063;99.0;58.854332;49.5;70.54724;69.37795;80.291336;72.49606;70.93701;71.32677;43.26378;0.0;,cf2a4d,6a4a44,12990.0,Archivo de audio AAC,244436.0,2021.0,318.0,48000.0,100.0,100.0,10599.0,5.0,1.0,2.0,3834417382.0,2025-07-04 00:56:22,MAH,,,23,1.0
LiSA,ヒトリワラッテ,LiSA,LANDSPACE,LiSA,Anime,2013-10-30,164.02,88,140a19,62.362206;99.0;70.54724;43.65354;40.145668;60.413383;69.767715;53.7874;38.19685;48.720474;44.43307;46.38189;67.81889;77.56299;47.16142;50.279526;87.30708;79.51181;91.59448;83.40945;65.87008;88.08661;43.65354;0.0;,f2505f,6e6456,13038.0,Archivo de audio AAC,164000.0,2013.0,319.0,48000.0,100.0,100.0,10914.0,5.0,1.0,3.0,3834411504.0,2025-07-03 23:18:24,wowaka,,,62,1.0
LiSA,ANTIHERO,LiSA,Launcher,LiSA,Anime,2015-03-04,200.39,102,9e1a91,56.90551;99.0;49.110237;45.602364;26.503939;36.637794;45.602364;51.059055;45.992126;60.413383;39.366142;50.279526;56.515747;84.18898;51.83858;55.34646;79.51181;75.614174;79.90157;62.362206;56.125984;59.244095;31.570868;0.0;,dc4b3a,605b4d,13062.0,Archivo de audio AAC,200365.0,2015.0,316.0,48000.0,100.0,100.0,9412.0,5.0,1.0,1.0,3833897157.0,2025-06-28 00:25:57,じん,,,96,1.0
LiSA,Blue Moon,LiSA,LiTTLE DEViL PARADE,LiSA,Anime,2017-05-24,310.84,87,0a0f07,27.283466;74.444885;69.37795;70.93701;56.515747;56.515747;99.0;87.30708;56.515747;45.2126;42.09449;30.401575;40.145668;51.44882;38.586617;35.85827;40.925198;34.688976;56.90551;30.401575;22.216536;40.925198;33.12992;0.0;,16377d,67760d,13086.0,Archivo de audio AAC,310822.0,2017.0,315.0,48000.0,100.0,100.0,9236.0,5.0,1.0,2.0,3837240247.0,2025-08-05 17:04:07,カヨコ,,,15,3.0
LiSA,REALiZE,LiSA,REALiZE - Single,LiSA,Anime,2023-06-14,190.56,75,908170,84.968506;99.0;67.81889;41.704723;36.24803;53.7874;58.464565;70.54724;45.992126;68.59843;57.68504;64.31102;68.98819;90.03543;50.669292;63.531494;74.83464;77.56299;90.42519;70.15748;60.413383;68.208664;44.04331;0.0;,de4244,8f5a55,14272.0,Archivo de audio AAC,190543.0,2023.0,325.0,48000.0,100.0,100.0,11216.0,5.0,1.0,2.0,3833924937.0,2025-06-28 08:08:57,,,,17,-1.0
LiSA,往け,LiSA,往け - Single,LiSA,Anime,2021-10-15,228.37,91,0f0915,32.740158;99.0;65.09055;42.09449;36.637794;25.724411;41.31496;43.65354;31.570868;33.90945;23.77559;28.84252;34.299213;56.515747;39.755905;44.04331;57.295277;52.61811;60.80315;45.992126;41.704723;45.992126;37.807087;0.0;,cf801c,101415,14276.0,Archivo de audio AAC,228345.0,2021.0,322.0,48000.0,100.0,100.0,9328.0,5.0,1.0,3.0,3833922140.0,2025-06-28 07:22:20,Leonard Cohen,,,30,-1.0
LiSA,ASH,LiSA,ASH,LiSA,Anime,2017,239.51,96,030508,40.925198;77.95276;32.350395;28.452757;33.519684;35.078743;43.26378;71.32677;58.854332;53.397636;48.330708;66.25984;71.71654;99.0;71.71654;62.75197;86.91732;70.15748;85.74803;53.007874;40.925198;49.889763;27.67323;0.0;,bd253d,694d45,20246.0,Archivo de audio MPEG,239568.0,2017.0,320.0,44100.0,100.0,100.0,17823.0,5.0,1.0,1.0,3833907290.0,2025-06-28 03:14:50,,,,15,1.0
LiSA,罪人,LiSA,ASH,LiSA,Anime,2017,251.48,93,090611,70.93701;88.08661;63.921257;56.125984;51.83858;42.09449;73.66535;96.27165;67.42913;62.75197;51.83858;53.7874;66.25984;84.968506;54.95669;53.7874;72.49606;74.444885;99.0;73.66535;67.42913;67.42913;35.078743;0.0;,d6285e,6c4944,20248.0,Archivo de audio MPEG,251533.0,2017.0,320.0,44100.0,100.0,100.0,14291.0,5.0,1.0,2.0,3833957084.0,2025-06-28 17:04:44,Sho(from MY FIRST STORY),,,16,1.0
LiSA,Crossing Field,LiSA,crossing field,LiSA,J-Pop,2012,249.33,179,020404,44.822834;98.220474;43.65354;39.755905;45.2126;29.232285;53.397636;57.68504;73.66535;64.31102;52.61811;58.464565;71.71654;99.0;64.31102;68.208664;77.95276;74.83464;80.6811;68.98819;58.464565;74.055115;43.26378;0.0;,d33246,7b5851,20254.0,Archivo de audio MPEG,249391.0,2012.0,320.0,44100.0,100.0,100.0,11372.0,5.0,1.0,2.0,3835098115.0,2025-07-11 22:01:55,Watanabe Shou,,,94,2.0
LiSA,Rising Hope,LiSA,Rising Hope,LiSA,Pop/Rock,2014,251.04,95,0c0716,39.366142;99.0;56.125984;34.299213;37.027557;35.85827;46.38189;74.83464;59.244095;58.854332;51.83858;70.93701;67.42913;83.79921;42.09449;44.43307;56.125984;61.582676;71.71654;53.397636;48.330708;81.46063;43.26378;0.0;,d9354a,5d463e,20318.0,Archivo de audio MPEG,251088.0,2014.0,320.0,44100.0,100.0,100.0,11370.0,5.0,1.0,3.0,3837248794.0,2025-08-05 19:26:34,Tomoya Tabuchi,,,62,3.0
LiSA,雨上がりの空とキミ,LiSA,雨上がりの空とキミ - Single,LiSA,Pop/Rock,2014,249.29,86,4d332a,28.452757;32.740158;48.720474;39.366142;55.34646;59.633858;54.95669;55.34646;99.0;39.366142;30.401575;33.519684;46.38189;53.7874;37.027557;44.822834;39.366142;49.110237;63.531494;40.535435;38.97638;76.78346;52.228348;0.0;,9b10b7,b2ca30,20322.0,Archivo de audio MPEG,249338.0,2014.0,320.0,44100.0,100.0,100.0,3246.0,5.0,1.0,3.0,3834412906.0,2025-07-03 23:41:46,宮城裕次,,,23,0.0
LiSA,"Thrill, Risk, Heartless",LiSA,"Thrill, Risk, Heartless",LiSA,Anime,2018,254.38,100,9d18a3,38.586617;99.0;44.43307;30.79134;36.24803;43.26378;64.70079;58.464565;56.90551;60.413383;63.921257;57.295277;78.342514;89.64567;51.44882;54.95669;67.03937;70.93701;67.42913;52.61811;47.940945;51.059055;28.452757;0.0;,b82c32,574238,20328.0,Archivo de audio MPEG,254458.0,2018.0,320.0,44100.0,100.0,100.0,20205.0,5.0,1.0,2.0,3833957616.0,2025-06-28 17:13:36,Kayoko,,,17,2.0
LiSA,ReawakeR,LiSA feat. Felix of Stray Kids,ReawakeR - Single,LISA,J-Pop,2025-01-05,187.69,129,a1a5a4,99.0;99.0;57.295277;51.83858;45.602364;55.34646;54.177166;40.925198;44.04331;39.366142;40.145668;40.145668;58.854332;75.614174;48.720474;47.940945;64.70079;61.972443;81.07086;64.31102;61.972443;84.968506;68.208664;0.0;,fc7864,9d8c78,23446.0,Archivo de audio AAC,187664.0,2025.0,320.0,48000.0,100.0,100.0,4847.0,5.0,1.0,3.0,3833960205.0,2025-06-28 17:56:45,,,,14,3.0
LiSA,RED ZONE,LiSA,ReawakeR - Single,LISA,J-Pop,2025-03-05,177.51,122,ba4e77,77.173225;99.0;47.940945;40.145668;55.34646;61.972443;70.54724;81.07086;79.90157;59.633858;65.87008;61.192913;63.14173;83.019684;51.44882;53.7874;80.291336;74.055115;89.255905;68.208664;60.02362;68.59843;47.55118;0.0;,d42b53,6d4d47,23454.0,Archivo de audio AAC,177493.0,2025.0,323.0,48000.0,100.0,100.0,7251.0,5.0,1.0,2.0,3833958503.0,2025-06-28 17:28:23,,,,15,-1.0
LiSA,うぃっちくらふと,LiSA,ReawakeR - Single,LISA,J-Pop,2025-03-05,135.39,125,95909b,99.0;72.885826;60.02362;50.669292;38.19685;63.531494;62.75197;79.51181;68.59843;51.059055;53.397636;44.04331;49.889763;65.87008;58.074802;49.110237;53.397636;68.59843;77.56299;70.15748;60.413383;64.31102;49.889763;0.0;,e83677,714f49,23462.0,Archivo de audio AAC,135372.0,2025.0,312.0,48000.0,100.0,100.0,2643.0,5.0,1.0,1.0,3833928082.0,2025-06-28 09:01:22,,,,31,
LiSA,Social Path,Stray Kids feat. LiSA,Social Path - Single,Stray Kids feat. LiSA,K-pop,2023-08-30,198.88,86,020304,75.614174;99.0;65.480316;70.93701;42.484253;47.940945;45.602364;37.807087;30.401575;37.027557;36.637794;42.484253;45.992126;55.34646;41.704723;52.228348;53.7874;49.110237;54.177166;74.83464;81.07086;79.12205;46.38189;0.0;,fc9978,827f6e,24294.0,Archivo de audio AAC,198856.0,2023.0,328.0,48000.0,100.0,100.0,7718.0,5.0,1.0,4.0,3837344263.0,2025-08-06 21:57:43,"Bang Chan, Changbin, HAN & VERSACHOI",,,23,-1.0
LiSA,永遠,LiSA,Letters to U,LiSA,Anime,2011-04-20,238.37,96,090612,43.26378;99.0;50.669292;43.65354;29.232285;34.299213;42.484253;49.110237;39.366142;43.26378;25.334646;36.24803;40.535435;56.90551;35.85827;38.586617;54.56693;51.83858;54.56693;45.602364;40.535435;53.7874;31.96063;0.0;,dd7929,0c110d,26140.0,Archivo de audio MPEG,238393.0,2011.0,256.0,44100.0,100.0,100.0,14215.0,5.0,1.0,1.0,3833874226.0,2025-06-27 18:03:46,岸田,,,47,-1.0
LiSA,覚醒屋,LiSA,Letters to U,LiSA,Anime,2011-04-20,223.22,185,170a1d,78.342514;80.291336;65.480316;43.26378;35.85827;56.515747;50.669292;75.614174;53.397636;50.279526;43.26378;44.43307;66.649605;86.91732;44.43307;58.464565;90.81496;81.85039;99.0;81.46063;84.18898;98.220474;77.173225;0.0;,f24877,807969,26148.0,Archivo de audio MPEG,223242.0,2011.0,256.0,44100.0,100.0,100.0,8993.0,5.0,1.0,2.0,3833954624.0,2025-06-28 16:23:44,wowaka,,,99,3.0
LiSA,エスケープゲーム,LiSA,Letters to U,LiSA,Anime,2011-04-20,230.97,105,a41f8b,80.6811;99.0;32.740158;29.232285;21.43701;26.503939;19.877954;28.452757;26.114174;19.877954;16.759842;23.77559;27.283466;40.535435;33.90945;40.535435;42.484253;42.09449;54.95669;41.704723;45.602364;56.90551;37.027557;0.0;,ebaf4e,504350,26150.0,Archivo de audio MPEG,231000.0,2011.0,256.0,44100.0,100.0,100.0,7019.0,5.0,1.0,3.0,3834351604.0,2025-07-03 06:40:04,ハチ,,,100,1.0
LiSA,悪女のオキテ,LiSA,LANDER,LiSA,J-pop,2022-11-16,182.05,94,1b0c1d,70.93701;99.0;69.767715;42.09449;40.535435;36.24803;54.56693;42.874016;54.177166;54.177166;47.16142;47.940945;74.055115;93.15354;69.37795;71.32677;97.44095;86.52756;92.76378;69.37795;56.515747;58.074802;40.535435;0.0;,d34533,605649,26374.0,Archivo de audio MPEG,182073.0,2022.0,256.0,44100.0,100.0,100.0,10615.0,5.0,1.0,2.0,3837243427.0,2025-08-05 17:57:07,LiSA,,,28,6.0
LiSA,逃飛行,LiSA,LANDER,LiSA,J-pop,2022-11-16,292.78,84,07071f,46.38189;63.14173;53.397636;36.24803;38.97638;26.503939;31.96063;27.283466;44.43307;28.452757;38.586617;31.96063;37.807087;51.44882;38.19685;41.31496;62.75197;99.0;62.75197;77.173225;49.889763;23.77559;26.503939;0.0;,da463b,707470,26488.0,Archivo de audio MPEG,292806.0,2022.0,256.0,44100.0,100.0,100.0,8178.0,5.0,1.0,2.0,3834357076.0,2025-07-03 08:11:16,Ichiyo Izawa,,,24,1.0
LiSA,ROCK-mode,LiSA,LOVER'S'MiLE,LiSA,Anime,2012-02-22,256.6,90,06050d,42.874016;99.0;31.181103;24.165356;24.944883;23.385828;26.503939;38.586617;37.027557;35.468506;39.366142;53.7874;56.515747;71.32677;57.68504;54.56693;74.83464;60.80315;71.32677;54.56693;41.704723;54.95669;37.027557;0.0;,da5530,4d5148,26542.0,Archivo de audio MPEG,256626.0,2012.0,256.0,44100.0,100.0,100.0,12019.0,5.0,1.0,3.0,3835035588.0,2025-07-11 04:39:48,田淵智也,,,99,1.0
LiSA,EGOiSTiC SHOOTER,LiSA,LOVER'S'MiLE,LiSA,Anime,2012-02-22,184.42,101,a118a0,36.637794;99.0;53.7874;35.078743;37.417324;35.468506;41.31496;46.38189;46.38189;42.09449;40.535435;45.992126;49.5;67.03937;50.279526;52.228348;71.32677;70.93701;74.055115;73.66535;60.413383;68.98819;48.330708;0.0;,ea5647,686a5f,26672.0,Archivo de audio MPEG,184450.0,2012.0,256.0,44100.0,100.0,100.0,13089.0,5.0,1.0,2.0,3835544192.0,2025-07-17 01:56:32,wowaka,,,23,6.0
LiSA,ハルシネイト,LiSA,Shouted Serenade - EP,LiSA,J-pop,2024-05-22,205.77,97,170929,99.0;93.543304;39.366142;35.468506;31.96063;30.011812;46.38189;48.330708;34.299213;33.519684;33.12992;31.96063;41.31496;50.669292;36.637794;43.26378;63.531494;58.464565;65.09055;50.279526;44.04331;52.61811;36.637794;0.0;,f08744,515452,26698.0,Archivo de audio MPEG,205792.0,2024.0,256.0,44100.0,100.0,100.0,7042.0,5.0,1.0,3.0,3837247455.0,2025-08-05 19:04:15,,,,31,2.0
LiSA,Leopardess,LiSA,homura - EP,LiSA,Anime,2020-10-14,187.01,135,aeafc0,99.0;65.09055;45.602364;51.44882;31.570868;38.19685;58.464565;53.007874;68.98819;46.38189;40.535435;42.874016;46.38189;53.007874;39.366142;42.484253;64.31102;79.12205;75.22441;71.32677;90.42519;94.32283;60.413383;0.0;,f85f9c,a4a48b,26726.0,Archivo de audio MPEG,187036.0,2020.0,256.0,44100.0,100.0,100.0,8213.0,5.0,1.0,1.0,3833914435.0,2025-06-28 05:13:55,Hi‐yunk (BACK-ON),,,70,-2.0
LiSA,dis-connect,LiSA,LANDER,LiSA,J-pop,2022-11-16,205.82,140,9c5c56,53.397636;99.0;56.125984;37.417324;31.181103;32.740158;47.940945;40.535435;43.26378;49.5;53.397636;49.5;59.633858;86.137794;45.992126;48.720474;60.413383;60.02362;73.27559;51.44882;45.992126;50.279526;41.704723;0.0;,ce5027,ba7a58,26740.0,Archivo de audio MPEG,205844.0,2022.0,256.0,44100.0,100.0,100.0,10023.0,5.0,1.0,3.0,3837181309.0,2025-08-05 00:41:49,Shota Horie,,,23,1.0
LiSA,白銀,LiSA,明け星 - 白銀 - EP,LiSA,Anime,2021-11-15,264.78,72,a4aaa7,83.40945;70.93701;50.279526;39.755905;40.925198;36.24803;44.43307;50.669292;55.34646;55.34646;53.007874;74.055115;81.46063;99.0;87.30708;90.03543;93.15354;92.374016;86.91732;73.27559;54.56693;63.14173;33.90945;0.0;,ce2d46,83645b,26758.0,Archivo de audio MPEG,264803.0,2021.0,256.0,44100.0,100.0,100.0,13098.0,5.0,1.0,1.0,3833922957.0,2025-06-28 07:35:57,梶浦由記,,,19,4.0
LiSA,拝啓、わたしへ,LiSA,Shouted Serenade - EP,LiSA,J-pop,2024-04-24,273.76,104,0d1ab6,61.192913;99.0;92.76378;69.767715;58.464565;61.192913;77.173225;57.68504;62.362206;47.55118;42.484253;44.43307;44.822834;58.074802;41.31496;60.413383;67.42913;66.25984;65.87008;49.5;40.535435;53.7874;47.55118;0.0;,8f490d,693633,26766.0,Archivo de audio MPEG,273789.0,2024.0,256.0,44100.0,100.0,100.0,8396.0,5.0,1.0,3.0,3837451241.0,2025-08-08 03:40:41,,,,25,0.0
LiSA,L.Miranic,LiSA,BRiGHT FLiGHT - L.Miranic - Single,LiSA,Anime,2014-08-20,248.74,96,14091c,58.464565;86.52756;38.97638;44.04331;39.755905;30.401575;53.7874;60.413383;68.59843;57.68504;57.295277;58.074802;77.95276;99.0;59.633858;65.480316;70.54724;78.342514;91.59448;62.362206;57.295277;81.07086;45.602364;0.0;,d92f54,6a5a4e,26804.0,Archivo de audio MPEG,248764.0,2014.0,256.0,44100.0,100.0,100.0,9102.0,5.0,1.0,1.0,3833894608.0,2025-06-27 23:43:28,MAH,,,98,-23.0
LiSA,lost romance,LiSA,homura - EP,LiSA,Anime,2020-10-14,238.08,165,05050d,61.192913;99.0;58.074802;41.704723;36.24803;44.822834;43.65354;53.7874;35.85827;56.90551;44.822834;54.95669;84.968506;88.08661;47.16142;57.295277;67.42913;81.85039;83.019684;64.70079;55.34646;53.7874;35.85827;0.0;,d44634,69544a,26806.0,Archivo de audio MPEG,238106.0,2020.0,256.0,44100.0,100.0,100.0,10898.0,5.0,1.0,2.0,3833956833.0,2025-06-28 17:00:33,SHO from MY FIRST STORY,,,18,0.0
LiSA,洗脳,LiSA,洗脳 - Single,LiSA,J-pop,2024-08-21,171.23,94,030408,38.97638;99.0;45.992126;33.12992;28.062992;34.688976;38.586617;49.889763;25.334646;42.874016;40.145668;45.992126;49.5;60.02362;36.24803;40.925198;47.55118;51.059055;59.633858;39.755905;37.417324;37.417324;27.67323;0.0;,c26616,0a0e08,26828.0,Archivo de audio MPEG,171258.0,2024.0,256.0,44100.0,100.0,100.0,9681.0,5.0,1.0,1.0,3833927080.0,2025-06-28 08:44:40,,,,22,8.0
LiSA,明け星,LiSA,明け星 - Single,LiSA,Anime,2021-10-18,269.09,95,063616,95.102356;70.15748;53.007874;56.90551;38.586617;35.078743;58.854332;50.279526;43.26378;67.03937;51.44882;62.362206;81.07086;99.0;65.87008;67.42913;83.79921;89.64567;88.08661;72.885826;60.02362;67.42913;35.078743;0.0;,d93053,8d675e,26832.0,Archivo de audio MPEG,269113.0,2021.0,256.0,44100.0,100.0,100.0,10087.0,5.0,1.0,2.0,3833956321.0,2025-06-28 16:52:01,梶浦由記,,,21,1.0
LiSA,愛錠,LiSA,愛錠 - Single,LiSA,J-pop,2020-08-17,245.71,82,282511,56.90551;86.137794;61.972443;57.295277;45.2126;63.531494;74.83464;83.79921;76.78346;99.0;79.90157;88.866135;70.93701;92.76378;52.61811;39.366142;68.208664;91.98425;77.95276;53.7874;65.87008;87.69685;54.95669;0.0;,b50d73,914745,26840.0,Archivo de audio MPEG,245733.0,2020.0,256.0,44100.0,100.0,100.0,7620.0,5.0,1.0,3.0,3835098362.0,2025-07-11 22:06:02,Kayoko Kusano,,,25,1.0
LiSA,変わらない青,LiSA,変わらない青 - Single,LiSA,Anime,2012-08-08,259.29,76,08060d,38.97638;93.15354;57.68504;38.97638;33.519684;42.09449;65.09055;64.31102;62.362206;57.295277;53.7874;60.02362;55.34646;99.0;53.7874;51.059055;70.54724;76.3937;64.70079;54.56693;51.83858;67.42913;35.078743;0.0;,c62a40,5d423b,26844.0,Archivo de audio MPEG,259317.0,2012.0,256.0,44100.0,100.0,100.0,9305.0,5.0,1.0,2.0,3834323937.0,2025-07-02 22:58:57,渡辺 翔,,,24,2.0
LiSA,六本木心中,"松本孝弘,LiSA",六本木心中 - Single,"松本孝弘,LiSA",J-pop,2024-07-25,301.22,150,614752,24.555119;99.0;39.366142;26.893702;21.43701;16.759842;25.334646;24.555119;22.996063;28.062992;26.503939;32.350395;27.67323;45.992126;31.181103;37.027557;43.26378;45.2126;41.31496;24.555119;17.929134;15.590553;9.354332;0.0;,a38905,190e1b,26848.0,Archivo de audio MPEG,301244.0,2024.0,256.0,44100.0,100.0,100.0,14417.0,5.0,1.0,5.0,3834509981.0,2025-07-05 02:39:41,,,,22,0.0
LiSA,ムーンライト伝説,LiSA,ムーンライト伝説 - Single,LiSA,Anime,2018-04-04,162.98,150,7f7a83,41.704723;95.49213;46.771652;42.09449;31.570868;36.24803;45.992126;66.649605;57.68504;63.921257;43.26378;69.767715;66.649605;99.0;60.80315;70.54724;79.51181;76.00394;72.49606;60.80315;61.582676;73.66535;44.43307;0.0;,d23244,795a52,26850.0,Archivo de audio MPEG,163004.0,2018.0,256.0,44100.0,100.0,100.0,13814.0,5.0,1.0,1.0,3833908146.0,2025-06-28 03:29:06,小諸鉄矢,,,23,2.0
LiSA,ブラックボックス,LiSA,ブラックボックス - Single,LiSA,Anime,2024-07-06,248.92,152,07050d,88.47638;99.0;82.24016;45.602364;46.38189;49.110237;64.31102;70.93701;71.71654;51.059055;52.228348;58.464565;51.44882;78.342514;61.192913;68.208664;71.32677;68.98819;77.95276;64.70079;69.37795;90.03543;53.397636;0.0;,f1515d,6f544c,26858.0,Archivo de audio MPEG,248946.0,2024.0,256.0,44100.0,100.0,100.0,6985.0,5.0,1.0,2.0,3837250145.0,2025-08-05 19:49:05,,,,23,0.0
LiSA,Wake Me Up!,LiSA,Wake Me Up! - Single,LiSA,J-pop,2021-11-10,283.09,134,928d98,33.12992;99.0;61.192913;35.468506;35.078743;35.85827;42.484253;35.468506;32.350395;34.299213;32.740158;23.385828;35.468506;39.366142;41.704723;44.04331;49.889763;40.535435;47.16142;40.535435;33.519684;33.519684;22.216536;0.0;,ae900a,0c0713,26874.0,Archivo de audio MPEG,283115.0,2021.0,256.0,44100.0,100.0,100.0,11545.0,5.0,1.0,3.0,3837788972.0,2025-08-12 01:29:32,伊秩弘将,,,17,2.0
LiSA,traumerei,LiSA,traumerei - EP,LiSA,Anime,2013-08-07,255.45,95,150a1b,45.992126;80.6811;52.61811;34.688976;34.299213;36.24803;45.602364;44.43307;48.720474;56.515747;39.366142;40.535435;64.31102;71.32677;48.720474;51.059055;55.73622;65.09055;87.30708;65.09055;61.972443;99.0;46.38189;0.0;,f44d75,6d6d5e,26878.0,Archivo de audio MPEG,255477.0,2013.0,256.0,44100.0,100.0,100.0,14322.0,5.0,1.0,2.0,3837790213.0,2025-08-12 01:50:13,HIDEO NEKOTA,,,77,3.0
LiSA,THIS ILLUSION,LiSA,THIS ILLUSION - Single,LiSA,Anime,2015-01-01,243.2,80,020606,56.90551;91.98425;99.0;60.02362;54.95669;68.208664;62.75197;62.362206;54.56693;53.007874;36.637794;38.97638;45.602364;75.22441;49.5;65.480316;64.31102;63.921257;61.582676;62.75197;70.93701;79.51181;55.34646;0.0;,ed4761,8b4c4b,26882.0,Archivo de audio MPEG,243226.0,2015.0,256.0,44100.0,100.0,100.0,5718.0,5.0,1.0,2.0,3837344873.0,2025-08-06 22:07:53,NUMBER 201,,,15,-1.0
LiSA,QUEEN,LiSA,QUEEN - Single,LiSA,Anime,2024-10-13,188.0,140,aa92ad,73.27559;99.0;54.56693;43.65354;25.724411;35.468506;60.02362;40.925198;53.7874;74.444885;53.7874;69.767715;70.54724;70.15748;45.602364;63.14173;70.93701;61.582676;74.83464;65.09055;55.34646;61.192913;55.34646;0.0;,dc473c,645449,26888.0,Archivo de audio MPEG,188029.0,2024.0,256.0,44100.0,100.0,100.0,9749.0,5.0,1.0,3.0,3837786473.0,2025-08-12 00:47:53,,,,19,0.0
LiSA,oath sign,LiSA,oath sign - EP,LiSA,Anime,2011-11-23,249.39,76,08060d,31.570868;99.0;40.925198;29.232285;26.893702;26.503939;39.755905;58.464565;49.5;47.16142;30.011812;40.145668;53.007874;87.30708;64.31102;72.49606;94.7126;86.91732;90.03543;62.75197;59.244095;64.70079;35.078743;0.0;,db463d,6a6658,26896.0,Archivo de audio MPEG,249417.0,2011.0,256.0,44100.0,100.0,100.0,16106.0,5.0,1.0,3.0,3834414887.0,2025-07-04 00:14:47,渡辺翔,,,75,5.0
LiSA,homura,LiSA,homura - EP,LiSA,Anime,2020-10-12,274.52,76,020505,66.649605;97.44095;91.98425;81.85039;56.515747;83.79921;85.35826;99.0;95.102356;77.95276;58.464565;66.25984;89.64567;92.374016;60.80315;55.73622;83.40945;85.35826;77.95276;68.208664;58.854332;63.14173;37.027557;0.0;,8d0952,713736,26908.0,Archivo de audio MPEG,274546.0,2020.0,256.0,44100.0,100.0,100.0,7522.0,5.0,1.0,2.0,3834564711.0,2025-07-05 17:51:51,Yuki Kajiura,,,15,1.0
LiSA,HELLO WORLD,LiSA,HELLO WORLD - Single,LiSA,J-pop,2024-02-21,293.12,129,705b69,90.81496;97.05118;64.31102;46.38189;45.992126;47.16142;51.83858;53.397636;79.51181;40.145668;32.350395;36.24803;44.822834;53.7874;44.822834;61.192913;67.03937;54.95669;99.0;68.208664;55.34646;71.71654;68.59843;0.0;,f9735b,5c5a4b,26910.0,Archivo de audio MPEG,293146.0,2024.0,256.0,44100.0,100.0,100.0,8154.0,5.0,1.0,2.0,3837792997.0,2025-08-12 02:36:37,,,,26,1.0
LiSA,Empty MERMAiD,LiSA,Empty MERMAiD - EP,LiSA,Anime,2015-09-28,223.16,189,0f0816,70.54724;97.05118;47.940945;42.484253;49.5;48.720474;59.633858;52.228348;65.480316;68.98819;53.7874;51.83858;78.342514;99.0;56.515747;63.531494;61.972443;87.30708;93.15354;72.1063;68.59843;90.81496;51.44882;0.0;,e73d5f,736155,26916.0,Archivo de audio MPEG,223190.0,2015.0,256.0,44100.0,100.0,100.0,13533.0,5.0,1.0,1.0,3833899137.0,2025-06-28 00:58:57,YOOKEY,,,17,
LiSA,dawn,LiSA,dawn - EP,LiSA,Anime,2021-01-10,246.86,93,0f0816,79.51181;99.0;63.531494;39.755905;36.637794;39.366142;31.96063;49.889763;30.011812;35.468506;24.555119;31.96063;27.283466;31.181103;23.77559;22.216536;27.67323;40.925198;46.771652;36.637794;33.90945;39.366142;28.84252;0.0;,ade846,1a0e1c,26924.0,Archivo de audio MPEG,246883.0,2021.0,256.0,44100.0,100.0,100.0,11245.0,5.0,1.0,1.0,3833916717.0,2025-06-28 05:51:57,Kayoko Kusano & Shota Horie,,,21,
LiSA,Catch the Moment,LiSA,Catch the Moment - Single,LiSA,Anime,2017-02-15,282.91,95,050712,50.669292;99.0;47.940945;46.771652;33.90945;41.31496;62.362206;54.177166;72.885826;65.87008;43.65354;59.244095;70.15748;83.40945;58.464565;64.31102;79.12205;71.32677;83.40945;58.854332;48.330708;68.208664;42.874016;0.0;,ce333f,6b4e47,26928.0,Archivo de audio MPEG,282932.0,2017.0,256.0,44100.0,100.0,100.0,17436.0,5.0,1.0,2.0,3834331547.0,2025-07-03 01:05:47,田淵智也,,,21,1.0
LiSA,Brave Freak Out,LiSA,Brave Freak Out(Special Edition) - EP,LiSA,Anime,2016-08-24,255.84,100,a02471,36.24803;92.76378;38.19685;31.181103;37.027557;32.350395;47.55118;53.007874;55.73622;78.732285;54.95669;77.56299;73.66535;99.0;59.633858;54.177166;79.90157;84.578735;94.7126;72.1063;55.73622;90.42519;51.059055;0.0;,da3155,726658,26936.0,Archivo de audio MPEG,255869.0,2016.0,256.0,44100.0,100.0,100.0,15344.0,5.0,1.0,3.0,3835520438.0,2025-07-16 19:20:38,高橋浩一郎,,,20,1.0
LiSA,赤い罠(who loves it ),LiSA,赤い罠(who loves it ) - ADAMAS - EP,LiSA,Anime,2018-12-12,253.41,71,9f7a6b,43.26378;99.0;46.38189;33.519684;34.299213;33.519684;38.97638;39.366142;53.7874;43.65354;48.330708;49.889763;65.480316;72.1063;34.299213;45.602364;73.66535;72.1063;69.37795;43.26378;31.96063;31.96063;17.929134;0.0;,b64b19,803835,26944.0,Archivo de audio MPEG,253440.0,2018.0,256.0,44100.0,100.0,100.0,13881.0,5.0,1.0,3.0,3834354402.0,2025-07-03 07:26:42,Tomoya Tabuchi,,,19,-1.0
LiSA,ADAMAS,LiSA,赤い罠(who loves it ) - ADAMAS - EP,LiSA,Anime,2018-10-08,225.1,96,080610,42.09449;99.0;44.04331;43.26378;35.468506;37.807087;54.177166;46.38189;55.34646;44.822834;40.145668;47.940945;53.397636;72.1063;40.925198;53.007874;57.295277;54.95669;60.80315;46.771652;44.43307;53.007874;33.90945;0.0;,cc4929,3b3427,26946.0,Archivo de audio MPEG,225123.0,2018.0,256.0,44100.0,100.0,100.0,16142.0,5.0,1.0,1.0,3833910296.0,2025-06-28 04:04:56,KAYOKO,,,18,3.0
LiSA,紅蓮華,LiSA,紅蓮華 - EP,LiSA,Anime,2019-04-21,238.68,135,808080,44.43307;99.0;42.09449;56.125984;41.704723;48.720474;56.90551;81.46063;67.42913;95.88189;63.921257;78.342514;90.42519;97.05118;51.83858;71.32677;84.18898;82.62992;81.46063;53.7874;51.44882;68.98819;50.669292;0.0;,b41b45,734543,26960.0,Archivo de audio MPEG,238706.0,2019.0,256.0,44100.0,100.0,100.0,13157.0,5.0,1.0,2.0,3833968106.0,2025-06-28 20:08:26,草野華余子,,,19,2.0
LiSA,Chill-Chill-Dal-Da,LiSA,unlasting - EP,LiSA,Anime,2019-10-21,249.52,130,72525d,77.173225;99.0;30.011812;43.65354;29.622047;36.24803;52.61811;71.71654;50.669292;87.69685;58.854332;65.480316;97.05118;80.6811;48.330708;56.515747;64.31102;64.70079;73.66535;70.54724;71.32677;65.09055;31.181103;0.0;,de3950,464134,26970.0,Archivo de audio MPEG,249547.0,2019.0,256.0,44100.0,100.0,100.0,8465.0,5.0,1.0,2.0,3833954406.0,2025-06-28 16:20:06,伊秩弘将,,,31,4.0
LiSA,unlasting,LiSA,unlasting - EP,LiSA,Anime,2019-10-21,297.9,113,a26a60,51.83858;54.56693;99.0;52.228348;56.90551;58.464565;78.732285;63.14173;52.228348;59.633858;37.417324;37.417324;52.61811;70.54724;37.807087;68.98819;51.83858;40.535435;55.73622;35.078743;35.078743;57.295277;36.637794;0.0;,5a0674,a7b821,26972.0,Archivo de audio MPEG,297926.0,2019.0,256.0,44100.0,100.0,100.0,5729.0,5.0,1.0,2.0,3835773487.0,2025-07-19 17:38:07,Kayoko Kusano,,,90,
LiSA: Another Great Day,GL,LiSA,LADYBUG,LiSA,J-Pop,2021-05-19,181.02,133,a588a2,99.0;73.66535;50.279526;39.366142;36.24803;48.330708;45.2126;44.822834;41.704723;52.228348;40.145668;41.31496;43.26378;42.484253;26.114174;35.078743;42.874016;58.464565;74.83464;62.75197;63.531494;83.79921;56.125984;0.0;,fc839c,5b5e5c,12966.0,Archivo de audio AAC,180999.0,2021.0,325.0,48000.0,100.0,100.0,3098.0,5.0,1.0,3.0,3833959809.0,2025-06-28 17:50:09,Avu Barazono,,,27,5.0
LiSA: Another Great Day,REALiZE,LiSA,REALiZE - Single,LiSA,Anime,2023-06-14,190.56,75,908170,84.968506;99.0;67.81889;41.704723;36.24803;53.7874;58.464565;70.54724;45.992126;68.59843;57.68504;64.31102;68.98819;90.03543;50.669292;63.531494;74.83464;77.56299;90.42519;70.15748;60.413383;68.208664;44.04331;0.0;,de4244,8f5a55,14272.0,Archivo de audio AAC,190543.0,2023.0,325.0,48000.0,100.0,100.0,11216.0,5.0,1.0,2.0,3833924937.0,2025-06-28 08:08:57,,,,17,-1.0
LiSA: Another Great Day,Crossing Field,LiSA,crossing field,LiSA,J-Pop,2012,249.33,179,020404,44.822834;98.220474;43.65354;39.755905;45.2126;29.232285;53.397636;57.68504;73.66535;64.31102;52.61811;58.464565;71.71654;99.0;64.31102;68.208664;77.95276;74.83464;80.6811;68.98819;58.464565;74.055115;43.26378;0.0;,d33246,7b5851,20254.0,Archivo de audio MPEG,249391.0,2012.0,320.0,44100.0,100.0,100.0,11372.0,5.0,1.0,2.0,3835098115.0,2025-07-11 22:01:55,Watanabe Shou,,,94,2.0
LiSA: Another Great Day,Rising Hope,LiSA,Rising Hope,LiSA,Pop/Rock,2014,251.04,95,0c0716,39.366142;99.0;56.125984;34.299213;37.027557;35.85827;46.38189;74.83464;59.244095;58.854332;51.83858;70.93701;67.42913;83.79921;42.09449;44.43307;56.125984;61.582676;71.71654;53.397636;48.330708;81.46063;43.26378;0.0;,d9354a,5d463e,20318.0,Archivo de audio MPEG,251088.0,2014.0,320.0,44100.0,100.0,100.0,11370.0,5.0,1.0,3.0,3837248794.0,2025-08-05 19:26:34,Tomoya Tabuchi,,,62,3.0
LiSA: Another Great Day,だってアタシのヒーロー。,LiSA,だってアタシのヒーロー。,LiSA,Anime,2017,234.09,95,0e0813,47.940945;96.661415;44.822834;50.669292;47.940945;52.228348;69.767715;67.03937;67.42913;88.08661;65.87008;61.192913;77.56299;82.62992;59.244095;64.31102;69.767715;78.732285;99.0;64.70079;52.61811;58.854332;37.807087;0.0;,bc1f46,61433d,20358.0,Archivo de audio MPEG,234161.0,2017.0,320.0,44100.0,,,19682.0,5.0,1.0,1.0,3833906552.0,2025-06-28 03:02:32,渡辺翔,,,18,3.0
LiSA: Another Great Day,ReawakeR,LiSA feat. Felix of Stray Kids,ReawakeR - Single,LISA,J-Pop,2025-01-05,187.69,129,a1a5a4,99.0;99.0;57.295277;51.83858;45.602364;55.34646;54.177166;40.925198;44.04331;39.366142;40.145668;40.145668;58.854332;75.614174;48.720474;47.940945;64.70079;61.972443;81.07086;64.31102;61.972443;84.968506;68.208664;0.0;,fc7864,9d8c78,23446.0,Archivo de audio AAC,187664.0,2025.0,320.0,48000.0,100.0,100.0,4847.0,5.0,1.0,3.0,3833960205.0,2025-06-28 17:56:45,,,,14,3.0
LiSA: Another Great Day,RED ZONE,LiSA,ReawakeR - Single,LISA,J-Pop,2025-03-05,177.51,122,ba4e77,77.173225;99.0;47.940945;40.145668;55.34646;61.972443;70.54724;81.07086;79.90157;59.633858;65.87008;61.192913;63.14173;83.019684;51.44882;53.7874;80.291336;74.055115;89.255905;68.208664;60.02362;68.59843;47.55118;0.0;,d42b53,6d4d47,23454.0,Archivo de audio AAC,177493.0,2025.0,323.0,48000.0,100.0,100.0,7251.0,5.0,1.0,2.0,3833958503.0,2025-06-28 17:28:23,,,,15,-1.0
LiSA: Another Great Day,WiLD CANDY,LiSA,LOVER'S'MiLE,LiSA,Anime,2012-02-22,235.49,142,896c7d,34.299213;99.0;38.586617;33.90945;37.027557;24.165356;33.519684;54.95669;49.5;52.228348;36.637794;47.55118;58.074802;82.62992;76.3937;76.3937;87.30708;68.98819;84.18898;54.95669;48.720474;66.649605;49.889763;0.0;,d44137,615d4f,26608.0,Archivo de audio MPEG,235520.0,2012.0,256.0,44100.0,,100.0,15375.0,5.0,1.0,1.0,3833882174.0,2025-06-27 20:16:14,礒崎健史,,,26,2.0
LiSA: Another Great Day,MAKE A MiRACLE,LiSA,ブラックボックス - Single,LiSA,J-pop,2024-07-17,240.3,175,08060d,49.110237;99.0;44.822834;45.992126;27.67323;29.232285;60.413383;61.582676;68.98819;57.68504;54.56693;59.633858;68.98819;90.42519;49.5;54.56693;69.37795;76.00394;75.614174;56.515747;50.669292;61.192913;34.688976;0.0;,cd353a,59453b,26802.0,Archivo de audio MPEG,240326.0,2024.0,256.0,44100.0,,100.0,12497.0,5.0,1.0,1.0,3833926435.0,2025-06-28 08:33:55,,,,20,-1.0
LiSA: Another Great Day,明け星,LiSA,明け星 - Single,LiSA,Anime,2021-10-18,269.09,95,063616,95.102356;70.15748;53.007874;56.90551;38.586617;35.078743;58.854332;50.279526;43.26378;67.03937;51.44882;62.362206;81.07086;99.0;65.87008;67.42913;83.79921;89.64567;88.08661;72.885826;60.02362;67.42913;35.078743;0.0;,d93053,8d675e,26832.0,Archivo de audio MPEG,269113.0,2021.0,256.0,44100.0,100.0,100.0,10087.0,5.0,1.0,2.0,3833956321.0,2025-06-28 16:52:01,梶浦由記,,,21,1.0
LiSA: Another Great Day,QUEEN,LiSA,QUEEN - Single,LiSA,Anime,2024-10-13,188.0,140,aa92ad,73.27559;99.0;54.56693;43.65354;25.724411;35.468506;60.02362;40.925198;53.7874;74.444885;53.7874;69.767715;70.54724;70.15748;45.602364;63.14173;70.93701;61.582676;74.83464;65.09055;55.34646;61.192913;55.34646;0.0;,dc473c,645449,26888.0,Archivo de audio MPEG,188029.0,2024.0,256.0,44100.0,100.0,100.0,9749.0,5.0,1.0,3.0,3837786473.0,2025-08-12 00:47:53,,,,19,0.0
LiSA: Another Great Day,oath sign,LiSA,oath sign - EP,LiSA,Anime,2011-11-23,249.39,76,08060d,31.570868;99.0;40.925198;29.232285;26.893702;26.503939;39.755905;58.464565;49.5;47.16142;30.011812;40.145668;53.007874;87.30708;64.31102;72.49606;94.7126;86.91732;90.03543;62.75197;59.244095;64.70079;35.078743;0.0;,db463d,6a6658,26896.0,Archivo de audio MPEG,249417.0,2011.0,256.0,44100.0,100.0,100.0,16106.0,5.0,1.0,3.0,3834414887.0,2025-07-04 00:14:47,渡辺翔,,,75,5.0
LiSA: Another Great Day,homura,LiSA,homura - EP,LiSA,Anime,2020-10-12,274.52,76,020505,66.649605;97.44095;91.98425;81.85039;56.515747;83.79921;85.35826;99.0;95.102356;77.95276;58.464565;66.25984;89.64567;92.374016;60.80315;55.73622;83.40945;85.35826;77.95276;68.208664;58.854332;63.14173;37.027557;0.0;,8d0952,713736,26908.0,Archivo de audio MPEG,274546.0,2020.0,256.0,44100.0,100.0,100.0,7522.0,5.0,1.0,2.0,3834564711.0,2025-07-05 17:51:51,Yuki Kajiura,,,15,1.0
LiSA: Another Great Day,Catch the Moment,LiSA,Catch the Moment - Single,LiSA,Anime,2017-02-15,282.91,95,050712,50.669292;99.0;47.940945;46.771652;33.90945;41.31496;62.362206;54.177166;72.885826;65.87008;43.65354;59.244095;70.15748;83.40945;58.464565;64.31102;79.12205;71.32677;83.40945;58.854332;48.330708;68.208664;42.874016;0.0;,ce333f,6b4e47,26928.0,Archivo de audio MPEG,282932.0,2017.0,256.0,44100.0,100.0,100.0,17436.0,5.0,1.0,2.0,3834331547.0,2025-07-03 01:05:47,田淵智也,,,21,1.0
LiSA: Another Great Day,"best day, best way",LiSA,"best day,best way - EP",LiSA,Anime,2013-04-03,284.53,90,090610,39.755905;92.374016;47.940945;30.401575;38.586617;44.43307;41.31496;84.968506;68.59843;62.75197;45.2126;62.362206;63.531494;99.0;74.055115;59.633858;77.56299;68.208664;81.07086;62.362206;57.68504;61.972443;46.771652;0.0;,c72b41,624c43,26934.0,Archivo de audio MPEG,284551.0,2013.0,256.0,44100.0,,,17004.0,5.0,1.0,1.0,3833889455.0,2025-06-27 22:17:35,田淵智也,,,62,4.0
LiSA: Another Great Day,ADAMAS,LiSA,赤い罠(who loves it ) - ADAMAS - EP,LiSA,Anime,2018-10-08,225.1,96,080610,42.09449;99.0;44.04331;43.26378;35.468506;37.807087;54.177166;46.38189;55.34646;44.822834;40.145668;47.940945;53.397636;72.1063;40.925198;53.007874;57.295277;54.95669;60.80315;46.771652;44.43307;53.007874;33.90945;0.0;,cc4929,3b3427,26946.0,Archivo de audio MPEG,225123.0,2018.0,256.0,44100.0,100.0,100.0,16142.0,5.0,1.0,1.0,3833910296.0,2025-06-28 04:04:56,KAYOKO,,,18,3.0
LiSA: Another Great Day,紅蓮華,LiSA,紅蓮華 - EP,LiSA,Anime,2019-04-21,238.68,135,808080,44.43307;99.0;42.09449;56.125984;41.704723;48.720474;56.90551;81.46063;67.42913;95.88189;63.921257;78.342514;90.42519;97.05118;51.83858;71.32677;84.18898;82.62992;81.46063;53.7874;51.44882;68.98819;50.669292;0.0;,b41b45,734543,26960.0,Archivo de audio MPEG,238706.0,2019.0,256.0,44100.0,100.0,100.0,13157.0,5.0,1.0,2.0,3833968106.0,2025-06-28 20:08:26,草野華余子,,,19,2.0
LiSA: Another Great Day,unlasting,LiSA,unlasting - EP,LiSA,Anime,2019-10-21,297.9,113,a26a60,51.83858;54.56693;99.0;52.228348;56.90551;58.464565;78.732285;63.14173;52.228348;59.633858;37.417324;37.417324;52.61811;70.54724;37.807087;68.98819;51.83858;40.535435;55.73622;35.078743;35.078743;57.295277;36.637794;0.0;,5a0674,a7b821,26972.0,Archivo de audio MPEG,297926.0,2019.0,256.0,44100.0,100.0,100.0,5729.0,5.0,1.0,2.0,3835773487.0,2025-07-19 17:38:07,Kayoko Kusano,,,90,
Maisondes,juice box,MAISONdes feat. aruma & 案山子,juice box - Single,MAISONdes feat. aruma & 案山子,J-Pop,2022-08-31,238.13,111,35cc1e,48.720474;72.49606;80.6811;73.66535;46.771652;68.208664;94.32283;72.49606;61.582676;79.90157;68.98819;80.291336;77.56299;54.95669;40.145668;51.44882;63.14173;76.00394;95.49213;82.24016;92.76378;99.0;62.362206;0.0;,ca23ad,a46359,6766.0,Archivo de audio MPEG,238158.0,2022.0,256.0,44100.0,100.0,100.0,9342.0,5.0,1.0,2.0,3830089199.0,2025-05-14 22:39:59,,,,23,2.0
Maisondes,いえない,"MAISONdes feat. 堂村璃羽, 301 & GeG",いえない - Single,"MAISONdes feat. 堂村璃羽, 301 & GeG",J-Pop,2021-04-21,216.32,94,020404,99.0;68.59843;54.95669;38.19685;24.944883;23.77559;20.267717;21.826773;20.657482;15.20079;15.20079;19.877954;20.267717;22.996063;19.48819;18.3189;25.724411;30.401575;27.67323;29.232285;34.299213;29.622047;19.48819;0.0;,bbec60,712c32,6770.0,Archivo de audio MPEG,216346.0,2021.0,256.0,44100.0,100.0,100.0,3806.0,5.0,1.0,3.0,3825968316.0,2025-03-28 06:58:36,,,,36,2.0
Maisondes,アイウエ,MAISONdes feat. 美波 & SAKURAmoti,アイウエ - Single,MAISONdes feat. 美波 & SAKURAmoti,Alternative,2022-10-14,222.46,84,05040a,44.04331;60.413383;38.586617;38.97638;52.228348;36.637794;34.688976;53.7874;66.25984;51.83858;41.31496;51.059055;83.79921;89.64567;60.80315;70.93701;99.0;79.90157;92.76378;54.95669;60.80315;91.20473;79.51181;0.0;,d52565,887969,6790.0,Archivo de audio MPEG,222484.0,2022.0,256.0,44100.0,100.0,100.0,20317.0,5.0,1.0,2.0,3834418522.0,2025-07-04 01:15:22,,,,27,3.0
Maisondes,アイタリナイ,MAISONdes feat. yama & ニト。,アイタリナイ - Single,MAISONdes feat. yama & ニト。,Alternative,2023-01-13,162.46,84,06050b,86.137794;99.0;47.55118;55.73622;84.968506;60.413383;49.889763;64.70079;57.68504;50.279526;50.669292;51.83858;60.80315;71.71654;47.16142;54.177166;69.37795;62.362206;74.055115;85.35826;79.51181;77.56299;54.177166;0.0;,f65375,6f564d,6792.0,Archivo de audio MPEG,162481.0,2023.0,256.0,44100.0,100.0,100.0,9259.0,5.0,1.0,3.0,3833749610.0,2025-06-26 07:26:50,,,,30,
Maisondes,アイワナムチュー,MAISONdes feat. asmi & すりぃ,アイワナムチュー - Single,MAISONdes feat. asmi & すりぃ,Alternative,2023-01-06,205.84,79,040409,81.85039;99.0;74.055115;57.68504;70.15748;69.767715;90.81496;69.37795;61.972443;50.279526;70.15748;60.02362;73.66535;79.12205;53.397636;63.921257;68.98819;69.767715;90.03543;81.46063;64.70079;69.767715;52.61811;0.0;,d32759,754744,6794.0,Archivo de audio MPEG,205871.0,2023.0,256.0,44100.0,100.0,100.0,10312.0,5.0,1.0,2.0,3830947310.0,2025-05-24 21:01:50,,,,29,2.0
Maisondes,ダンス・ダンス・ダダ,MAISONdes feat. EMA & たなか,ダンス・ダンス・ダダ - Single,MAISONdes feat. EMA & たなか,J-Pop,2021-06-30,229.72,103,3620cf,99.0;84.578735;45.992126;65.09055;68.208664;49.5;82.24016;73.27559;74.055115;46.38189;45.2126;54.56693;48.330708;42.874016;36.24803;45.602364;46.38189;47.16142;52.61811;47.55118;45.992126;51.059055;36.24803;0.0;,b00d9b,5b2f24,6800.0,Archivo de audio MPEG,229746.0,2021.0,256.0,44100.0,100.0,100.0,5287.0,5.0,1.0,2.0,3835608945.0,2025-07-17 19:55:45,,,,31,1.0
Maisondes,トウキョウ・シャンディ・ランデヴ,MAISONdes feat. 花譜 & ツミキ,トウキョウ・シャンディ・ランデヴ - Single,MAISONdes feat. 花譜 & ツミキ,Alternative,2022-10-21,184.87,137,9fa1a5,99.0;74.444885;42.09449;45.602364;44.43307;38.586617;62.75197;60.80315;82.24016;73.66535;61.582676;62.75197;73.27559;75.614174;45.2126;49.5;56.125984;60.02362;66.25984;63.531494;60.02362;68.208664;44.822834;0.0;,db2870,744a46,6806.0,Archivo de audio MPEG,184894.0,2022.0,256.0,44100.0,100.0,100.0,11269.0,5.0,1.0,2.0,3826300845.0,2025-04-01 03:20:45,,,,36,1.0
Maisondes,バイマイダーリン,MAISONdes feat. みきまりあ & ニト。,バイマイダーリン - Single,MAISONdes feat. みきまりあ & ニト。,Alternative,2024-04-12,160.24,137,b1b9bd,67.03937;56.125984;44.04331;54.95669;49.889763;47.55118;86.91732;65.480316;73.27559;54.56693;65.480316;59.633858;99.0;83.40945;45.992126;56.90551;73.66535;65.87008;60.02362;54.177166;49.5;61.972443;42.874016;0.0;,a5076f,743e3d,6820.0,Archivo de audio MPEG,160261.0,2024.0,256.0,44100.0,100.0,100.0,11126.0,5.0,1.0,1.0,3833397403.0,2025-06-22 05:36:43,,,,22,1.0
Maisondes,ヨワネハキ,MAISONdes feat. 和ぬか & asmi,ヨワネハキ - Single,MAISONdes feat. 和ぬか & asmi,J-Pop,2021-05-19,167.05,108,0fbf4e,84.18898;90.03543;57.68504;68.98819;42.874016;50.669292;72.885826;56.90551;63.531494;59.633858;49.110237;64.31102;67.81889;90.81496;57.295277;64.70079;82.62992;79.51181;77.56299;88.47638;79.90157;99.0;76.00394;0.0;,ee4075,a68270,6824.0,Archivo de audio MPEG,167079.0,2021.0,256.0,44100.0,100.0,100.0,7576.0,5.0,1.0,1.0,3829164123.0,2025-05-04 05:42:03,,,,31,2.0
Maisondes,ラリー、ラリー,MAISONdes feat. Pii & meiyo,ラリー、ラリー - Single,MAISONdes feat. Pii & meiyo,J-Pop,2021-11-24,156.4,112,be339f,84.968506;99.0;43.26378;29.232285;28.452757;29.232285;28.84252;35.078743;44.43307;35.468506;30.79134;48.330708;40.535435;51.059055;31.570868;39.755905;51.059055;61.972443;47.940945;49.889763;50.279526;47.940945;33.90945;0.0;,e89039,34373a,6830.0,Archivo de audio MPEG,156421.0,2021.0,256.0,44100.0,100.0,100.0,4279.0,5.0,1.0,3.0,3831059967.0,2025-05-26 04:19:27,,,,31,-1.0
Nano: World Tour 2025 - CDMX 2025,Do or Die,ナノ,Do or Die - Single,ナノ,J-Rock,2024-04-13,222.15,140,775f6d,99.0;61.192913;40.925198;29.622047;35.078743;26.114174;36.24803;27.283466;27.283466;23.77559;27.283466;29.622047;34.299213;47.55118;33.90945;43.65354;45.992126;49.110237;42.484253;38.586617;35.468506;48.720474;33.519684;0.0;,f78353,2d2530,7306.0,Archivo de audio MPEG,222171.0,2024.0,256.0,44100.0,100.0,100.0,4312.0,5.0,1.0,1.0,3821781602.0,2025-02-07 20:00:02,,,,32,4.0
Nano: World Tour 2025 - CDMX 2025,Dreamcatcher,ナノ,Dreamcatcher (nano Ver.) - Single,ナノ,Anime,2016-11-02,217.97,90,09060f,50.279526;99.0;50.279526;39.366142;38.19685;57.68504;62.362206;70.15748;43.26378;52.228348;40.145668;38.97638;40.925198;69.37795;59.633858;66.25984;56.125984;62.75197;58.464565;57.295277;62.362206;56.515747;36.637794;0.0;,d9453a,534137,7318.0,Archivo de audio MPEG,217991.0,2016.0,256.0,44100.0,100.0,100.0,11203.0,5.0,1.0,2.0,3837429685.0,2025-08-07 21:41:25,ウエスト グラウンド & ナノ,,,21,1.0
Nano: World Tour 2025 - CDMX 2025,Sable,ナノ,Infinity≠Zero - Sable (nano Ver.) - Single,ナノ,Anime,2014-07-23,229.43,100,a02371,31.570868;83.79921;84.578735;44.822834;72.49606;54.56693;66.25984;61.972443;56.125984;52.228348;46.771652;55.73622;58.464565;99.0;80.6811;87.69685;89.64567;90.81496;77.95276;77.56299;84.578735;92.374016;63.921257;0.0;,d4265e,7d665b,7330.0,Archivo de audio MPEG,229459.0,2014.0,256.0,44100.0,100.0,100.0,12248.0,5.0,1.0,3.0,3823519601.0,2025-02-27 22:46:41,WEST GROUND,,,86,1.0
Nano: World Tour 2025 - CDMX 2025,Lost In Gray,ナノ,Lost In Gray - Single,ナノ,J-Rock,2024-03-14,207.99,164,06050d,61.582676;99.0;77.173225;52.228348;63.14173;37.417324;42.484253;44.04331;29.232285;33.12992;35.078743;33.12992;45.2126;51.059055;51.059055;62.362206;54.95669;74.444885;56.125984;61.192913;72.1063;80.291336;57.68504;0.0;,fa885c,848372,7338.0,Archivo de audio MPEG,208013.0,2024.0,256.0,44100.0,100.0,100.0,11052.0,5.0,1.0,4.0,3827509368.0,2025-04-15 02:02:48,,,,19,1.0
Nano: World Tour 2025 - CDMX 2025,Nevereverland,ナノ,N,ナノ,Anime,2013-02-27,286.64,103,4626d3,73.27559;99.0;54.177166;30.011812;43.26378;43.65354;42.874016;39.755905;32.740158;47.16142;33.90945;44.43307;44.822834;77.173225;62.362206;78.342514;74.83464;78.732285;81.07086;77.173225;70.15748;77.173225;44.04331;0.0;,f1604e,92917d,7352.0,Archivo de audio MPEG,286667.0,2013.0,256.0,44100.0,100.0,100.0,10114.0,5.0,1.0,5.0,3822908222.0,2025-02-20 20:57:02,,,,18,0.0
Nano: World Tour 2025 - CDMX 2025,Freedom Is Yours,ナノ,nano's Remixes,ナノ,Anime,2016-07-13,267.78,130,64464f,76.78346;99.0;95.88189;47.16142;42.09449;51.44882;41.704723;47.940945;57.295277;42.09449;35.85827;43.26378;37.807087;58.464565;44.04331;64.31102;56.90551;63.531494;53.7874;61.972443;61.972443;83.019684;55.73622;0.0;,f79259,2a3027,7372.0,Archivo de audio MPEG,267807.0,2016.0,256.0,44100.0,100.0,100.0,13242.0,5.0,1.0,5.0,3837783519.0,2025-08-11 23:58:39,,,,20,-3.0
Nano: World Tour 2025 - CDMX 2025,Hysteria,ナノ,Nanoir,ナノ,J-Pop,2012-03-14,250.44,105,a61ba4,36.637794;99.0;54.177166;36.637794;34.299213;39.366142;34.688976;31.570868;26.503939;32.740158;29.622047;35.468506;40.145668;47.940945;35.468506;37.417324;49.110237;58.074802;52.61811;50.279526;44.43307;48.720474;32.350395;0.0;,dd8829,28292f,7388.0,Archivo de audio MPEG,250462.0,2012.0,256.0,44100.0,100.0,100.0,10646.0,5.0,1.0,2.0,3830787280.0,2025-05-23 00:34:40,,,,23,5.0
Nano: World Tour 2025 - CDMX 2025,"No Pain, No Game",ナノ,"No Pain, No Game  nano ver.  - Single",ナノ,Anime,2012-10-10,202.95,95,160b1a,56.515747;99.0;52.61811;37.417324;37.417324;45.2126;52.228348;73.66535;48.330708;43.26378;40.925198;60.413383;59.244095;81.07086;55.34646;79.90157;84.578735;99.0;91.20473;74.055115;79.90157;93.15354;65.09055;0.0;,ec485b,777262,7410.0,Archivo de audio MPEG,202971.0,2012.0,256.0,44100.0,100.0,100.0,16903.0,5.0,1.0,6.0,3835871797.0,2025-07-20 20:56:37,Tsukamoto Kem,,,15,
Nano: World Tour 2025 - CDMX 2025,Fight Song,ナノ,Noixe,ナノ,Anime,2023-02-08,208.61,91,0a0710,60.413383;99.0;54.177166;36.24803;28.84252;33.519684;47.940945;41.704723;32.350395;38.586617;35.078743;35.078743;39.755905;50.279526;34.688976;53.7874;60.413383;69.767715;49.110237;54.56693;47.940945;49.110237;35.85827;0.0;,e27a2e,232a25,7422.0,Archivo de audio MPEG,208640.0,2023.0,256.0,44100.0,100.0,100.0,11810.0,5.0,1.0,5.0,3821780252.0,2025-02-07 19:37:32,,,,22,-4.0
Nano: World Tour 2025 - CDMX 2025,Oblivion,ナノ,Oblivion - Single,ナノ,J-Rock,2024-01-12,204.83,89,030409,93.15354;99.0;53.007874;51.44882;35.468506;38.586617;47.16142;53.7874;43.26378;44.04331;46.771652;50.669292;60.80315;77.56299;53.7874;74.444885;79.90157;82.24016;79.51181;87.69685;85.35826;95.102356;60.413383;0.0;,f96266,938d7a,7446.0,Archivo de audio MPEG,204852.0,2024.0,256.0,44100.0,100.0,100.0,7773.0,5.0,1.0,2.0,3835428491.0,2025-07-15 17:48:11,,,,19,2.0
Nano: World Tour 2025 - CDMX 2025,Savior of Song,ナノ feat. My First Story,Savior of Song (Arpeggio of Blue Steel Ver.) - Single,ナノ,Anime,2013-10-30,246.7,96,030408,37.807087;99.0;32.350395;27.283466;29.232285;30.401575;24.555119;34.688976;33.519684;40.145668;36.24803;36.24803;44.04331;52.228348;49.5;56.515747;61.192913;65.480316;58.854332;53.007874;57.295277;60.02362;27.283466;0.0;,e9663d,5b5e5b,7490.0,Archivo de audio MPEG,246726.0,2013.0,256.0,44100.0,100.0,100.0,10992.0,5.0,1.0,6.0,3832011228.0,2025-06-06 04:33:48,MY FIRST STORY,,,13,-1.0
Nano: World Tour 2025 - CDMX 2025,1-3の純情な感情,FLOW,1-3の純情な感情 - Single,FLOW,J-Rock,2011-03-09,233.78,155,05050d,71.32677;91.59448;43.65354;28.452757;37.807087;50.279526;37.417324;39.755905;28.84252;27.283466;28.84252;33.12992;33.90945;57.68504;50.669292;58.074802;99.0;64.31102;68.59843;78.342514;85.74803;67.81889;44.04331;0.0;,f86c5b,888d88,14874.0,Archivo de audio AAC,233755.0,2011.0,319.0,48000.0,100.0,100.0,9691.0,5.0,1.0,4.0,3823269565.0,2025-02-25 01:19:25,,,,11,3.0
One Ok Rock,Take me to the top,ONE OK ROCK,35xxxv,ONE OK ROCK,J-Pop,2015,195.79,98,1618c4,60.02362;68.59843;39.755905;38.19685;40.925198;32.350395;75.22441;98.61023;56.515747;55.34646;63.14173;78.342514;73.66535;99.0;67.81889;78.342514;72.885826;81.07086;86.52756;88.47638;90.03543;85.35826;41.31496;0.0;,d82471,8a6b61,7554.0,Audio Apple Lossless,195785.0,2015.0,2304.0,48000.0,100.0,100.0,17340.0,5.0,1.0,1.0,3825968109.0,2025-03-28 06:55:09,TakaColin Cunningham,,,28,2.0
One Ok Rock,Cry out,ONE OK ROCK,35xxxv,ONE OK ROCK,J-Pop,2015,228.44,84,0b0710,57.295277;68.59843;41.31496;43.65354;29.622047;33.519684;74.055115;57.68504;55.34646;57.295277;70.93701;56.125984;62.362206;93.543304;60.413383;70.93701;66.25984;70.54724;83.40945;85.74803;99.0;94.32283;49.5;0.0;,e6347d,7a6e60,7556.0,Audio Apple Lossless,228438.0,2015.0,2304.0,48000.0,100.0,100.0,20036.0,5.0,1.0,2.0,3837243656.0,2025-08-05 18:00:56,ONE OK ROCKColin Cunningham,,,42,2.0
One Ok Rock,Suddenly,ONE OK ROCK,35xxxv,ONE OK ROCK,J-Pop,2015,183.33,91,020707,66.649605;61.972443;50.279526;47.940945;41.31496;40.145668;69.37795;53.7874;60.02362;68.208664;71.32677;69.37795;62.362206;99.0;58.464565;66.25984;70.54724;61.972443;65.87008;76.3937;79.51181;82.62992;49.5;0.0;,d42077,8c615a,7558.0,Audio Apple Lossless,183327.0,2015.0,2304.0,48000.0,100.0,100.0,13471.0,5.0,1.0,3.0,3825962539.0,2025-03-28 05:22:19,TakaToruakkin,,,89,-1.0
One Ok Rock,Mighty Long Fall,ONE OK ROCK,35xxxv,ONE OK ROCK,J-Pop,2015,243.14,79,040408,55.73622;99.0;50.669292;38.97638;33.519684;27.67323;31.96063;43.65354;26.893702;32.740158;29.622047;31.96063;33.12992;40.145668;26.503939;38.97638;37.417324;40.145668;53.7874;59.244095;61.582676;60.80315;31.96063;0.0;,f2ae5f,614854,7560.0,Audio Apple Lossless,243137.0,2015.0,2304.0,48000.0,100.0,100.0,11223.0,5.0,1.0,5.0,3837425964.0,2025-08-07 20:39:24,ONE OK ROCKJ. Feldmann,,,93,2.0
One Ok Rock,Memories,ONE OK ROCK,35xxxv,ONE OK ROCK,J-Pop,2015,201.35,175,110916,59.244095;99.0;53.007874;33.519684;33.90945;28.062992;37.417324;26.114174;22.996063;32.350395;30.79134;26.893702;40.145668;52.61811;38.586617;45.602364;56.515747;52.228348;60.413383;56.515747;56.90551;52.228348;28.452757;0.0;,eb8e3d,2a2c30,7564.0,Audio Apple Lossless,201346.0,2015.0,2304.0,48000.0,100.0,100.0,12592.0,5.0,1.0,1.0,3820350216.0,2025-01-22 06:23:36,TakaJ. Feldmann,,,15,1.0
One Ok Rock,Good Goodbye,ONE OK ROCK,35xxxv,ONE OK ROCK,J-Pop,2015,224.28,102,90b91e,22.996063;77.95276;99.0;44.822834;62.362206;71.71654;55.34646;47.55118;31.181103;46.38189;58.074802;53.7874;63.921257;81.07086;38.586617;68.98819;47.940945;69.37795;93.93307;84.18898;81.07086;54.177166;26.893702;0.0;,ce2455,af6a57,7570.0,Audio Apple Lossless,224277.0,2015.0,2304.0,48000.0,100.0,100.0,6056.0,5.0,1.0,5.0,3834414637.0,2025-07-04 00:10:37,TakaColin Cunningham,,,13,1.0
One Ok Rock,One by One,ONE OK ROCK,35xxxv,ONE OK ROCK,J-Pop,2015,219.81,99,af1fae,88.866135;78.732285;58.854332;49.889763;54.95669;40.145668;66.25984;67.81889;58.464565;65.09055;71.32677;62.75197;77.95276;82.24016;48.720474;64.70079;76.78346;74.055115;84.18898;99.0;95.102356;81.07086;42.09449;0.0;,e93978,7d695d,7572.0,Audio Apple Lossless,219808.0,2015.0,2304.0,48000.0,100.0,100.0,11889.0,5.0,1.0,2.0,3834406512.0,2025-07-03 21:55:12,TakaJ. Feldmann,,,39,
One Ok Rock,Stuck in the middle,ONE OK ROCK,35xxxv,ONE OK ROCK,J-Pop,2015,212.67,95,0e0814,53.007874;99.0;42.874016;32.740158;35.468506;28.84252;32.740158;49.889763;41.704723;32.740158;33.12992;40.535435;49.889763;73.66535;41.31496;57.295277;74.055115;65.480316;72.1063;71.71654;74.444885;63.14173;27.283466;0.0;,f0634a,5b6058,7574.0,Audio Apple Lossless,212670.0,2015.0,2304.0,48000.0,100.0,100.0,15583.0,5.0,1.0,3.0,3824835706.0,2025-03-15 04:21:46,J. Feldmann,,,18,
One Ok Rock,Fight the night,ONE OK ROCK,35xxxv,ONE OK ROCK,J-Pop,2015,256.36,135,2d2713,63.14173;99.0;73.27559;56.90551;49.5;42.874016;57.295277;38.97638;32.350395;39.755905;34.688976;42.09449;42.874016;50.279526;31.181103;43.65354;34.299213;30.011812;44.822834;47.16142;53.007874;41.704723;22.996063;0.0;,a5d125,049e3b,7576.0,Audio Apple Lossless,256359.0,2015.0,2304.0,48000.0,100.0,100.0,4799.0,5.0,1.0,1.0,3833317718.0,2025-06-21 07:28:38,TakaJ. Cole,,,0,-1.0
One Ok Rock,The Way Back,ONE OK ROCK,35xxxv (Deluxe Edition),ONE OK ROCK,J-Rock,2015,182.93,150,634751,90.81496;99.0;68.59843;53.397636;40.925198;60.80315;68.208664;67.42913;52.228348;41.704723;47.55118;57.295277;63.921257;83.40945;54.95669;62.75197;60.02362;55.73622;69.37795;70.93701;83.79921;93.15354;56.90551;0.0;,fa5f76,585144,7606.0,Audio Apple Lossless,182930.0,2015.0,2304.0,48000.0,100.0,100.0,7309.0,5.0,1.0,5.0,3829465248.0,2025-05-07 17:20:48,John Feldmann & Taka,,,22,2.0
One Ok Rock,Bombs away,ONE OK ROCK,Ambitions,ONE OK ROCK,J-Pop,2017,263.85,80,0a0e08,31.570868;34.688976;40.925198;70.93701;40.925198;53.007874;82.62992;72.49606;48.330708;66.25984;58.854332;61.582676;57.295277;87.69685;45.602364;51.059055;42.09449;51.83858;76.00394;75.22441;99.0;79.51181;42.484253;0.0;,ba18ad,a56157,7610.0,Audio Apple Lossless,263853.0,2017.0,2304.0,48000.0,100.0,100.0,9980.0,5.0,1.0,1.0,3832745077.0,2025-06-14 16:24:37,Taka / Brittain Colin / Agra Bruno,,,23,-1.0
One Ok Rock,Taking Off,ONE OK ROCK,Ambitions,ONE OK ROCK,J-Pop,2017,219.08,112,a623bb,92.76378;99.0;87.30708;75.22441;51.44882;60.02362;72.885826;73.27559;72.1063;42.874016;49.110237;60.80315;58.854332;86.52756;42.484253;47.940945;44.04331;49.889763;67.81889;74.83464;92.374016;86.91732;42.484253;0.0;,fa74a1,7e4b49,7612.0,Audio Apple Lossless,219084.0,2017.0,2304.0,48000.0,100.0,100.0,7327.0,5.0,1.0,3.0,3837513935.0,2025-08-08 21:05:35,"Dan Lancaster, Nick Long & Taka",,,17,1.0
One Ok Rock,We are,ONE OK ROCK,Ambitions,ONE OK ROCK,J-Pop,2017,255.48,148,6c525e,56.515747;67.81889;46.38189;46.38189;40.145668;48.330708;81.85039;52.61811;45.602364;39.366142;63.921257;40.925198;46.38189;67.42913;44.822834;54.95669;58.854332;63.14173;77.173225;85.35826;99.0;63.531494;30.011812;0.0;,ea3a84,645d4f,7614.0,Audio Apple Lossless,255484.0,2017.0,2304.0,48000.0,100.0,100.0,10083.0,5.0,1.0,1.0,3829162179.0,2025-05-04 05:09:39,"TORU, Colin Brittain, Taka, Nick Long, TORU, Nick Long, Colin Brittain & Taka",,,17,
One Ok Rock,Always coming back,ONE OK ROCK,Ambitions,ONE OK ROCK,J-Pop,2017,213.57,75,695f6b,58.854332;81.07086;89.64567;61.582676;48.720474;93.93307;68.208664;99.0;42.484253;58.854332;51.83858;46.771652;52.228348;59.633858;39.755905;58.854332;50.279526;54.177166;65.480316;60.80315;68.59843;63.921257;37.027557;0.0;,a5099c,64312d,7618.0,Audio Apple Lossless,213573.0,2017.0,2304.0,48000.0,100.0,100.0,5467.0,5.0,1.0,3.0,3835096644.0,2025-07-11 21:37:24,Taka / John Feldmann,,,17,1.0
One Ok Rock,Lost in Tonight,ONE OK ROCK,Ambitions,ONE OK ROCK,J-Pop,2017,172.14,158,09060f,72.1063;99.0;41.704723;36.24803;37.027557;30.79134;59.244095;58.854332;41.704723;39.755905;50.669292;49.5;67.42913;69.767715;40.925198;53.7874;45.2126;45.602364;49.5;48.330708;65.09055;78.342514;47.940945;0.0;,f7665b,4b483b,7622.0,Audio Apple Lossless,172139.0,2017.0,2304.0,48000.0,100.0,100.0,7716.0,5.0,1.0,1.0,3825340956.0,2025-03-21 00:42:36,Taka / Churko Kane,,,17,1.0
One Ok Rock,I was King,ONE OK ROCK,Ambitions,ONE OK ROCK,J-Pop,2017,238.83,93,060612,59.633858;99.0;58.854332;48.720474;32.350395;31.570868;53.007874;40.535435;41.704723;38.586617;46.38189;41.31496;55.34646;56.125984;38.19685;46.771652;50.279526;50.669292;63.921257;70.93701;80.291336;60.02362;35.078743;0.0;,f87b56,686759,7624.0,Audio Apple Lossless,238826.0,2017.0,2304.0,48000.0,100.0,100.0,8240.0,5.0,1.0,1.0,3825836971.0,2025-03-26 18:29:31,Composer Information Unavailable,,,23,1.0
One Ok Rock,Listen,ONE OK ROCK feat. Avril Lavigne,Ambitions,ONE OK ROCK,J-Pop,2017,218.99,84,0d1208,47.55118;70.93701;73.66535;72.49606;51.059055;64.31102;86.137794;66.25984;51.44882;57.68504;62.362206;61.972443;68.59843;86.91732;55.73622;56.125984;61.192913;62.75197;78.732285;99.0;84.578735;86.137794;49.110237;0.0;,d11f93,a05d55,7626.0,Audio Apple Lossless,218992.0,2017.0,2304.0,48000.0,100.0,100.0,6848.0,5.0,1.0,3.0,3835962761.0,2025-07-21 22:12:41,Avril Lavigne,,,16,
One Ok Rock,One Way Ticket,ONE OK ROCK,Ambitions,ONE OK ROCK,J-Pop,2017,216.97,98,9ed1f9,56.90551;84.18898;78.342514;93.543304;87.30708;52.61811;99.0;82.24016;54.95669;71.71654;61.192913;71.71654;63.921257;67.03937;35.078743;54.95669;42.874016;52.228348;56.90551;60.413383;74.83464;61.582676;38.97638;0.0;,5610ae,76342e,7628.0,Audio Apple Lossless,216970.0,2017.0,2304.0,48000.0,100.0,100.0,6424.0,5.0,1.0,1.0,3833266940.0,2025-06-20 17:22:20,"CJ Baran, Nick Long & Taka",,,23,-1.0
One Ok Rock,Bon Voyage,ONE OK ROCK,Ambitions,ONE OK ROCK,J-Pop,2017,246.0,110,822acf,81.07086;61.582676;88.866135;47.940945;41.31496;49.110237;50.669292;42.09449;33.12992;42.874016;39.366142;49.5;54.177166;63.921257;40.145668;54.56693;50.279526;63.14173;81.46063;99.0;94.32283;73.66535;31.181103;0.0;,fa608d,a09d85,7630.0,Audio Apple Lossless,245996.0,2017.0,2304.0,48000.0,100.0,100.0,8265.0,5.0,1.0,1.0,3833315074.0,2025-06-21 06:44:34,Toru / Taka / Brittain Colin,,,23,-2.0
One Ok Rock,Start Again,ONE OK ROCK,Ambitions,ONE OK ROCK,J-Pop,2017,194.26,174,0a070f,65.87008;59.244095;42.874016;35.468506;33.519684;35.078743;61.192913;69.767715;37.807087;55.73622;61.582676;63.531494;74.444885;99.0;60.80315;68.98819;61.192913;67.03937;80.291336;96.27165;99.0;89.255905;44.822834;0.0;,e6337e,827666,7632.0,Audio Apple Lossless,194264.0,2017.0,2304.0,48000.0,100.0,100.0,10381.0,5.0,1.0,3.0,3829915839.0,2025-05-12 22:30:39,"Colin Brittain, Nick Long & Taka",,,23,2.0
One Ok Rock,Take what you want,ONE OK ROCK feat. 5 Seconds of Summer,Ambitions,ONE OK ROCK,J-Pop,2017,244.06,118,6aa110,54.95669;72.49606;56.125984;65.09055;47.55118;45.2126;74.055115;49.889763;40.535435;47.16142;54.56693;48.330708;40.535435;48.330708;28.452757;33.90945;27.283466;28.062992;47.55118;64.70079;99.0;60.80315;33.519684;0.0;,d96fd9,b88338,7634.0,Audio Apple Lossless,244062.0,2017.0,2304.0,48000.0,100.0,100.0,8496.0,5.0,1.0,5.0,3837588080.0,2025-08-09 17:41:20,ファイヴ・セカンズ・オブ・サマー,,,17,1.0
One Ok Rock,Hard To Love,ONE OK ROCK,Ambitions (International Version),ONE OK ROCK,J-Pop,2016,196.41,110,9d5650,3.8976402;50.279526;99.0;60.80315;68.208664;42.484253;45.992126;49.5;50.669292;31.570868;31.181103;34.299213;26.114174;22.996063;15.20079;35.078743;19.48819;21.43701;25.334646;42.09449;67.81889;43.65354;24.555119;0.0;,2784db,0b80bb,7646.0,Audio Apple Lossless,196405.0,2016.0,2304.0,48000.0,100.0,100.0,2930.0,5.0,1.0,1.0,3821628263.0,2025-02-06 01:24:23,"Colin Brittain, Nick Long & Taka",,,16,-1.0
One Ok Rock,必然メーカー,ONE OK ROCK,BEAM OF LIGHT,ONE OK ROCK,J-Rock,2008,210.77,93,050912,59.244095;87.69685;81.07086;58.854332;68.208664;60.02362;49.889763;47.940945;42.874016;46.771652;37.417324;67.03937;50.669292;76.3937;58.464565;72.49606;99.0;91.20473;90.81496;84.18898;96.27165;77.173225;47.16142;0.0;,ea425e,927568,7668.0,Audio Apple Lossless,210773.0,2008.0,1536.0,48000.0,100.0,100.0,9236.0,5.0,1.0,1.0,3820396630.0,2025-01-22 19:17:10,"Toru, Taka/TAKA",,,20,-1.0
One Ok Rock,100% (hundred percent),ONE OK ROCK,BEAM OF LIGHT,ONE OK ROCK,J-Rock,2008,186.92,93,0e0816,42.09449;96.661415;61.582676;48.720474;40.145668;31.96063;44.43307;34.299213;28.84252;39.366142;36.24803;45.992126;56.515747;79.51181;71.71654;77.56299;92.76378;99.0;97.05118;73.66535;79.51181;56.515747;26.893702;0.0;,df4d3c,757162,7672.0,Audio Apple Lossless,186920.0,2008.0,1536.0,48000.0,100.0,100.0,11984.0,5.0,1.0,1.0,3820230269.0,2025-01-20 21:04:29,"Toru, Taka/TAKA",,,20,1.0
One Ok Rock,燦さん星,ONE OK ROCK,BEAM OF LIGHT,ONE OK ROCK,J-Rock,2008,238.49,81,020305,43.65354;72.49606;80.6811;41.31496;31.570868;37.417324;40.145668;44.822834;39.755905;42.09449;51.059055;61.582676;54.56693;83.019684;67.81889;80.6811;93.15354;99.0;98.61023;73.66535;90.81496;70.93701;47.940945;0.0;,e13b52,908270,7676.0,Audio Apple Lossless,238493.0,2008.0,1536.0,48000.0,100.0,100.0,10146.0,5.0,1.0,2.0,3831453744.0,2025-05-30 17:42:24,TAKA,,,17,6.0
One Ok Rock,光芒,ONE OK ROCK,BEAM OF LIGHT,ONE OK ROCK,J-Rock,2008,208.17,83,030408,43.65354;99.0;61.192913;27.283466;32.740158;42.09449;37.027557;36.24803;31.96063;42.874016;42.484253;40.535435;35.468506;44.822834;37.027557;56.515747;57.68504;60.80315;62.362206;54.56693;65.09055;45.602364;27.283466;0.0;,e37531,343a32,7678.0,Audio Apple Lossless,208173.0,2008.0,1536.0,48000.0,100.0,100.0,6942.0,5.0,1.0,1.0,3825251920.0,2025-03-19 23:58:40,Taka,,,15,5.0
One Ok Rock,Crazy Botch,ONE OK ROCK,BEAM OF LIGHT,ONE OK ROCK,J-Rock,2008,234.24,137,736356,74.055115;99.0;43.65354;40.535435;27.67323;30.011812;46.38189;25.724411;30.79134;37.027557;31.570868;38.586617;42.484253;62.75197;46.38189;72.49606;82.24016;73.66535;72.885826;63.14173;60.02362;54.177166;40.145668;0.0;,e96a3b,c3d19e,7680.0,Audio Apple Lossless,234240.0,2008.0,1536.0,48000.0,100.0,100.0,8157.0,5.0,1.0,3.0,3835429508.0,2025-07-15 18:05:08,"TAKA/Toru, Alex, Taka",,,22,2.0
One Ok Rock,Yap,ONE OK ROCK,BEAM OF LIGHT,ONE OK ROCK,J-Rock,2008,166.96,93,0e0817,56.90551;88.47638;57.68504;45.2126;57.68504;43.26378;57.295277;33.519684;40.925198;28.452757;40.535435;40.145668;48.330708;66.25984;53.397636;57.295277;82.24016;74.055115;86.52756;83.40945;99.0;69.37795;38.97638;0.0;,f65a64,7d7d6d,7682.0,Audio Apple Lossless,166960.0,2008.0,1536.0,48000.0,100.0,100.0,6454.0,5.0,1.0,2.0,3832013541.0,2025-06-06 05:12:21,TAKA,,,20,5.0
One Ok Rock,カサブタ,ONE OK ROCK,Deeper Deeper / Nothing Helps,ONE OK ROCK,J-Pop,2013,261.56,74,737061,55.73622;80.291336;60.02362;44.04331;34.299213;48.720474;83.40945;47.940945;41.31496;32.350395;35.85827;34.299213;57.68504;79.12205;56.125984;60.80315;59.244095;52.228348;99.0;79.51181;92.374016;72.885826;37.807087;0.0;,f44d72,bd9d7a,7692.0,Audio Apple Lossless,261560.0,2013.0,1536.0,48000.0,100.0,100.0,9214.0,5.0,1.0,1.0,3833359355.0,2025-06-21 19:02:35,Taka,,,94,-1.0
One Ok Rock,Eye of the Storm,ONE OK ROCK,Eye of the Storm,ONE OK ROCK,J-Rock,2019,183.59,75,a55b50,74.055115;74.444885;88.47638;70.15748;54.56693;47.16142;82.62992;68.59843;58.854332;50.669292;67.42913;69.37795;73.27559;99.0;61.582676;76.3937;59.633858;61.972443;64.70079;69.767715;83.019684;72.885826;54.177166;0.0;,c4166a,9e544d,7698.0,Audio Apple Lossless,183586.0,2019.0,1536.0,48000.0,100.0,100.0,9824.0,5.0,1.0,4.0,3825863308.0,2025-03-27 01:48:28,"Dan Lancaster, Jamil Kazmi, Mike Duce, Taka & Toru",,,16,
One Ok Rock,Stand Out Fit In,ONE OK ROCK,Eye of the Storm,ONE OK ROCK,J-Rock,2019,214.55,126,6c6c6d,83.019684;91.20473;99.0;61.582676;43.65354;61.192913;50.669292;54.95669;32.350395;40.145668;45.602364;37.027557;45.602364;56.515747;38.19685;54.56693;33.12992;39.366142;56.90551;44.04331;72.49606;62.75197;38.586617;0.0;,ded26b,663123,7702.0,Audio Apple Lossless,214546.0,2019.0,1536.0,48000.0,100.0,100.0,6884.0,5.0,1.0,3.0,3835889229.0,2025-07-21 01:47:09,"Derek Fuhrmann, Jamil Kazmi, Liam O'Donnell & Taka",,,17,1.0
One Ok Rock,Grow Old Die Young,ONE OK ROCK,Eye of the Storm,ONE OK ROCK,J-Rock,2019,206.51,140,5a4f43,31.570868;66.649605;44.04331;32.740158;41.31496;29.622047;49.110237;76.3937;99.0;45.602364;32.740158;49.5;37.027557;41.31496;22.6063;33.519684;33.90945;32.740158;45.992126;53.397636;64.70079;59.244095;37.417324;0.0;,ce29b3,75b819,7710.0,Audio Apple Lossless,206506.0,2019.0,1536.0,48000.0,100.0,100.0,8598.0,5.0,1.0,2.0,3827252218.0,2025-04-12 02:36:58,"Ben Romans, CJ Baran, Jamil Kazmi & Taka",,,10,-1.0
One Ok Rock,Letting Go,ONE OK ROCK,Eye of the Storm,ONE OK ROCK,J-Rock,2019,200.25,98,d7c466,65.87008;99.0;86.52756;44.822834;58.464565;47.940945;48.330708;43.26378;32.350395;25.724411;31.96063;28.062992;31.570868;41.704723;23.77559;33.90945;17.929134;21.826773;24.944883;31.570868;49.110237;40.535435;30.401575;0.0;,62f862,25078f,7726.0,Audio Apple Lossless,200253.0,2019.0,1536.0,48000.0,100.0,100.0,3335.0,5.0,1.0,2.0,3832784709.0,2025-06-15 03:25:09,"Kyle Moorman, Nick Long & Takahiro Moriuchi",,,30,-1.0
One Ok Rock,Worst in Me,ONE OK ROCK,Eye of the Storm,ONE OK ROCK,J-Rock,2019,189.87,78,0a070f,91.98425;99.0;67.81889;66.25984;35.85827;44.822834;72.49606;44.43307;51.83858;51.83858;52.228348;52.228348;54.177166;60.80315;40.535435;47.940945;45.602364;53.397636;54.95669;61.582676;74.444885;74.444885;40.535435;0.0;,fe8874,4e3f34,7730.0,Audio Apple Lossless,189866.0,2019.0,1536.0,48000.0,100.0,100.0,7467.0,5.0,1.0,2.0,3837791934.0,2025-08-12 02:18:54,"Colin Brittain, Jamil Kazmi, Nick Long, Takahiro Moriuchi & Toru Yamashita",,,29,-1.0
One Ok Rock,In the Stars,ONE OK ROCK feat. Kiiara,Eye of the Storm,ONE OK ROCK,J-Rock,2019,204.01,158,030306,58.074802;95.88189;84.578735;64.31102;46.38189;84.968506;92.374016;79.51181;71.71654;71.71654;63.531494;58.464565;54.95669;56.125984;41.704723;62.362206;49.5;53.007874;61.972443;79.51181;99.0;74.83464;43.65354;0.0;,d22db2,753c3b,7736.0,Audio Apple Lossless,204013.0,2019.0,1536.0,48000.0,100.0,100.0,6922.0,5.0,1.0,2.0,3826288402.0,2025-03-31 23:53:22,"Brian Howes, Dan Book, Jamil Kazmi & Taka",,,79,
One Ok Rock,Giants,ONE OK ROCK,Eye of the Storm,ONE OK ROCK,J-Rock,2019,163.59,105,05a64d,99.0;81.07086;46.38189;35.468506;40.925198;57.295277;44.822834;49.5;46.771652;65.87008;36.24803;38.19685;52.228348;60.02362;37.027557;47.940945;37.807087;46.38189;52.228348;55.34646;72.49606;60.413383;33.90945;0.0;,fe7378,b07d69,7738.0,Audio Apple Lossless,163586.0,2019.0,1536.0,48000.0,100.0,100.0,4893.0,5.0,1.0,3.0,3834356409.0,2025-07-03 08:00:09,"Jamil Kazmi, Janee 'Jin Jin' Bennett, Mark Crew & Taka",,,21,
One Ok Rock,Can't Wait,ONE OK ROCK,Eye of the Storm,ONE OK ROCK,J-Rock,2019,199.89,111,18ce71,59.633858;66.25984;30.401575;39.755905;43.26378;31.96063;30.011812;50.279526;26.114174;42.484253;41.704723;68.59843;47.940945;46.38189;27.283466;45.602364;53.397636;63.921257;74.055115;74.83464;99.0;88.866135;53.397636;0.0;,f85c94,b2d4b1,7742.0,Audio Apple Lossless,199893.0,2019.0,1536.0,48000.0,100.0,100.0,7417.0,5.0,1.0,6.0,3826304462.0,2025-04-01 04:21:02,ONE OK ROCK,,,25,-1.0
One Ok Rock,Unforgettable,ONE OK ROCK,Eye Of The Storm (International Version),ONE OK ROCK,J-Rock,2019,195.67,117,2adf69,71.71654;62.75197;67.03937;40.925198;42.874016;55.34646;56.515747;53.397636;48.330708;48.720474;45.2126;50.669292;49.5;53.7874;38.586617;55.34646;51.83858;63.921257;65.87008;76.00394;99.0;74.83464;42.09449;0.0;,f24e99,bba07e,7744.0,Audio Apple Lossless,195673.0,2019.0,2304.0,48000.0,100.0,100.0,8320.0,5.0,1.0,5.0,3837351407.0,2025-08-06 23:56:47,"Andrew Goldstein, Dan Book, J.T. Roach, Jamil Kazmi & Taka",,,14,1.0
One Ok Rock,恋ノアイボウ心ノクピド,ONE OK ROCK,KANJOU EFFECT,ONE OK ROCK,J-Pop,2008,173.47,99,961f6a,47.55118;67.42913;49.889763;35.078743;29.232285;28.452757;33.12992;31.181103;26.893702;31.181103;30.011812;41.704723;43.65354;59.244095;58.074802;71.71654;91.20473;88.866135;99.0;84.968506;98.61023;78.732285;52.228348;0.0;,f45268,868a86,7750.0,Audio Apple Lossless,173466.0,2008.0,1536.0,48000.0,100.0,100.0,16128.0,5.0,1.0,1.0,3826127282.0,2025-03-30 03:08:02,"Toru, Taka",,,21,
One Ok Rock,どっぺるゲンガー,ONE OK ROCK,KANJOU EFFECT,ONE OK ROCK,J-Pop,2008,219.95,85,05040c,64.70079;87.30708;81.85039;36.637794;33.12992;35.078743;33.519684;24.555119;35.85827;41.31496;32.740158;48.330708;40.535435;47.940945;42.09449;62.362206;61.972443;84.18898;99.0;99.0;95.88189;70.54724;36.637794;0.0;,fc7566,91978e,7752.0,Audio Apple Lossless,219946.0,2008.0,1536.0,48000.0,100.0,100.0,13366.0,5.0,1.0,7.0,3829951256.0,2025-05-13 08:20:56,,,,34,2.0
One Ok Rock,20 years old,ONE OK ROCK,KANJOU EFFECT,ONE OK ROCK,J-Pop,2008,232.64,169,130919,37.417324;99.0;69.37795;42.484253;23.77559;27.283466;33.12992;22.6063;25.334646;24.555119;25.724411;26.893702;38.19685;42.09449;26.893702;38.586617;40.535435;45.602364;56.90551;62.362206;56.90551;41.31496;21.43701;0.0;,dfaa37,322533,7756.0,Audio Apple Lossless,232640.0,2008.0,1536.0,48000.0,100.0,100.0,8894.0,5.0,1.0,3.0,3835102922.0,2025-07-11 23:22:02,Taka / Taka,,,24,4.0
One Ok Rock,Break My Strings,ONE OK ROCK,KANJOU EFFECT,ONE OK ROCK,J-Pop,2008,247.52,110,ab2d74,58.074802;91.98425;67.03937;53.397636;30.011812;25.334646;40.535435;46.771652;29.232285;44.822834;46.38189;47.55118;53.007874;67.42913;40.535435;62.75197;71.71654;84.968506;96.27165;99.0;86.52756;50.669292;30.011812;0.0;,ef5c4d,7b7d70,7760.0,Audio Apple Lossless,247520.0,2008.0,1536.0,48000.0,100.0,100.0,13433.0,5.0,1.0,7.0,3835611131.0,2025-07-17 20:32:11,"Alex,Taka",,,20,1.0
One Ok Rock,存在証明,ONE OK ROCK,KANJOU EFFECT,ONE OK ROCK,J-Pop,2008,192.92,96,0b0714,42.874016;71.71654;53.7874;51.44882;33.90945;28.84252;34.688976;28.84252;25.724411;31.570868;28.452757;37.417324;44.04331;74.055115;39.755905;60.413383;56.90551;77.173225;99.0;88.47638;85.35826;51.83858;25.724411;0.0;,f2555b,858a84,7762.0,Audio Apple Lossless,192920.0,2008.0,1536.0,48000.0,100.0,100.0,14421.0,5.0,1.0,1.0,3833314314.0,2025-06-21 06:31:54,,,,22,
One Ok Rock,My sweet baby,ONE OK ROCK,KANJOU EFFECT,ONE OK ROCK,J-Pop,2008,294.99,95,000000,45.992126;62.75197;81.46063;40.925198;37.417324;33.12992;27.283466;17.539371;18.3189;24.555119;18.708662;28.84252;29.622047;42.874016;29.232285;40.535435;45.602364;67.42913;74.444885;99.0;86.137794;73.27559;45.602364;0.0;,ff8389,b4aed5,7766.0,Audio Apple Lossless,294986.0,2008.0,1536.0,48000.0,100.0,100.0,6697.0,5.0,1.0,3.0,3835539825.0,2025-07-17 00:43:45,Taka / Taka,,,26,6.0
One Ok Rock,Reflection,ONE OK ROCK,KANJOU EFFECT,ONE OK ROCK,J-Pop,2008,217.91,95,07050d,39.366142;69.767715;41.31496;33.90945;19.098427;23.77559;37.027557;26.114174;30.011812;45.602364;26.503939;42.874016;45.992126;52.228348;42.874016;52.61811;73.27559;81.85039;99.0;94.7126;88.866135;71.32677;34.299213;0.0;,f7576c,9ba19c,7768.0,Audio Apple Lossless,217906.0,2008.0,1536.0,48000.0,100.0,100.0,14510.0,5.0,1.0,5.0,3834411988.0,2025-07-03 23:26:28,"Alex,Taka",,,21,1.0
One Ok Rock,Viva Violent Fellow ~美しきモッシュピット~,ONE OK ROCK,KANJOU EFFECT,ONE OK ROCK,J-Pop,2008,215.88,90,030408,35.85827;99.0;47.16142;30.79134;29.622047;19.877954;40.925198;19.48819;29.622047;25.334646;38.97638;45.2126;45.602364;53.7874;45.602364;62.362206;63.14173;83.79921;73.66535;58.074802;56.125984;53.7874;40.925198;0.0;,e46536,717471,7770.0,Audio Apple Lossless,215880.0,2008.0,1536.0,48000.0,100.0,100.0,9902.0,5.0,1.0,2.0,3835427321.0,2025-07-15 17:28:41,,,,23,
One Ok Rock,JUST / Bossa Nova (Secret track),ONE OK ROCK,KANJOU EFFECT,ONE OK ROCK,J-Pop,2008,674.31,120,bca6d9,63.921257;87.69685;94.32283;50.279526;25.724411;30.79134;31.96063;35.85827;54.177166;33.12992;38.586617;44.43307;44.04331;49.889763;35.85827;58.464565;63.531494;72.885826;92.76378;99.0;90.03543;70.93701;32.350395;0.0;,fc7967,969c8e,7772.0,Audio Apple Lossless,674306.0,2008.0,1536.0,48000.0,100.0,100.0,7376.0,5.0,1.0,2.0,3827335644.0,2025-04-13 01:47:24,Taka,,,18,
One Ok Rock,Keep it real,ONE OK ROCK,Keep it real,ONE OK ROCK,J-Pop,2006.12.16,218.55,72,979d8f,70.54724;99.0;68.59843;45.2126;49.5;48.330708;63.921257;45.992126;55.73622;58.464565;49.5;70.15748;54.177166;55.34646;38.97638;56.515747;55.73622;65.09055;60.413383;58.854332;60.02362;47.940945;30.401575;0.0;,d15029,773836,7774.0,Audio Apple Lossless,218546.0,2006.0,1536.0,48000.0,100.0,100.0,4650.0,5.0,1.0,3.0,3835452991.0,2025-07-16 00:36:31,TAKA,,,14,3.0
One Ok Rock,辛い＋－＝幸せ,ONE OK ROCK,Keep it real,ONE OK ROCK,J-Pop,2006.12.16,213.4,133,a0798e,71.71654;99.0;68.98819;25.724411;33.90945;39.366142;33.12992;30.011812;33.519684;33.519684;30.401575;27.67323;28.452757;34.299213;24.165356;35.468506;29.232285;28.452757;28.452757;32.350395;35.468506;42.484253;32.350395;0.0;,a6e53c,1a101c,7776.0,Audio Apple Lossless,213400.0,2006.0,1536.0,48000.0,100.0,100.0,2524.0,5.0,1.0,4.0,3835878557.0,2025-07-20 22:49:17,TAKA,,,24,1.0
One Ok Rock,And I know,ONE OK ROCK,Keep it real,ONE OK ROCK,J-Pop,2006.12.16,249.63,111,07079f,26.893702;99.0;48.720474;30.011812;21.43701;21.047245;20.267717;14.031498;17.929134;11.692913;12.8622055;16.759842;15.980316;19.098427;9.354332;14.031498;12.8622055;13.641735;13.641735;17.149609;17.539371;16.759842;9.354332;0.0;,76e938,5d222f,7780.0,Audio Apple Lossless,249626.0,2006.0,1536.0,48000.0,100.0,100.0,3816.0,5.0,1.0,1.0,3825355772.0,2025-03-21 04:49:32,Taka・Alex / Taka,,,17,2.0
One Ok Rock,Save Yourself,ONE OK ROCK,Luxury Disease,ONE OK ROCK,J-Pop,2022,198.0,165,090614,34.299213;99.0;77.56299;68.59843;38.586617;31.181103;66.649605;28.062992;37.417324;34.299213;48.720474;44.43307;46.38189;60.02362;37.807087;42.484253;38.19685;41.31496;49.5;49.889763;55.34646;54.177166;32.740158;0.0;,c68f16,13160b,7782.0,Audio Apple Lossless,197995.0,2022.0,2304.0,48000.0,100.0,100.0,10694.0,5.0,1.0,6.0,3837347883.0,2025-08-06 22:58:03,"Andrew DeCaro, Charles Roberts Nelsen, Derek Tyler Carter, Kyle Buckley, Luis SHNDO Martinez, Rob Cavallo, Sasha Sirota, Taka & Toru",,,19,-2.0
One Ok Rock,Neon,ONE OK ROCK,Luxury Disease,ONE OK ROCK,J-Pop,2022,184.54,137,8490f9,73.27559;85.74803;65.09055;37.807087;46.771652;48.330708;44.04331;46.38189;45.992126;51.83858;48.330708;55.73622;60.02362;76.00394;54.95669;77.56299;71.32677;84.968506;93.93307;99.0;93.93307;77.95276;36.637794;0.0;,f24f64,998c78,7784.0,Audio Apple Lossless,184543.0,2022.0,2304.0,48000.0,100.0,100.0,9177.0,5.0,1.0,1.0,3825088154.0,2025-03-18 02:29:14,"Brendon Urie, Charles Roberts Nelsen, Derek Tyler Carter, Jake Sinclair, Kyle Buckley, Mike Viola, Rob Cavallo, Taka & Toru",,,21,1.0
One Ok Rock,Vandalize,ONE OK ROCK,Luxury Disease,ONE OK ROCK,J-Pop,2022,194.7,134,757379,53.7874;99.0;82.62992;50.669292;42.484253;48.720474;74.83464;58.074802;51.83858;74.055115;61.972443;80.6811;64.31102;86.52756;56.90551;65.480316;63.531494;68.59843;67.81889;65.480316;82.62992;59.244095;32.740158;0.0;,c82d3e,704240,7786.0,Audio Apple Lossless,194695.0,2022.0,2304.0,48000.0,100.0,100.0,6217.0,5.0,1.0,1.0,3821807646.0,2025-02-08 03:14:06,"Andrew DeCaro, Derek Tyler Carter, Rob Cavallo, Sasha Sirota & Taka",,,21,-1.0
One Ok Rock,Let Me Let You Go,ONE OK ROCK,Luxury Disease,ONE OK ROCK,J-Pop,2022,180.21,96,050c14,57.68504;86.52756;48.720474;63.921257;62.362206;30.401575;75.614174;87.69685;41.31496;47.55118;60.02362;81.46063;66.25984;89.64567;52.61811;60.413383;56.125984;71.32677;97.8307;88.08661;99.0;84.578735;46.38189;0.0;,e6347d,8d685f,7790.0,Audio Apple Lossless,180211.0,2022.0,2304.0,48000.0,100.0,100.0,8898.0,5.0,1.0,1.0,3823262384.0,2025-02-24 23:19:44,"Ashton Irwin, Colin Brittian, Elisha Noll, Madison Simmen & Taka",,,16,-1.0
One Ok Rock,So Far Gone,ONE OK ROCK,Luxury Disease,ONE OK ROCK,J-Pop,2022,215.47,83,0d110a,12.8622055;65.09055;59.633858;38.97638;50.669292;39.366142;38.19685;46.38189;44.822834;37.027557;42.484253;66.25984;53.7874;60.02362;39.366142;51.059055;32.350395;31.96063;45.602364;51.059055;83.019684;99.0;51.83858;0.0;,e13eb1,d7c65e,7792.0,Audio Apple Lossless,215465.0,2022.0,2304.0,48000.0,100.0,100.0,5437.0,5.0,1.0,2.0,3837184109.0,2025-08-05 01:28:29,"David Pramik, Derek Tyler Carter, Griff Clawson, Rob Cavallo, Taka & Toru",,,25,
One Ok Rock,Prove,ONE OK ROCK,Luxury Disease,ONE OK ROCK,J-Pop,2022,226.77,111,b92aa7,93.15354;92.76378;84.968506;44.822834;56.90551;57.68504;49.5;61.192913;69.767715;67.03937;51.83858;59.244095;52.61811;61.972443;37.027557;48.330708;39.366142;53.007874;68.59843;81.46063;99.0;89.64567;46.38189;0.0;,fa80a4,81655b,7794.0,Audio Apple Lossless,226769.0,2022.0,2304.0,48000.0,100.0,100.0,7399.0,5.0,1.0,4.0,3834071486.0,2025-06-30 00:51:26,"Dan Lancaster, Derek Tyler Carter, Jamil Kazmi, Jordan Fish, Mike Duce, Taka & Toru",,,20,1.0
One Ok Rock,Mad World,ONE OK ROCK,Luxury Disease,ONE OK ROCK,J-Pop,2022,182.37,80,000101,47.16142;83.79921;84.578735;55.73622;38.97638;41.704723;50.669292;51.83858;47.55118;53.007874;59.244095;75.22441;60.80315;77.56299;65.87008;74.444885;75.22441;88.08661;96.661415;88.47638;99.0;93.543304;41.31496;0.0;,ec406a,947769,7796.0,Audio Apple Lossless,182370.0,2022.0,2304.0,48000.0,100.0,100.0,6332.0,5.0,1.0,2.0,3820171701.0,2025-01-20 04:48:21,"Jordan Benjamin, Pete Nappi, Taka & Toru",,,34,1.0
One Ok Rock,Outta Sight,ONE OK ROCK,Luxury Disease,ONE OK ROCK,J-Pop,2022,202.29,170,020304,69.767715;65.480316;99.0;47.16142;53.397636;39.366142;43.65354;51.44882;39.366142;47.940945;54.56693;51.83858;61.192913;76.78346;52.61811;73.66535;60.02362;67.42913;75.614174;70.15748;79.12205;53.7874;28.062992;0.0;,db3550,71504a,7802.0,Audio Apple Lossless,202291.0,2022.0,2304.0,48000.0,100.0,100.0,6164.0,5.0,1.0,1.0,3831377239.0,2025-05-29 20:27:19,"Brian Lee, Derek Tyler Carter, Evan Gartner, James Chul Rim, Rob Cavallo, Sasha Sirtoa & Taka",,,24,
One Ok Rock,Your Tears are Mine,ONE OK ROCK,Luxury Disease,ONE OK ROCK,J-Pop,2022,256.09,170,3d3124,61.582676;98.220474;87.30708;56.515747;50.279526;56.125984;63.921257;77.95276;57.295277;47.940945;44.04331;52.61811;51.059055;80.291336;56.90551;72.49606;69.37795;77.56299;99.0;82.62992;94.7126;67.03937;37.027557;0.0;,eb4857,b36e56,7804.0,Audio Apple Lossless,256088.0,2022.0,2304.0,48000.0,100.0,100.0,8661.0,5.0,1.0,2.0,3825581234.0,2025-03-23 19:27:14,"Andrew DeCaro, Jake Sinclair, King Aventurina Dorothea, Nick Long, Rob Cavallo & Taka",,,14,-1.0
One Ok Rock,Broken Heart of Gold,ONE OK ROCK,Luxury Disease,ONE OK ROCK,J-Pop,2022,253.49,87,7c3f3f,7.015751;26.114174;68.208664;88.47638;53.7874;45.602364;99.0;58.074802;46.771652;46.38189;51.83858;42.484253;55.34646;48.330708;34.688976;42.484253;24.944883;32.350395;48.330708;31.96063;59.244095;38.19685;26.503939;0.0;,431bb2,45bd16,7808.0,Audio Apple Lossless,253487.0,2022.0,2304.0,48000.0,100.0,100.0,6032.0,5.0,1.0,1.0,3820508667.0,2025-01-24 02:24:27,Dan Lancaster Masato Hayakawa Nick Long Taka Toru,,,18,
One Ok Rock,Gravity,ONE OK ROCK feat.藤原聡 (Official髭男dism),Luxury Disease,ONE OK ROCK,J-Pop,2022,191.96,97,794d4a,46.771652;99.0;78.732285;65.87008;36.637794;68.98819;65.09055;53.7874;56.125984;56.125984;56.125984;51.44882;54.95669;65.480316;41.31496;63.14173;43.26378;54.177166;64.31102;63.921257;86.137794;98.220474;48.330708;0.0;,f75c98,c6934d,7810.0,Audio Apple Lossless,191959.0,2022.0,2304.0,48000.0,100.0,100.0,6643.0,5.0,1.0,3.0,3830025525.0,2025-05-14 04:58:45,,,,20,-1.0
One Ok Rock,Make It Out Alive,ONE OK ROCK,Make It Out Alive,ONE OK ROCK,J-Rock,2023,209.8,137,ca5f9d,78.732285;99.0;48.330708;35.85827;29.622047;38.97638;38.19685;67.81889;40.145668;47.55118;46.38189;64.31102;62.75197;82.62992;57.68504;70.54724;67.03937;72.885826;86.137794;76.00394;67.81889;63.921257;33.12992;0.0;,e75245,676354,7838.0,Audio Apple Lossless,209799.0,2023.0,2304.0,48000.0,100.0,100.0,13208.0,5.0,1.0,2.0,3826009742.0,2025-03-28 18:29:02,Kane Churko,,,34,2.0
One Ok Rock,Pieces of Me,ONE OK ROCK,Mighty Long Fall / Decision,ONE OK ROCK,J-Pop,2014,204.56,130,665462,79.12205;89.64567;53.397636;47.940945;41.31496;53.7874;89.64567;72.1063;65.09055;68.59843;60.80315;60.02362;65.480316;99.0;61.582676;68.208664;76.78346;69.37795;79.12205;83.40945;86.91732;78.732285;53.7874;0.0;,df2f68,6b544a,7844.0,Audio Apple Lossless,204560.0,2014.0,1536.0,48000.0,100.0,100.0,11341.0,5.0,1.0,1.0,3825843529.0,2025-03-26 20:18:49,Taka; Arnold Lanni,,,22,1.0
One Ok Rock,Never Let This Go,ONE OK ROCK,Niche Syndrome,ONE OK ROCK,J-Rock,2010,257.92,96,070b06,23.385828;47.940945;25.724411;20.657482;22.216536;30.011812;33.90945;23.77559;23.385828;24.555119;31.181103;32.740158;58.464565;99.0;70.15748;79.51181;70.54724;56.125984;61.972443;56.515747;47.940945;38.19685;20.657482;0.0;,c92c41,9f9d86,7852.0,Audio Apple Lossless,257920.0,2010.0,1536.0,48000.0,100.0,100.0,27064.0,5.0,1.0,5.0,3837181567.0,2025-08-05 00:46:07,TAKA,,,16,2.0
One Ok Rock,Kanzen Kankaku Dreamer,ONE OK ROCK,Niche Syndrome,ONE OK ROCK,J-Rock,2010,252.2,95,0c0811,57.295277;73.27559;30.79134;42.484253;27.67323;26.503939;43.26378;38.19685;37.417324;42.874016;37.027557;44.822834;58.464565;81.07086;53.397636;69.37795;59.244095;60.413383;99.0;86.91732;91.20473;92.76378;54.177166;0.0;,f65276,868b81,7854.0,Audio Apple Lossless,252200.0,2010.0,1536.0,48000.0,100.0,100.0,16335.0,5.0,1.0,2.0,3837241454.0,2025-08-05 17:24:14,,,,90,
One Ok Rock,Konzatsu Communication,ONE OK ROCK,Niche Syndrome,ONE OK ROCK,J-Pop,2010,199.4,98,a91da0,49.889763;96.661415;74.444885;38.97638;40.535435;38.19685;37.417324;41.31496;36.637794;38.97638;40.535435;47.55118;58.464565;93.15354;75.614174;79.90157;84.18898;69.37795;99.0;85.74803;76.78346;79.90157;35.468506;0.0;,e95249,7c7a6a,7856.0,Audio Apple Lossless,199400.0,2010.0,1536.0,48000.0,100.0,100.0,22630.0,5.0,1.0,2.0,3825501283.0,2025-03-22 21:14:43,,,,19,1.0
One Ok Rock, Shake It Down,ONE OK ROCK,Niche Syndrome,ONE OK ROCK,J-Pop,2010,193.87,95,15091d,42.484253;89.255905;45.2126;30.79134;30.79134;26.503939;48.330708;50.279526;45.992126;47.16142;41.31496;53.397636;73.66535;99.0;61.582676;75.22441;81.46063;71.71654;92.374016;79.90157;79.90157;72.49606;39.366142;0.0;,e3404f,767162,7860.0,Audio Apple Lossless,193866.0,2010.0,1536.0,48000.0,100.0,100.0,18625.0,5.0,1.0,1.0,3820659534.0,2025-01-25 20:18:54,"Toru, Taka",,,26,3.0
One Ok Rock,Jibun Rock,ONE OK ROCK,Niche Syndrome,ONE OK ROCK,J-Rock,2010,227.04,166,0e0814,38.586617;81.46063;60.413383;31.181103;35.85827;36.24803;48.330708;38.19685;36.24803;41.31496;42.484253;40.925198;52.228348;66.25984;61.192913;72.885826;87.30708;79.90157;97.05118;99.0;89.64567;78.342514;45.992126;0.0;,f04d61,868879,7862.0,Audio Apple Lossless,227040.0,2010.0,1536.0,48000.0,100.0,100.0,10192.0,5.0,1.0,3.0,3821630540.0,2025-02-06 02:02:20,,,,19,2.0
One Ok Rock,Liar,ONE OK ROCK,Niche Syndrome,ONE OK ROCK,J-Rock,2010,217.07,104,0ec2b1,38.97638;99.0;56.515747;44.43307;40.925198;39.366142;56.90551;36.637794;29.232285;25.724411;33.519684;36.637794;57.68504;88.866135;66.649605;73.66535;65.09055;58.854332;85.74803;71.32677;78.732285;63.531494;28.452757;0.0;,e75542,9e917c,7864.0,Audio Apple Lossless,217066.0,2010.0,1536.0,48000.0,100.0,100.0,13894.0,5.0,1.0,4.0,3835861096.0,2025-07-20 17:58:16,"Toru, Taka",,,47,1.0
One Ok Rock,Riot!!!,ONE OK ROCK,Niche Syndrome,ONE OK ROCK,J-Rock,2010,256.09,94,10081b,35.85827;86.52756;37.027557;23.385828;17.149609;20.657482;31.181103;22.216536;20.657482;37.027557;24.944883;35.078743;45.992126;90.42519;70.93701;69.37795;99.0;65.480316;79.90157;67.81889;65.09055;46.771652;24.555119;0.0;,de5038,6c706b,7868.0,Audio Apple Lossless,256093.0,2010.0,1536.0,48000.0,100.0,100.0,20523.0,5.0,1.0,2.0,3835772520.0,2025-07-19 17:22:00,TAKA,,,16,1.0
One Ok Rock,Adult Suit,ONE OK ROCK,Niche Syndrome,ONE OK ROCK,J-Rock,2010,251.85,93,0c0711,36.24803;99.0;62.75197;52.228348;29.622047;24.555119;49.889763;24.944883;28.062992;38.586617;31.181103;38.97638;50.669292;84.18898;58.074802;55.73622;73.66535;55.34646;67.42913;68.98819;71.71654;60.80315;27.283466;0.0;,e6613a,51544a,7870.0,Audio Apple Lossless,251853.0,2010.0,1536.0,48000.0,100.0,100.0,9416.0,5.0,1.0,2.0,3831999357.0,2025-06-06 01:15:57,,,,19,2.0
One Ok Rock,Mikansei Koukyoukyoku,ONE OK ROCK,Niche Syndrome,ONE OK ROCK,J-Rock,2010,208.05,98,7d136d,31.570868;83.40945;49.110237;45.992126;28.062992;28.452757;54.177166;37.027557;38.97638;30.79134;37.417324;38.586617;46.38189;68.208664;51.059055;63.14173;63.531494;62.362206;88.866135;79.12205;99.0;77.173225;44.43307;0.0;,f6566b,858a82,7872.0,Audio Apple Lossless,208053.0,2010.0,1536.0,48000.0,100.0,100.0,14674.0,5.0,1.0,4.0,3834333472.0,2025-07-03 01:37:52,"Toru, Taka",,,15,2.0
One Ok Rock,Nobody’s Home,ONE OK ROCK,Niche Syndrome,ONE OK ROCK,J-Pop,2010,554.36,85,030307,51.44882;99.0;54.56693;31.181103;36.637794;30.011812;26.114174;22.996063;21.43701;38.97638;30.401575;53.007874;42.484253;83.019684;58.854332;65.480316;72.49606;78.342514;81.46063;58.074802;57.68504;45.2126;28.062992;0.0;,da602b,63665c,7874.0,Audio Apple Lossless,554360.0,2010.0,1536.0,48000.0,100.0,100.0,8165.0,5.0,1.0,2.0,3835037767.0,2025-07-11 05:16:07,TAKA,,,15,
One Ok Rock,"Rock, Scissors, Paper",ONE OK ROCK,Re:make/NO SCARED,ONE OK ROCK,J-Pop,2011,213.49,97,0e0814,53.007874;86.91732;37.027557;27.283466;26.114174;23.77559;35.468506;30.79134;32.740158;49.889763;44.822834;59.244095;57.295277;99.0;62.75197;61.972443;47.16142;53.397636;71.71654;59.633858;63.531494;49.110237;25.724411;0.0;,db4a39,4d4f42,7892.0,Audio Apple Lossless,213493.0,2011.0,1536.0,48000.0,100.0,100.0,12234.0,5.0,1.0,4.0,3831452563.0,2025-05-30 17:22:43,ONE OK ROCK,,,20,4.0
One Ok Rock,Skyfall,ONE OK ROCK,Skyfall,ONE OK ROCK,J-Pop,2017,213.56,92,0d0716,70.15748;77.95276;42.484253;39.366142;43.26378;35.078743;40.535435;53.397636;56.515747;58.854332;45.992126;51.059055;53.007874;73.66535;44.43307;69.37795;99.0;84.968506;93.543304;94.7126;78.342514;77.95276;37.417324;0.0;,ed4465,837d6c,7894.0,Audio Apple Lossless,213560.0,2017.0,1536.0,48000.0,100.0,100.0,11059.0,5.0,1.0,2.0,3826121556.0,2025-03-30 01:32:36,,,,17,
One Ok Rock,Right by your side,ONE OK ROCK,Skyfall,ONE OK ROCK,J-Pop,2017,216.45,164,110918,59.244095;99.0;83.019684;51.059055;46.38189;38.19685;56.90551;45.602364;36.637794;60.02362;45.992126;67.03937;57.68504;67.81889;50.279526;58.854332;72.1063;69.767715;82.62992;80.6811;80.6811;72.1063;38.97638;0.0;,ef5851,685c4f,7896.0,Audio Apple Lossless,216453.0,2017.0,1536.0,48000.0,100.0,100.0,10457.0,5.0,1.0,6.0,3832511586.0,2025-06-11 23:33:06,,,,23,1.0
One Ok Rock,欠落オートメーション,ONE OK ROCK,The Beginning,ONE OK ROCK,J-Pop,2012,224.73,97,080611,57.68504;74.055115;68.208664;49.110237;43.26378;55.34646;63.531494;44.04331;39.366142;46.38189;40.925198;42.484253;50.279526;77.56299;58.464565;77.173225;75.22441;76.00394;99.0;97.44095;90.81496;65.09055;38.586617;0.0;,eb4165,8e7f6f,7902.0,Audio Apple Lossless,224733.0,2012.0,1536.0,48000.0,100.0,100.0,10090.0,5.0,1.0,4.0,3835887713.0,2025-07-21 01:21:53,Toru S.,,,17,4.0
One Ok Rock,Notes'n'Words,ONE OK ROCK,The Beginning,ONE OK ROCK,J-Pop,2012,289.68,79,674540,5.4566956;95.102356;74.444885;47.16142;45.2126;48.720474;51.44882;46.38189;38.586617;49.110237;38.97638;38.97638;36.637794;45.2126;24.555119;56.90551;39.755905;53.397636;66.25984;99.0;88.866135;80.291336;42.484253;0.0;,fd718c,9ef06b,7904.0,Audio Apple Lossless,289680.0,2012.0,1536.0,48000.0,100.0,100.0,4936.0,5.0,1.0,2.0,3834411339.0,2025-07-03 23:15:39,TAKA,,,23,5.0
One Ok Rock,Naihi Shinsho,ONE OK ROCK,ZEITAKUBYOU,ONE OK ROCK,J-Pop,2007-11-21,228.51,93,04060e,40.535435;98.220474;67.03937;48.330708;26.503939;42.874016;44.04331;47.940945;41.704723;45.602364;38.19685;30.401575;55.34646;93.543304;65.09055;86.137794;96.661415;41.31496;83.79921;84.968506;99.0;70.93701;38.97638;0.0;,eb514c,8f8472,7906.0,Audio Apple Lossless,228506.0,2007.0,1536.0,48000.0,100.0,100.0,11058.0,5.0,1.0,1.0,3831368623.0,2025-05-29 18:03:43,,,,29,-1.0
One Ok Rock,(you can do)everything,ONE OK ROCK,ZEITAKUBYOU,ONE OK ROCK,J-Pop,2007-11-21,218.17,166,100915,36.24803;93.543304;54.56693;33.90945;28.84252;37.417324;53.007874;30.011812;37.807087;35.85827;48.720474;41.704723;63.531494;96.661415;67.03937;82.24016;86.52756;57.68504;99.0;72.885826;86.91732;64.31102;35.468506;0.0;,e24745,6e6c5e,7910.0,Audio Apple Lossless,218173.0,2007.0,1536.0,48000.0,100.0,100.0,13583.0,5.0,1.0,4.0,3837791094.0,2025-08-12 02:04:54,Taka,,,21,-1.0
One Ok Rock,Yoru ni Shika Sakanai Mangetsu,ONE OK ROCK,ZEITAKUBYOU,ONE OK ROCK,J-Pop,2007-11-21,240.23,155,030b09,42.874016;99.0;54.177166;31.96063;21.43701;25.724411;28.062992;21.43701;18.3189;31.96063;30.401575;27.283466;45.602364;69.37795;49.110237;56.515747;53.397636;40.535435;71.32677;66.25984;86.52756;64.70079;30.401575;0.0;,f5804f,aaafb1,7912.0,Audio Apple Lossless,240226.0,2007.0,1536.0,48000.0,100.0,100.0,13135.0,5.0,1.0,1.0,3826293923.0,2025-04-01 01:25:23,,,,19,1.0
One Ok Rock,Yume Yume,ONE OK ROCK,ZEITAKUBYOU,ONE OK ROCK,J-Pop,2007-11-21,195.67,126,aca588,37.417324;97.8307;66.25984;35.85827;32.740158;37.417324;47.16142;42.09449;43.26378;49.110237;48.330708;48.720474;58.074802;76.78346;54.95669;71.71654;66.649605;48.330708;72.1063;67.81889;89.64567;99.0;53.007874;0.0;,f65966,b7a685,7914.0,Audio Apple Lossless,195666.0,2007.0,1536.0,48000.0,100.0,100.0,10438.0,5.0,1.0,4.0,3835534914.0,2025-07-16 23:21:54,TAKA,,,93,4.0
One Ok Rock,KAGEROU,ONE OK ROCK,ZEITAKUBYOU,ONE OK ROCK,J-Pop,2007-11-21,248.0,160,110917,57.68504;99.0;73.66535;24.555119;44.04331;30.79134;24.944883;24.165356;21.826773;23.385828;30.401575;30.79134;28.84252;44.04331;35.85827;37.417324;44.43307;31.570868;45.602364;45.602364;44.822834;33.12992;21.047245;0.0;,bebc22,1c131e,7916.0,Audio Apple Lossless,248000.0,2007.0,1536.0,48000.0,100.0,100.0,5619.0,5.0,1.0,3.0,3835434127.0,2025-07-15 19:22:07,,,,34,
One Ok Rock,KEMURI,ONE OK ROCK,ZEITAKUBYOU,ONE OK ROCK,J-Pop,2007-11-21,262.8,126,979682,42.874016;99.0;74.83464;31.181103;26.893702;26.503939;31.570868;20.657482;32.350395;20.657482;25.724411;30.401575;34.688976;57.68504;35.078743;52.228348;60.80315;49.5;67.81889;68.208664;81.46063;76.3937;39.755905;0.0;,f8925b,abc0ef,7920.0,Audio Apple Lossless,262800.0,2007.0,1536.0,48000.0,100.0,100.0,7011.0,5.0,1.0,2.0,3827501820.0,2025-04-14 23:57:00,Toru,,,100,-1.0
One Ok Rock,Yokubou ni Michita Seinendan,ONE OK ROCK,ZEITAKUBYOU,ONE OK ROCK,J-Pop,2007-11-21,202.2,88,312a12,79.90157;99.0;89.255905;58.464565;46.771652;82.24016;61.192913;60.02362;43.26378;53.7874;53.7874;44.822834;66.25984;76.3937;69.37795;83.79921;91.98425;61.972443;79.12205;76.00394;72.1063;60.413383;33.90945;0.0;,d54138,9f564e,7922.0,Audio Apple Lossless,202200.0,2007.0,1536.0,48000.0,100.0,100.0,5183.0,5.0,1.0,5.0,3837346441.0,2025-08-06 22:34:01,,,,27,
One Ok Rock,Et cetera,ONE OK ROCK,ZEITAKUBYOU,ONE OK ROCK,J-Pop,2007-11-21,274.0,84,16190d,37.417324;99.0;68.98819;35.078743;43.26378;25.724411;33.90945;14.811024;14.421261;21.826773;41.704723;28.84252;68.59843;69.37795;49.5;61.972443;54.95669;40.535435;60.80315;53.7874;68.59843;56.515747;35.078743;0.0;,e2782f,97f47d,7924.0,Audio Apple Lossless,274000.0,2007.0,1536.0,48000.0,100.0,100.0,11010.0,5.0,1.0,6.0,3834829149.0,2025-07-08 19:19:09,"Alex,Taka",,,11,1.0
One Ok Rock,アンサイズクリア,ONE OK ROCK,アンサイズニア,ONE OK ROCK,J-Pop,2011,208.83,86,1e200d,42.874016;99.0;74.055115;42.484253;31.570868;43.65354;42.09449;42.874016;57.68504;40.145668;42.09449;63.921257;58.074802;54.95669;43.65354;65.09055;44.822834;56.515747;69.767715;75.22441;81.85039;68.59843;45.2126;0.0;,f46453,bf906c,7932.0,Audio Apple Lossless,208826.0,2011.0,1536.0,48000.0,100.0,100.0,6163.0,5.0,1.0,2.0,3835875405.0,2025-07-20 21:56:45,"Toru, Taka",,,16,6.0
One Ok Rock,Ending Story??,ONE OK ROCK,人生×僕=,ONE OK ROCK,J-Pop,2013,255.09,175,030407,86.91732;99.0;64.31102;60.413383;43.26378;35.468506;68.59843;47.55118;49.889763;43.65354;58.854332;54.177166;47.55118;73.27559;44.43307;51.83858;53.7874;60.413383;75.22441;80.291336;82.62992;90.42519;45.602364;0.0;,fe747c,78685b,7938.0,Audio Apple Lossless,255093.0,2013.0,1536.0,48000.0,100.0,100.0,7956.0,5.0,1.0,3.0,3837243244.0,2025-08-05 17:54:04,"Toru, Taka",,,86,13.0
One Ok Rock,ONION!,ONE OK ROCK,人生×僕=,ONE OK ROCK,J-Pop,2013,198.04,89,0e0815,50.279526;74.83464;52.228348;45.602364;32.740158;31.96063;49.889763;50.669292;43.26378;49.110237;48.330708;48.330708;61.972443;80.291336;50.669292;54.177166;72.885826;58.464565;83.019684;82.62992;90.03543;99.0;58.854332;0.0;,f34a7f,878674,7940.0,Audio Apple Lossless,198040.0,2013.0,1536.0,48000.0,100.0,100.0,12338.0,5.0,1.0,2.0,3835880316.0,2025-07-20 23:18:36,TAKA,,,99,11.0
One Ok Rock,The Beginning,ONE OK ROCK,人生×僕=,ONE OK ROCK,J-Pop,2013,292.73,182,100817,65.87008;70.93701;70.54724;34.688976;26.893702;40.535435;33.12992;31.570868;39.755905;39.366142;40.535435;41.704723;51.83858;88.08661;70.54724;69.767715;92.374016;67.03937;92.374016;99.0;92.374016;67.42913;32.740158;0.0;,ef4e59,7f8172,7942.0,Audio Apple Lossless,292733.0,2013.0,1536.0,48000.0,100.0,100.0,16216.0,5.0,1.0,1.0,3820860221.0,2025-01-28 04:03:41,TAKA,,,8,5.0
One Ok Rock,Clock Strikes,ONE OK ROCK,人生×僕=,ONE OK ROCK,J-Pop,2013,235.35,96,03060a,99.0;67.03937;52.228348;44.822834;33.519684;42.874016;54.177166;39.755905;38.97638;52.61811;53.397636;61.192913;58.854332;76.3937;45.602364;47.16142;51.44882;47.16142;67.03937;67.42913;73.66535;83.019684;44.04331;0.0;,f75386,8c7b6c,7944.0,Audio Apple Lossless,235346.0,2013.0,1536.0,48000.0,100.0,100.0,8444.0,5.0,1.0,1.0,3832686531.0,2025-06-14 00:08:51,"Toru, Taka",,,84,1.0
One Ok Rock,Nothing Helps,ONE OK ROCK,人生×僕=,ONE OK ROCK,J-Pop,2013,286.07,91,110915,60.413383;99.0;45.992126;37.417324;25.334646;34.299213;44.04331;32.350395;34.688976;44.822834;45.992126;51.44882;60.80315;79.12205;47.940945;45.992126;45.2126;42.09449;58.464565;62.75197;54.177166;53.7874;25.334646;0.0;,e36634,303429,7948.0,Audio Apple Lossless,286066.0,2013.0,1536.0,48000.0,100.0,100.0,9576.0,5.0,1.0,2.0,3835434861.0,2025-07-15 19:34:21,ONE OK ROCK,,,98,3.0
One Ok Rock,Juvenile,ONE OK ROCK,人生×僕=,ONE OK ROCK,J-Pop,2013,238.89,135,4e4136,74.055115;99.0;73.66535;61.972443;51.059055;61.192913;71.71654;61.582676;72.49606;58.074802;60.02362;64.31102;63.921257;86.52756;49.5;50.279526;58.074802;67.03937;80.291336;79.51181;64.31102;77.95276;42.09449;0.0;,e43761,984e49,7950.0,Audio Apple Lossless,238893.0,2013.0,1536.0,48000.0,100.0,100.0,11555.0,5.0,1.0,1.0,3827246856.0,2025-04-12 01:07:36,TAKA,,,90,1.0
One Ok Rock,Deeper Deeper,ONE OK ROCK,人生×僕=,ONE OK ROCK,J-Pop,2013,216.45,159,120918,64.70079;99.0;71.32677;40.535435;34.688976;38.586617;50.669292;51.83858;53.7874;58.074802;51.059055;65.480316;65.480316;95.49213;45.992126;60.80315;70.93701;68.59843;69.767715;82.62992;80.6811;77.173225;37.027557;0.0;,eb4e51,6d5e52,7954.0,Audio Apple Lossless,216453.0,2013.0,1536.0,48000.0,100.0,100.0,12472.0,5.0,1.0,2.0,3837437412.0,2025-08-07 23:50:12,"Tomoya,Ryota",,,5,5.0
One Ok Rock,69,ONE OK ROCK,人生×僕=,ONE OK ROCK,J-Pop,2013,277.4,83,040a0c,47.940945;99.0;45.602364;51.83858;38.586617;33.90945;40.535435;37.807087;31.96063;49.889763;68.98819;61.192913;55.34646;75.22441;46.771652;42.484253;44.822834;40.535435;43.26378;47.55118;39.366142;42.874016;27.283466;0.0;,ae5012,3d2b1c,7956.0,Audio Apple Lossless,277400.0,2013.0,1536.0,48000.0,100.0,100.0,6611.0,5.0,1.0,4.0,3834829143.0,2025-07-08 19:19:03,ONE OK ROCK,,,99,1.0
One Ok Rock,the same as...,ONE OK ROCK,人生×僕=,ONE OK ROCK,J-Pop,2013,975.73,81,060908,36.637794;45.602364;44.43307;46.38189;21.826773;30.79134;45.992126;35.85827;37.027557;32.350395;29.232285;27.67323;38.586617;75.22441;45.2126;50.279526;52.61811;47.16142;78.732285;65.87008;99.0;67.42913;30.011812;0.0;,f04487,b1ceb1,7958.0,Audio Apple Lossless,975733.0,2013.0,1536.0,48000.0,100.0,100.0,4059.0,5.0,1.0,3.0,3827261443.0,2025-04-12 05:10:43,TAKA,,,25,1.0
One Ok Rock,カラス,ONE OK ROCK,努努 -ゆめゆめ-,ONE OK ROCK,J-Pop,2007,215.95,92,14091d,55.73622;99.0;49.5;49.889763;31.96063;35.078743;52.61811;51.059055;39.366142;56.515747;33.519684;70.93701;51.44882;71.71654;61.192913;70.15748;81.07086;72.1063;76.00394;57.295277;93.543304;67.42913;45.992126;0.0;,e94e4c,6d6758,7962.0,Audio Apple Lossless,215946.0,2007.0,1536.0,48000.0,100.0,100.0,10694.0,5.0,1.0,5.0,3837245417.0,2025-08-05 18:30:17,Alex / Taka / Taka,,,44,2.0
One Ok Rock,独り言ロンリーナ,ONE OK ROCK,完全感覚Dreamer,ONE OK ROCK,J-Pop,2010.02.03,257.71,60,a28170,29.232285;51.44882;33.90945;31.96063;26.893702;55.34646;99.0;47.16142;51.83858;35.468506;46.771652;46.38189;50.279526;61.582676;34.688976;77.56299;53.7874;49.110237;62.75197;61.972443;51.059055;33.519684;19.48819;0.0;,ad0d61,aace31,7966.0,Audio Apple Lossless,257706.0,2010.0,1536.0,48000.0,100.0,100.0,9742.0,5.0,1.0,6.0,3837440084.0,2025-08-08 00:34:44,,,,99,-13.0
One Ok Rock,リングワンデルング,ONE OK ROCK,完全感覚Dreamer,ONE OK ROCK,J-Pop,2010.02.03,204.57,166,0f0816,35.468506;58.464565;40.145668;35.85827;28.452757;38.97638;53.7874;26.503939;25.724411;24.165356;31.181103;31.96063;36.24803;49.889763;31.570868;51.059055;42.874016;53.397636;88.866135;84.968506;99.0;77.56299;59.244095;0.0;,fa6093,9ea0a1,7968.0,Audio Apple Lossless,204573.0,2010.0,1536.0,48000.0,100.0,100.0,9257.0,5.0,1.0,3.0,3837430763.0,2025-08-07 21:59:23,,,,100,1.0
One Ok Rock,LOST AND FOUND,ONE OK ROCK,残響リファレンス,ONE OK ROCK,J-Pop,2011,182.6,97,590b83,46.771652;99.0;56.125984;34.688976;33.519684;39.755905;37.417324;51.83858;55.73622;54.56693;40.925198;52.228348;56.125984;84.968506;57.68504;67.42913;70.54724;67.81889;79.12205;67.03937;79.90157;66.25984;39.755905;0.0;,e54c45,7b7062,7972.0,Audio Apple Lossless,182600.0,2011.0,1536.0,48000.0,100.0,100.0,12054.0,5.0,1.0,1.0,3820218933.0,2025-01-20 17:55:33,ONE OK ROCK,,,28,19.0
One Ok Rock,アンサイズニア,ONE OK ROCK,残響リファレンス,ONE OK ROCK,J-Pop,2011,219.83,94,080616,31.570868;89.64567;44.43307;53.397636;36.637794;35.468506;65.87008;57.295277;42.874016;35.85827;55.34646;61.582676;61.192913;99.0;65.09055;77.56299;86.91732;68.98819;93.15354;81.46063;80.6811;60.413383;35.85827;0.0;,d6324a,7d675b,7974.0,Audio Apple Lossless,219826.0,2011.0,1536.0,48000.0,100.0,100.0,16228.0,5.0,1.0,2.0,3825968537.0,2025-03-28 07:02:17,ONE OK ROCK,,,48,2.0
One Ok Rock,NO SCARED,ONE OK ROCK,残響リファレンス,ONE OK ROCK,J-Pop,2011,219.19,93,0a0711,66.649605;99.0;59.633858;37.807087;44.43307;40.535435;54.56693;43.26378;58.464565;51.059055;58.074802;60.02362;65.87008;85.35826;61.972443;71.71654;70.93701;67.42913;75.22441;75.22441;67.81889;65.09055;38.19685;0.0;,de4540,68564c,7976.0,Audio Apple Lossless,219186.0,2011.0,1536.0,48000.0,100.0,100.0,11794.0,5.0,1.0,2.0,3835103424.0,2025-07-11 23:30:24,ONE OK ROCK,,,15,3.0
One Ok Rock,Mr.現代Speaker,ONE OK ROCK,残響リファレンス,ONE OK ROCK,J-Pop,2011,233.84,139,908192,61.582676;83.79921;49.110237;33.90945;28.452757;19.48819;49.889763;45.992126;37.417324;41.704723;42.874016;67.03937;60.413383;99.0;70.15748;53.7874;59.244095;45.2126;63.531494;53.397636;71.71654;40.145668;24.165356;0.0;,d14233,4a4538,7980.0,Audio Apple Lossless,233840.0,2011.0,1536.0,48000.0,100.0,100.0,9983.0,5.0,1.0,3.0,3825862445.0,2025-03-27 01:34:05,ONE OK ROCK,,,77,7.0
One Ok Rock,世間知らずの宇宙飛行士,ONE OK ROCK,残響リファレンス,ONE OK ROCK,J-Pop,2011,211.73,87,0d0811,24.555119;99.0;33.519684;25.724411;18.3189;23.385828;37.417324;57.68504;23.385828;24.555119;24.944883;24.165356;27.67323;51.83858;32.350395;32.350395;27.283466;23.385828;35.85827;31.96063;38.19685;36.24803;20.657482;0.0;,c3a118,261323,7982.0,Audio Apple Lossless,211733.0,2011.0,1536.0,48000.0,100.0,100.0,7895.0,5.0,1.0,4.0,3837350335.0,2025-08-06 23:38:55,ONE OK ROCK,,,94,5.0
One Ok Rock,Re:make,ONE OK ROCK,残響リファレンス,ONE OK ROCK,J-Pop,2011,204.49,172,0a070f,51.44882;85.35826;47.16142;33.519684;32.350395;24.944883;40.925198;34.299213;39.755905;33.90945;40.925198;47.940945;61.192913;99.0;58.074802;77.95276;56.515747;73.66535;81.07086;71.32677;68.59843;59.633858;31.570868;0.0;,e24943,606154,7984.0,Audio Apple Lossless,204493.0,2011.0,1536.0,48000.0,100.0,100.0,15890.0,5.0,1.0,2.0,3832744807.0,2025-06-14 16:20:07,ONE OK ROCK,,,28,1.0
One Ok Rock,Pierce,ONE OK ROCK,残響リファレンス,ONE OK ROCK,J-Pop,2011,265.12,75,8f4a49,6.2362213;34.299213;99.0;43.65354;35.85827;30.011812;26.114174;23.385828;31.181103;20.657482;24.555119;30.79134;19.48819;22.216536;15.980316;24.555119;19.877954;27.67323;25.334646;37.027557;38.19685;40.925198;25.724411;0.0;,2d94de,331dcb,7986.0,Audio Apple Lossless,265120.0,2011.0,1536.0,48000.0,100.0,100.0,4969.0,5.0,1.0,3.0,3830794870.0,2025-05-23 02:41:10,ONE OK ROCK,,,19,1.0
One Ok Rock,Let's take it someday,ONE OK ROCK,残響リファレンス,ONE OK ROCK,J-Pop,2011,220.52,125,d678c6,70.15748;78.342514;46.38189;40.145668;24.944883;21.047245;35.078743;26.893702;33.12992;31.181103;38.97638;50.669292;66.25984;99.0;60.02362;57.68504;61.972443;63.531494;73.27559;67.42913;82.62992;53.007874;30.79134;0.0;,e95148,797c71,7988.0,Audio Apple Lossless,220520.0,2011.0,1536.0,48000.0,100.0,100.0,13658.0,5.0,1.0,2.0,3833804758.0,2025-06-26 22:45:58,ONE OK ROCK,,,80,1.0
One Ok Rock,キミシダイ列車,ONE OK ROCK,残響リファレンス,ONE OK ROCK,J-Pop,2011,493.27,170,0c0713,56.515747;93.15354;54.95669;38.97638;30.79134;22.996063;32.350395;19.48819;27.283466;37.807087;31.96063;54.177166;54.177166;99.0;73.27559;63.531494;60.80315;53.397636;75.614174;71.32677;72.885826;52.61811;28.062992;0.0;,e35c38,565a51,7990.0,Audio Apple Lossless,493266.0,2011.0,1536.0,48000.0,100.0,100.0,10615.0,5.0,1.0,2.0,3837245201.0,2025-08-05 18:26:41,ONE OK ROCK,,,0,3.0
One Ok Rock,Smiling Down,ONE OK ROCK,人生×僕=,ONE OK ROCK,J-Rock,2013-03-06,264.66,168,000000,42.484253;99.0;91.20473;45.602364;45.2126;30.401575;49.110237;29.232285;38.19685;28.452757;31.96063;27.283466;28.452757;31.181103;19.48819;30.401575;22.6063;25.334646;33.519684;36.24803;45.602364;42.484253;26.114174;0.0;,78f754,580e5b,13784.0,Archivo de audio AAC,264638.0,2013.0,320.0,48000.0,100.0,100.0,6292.0,5.0,1.0,8.0,3837510255.0,2025-08-08 20:04:15,"Toru, Taka",,,20,5.0
One Ok Rock,The Pilot </3,ONE OK ROCK,DETOX - International Version,ONE OK ROCK,J-Rock,2025,231.99,105,260eb1,92.76378;99.0;60.80315;38.586617;44.822834;45.2126;51.83858;64.70079;61.972443;53.7874;42.874016;44.43307;52.228348;68.208664;35.468506;57.295277;45.602364;56.125984;61.192913;62.75197;68.98819;68.98819;44.43307;0.0;,fa775e,745e54,18484.0,Archivo de audio AAC comprado,231940.0,2025.0,256.0,44100.0,100.0,100.0,9316.0,5.0,1.0,4.0,3829916569.0,2025-05-12 22:42:49,"Derek Tyler Carter, Jin Jin, Pete Nappi & Taka.",,,21,
One Ok Rock,Tiny Pieces,ONE OK ROCK,DETOX - International Version,ONE OK ROCK,J-Rock,2025,214.16,74,716e75,23.385828;75.614174;65.87008;99.0;83.019684;31.181103;74.055115;63.531494;45.992126;51.44882;49.5;54.95669;46.771652;54.95669;26.893702;50.279526;26.503939;37.807087;59.244095;73.66535;86.137794;64.31102;81.85039;0.0;,9732e2,964742,18486.0,Archivo de audio AAC comprado,214091.0,2025.0,256.0,44100.0,100.0,100.0,6602.0,5.0,1.0,3.0,3826713393.0,2025-04-05 21:56:33,"Dan Lancaster, Derek Tyler Carter, Sasha Sirota & Taka.",,,19,
One Ok Rock,Puppets Can't Control You,ONE OK ROCK,DETOX - International Version,ONE OK ROCK,J-Rock,2025-01-19T12:00:00Z,194.56,90,010303,80.291336;91.98425;49.110237;54.56693;43.65354;36.637794;58.074802;56.90551;53.7874;42.874016;50.669292;52.61811;83.40945;99.0;54.177166;79.12205;66.649605;76.78346;83.019684;88.08661;84.578735;73.66535;50.279526;0.0;,e94459,8e7266,18488.0,Archivo de audio AAC comprado,194493.0,2025.0,256.0,44100.0,100.0,100.0,10419.0,5.0,1.0,21.0,3826715584.0,2025-04-05 22:33:04,"Dai Dai, Derek Tyler Carter, Dru Decarro, GIANNI TAYLOR & Taka.",,,18,
One Ok Rock,Party’s Over,ONE OK ROCK,DETOX - International Version,ONE OK ROCK,J-Rock,2025,178.1,96,0e0814,89.64567;99.0;58.464565;40.145668;49.889763;42.09449;49.110237;50.279526;48.720474;54.177166;58.464565;60.02362;51.059055;71.71654;55.34646;61.582676;55.34646;70.93701;79.90157;76.00394;68.59843;70.15748;43.26378;0.0;,f25e51,675c4f,18490.0,Archivo de audio AAC comprado,178031.0,2025.0,256.0,44100.0,100.0,100.0,12631.0,5.0,1.0,5.0,3835771545.0,2025-07-19 17:05:45,"Dan Lancaster, Derek Tyler Carter, MEG, Taka. & Toru",,,19,
One Ok Rock,C.U.R.I.O.S.I.T.Y.,ONE OK ROCK feat. CHICO CARLITO and Paledusk,DETOX - International Version,ONE OK ROCK,J-Rock,2025,188.69,86,050904,80.291336;99.0;65.480316;47.55118;43.26378;58.074802;58.464565;88.08661;55.73622;59.633858;56.125984;77.56299;74.83464;94.32283;70.15748;82.24016;75.614174;85.74803;82.62992;85.74803;88.866135;90.03543;54.95669;0.0;,e53a5f,92655d,18492.0,Archivo de audio AAC comprado,188626.0,2025.0,256.0,44100.0,100.0,100.0,13102.0,5.0,1.0,6.0,3832137671.0,2025-06-07 15:41:11,"CHICO CARLITO, Dai Dai, David Pramik, Derek Tyler Carter, Dru Decarro, Jamil Kazmi, Kaito, Ryota, Soma Genda, Taka., Tenma Tai, Tomoya & Toru",,,19,2.0
One Ok Rock,+Matter,ONE OK ROCK,DETOX - International Version,ONE OK ROCK,J-Rock,2024-12-06T12:00:00Z,233.04,135,232826,40.535435;99.0;59.633858;49.110237;34.688976;48.720474;63.531494;51.059055;44.04331;45.2126;44.04331;42.484253;48.330708;66.25984;49.5;57.68504;43.26378;54.95669;59.244095;58.464565;63.14173;70.15748;42.874016;0.0;,ed564c,834d4b,18494.0,Archivo de audio AAC comprado,232964.0,2024.0,256.0,44100.0,100.0,100.0,10568.0,5.0,1.0,3.0,3837345458.0,2025-08-06 22:17:38,"Dai Dai, Derek Tyler Carter, Jason Aalon, Pete Nappi & Taka.",,,24,
One Ok Rock,This Can’t Be Us,ONE OK ROCK,DETOX - International Version,ONE OK ROCK,J-Rock,2025,257.86,74,78554e,3.1181107;21.047245;37.027557;51.059055;32.740158;59.244095;99.0;37.807087;66.649605;41.704723;41.31496;40.145668;44.04331;52.61811;27.67323;58.464565;28.062992;41.704723;17.929134;32.740158;56.515747;45.992126;22.996063;0.0;,6a09ab,3daf0f,18496.0,Archivo de audio AAC comprado,257807.0,2025.0,256.0,44100.0,100.0,100.0,7802.0,5.0,1.0,5.0,3834155368.0,2025-07-01 00:09:28,"Derek Tyler Carter, Jin Jin, Pete Nappi & Taka.",,,14,
One Ok Rock,NASTY,ONE OK ROCK,DETOX - International Version,ONE OK ROCK,J-Rock,2025,203.99,78,0c1008,86.52756;99.0;65.480316;34.688976;30.79134;38.19685;43.26378;41.704723;48.720474;41.704723;43.26378;49.5;50.279526;71.71654;44.04331;59.244095;61.192913;59.244095;66.649605;62.75197;73.27559;79.90157;52.228348;0.0;,f97858,ad9c81,18498.0,Archivo de audio AAC comprado,203922.0,2025.0,256.0,44100.0,100.0,100.0,9113.0,5.0,1.0,6.0,3826713179.0,2025-04-05 21:52:59,"Derek Tyler Carter, Robert Phipps, Taka. & Will IDAP",,,27,
One Ok Rock,Delusion:All,ONE OK ROCK,DETOX - International Version,ONE OK ROCK,J-Rock,2024-07-12T12:00:00Z,184.97,109,bc7d49,65.480316;83.019684;63.14173;40.535435;43.26378;52.228348;64.31102;59.244095;51.059055;69.37795;50.279526;57.295277;71.71654;99.0;50.669292;75.614174;67.03937;70.93701;88.866135;81.46063;85.35826;77.95276;48.720474;0.0;,e33564,a77767,18500.0,Archivo de audio AAC comprado,184909.0,2024.0,256.0,44100.0,100.0,100.0,11033.0,5.0,1.0,8.0,3833721844.0,2025-06-25 23:44:04,"Dan Lancaster, Derek Tyler Carter, Jason Aalon & Taka.",,True,17,2.0
One Ok Rock,Tropical Therapy,ONE OK ROCK,DETOX - International Version,ONE OK ROCK,J-Rock,2025,208.72,80,503a31,30.401575;53.7874;93.15354;53.397636;33.519684;49.110237;52.61811;79.51181;66.649605;99.0;45.602364;58.854332;57.68504;73.66535;37.027557;66.649605;48.330708;48.330708;50.669292;47.16142;77.56299;71.71654;57.68504;0.0;,9e0590,ae673b,18502.0,Archivo de audio AAC comprado,208666.0,2025.0,256.0,44100.0,100.0,100.0,8990.0,5.0,1.0,5.0,3831998430.0,2025-06-06 01:00:30,"Derek Tyler Carter, Jin Jin, Pete Nappi & Taka.",,,22,
One Ok Rock,Dystopia,ONE OK ROCK,DETOX,ONE OK ROCK,J-Pop,2025,189.95,89,030306,90.81496;99.0;74.83464;54.56693;65.09055;40.145668;55.73622;80.6811;71.71654;50.279526;58.854332;65.87008;61.192913;89.64567;58.074802;72.885826;72.1063;76.00394;83.40945;76.3937;83.79921;84.968506;54.56693;0.0;,ec465f,7c5a53,18510.0,Archivo de audio AAC,189903.0,2025.0,64.0,44100.0,100.0,100.0,10764.0,5.0,1.0,2.0,3824220915.0,2025-03-08 01:35:15,"Derek Tyler Carter, Elijah Noll, Jin Jin, Pete Nappi & Taka.",,,16,1.0
One Ok Rock,Puppets Can't Control You,ONE OK ROCK,DETOX,ONE OK ROCK,J-Pop,2025,194.55,90,020505,80.291336;91.98425;49.5;56.515747;44.822834;36.24803;57.295277;58.074802;53.397636;44.04331;49.889763;54.177166;82.62992;99.0;55.73622;79.90157;72.49606;83.019684;84.578735;84.968506;75.22441;70.93701;47.16142;0.0;,e44051,886c60,18518.0,Archivo de audio AAC,194500.0,2025.0,64.0,44100.0,100.0,100.0,10747.0,5.0,1.0,7.0,3834351373.0,2025-07-03 06:36:13,"Dai Dai, Derek Tyler Carter, Dru Decarro, GIANNI TAYLOR & Taka.",,,18,
One Ok Rock: DETOX Tour,We are,ONE OK ROCK,Ambitions,ONE OK ROCK,J-Pop,2017,255.48,148,6c525e,56.515747;67.81889;46.38189;46.38189;40.145668;48.330708;81.85039;52.61811;45.602364;39.366142;63.921257;40.925198;46.38189;67.42913;44.822834;54.95669;58.854332;63.14173;77.173225;85.35826;99.0;63.531494;30.011812;0.0;,ea3a84,645d4f,7614.0,Audio Apple Lossless,255484.0,2017.0,2304.0,48000.0,100.0,100.0,10083.0,5.0,1.0,1.0,3829162179.0,2025-05-04 05:09:39,"TORU, Colin Brittain, Taka, Nick Long, TORU, Nick Long, Colin Brittain & Taka",,,17,
One Ok Rock: DETOX Tour,Stand Out Fit In,ONE OK ROCK,Eye of the Storm,ONE OK ROCK,J-Rock,2019,214.55,126,6c6c6d,83.019684;91.20473;99.0;61.582676;43.65354;61.192913;50.669292;54.95669;32.350395;40.145668;45.602364;37.027557;45.602364;56.515747;38.19685;54.56693;33.12992;39.366142;56.90551;44.04331;72.49606;62.75197;38.586617;0.0;,ded26b,663123,7702.0,Audio Apple Lossless,214546.0,2019.0,1536.0,48000.0,100.0,100.0,6884.0,5.0,1.0,3.0,3835889229.0,2025-07-21 01:47:09,"Derek Fuhrmann, Jamil Kazmi, Liam O'Donnell & Taka",,,17,1.0
One Ok Rock: DETOX Tour,Save Yourself,ONE OK ROCK,Luxury Disease,ONE OK ROCK,J-Pop,2022,198.0,165,090614,34.299213;99.0;77.56299;68.59843;38.586617;31.181103;66.649605;28.062992;37.417324;34.299213;48.720474;44.43307;46.38189;60.02362;37.807087;42.484253;38.19685;41.31496;49.5;49.889763;55.34646;54.177166;32.740158;0.0;,c68f16,13160b,7782.0,Audio Apple Lossless,197995.0,2022.0,2304.0,48000.0,100.0,100.0,10694.0,5.0,1.0,6.0,3837347883.0,2025-08-06 22:58:03,"Andrew DeCaro, Charles Roberts Nelsen, Derek Tyler Carter, Kyle Buckley, Luis SHNDO Martinez, Rob Cavallo, Sasha Sirota, Taka & Toru",,,19,-2.0
One Ok Rock: DETOX Tour,Let Me Let You Go,ONE OK ROCK,Luxury Disease,ONE OK ROCK,J-Pop,2022,180.21,96,050c14,57.68504;86.52756;48.720474;63.921257;62.362206;30.401575;75.614174;87.69685;41.31496;47.55118;60.02362;81.46063;66.25984;89.64567;52.61811;60.413383;56.125984;71.32677;97.8307;88.08661;99.0;84.578735;46.38189;0.0;,e6347d,8d685f,7790.0,Audio Apple Lossless,180211.0,2022.0,2304.0,48000.0,100.0,100.0,8898.0,5.0,1.0,1.0,3823262384.0,2025-02-24 23:19:44,"Ashton Irwin, Colin Brittian, Elisha Noll, Madison Simmen & Taka",,,16,-1.0
One Ok Rock: DETOX Tour,Renegades,ONE OK ROCK,Luxury Disease,ONE OK ROCK,J-Pop,2022,244.54,154,0b0710,79.90157;99.0;58.074802;28.062992;39.755905;26.503939;23.77559;27.283466;29.232285;30.011812;37.807087;30.79134;56.125984;44.822834;31.96063;46.38189;35.078743;45.992126;47.16142;48.330708;53.007874;51.83858;28.84252;0.0;,e4ac3e,1b1a21,7800.0,Audio Apple Lossless,244538.0,2022.0,2304.0,48000.0,,100.0,6870.0,5.0,1.0,,,,"David Pramik, Ed Sheeran, Janee 'Jin Jin' Bennett, Masato Hayakawa & Taka",,,27,-3.0
One Ok Rock: DETOX Tour,Make It Out Alive,ONE OK ROCK,Make It Out Alive,ONE OK ROCK,J-Rock,2023,209.8,137,ca5f9d,78.732285;99.0;48.330708;35.85827;29.622047;38.97638;38.19685;67.81889;40.145668;47.55118;46.38189;64.31102;62.75197;82.62992;57.68504;70.54724;67.03937;72.885826;86.137794;76.00394;67.81889;63.921257;33.12992;0.0;,e75245,676354,7838.0,Audio Apple Lossless,209799.0,2023.0,2304.0,48000.0,100.0,100.0,13208.0,5.0,1.0,2.0,3826009742.0,2025-03-28 18:29:02,Kane Churko,,,34,2.0
One Ok Rock: DETOX Tour,Wherever You Are,ONE OK ROCK,Niche Syndrome,ONE OK ROCK,J-Rock,2010,295.6,87,3c2e22,18.3189;45.2126;93.93307;99.0;49.889763;50.669292;91.98425;68.208664;82.24016;40.535435;45.602364;76.78346;70.54724;81.85039;50.669292;70.54724;43.26378;54.95669;68.59843;60.02362;83.019684;70.15748;51.44882;0.0;,85049e,ab6139,7866.0,Audio Apple Lossless,295600.0,2010.0,1536.0,48000.0,,100.0,10418.0,5.0,1.0,1.0,3829947137.0,2025-05-13 07:12:17,TAKA,,,78,1.0
One Ok Rock: DETOX Tour,The Beginning,ONE OK ROCK,人生×僕=,ONE OK ROCK,J-Pop,2013,292.73,182,100817,65.87008;70.93701;70.54724;34.688976;26.893702;40.535435;33.12992;31.570868;39.755905;39.366142;40.535435;41.704723;51.83858;88.08661;70.54724;69.767715;92.374016;67.03937;92.374016;99.0;92.374016;67.42913;32.740158;0.0;,ef4e59,7f8172,7942.0,Audio Apple Lossless,292733.0,2013.0,1536.0,48000.0,100.0,100.0,16216.0,5.0,1.0,1.0,3820860221.0,2025-01-28 04:03:41,TAKA,,,8,5.0
One Ok Rock: DETOX Tour,The Pilot </3,ONE OK ROCK,DETOX - International Version,ONE OK ROCK,J-Rock,2025,231.99,105,260eb1,92.76378;99.0;60.80315;38.586617;44.822834;45.2126;51.83858;64.70079;61.972443;53.7874;42.874016;44.43307;52.228348;68.208664;35.468506;57.295277;45.602364;56.125984;61.192913;62.75197;68.98819;68.98819;44.43307;0.0;,fa775e,745e54,18484.0,Archivo de audio AAC comprado,231940.0,2025.0,256.0,44100.0,100.0,100.0,9316.0,5.0,1.0,4.0,3829916569.0,2025-05-12 22:42:49,"Derek Tyler Carter, Jin Jin, Pete Nappi & Taka.",,,21,
One Ok Rock: DETOX Tour,Tiny Pieces,ONE OK ROCK,DETOX - International Version,ONE OK ROCK,J-Rock,2025,214.16,74,716e75,23.385828;75.614174;65.87008;99.0;83.019684;31.181103;74.055115;63.531494;45.992126;51.44882;49.5;54.95669;46.771652;54.95669;26.893702;50.279526;26.503939;37.807087;59.244095;73.66535;86.137794;64.31102;81.85039;0.0;,9732e2,964742,18486.0,Archivo de audio AAC comprado,214091.0,2025.0,256.0,44100.0,100.0,100.0,6602.0,5.0,1.0,3.0,3826713393.0,2025-04-05 21:56:33,"Dan Lancaster, Derek Tyler Carter, Sasha Sirota & Taka.",,,19,
One Ok Rock: DETOX Tour,C.U.R.I.O.S.I.T.Y.,ONE OK ROCK feat. CHICO CARLITO and Paledusk,DETOX - International Version,ONE OK ROCK,J-Rock,2025,188.69,86,050904,80.291336;99.0;65.480316;47.55118;43.26378;58.074802;58.464565;88.08661;55.73622;59.633858;56.125984;77.56299;74.83464;94.32283;70.15748;82.24016;75.614174;85.74803;82.62992;85.74803;88.866135;90.03543;54.95669;0.0;,e53a5f,92655d,18492.0,Archivo de audio AAC comprado,188626.0,2025.0,256.0,44100.0,100.0,100.0,13102.0,5.0,1.0,6.0,3832137671.0,2025-06-07 15:41:11,"CHICO CARLITO, Dai Dai, David Pramik, Derek Tyler Carter, Dru Decarro, Jamil Kazmi, Kaito, Ryota, Soma Genda, Taka., Tenma Tai, Tomoya & Toru",,,19,2.0
One Ok Rock: DETOX Tour,+Matter,ONE OK ROCK,DETOX - International Version,ONE OK ROCK,J-Rock,2024-12-06T12:00:00Z,233.04,135,232826,40.535435;99.0;59.633858;49.110237;34.688976;48.720474;63.531494;51.059055;44.04331;45.2126;44.04331;42.484253;48.330708;66.25984;49.5;57.68504;43.26378;54.95669;59.244095;58.464565;63.14173;70.15748;42.874016;0.0;,ed564c,834d4b,18494.0,Archivo de audio AAC comprado,232964.0,2024.0,256.0,44100.0,100.0,100.0,10568.0,5.0,1.0,3.0,3837345458.0,2025-08-06 22:17:38,"Dai Dai, Derek Tyler Carter, Jason Aalon, Pete Nappi & Taka.",,,24,
One Ok Rock: DETOX Tour,NASTY,ONE OK ROCK,DETOX - International Version,ONE OK ROCK,J-Rock,2025,203.99,78,0c1008,86.52756;99.0;65.480316;34.688976;30.79134;38.19685;43.26378;41.704723;48.720474;41.704723;43.26378;49.5;50.279526;71.71654;44.04331;59.244095;61.192913;59.244095;66.649605;62.75197;73.27559;79.90157;52.228348;0.0;,f97858,ad9c81,18498.0,Archivo de audio AAC comprado,203922.0,2025.0,256.0,44100.0,100.0,100.0,9113.0,5.0,1.0,6.0,3826713179.0,2025-04-05 21:52:59,"Derek Tyler Carter, Robert Phipps, Taka. & Will IDAP",,,27,
One Ok Rock: DETOX Tour,Delusion:All,ONE OK ROCK,DETOX - International Version,ONE OK ROCK,J-Rock,2024-07-12T12:00:00Z,184.97,109,bc7d49,65.480316;83.019684;63.14173;40.535435;43.26378;52.228348;64.31102;59.244095;51.059055;69.37795;50.279526;57.295277;71.71654;99.0;50.669292;75.614174;67.03937;70.93701;88.866135;81.46063;85.35826;77.95276;48.720474;0.0;,e33564,a77767,18500.0,Archivo de audio AAC comprado,184909.0,2024.0,256.0,44100.0,100.0,100.0,11033.0,5.0,1.0,8.0,3833721844.0,2025-06-25 23:44:04,"Dan Lancaster, Derek Tyler Carter, Jason Aalon & Taka.",,True,17,2.0
One Ok Rock: DETOX Tour,Tropical Therapy,ONE OK ROCK,DETOX - International Version,ONE OK ROCK,J-Rock,2025,208.72,80,503a31,30.401575;53.7874;93.15354;53.397636;33.519684;49.110237;52.61811;79.51181;66.649605;99.0;45.602364;58.854332;57.68504;73.66535;37.027557;66.649605;48.330708;48.330708;50.669292;47.16142;77.56299;71.71654;57.68504;0.0;,9e0590,ae673b,18502.0,Archivo de audio AAC comprado,208666.0,2025.0,256.0,44100.0,100.0,100.0,8990.0,5.0,1.0,5.0,3831998430.0,2025-06-06 01:00:30,"Derek Tyler Carter, Jin Jin, Pete Nappi & Taka.",,,22,
One Ok Rock: DETOX Tour,Dystopia,ONE OK ROCK,DETOX,ONE OK ROCK,J-Pop,2025,189.95,89,030306,90.81496;99.0;74.83464;54.56693;65.09055;40.145668;55.73622;80.6811;71.71654;50.279526;58.854332;65.87008;61.192913;89.64567;58.074802;72.885826;72.1063;76.00394;83.40945;76.3937;83.79921;84.968506;54.56693;0.0;,ec465f,7c5a53,18510.0,Archivo de audio AAC,189903.0,2025.0,64.0,44100.0,100.0,100.0,10764.0,5.0,1.0,2.0,3824220915.0,2025-03-08 01:35:15,"Derek Tyler Carter, Elijah Noll, Jin Jin, Pete Nappi & Taka.",,,16,1.0
One Ok Rock: DETOX Tour,Puppets Can't Control You,ONE OK ROCK,DETOX,ONE OK ROCK,J-Pop,2025,194.55,90,020505,80.291336;91.98425;49.5;56.515747;44.822834;36.24803;57.295277;58.074802;53.397636;44.04331;49.889763;54.177166;82.62992;99.0;55.73622;79.90157;72.49606;83.019684;84.578735;84.968506;75.22441;70.93701;47.16142;0.0;,e44051,886c60,18518.0,Archivo de audio AAC,194500.0,2025.0,64.0,44100.0,100.0,100.0,10747.0,5.0,1.0,7.0,3834351373.0,2025-07-03 06:36:13,"Dai Dai, Derek Tyler Carter, Dru Decarro, GIANNI TAYLOR & Taka.",,,18,
One Ok Rock: Luxury Disease Japan Tour 2023,Heartache,ONE OK ROCK,35xxxv,ONE OK ROCK,J-Pop,2015,264.61,72,a0a48f,24.555119;84.968506;73.27559;74.444885;47.55118;76.78346;81.46063;80.6811;67.03937;51.83858;62.75197;65.09055;60.413383;99.0;54.177166;56.515747;44.04331;48.720474;54.56693;80.291336;82.24016;58.854332;29.622047;0.0;,960373,893c35,7562.0,Audio Apple Lossless,264611.0,2015.0,2304.0,48000.0,,100.0,6285.0,5.0,1.0,,,,TakaA. Lanni,,,20,
One Ok Rock: Luxury Disease Japan Tour 2023,We are,ONE OK ROCK,Ambitions,ONE OK ROCK,J-Pop,2017,255.48,148,6c525e,56.515747;67.81889;46.38189;46.38189;40.145668;48.330708;81.85039;52.61811;45.602364;39.366142;63.921257;40.925198;46.38189;67.42913;44.822834;54.95669;58.854332;63.14173;77.173225;85.35826;99.0;63.531494;30.011812;0.0;,ea3a84,645d4f,7614.0,Audio Apple Lossless,255484.0,2017.0,2304.0,48000.0,100.0,100.0,10083.0,5.0,1.0,1.0,3829162179.0,2025-05-04 05:09:39,"TORU, Colin Brittain, Taka, Nick Long, TORU, Nick Long, Colin Brittain & Taka",,,17,
One Ok Rock: Luxury Disease Japan Tour 2023,Stand Out Fit In,ONE OK ROCK,Eye of the Storm,ONE OK ROCK,J-Rock,2019,214.55,126,6c6c6d,83.019684;91.20473;99.0;61.582676;43.65354;61.192913;50.669292;54.95669;32.350395;40.145668;45.602364;37.027557;45.602364;56.515747;38.19685;54.56693;33.12992;39.366142;56.90551;44.04331;72.49606;62.75197;38.586617;0.0;,ded26b,663123,7702.0,Audio Apple Lossless,214546.0,2019.0,1536.0,48000.0,100.0,100.0,6884.0,5.0,1.0,3.0,3835889229.0,2025-07-21 01:47:09,"Derek Fuhrmann, Jamil Kazmi, Liam O'Donnell & Taka",,,17,1.0
One Ok Rock: Luxury Disease Japan Tour 2023,Wasted Nights,ONE OK ROCK,Eye of the Storm,ONE OK ROCK,J-Rock,2019,224.77,125,9e97a6,99.0;79.12205;56.515747;62.362206;39.366142;40.535435;98.220474;77.173225;54.95669;41.704723;68.208664;56.515747;53.397636;61.972443;38.97638;59.244095;46.771652;65.87008;90.03543;79.51181;98.220474;83.019684;68.59843;0.0;,f3539e,8c7366,7718.0,Audio Apple Lossless,224773.0,2019.0,1536.0,48000.0,,100.0,6759.0,5.0,1.0,,,,"Jamil Kazmi, Janee Bennett, Pete Nappi & Takahiro Moriuchi",,,70,-1.0
One Ok Rock: Luxury Disease Japan Tour 2023,Save Yourself,ONE OK ROCK,Luxury Disease,ONE OK ROCK,J-Pop,2022,198.0,165,090614,34.299213;99.0;77.56299;68.59843;38.586617;31.181103;66.649605;28.062992;37.417324;34.299213;48.720474;44.43307;46.38189;60.02362;37.807087;42.484253;38.19685;41.31496;49.5;49.889763;55.34646;54.177166;32.740158;0.0;,c68f16,13160b,7782.0,Audio Apple Lossless,197995.0,2022.0,2304.0,48000.0,100.0,100.0,10694.0,5.0,1.0,6.0,3837347883.0,2025-08-06 22:58:03,"Andrew DeCaro, Charles Roberts Nelsen, Derek Tyler Carter, Kyle Buckley, Luis SHNDO Martinez, Rob Cavallo, Sasha Sirota, Taka & Toru",,,19,-2.0
One Ok Rock: Luxury Disease Japan Tour 2023,Neon,ONE OK ROCK,Luxury Disease,ONE OK ROCK,J-Pop,2022,184.54,137,8490f9,73.27559;85.74803;65.09055;37.807087;46.771652;48.330708;44.04331;46.38189;45.992126;51.83858;48.330708;55.73622;60.02362;76.00394;54.95669;77.56299;71.32677;84.968506;93.93307;99.0;93.93307;77.95276;36.637794;0.0;,f24f64,998c78,7784.0,Audio Apple Lossless,184543.0,2022.0,2304.0,48000.0,100.0,100.0,9177.0,5.0,1.0,1.0,3825088154.0,2025-03-18 02:29:14,"Brendon Urie, Charles Roberts Nelsen, Derek Tyler Carter, Jake Sinclair, Kyle Buckley, Mike Viola, Rob Cavallo, Taka & Toru",,,21,1.0
One Ok Rock: Luxury Disease Japan Tour 2023,Vandalize,ONE OK ROCK,Luxury Disease,ONE OK ROCK,J-Pop,2022,194.7,134,757379,53.7874;99.0;82.62992;50.669292;42.484253;48.720474;74.83464;58.074802;51.83858;74.055115;61.972443;80.6811;64.31102;86.52756;56.90551;65.480316;63.531494;68.59843;67.81889;65.480316;82.62992;59.244095;32.740158;0.0;,c82d3e,704240,7786.0,Audio Apple Lossless,194695.0,2022.0,2304.0,48000.0,100.0,100.0,6217.0,5.0,1.0,1.0,3821807646.0,2025-02-08 03:14:06,"Andrew DeCaro, Derek Tyler Carter, Rob Cavallo, Sasha Sirota & Taka",,,21,-1.0
One Ok Rock: Luxury Disease Japan Tour 2023,When They Turn the Lights On,ONE OK ROCK,Luxury Disease,ONE OK ROCK,J-Pop,2022,207.4,78,0e1a08,65.480316;92.76378;57.295277;57.68504;43.26378;40.925198;64.70079;54.56693;45.602364;63.921257;51.059055;55.34646;66.25984;56.90551;42.874016;45.602364;55.73622;76.00394;75.614174;83.019684;99.0;70.15748;33.519684;0.0;,f75576,a87465,7788.0,Audio Apple Lossless,207395.0,2022.0,2304.0,48000.0,,100.0,6115.0,5.0,1.0,1.0,3829992300.0,2025-05-13 19:45:00,"Christopher J. Baran, Derek Tyler Carter, Jake Sinclair, Rob Cavallo, Sasha Sirota & Taka",,,22,1.0
One Ok Rock: Luxury Disease Japan Tour 2023,Let Me Let You Go,ONE OK ROCK,Luxury Disease,ONE OK ROCK,J-Pop,2022,180.21,96,050c14,57.68504;86.52756;48.720474;63.921257;62.362206;30.401575;75.614174;87.69685;41.31496;47.55118;60.02362;81.46063;66.25984;89.64567;52.61811;60.413383;56.125984;71.32677;97.8307;88.08661;99.0;84.578735;46.38189;0.0;,e6347d,8d685f,7790.0,Audio Apple Lossless,180211.0,2022.0,2304.0,48000.0,100.0,100.0,8898.0,5.0,1.0,1.0,3823262384.0,2025-02-24 23:19:44,"Ashton Irwin, Colin Brittian, Elisha Noll, Madison Simmen & Taka",,,16,-1.0
One Ok Rock: Luxury Disease Japan Tour 2023,So Far Gone,ONE OK ROCK,Luxury Disease,ONE OK ROCK,J-Pop,2022,215.47,83,0d110a,12.8622055;65.09055;59.633858;38.97638;50.669292;39.366142;38.19685;46.38189;44.822834;37.027557;42.484253;66.25984;53.7874;60.02362;39.366142;51.059055;32.350395;31.96063;45.602364;51.059055;83.019684;99.0;51.83858;0.0;,e13eb1,d7c65e,7792.0,Audio Apple Lossless,215465.0,2022.0,2304.0,48000.0,100.0,100.0,5437.0,5.0,1.0,2.0,3837184109.0,2025-08-05 01:28:29,"David Pramik, Derek Tyler Carter, Griff Clawson, Rob Cavallo, Taka & Toru",,,25,
One Ok Rock: Luxury Disease Japan Tour 2023,Mad World,ONE OK ROCK,Luxury Disease,ONE OK ROCK,J-Pop,2022,182.37,80,000101,47.16142;83.79921;84.578735;55.73622;38.97638;41.704723;50.669292;51.83858;47.55118;53.007874;59.244095;75.22441;60.80315;77.56299;65.87008;74.444885;75.22441;88.08661;96.661415;88.47638;99.0;93.543304;41.31496;0.0;,ec406a,947769,7796.0,Audio Apple Lossless,182370.0,2022.0,2304.0,48000.0,100.0,100.0,6332.0,5.0,1.0,2.0,3820171701.0,2025-01-20 04:48:21,"Jordan Benjamin, Pete Nappi, Taka & Toru",,,34,1.0
One Ok Rock: Luxury Disease Japan Tour 2023,Renegades,ONE OK ROCK,Luxury Disease,ONE OK ROCK,J-Pop,2022,244.54,154,0b0710,79.90157;99.0;58.074802;28.062992;39.755905;26.503939;23.77559;27.283466;29.232285;30.011812;37.807087;30.79134;56.125984;44.822834;31.96063;46.38189;35.078743;45.992126;47.16142;48.330708;53.007874;51.83858;28.84252;0.0;,e4ac3e,1b1a21,7800.0,Audio Apple Lossless,244538.0,2022.0,2304.0,48000.0,,100.0,6870.0,5.0,1.0,,,,"David Pramik, Ed Sheeran, Janee 'Jin Jin' Bennett, Masato Hayakawa & Taka",,,27,-3.0
One Ok Rock: Luxury Disease Japan Tour 2023,Your Tears are Mine,ONE OK ROCK,Luxury Disease,ONE OK ROCK,J-Pop,2022,256.09,170,3d3124,61.582676;98.220474;87.30708;56.515747;50.279526;56.125984;63.921257;77.95276;57.295277;47.940945;44.04331;52.61811;51.059055;80.291336;56.90551;72.49606;69.37795;77.56299;99.0;82.62992;94.7126;67.03937;37.027557;0.0;,eb4857,b36e56,7804.0,Audio Apple Lossless,256088.0,2022.0,2304.0,48000.0,100.0,100.0,8661.0,5.0,1.0,2.0,3825581234.0,2025-03-23 19:27:14,"Andrew DeCaro, Jake Sinclair, King Aventurina Dorothea, Nick Long, Rob Cavallo & Taka",,,14,-1.0
One Ok Rock: Luxury Disease Japan Tour 2023,Wonder,ONE OK ROCK,Luxury Disease,ONE OK ROCK,J-Pop,2022,227.35,160,120a16,56.515747;81.46063;63.531494;35.85827;53.397636;43.65354;70.15748;40.145668;51.44882;40.925198;45.992126;45.2126;60.413383;61.192913;57.295277;67.42913;68.98819;89.64567;99.0;92.76378;80.6811;73.27559;41.31496;0.0;,ee4666,6e6a5b,7806.0,Audio Apple Lossless,227347.0,2022.0,2304.0,48000.0,,100.0,10032.0,5.0,1.0,1.0,3829989565.0,2025-05-13 18:59:25,"David Pramik, Janee""Jin Jin""Bennett, Masato Hayakawa, Taka & Toru",,,14,
One Ok Rock: Luxury Disease Japan Tour 2023,Gravity,ONE OK ROCK feat.藤原聡 (Official髭男dism),Luxury Disease,ONE OK ROCK,J-Pop,2022,191.96,97,794d4a,46.771652;99.0;78.732285;65.87008;36.637794;68.98819;65.09055;53.7874;56.125984;56.125984;56.125984;51.44882;54.95669;65.480316;41.31496;63.14173;43.26378;54.177166;64.31102;63.921257;86.137794;98.220474;48.330708;0.0;,f75c98,c6934d,7810.0,Audio Apple Lossless,191959.0,2022.0,2304.0,48000.0,100.0,100.0,6643.0,5.0,1.0,3.0,3830025525.0,2025-05-14 04:58:45,,,,20,-1.0
One Ok Rock: Luxury Disease Japan Tour 2023,Kanzen Kankaku Dreamer,ONE OK ROCK,Niche Syndrome,ONE OK ROCK,J-Rock,2010,252.2,95,0c0811,57.295277;73.27559;30.79134;42.484253;27.67323;26.503939;43.26378;38.19685;37.417324;42.874016;37.027557;44.822834;58.464565;81.07086;53.397636;69.37795;59.244095;60.413383;99.0;86.91732;91.20473;92.76378;54.177166;0.0;,f65276,868b81,7854.0,Audio Apple Lossless,252200.0,2010.0,1536.0,48000.0,100.0,100.0,16335.0,5.0,1.0,2.0,3837241454.0,2025-08-05 17:24:14,,,,90,
One Ok Rock: Luxury Disease Japan Tour 2023,KAGEROU,ONE OK ROCK,ZEITAKUBYOU,ONE OK ROCK,J-Pop,2007-11-21,248.0,160,110917,57.68504;99.0;73.66535;24.555119;44.04331;30.79134;24.944883;24.165356;21.826773;23.385828;30.401575;30.79134;28.84252;44.04331;35.85827;37.417324;44.43307;31.570868;45.602364;45.602364;44.822834;33.12992;21.047245;0.0;,bebc22,1c131e,7916.0,Audio Apple Lossless,248000.0,2007.0,1536.0,48000.0,100.0,100.0,5619.0,5.0,1.0,3.0,3835434127.0,2025-07-15 19:22:07,,,,34,
One Ok Rock: Luxury Disease Japan Tour 2023,The Beginning,ONE OK ROCK,人生×僕=,ONE OK ROCK,J-Pop,2013,292.73,182,100817,65.87008;70.93701;70.54724;34.688976;26.893702;40.535435;33.12992;31.570868;39.755905;39.366142;40.535435;41.704723;51.83858;88.08661;70.54724;69.767715;92.374016;67.03937;92.374016;99.0;92.374016;67.42913;32.740158;0.0;,ef4e59,7f8172,7942.0,Audio Apple Lossless,292733.0,2013.0,1536.0,48000.0,100.0,100.0,16216.0,5.0,1.0,1.0,3820860221.0,2025-01-28 04:03:41,TAKA,,,8,5.0
One Ok Rock: Luxury Disease Japan Tour 2023,Clock Strikes,ONE OK ROCK,人生×僕=,ONE OK ROCK,J-Pop,2013,235.35,96,03060a,99.0;67.03937;52.228348;44.822834;33.519684;42.874016;54.177166;39.755905;38.97638;52.61811;53.397636;61.192913;58.854332;76.3937;45.602364;47.16142;51.44882;47.16142;67.03937;67.42913;73.66535;83.019684;44.04331;0.0;,f75386,8c7b6c,7944.0,Audio Apple Lossless,235346.0,2013.0,1536.0,48000.0,100.0,100.0,8444.0,5.0,1.0,1.0,3832686531.0,2025-06-14 00:08:51,"Toru, Taka",,,84,1.0
One Ok Rock: Luxury Disease Japan Tour 2023,Deeper Deeper,ONE OK ROCK,人生×僕=,ONE OK ROCK,J-Pop,2013,216.45,159,120918,64.70079;99.0;71.32677;40.535435;34.688976;38.586617;50.669292;51.83858;53.7874;58.074802;51.059055;65.480316;65.480316;95.49213;45.992126;60.80315;70.93701;68.59843;69.767715;82.62992;80.6811;77.173225;37.027557;0.0;,eb4e51,6d5e52,7954.0,Audio Apple Lossless,216453.0,2013.0,1536.0,48000.0,100.0,100.0,12472.0,5.0,1.0,2.0,3837437412.0,2025-08-07 23:50:12,"Tomoya,Ryota",,,5,5.0
One Ok Rock: Luxury Disease Japan Tour 2023,the same as...,ONE OK ROCK,人生×僕=,ONE OK ROCK,J-Pop,2013,975.73,81,060908,36.637794;45.602364;44.43307;46.38189;21.826773;30.79134;45.992126;35.85827;37.027557;32.350395;29.232285;27.67323;38.586617;75.22441;45.2126;50.279526;52.61811;47.16142;78.732285;65.87008;99.0;67.42913;30.011812;0.0;,f04487,b1ceb1,7958.0,Audio Apple Lossless,975733.0,2013.0,1536.0,48000.0,100.0,100.0,4059.0,5.0,1.0,3.0,3827261443.0,2025-04-12 05:10:43,TAKA,,,25,1.0
One Ok Rock: Luxury Disease Japan Tour 2023,アンサイズニア,ONE OK ROCK,残響リファレンス,ONE OK ROCK,J-Pop,2011,219.83,94,080616,31.570868;89.64567;44.43307;53.397636;36.637794;35.468506;65.87008;57.295277;42.874016;35.85827;55.34646;61.582676;61.192913;99.0;65.09055;77.56299;86.91732;68.98819;93.15354;81.46063;80.6811;60.413383;35.85827;0.0;,d6324a,7d675b,7974.0,Audio Apple Lossless,219826.0,2011.0,1536.0,48000.0,100.0,100.0,16228.0,5.0,1.0,2.0,3825968537.0,2025-03-28 07:02:17,ONE OK ROCK,,,48,2.0
One Ok Rock: Luxury Disease Japan Tour 2023,キミシダイ列車,ONE OK ROCK,残響リファレンス,ONE OK ROCK,J-Pop,2011,493.27,170,0c0713,56.515747;93.15354;54.95669;38.97638;30.79134;22.996063;32.350395;19.48819;27.283466;37.807087;31.96063;54.177166;54.177166;99.0;73.27559;63.531494;60.80315;53.397636;75.614174;71.32677;72.885826;52.61811;28.062992;0.0;,e35c38,565a51,7990.0,Audio Apple Lossless,493266.0,2011.0,1536.0,48000.0,100.0,100.0,10615.0,5.0,1.0,2.0,3837245201.0,2025-08-05 18:26:41,ONE OK ROCK,,,0,3.0
One Ok Rock: USA - South America - Europe Tour 2014,Mighty Long Fall,ONE OK ROCK,35xxxv,ONE OK ROCK,J-Pop,2015,243.14,79,040408,55.73622;99.0;50.669292;38.97638;33.519684;27.67323;31.96063;43.65354;26.893702;32.740158;29.622047;31.96063;33.12992;40.145668;26.503939;38.97638;37.417324;40.145668;53.7874;59.244095;61.582676;60.80315;31.96063;0.0;,f2ae5f,614854,7560.0,Audio Apple Lossless,243137.0,2015.0,2304.0,48000.0,100.0,100.0,11223.0,5.0,1.0,5.0,3837425964.0,2025-08-07 20:39:24,ONE OK ROCKJ. Feldmann,,,93,2.0
One Ok Rock: USA - South America - Europe Tour 2014,Decision,ONE OK ROCK,35xxxv,ONE OK ROCK,J-Pop,2015,224.87,80,0d0813,64.70079;99.0;58.854332;47.940945;38.97638;48.720474;49.110237;45.2126;40.925198;46.38189;41.31496;37.027557;41.704723;56.90551;33.12992;45.602364;46.38189;46.38189;50.279526;60.02362;56.90551;40.535435;19.48819;0.0;,da8926,0b0f09,7566.0,Audio Apple Lossless,224867.0,2015.0,2304.0,48000.0,,100.0,9095.0,5.0,1.0,1.0,3829921622.0,2025-05-13 00:07:02,J. Feldmann,,,21,-5.0
One Ok Rock: USA - South America - Europe Tour 2014,Stuck in the middle,ONE OK ROCK,35xxxv,ONE OK ROCK,J-Pop,2015,212.67,95,0e0814,53.007874;99.0;42.874016;32.740158;35.468506;28.84252;32.740158;49.889763;41.704723;32.740158;33.12992;40.535435;49.889763;73.66535;41.31496;57.295277;74.055115;65.480316;72.1063;71.71654;74.444885;63.14173;27.283466;0.0;,f0634a,5b6058,7574.0,Audio Apple Lossless,212670.0,2015.0,2304.0,48000.0,100.0,100.0,15583.0,5.0,1.0,3.0,3824835706.0,2025-03-15 04:21:46,J. Feldmann,,,18,
One Ok Rock: USA - South America - Europe Tour 2014,Wherever You Are,ONE OK ROCK,Niche Syndrome,ONE OK ROCK,J-Rock,2010,295.6,87,3c2e22,18.3189;45.2126;93.93307;99.0;49.889763;50.669292;91.98425;68.208664;82.24016;40.535435;45.602364;76.78346;70.54724;81.85039;50.669292;70.54724;43.26378;54.95669;68.59843;60.02362;83.019684;70.15748;51.44882;0.0;,85049e,ab6139,7866.0,Audio Apple Lossless,295600.0,2010.0,1536.0,48000.0,,100.0,10418.0,5.0,1.0,1.0,3829947137.0,2025-05-13 07:12:17,TAKA,,,78,1.0
One Ok Rock: USA - South America - Europe Tour 2014,The Beginning,ONE OK ROCK,人生×僕=,ONE OK ROCK,J-Pop,2013,292.73,182,100817,65.87008;70.93701;70.54724;34.688976;26.893702;40.535435;33.12992;31.570868;39.755905;39.366142;40.535435;41.704723;51.83858;88.08661;70.54724;69.767715;92.374016;67.03937;92.374016;99.0;92.374016;67.42913;32.740158;0.0;,ef4e59,7f8172,7942.0,Audio Apple Lossless,292733.0,2013.0,1536.0,48000.0,100.0,100.0,16216.0,5.0,1.0,1.0,3820860221.0,2025-01-28 04:03:41,TAKA,,,8,5.0
One Ok Rock: USA - South America - Europe Tour 2014,Clock Strikes,ONE OK ROCK,人生×僕=,ONE OK ROCK,J-Pop,2013,235.35,96,03060a,99.0;67.03937;52.228348;44.822834;33.519684;42.874016;54.177166;39.755905;38.97638;52.61811;53.397636;61.192913;58.854332;76.3937;45.602364;47.16142;51.44882;47.16142;67.03937;67.42913;73.66535;83.019684;44.04331;0.0;,f75386,8c7b6c,7944.0,Audio Apple Lossless,235346.0,2013.0,1536.0,48000.0,100.0,100.0,8444.0,5.0,1.0,1.0,3832686531.0,2025-06-14 00:08:51,"Toru, Taka",,,84,1.0
One Ok Rock: USA - South America - Europe Tour 2014,Be the light,ONE OK ROCK,人生×僕=,ONE OK ROCK,J-Pop,2013,338.92,82,010302,65.480316;82.24016;78.342514;43.65354;74.055115;48.330708;76.00394;43.65354;48.330708;52.228348;50.279526;38.586617;38.97638;51.059055;37.807087;54.177166;44.43307;57.295277;84.578735;75.614174;95.102356;99.0;47.55118;0.0;,f374b3,b68a70,7946.0,Audio Apple Lossless,338920.0,2013.0,1536.0,48000.0,,100.0,8550.0,5.0,1.0,,,,TAKA,,,82,1.0
One Ok Rock: USA - South America - Europe Tour 2014,Nothing Helps,ONE OK ROCK,人生×僕=,ONE OK ROCK,J-Pop,2013,286.07,91,110915,60.413383;99.0;45.992126;37.417324;25.334646;34.299213;44.04331;32.350395;34.688976;44.822834;45.992126;51.44882;60.80315;79.12205;47.940945;45.992126;45.2126;42.09449;58.464565;62.75197;54.177166;53.7874;25.334646;0.0;,e36634,303429,7948.0,Audio Apple Lossless,286066.0,2013.0,1536.0,48000.0,100.0,100.0,9576.0,5.0,1.0,2.0,3835434861.0,2025-07-15 19:34:21,ONE OK ROCK,,,98,3.0
One Ok Rock: USA - South America - Europe Tour 2014,Deeper Deeper,ONE OK ROCK,人生×僕=,ONE OK ROCK,J-Pop,2013,216.45,159,120918,64.70079;99.0;71.32677;40.535435;34.688976;38.586617;50.669292;51.83858;53.7874;58.074802;51.059055;65.480316;65.480316;95.49213;45.992126;60.80315;70.93701;68.59843;69.767715;82.62992;80.6811;77.173225;37.027557;0.0;,eb4e51,6d5e52,7954.0,Audio Apple Lossless,216453.0,2013.0,1536.0,48000.0,100.0,100.0,12472.0,5.0,1.0,2.0,3837437412.0,2025-08-07 23:50:12,"Tomoya,Ryota",,,5,5.0
One Ok Rock: USA - South America - Europe Tour 2014,NO SCARED,ONE OK ROCK,残響リファレンス,ONE OK ROCK,J-Pop,2011,219.19,93,0a0711,66.649605;99.0;59.633858;37.807087;44.43307;40.535435;54.56693;43.26378;58.464565;51.059055;58.074802;60.02362;65.87008;85.35826;61.972443;71.71654;70.93701;67.42913;75.22441;75.22441;67.81889;65.09055;38.19685;0.0;,de4540,68564c,7976.0,Audio Apple Lossless,219186.0,2011.0,1536.0,48000.0,100.0,100.0,11794.0,5.0,1.0,2.0,3835103424.0,2025-07-11 23:30:24,ONE OK ROCK,,,15,3.0
One Ok Rock: USA - South America - Europe Tour 2014,Re:make,ONE OK ROCK,残響リファレンス,ONE OK ROCK,J-Pop,2011,204.49,172,0a070f,51.44882;85.35826;47.16142;33.519684;32.350395;24.944883;40.925198;34.299213;39.755905;33.90945;40.925198;47.940945;61.192913;99.0;58.074802;77.95276;56.515747;73.66535;81.07086;71.32677;68.59843;59.633858;31.570868;0.0;,e24943,606154,7984.0,Audio Apple Lossless,204493.0,2011.0,1536.0,48000.0,100.0,100.0,15890.0,5.0,1.0,2.0,3832744807.0,2025-06-14 16:20:07,ONE OK ROCK,,,28,1.0
Paty Cantú,MALVAS,Leo Rizzi & Paty Cantú,MALVAS - Single,Leo Rizzi & Paty Cantú,Pop,2024-01-26,183.85,68,929493,49.5;99.0;87.69685;77.56299;98.61023;55.73622;55.73622;40.535435;50.279526;34.299213;57.295277;39.366142;26.114174;35.078743;23.77559;17.929134;27.283466;14.031498;14.031498;23.77559;17.149609;33.90945;19.098427;0.0;,0fbb79,035149,6584.0,Archivo de audio MPEG,183875.0,2024.0,256.0,44100.0,100.0,100.0,5955.0,5.0,1.0,4.0,3829161063.0,2025-05-04 04:51:03,,,,18,-2.0
Paty Cantú,En El Alma,Motel & Paty Cantú,En el Alma - Single,Motel & Paty Cantú,Pop,2023-03-31,226.12,100,c34f8c,77.95276;99.0;61.192913;55.73622;40.535435;41.704723;60.80315;39.755905;35.468506;33.519684;28.452757;37.027557;47.16142;39.366142;20.657482;24.555119;38.19685;35.85827;53.007874;60.02362;84.18898;94.7126;51.059055;0.0;,e5bead,767679,7110.0,Archivo de audio MPEG,226142.0,2023.0,256.0,44100.0,100.0,100.0,4024.0,5.0,1.0,7.0,3832745033.0,2025-06-14 16:23:53,,,,38,-5.0
Paty Cantú,Vete,Paty Cantú,#333 (Edición Deluxe),Paty Cantú,Pop en español,2018-05-25,209.76,174,110a15,58.074802;99.0;61.192913;66.649605;57.68504;59.244095;84.968506;91.20473;69.767715;70.15748;68.59843;61.192913;80.6811;81.85039;38.586617;50.279526;54.56693;56.515747;65.480316;61.192913;77.56299;89.64567;53.007874;0.0;,c61794,553a33,7996.0,Archivo de audio MPEG,209789.0,2018.0,256.0,44100.0,100.0,100.0,9059.0,5.0,1.0,5.0,3835427920.0,2025-07-15 17:38:40,"Paty Cantú, Mats Hedstrom, Ángela Dávalos & Eric Palmqwist",,,23,-1.0
Paty Cantú,Vuelve A Respirar,Paty Cantú,#333 (Edición Deluxe),Paty Cantú,Pop en español,2018-05-25,247.59,120,aeb2bb,45.602364;58.854332;77.56299;54.177166;51.44882;52.61811;45.602364;33.519684;20.657482;31.570868;34.299213;21.826773;31.570868;36.637794;22.996063;29.622047;34.688976;37.027557;44.04331;44.822834;74.055115;99.0;56.90551;0.0;,cd9de1,d265b2,7998.0,Archivo de audio MPEG,247614.0,2018.0,256.0,44100.0,100.0,100.0,4323.0,5.0,1.0,4.0,3834510579.0,2025-07-05 02:49:39,Paty Cantú & Ángela Dávalos,,,17,-1.0
Paty Cantú,Cuervo,Paty Cantú,#333 (Edición Deluxe),Paty Cantú,Pop en español,2018-05-25,247.56,80,472e22,60.02362;99.0;94.32283;46.38189;51.83858;56.125984;44.822834;65.09055;42.484253;32.350395;31.181103;35.078743;34.688976;35.078743;21.826773;28.062992;28.452757;26.503939;22.6063;21.826773;26.893702;28.452757;19.48819;0.0;,2ed34d,005c7f,8006.0,Archivo de audio MPEG,247588.0,2018.0,256.0,44100.0,100.0,100.0,7801.0,5.0,1.0,3.0,3826360986.0,2025-04-01 20:03:06,Paty Cantú & Ángela Dávalos,,,27,1.0
Paty Cantú,Afortunadamente No Eres Tú,Paty Cantú,Afortunadamente No Eres Tú (Edición Especial),Paty Cantú,Pop,2010-01-01,188.87,131,735561,95.88189;88.866135;74.444885;52.61811;46.771652;45.602364;60.80315;87.30708;54.95669;41.31496;36.24803;39.755905;41.704723;56.90551;38.586617;45.2126;56.125984;65.480316;70.15748;70.54724;97.05118;99.0;60.80315;0.0;,f984a6,4f5246,8036.0,Archivo de audio MPEG,188891.0,2010.0,256.0,44100.0,100.0,100.0,3983.0,5.0,1.0,2.0,3826361933.0,2025-04-01 20:18:53,"Juan Carlos Moguel, Bruno Danza & Paty Cantú",,,70,1.0
Paty Cantú,Goma de Mascar,Paty Cantú,Afortunadamente No Eres Tú (Edición Especial),Paty Cantú,Pop,2010-01-01,179.44,133,cb96dc,99.0;78.732285;47.16142;59.633858;50.669292;54.177166;74.055115;66.649605;37.807087;55.34646;37.417324;36.637794;49.889763;54.95669;37.807087;49.5;62.75197;66.25984;70.93701;70.15748;73.66535;91.20473;59.633858;0.0;,f765a3,847d6c,8038.0,Archivo de audio MPEG,179461.0,2010.0,256.0,44100.0,100.0,100.0,2172.0,5.0,1.0,7.0,3831278966.0,2025-05-28 17:09:26,"Paty Cantú, Angela Davalos & Daniel Ramirez",,,70,2.0
Paty Cantú,Clavo Que Saca Otro Clavo,Paty Cantú,Afortunadamente No Eres Tú (Edición Especial),Paty Cantú,Pop,2010-01-01,195.45,84,090d07,44.04331;79.51181;43.65354;58.074802;55.34646;38.19685;62.75197;49.889763;43.65354;40.925198;37.807087;40.535435;67.81889;67.03937;47.55118;45.992126;54.177166;61.192913;58.464565;63.921257;80.6811;99.0;43.65354;0.0;,f14a98,c29066,8040.0,Archivo de audio MPEG,195474.0,2010.0,256.0,44100.0,100.0,100.0,3607.0,5.0,1.0,4.0,3834405060.0,2025-07-03 21:31:00,"Bruno Danza, Paty Cantú & Jules Ramillano",,,70,1.0
Paty Cantú,Clavo Que Saca Otro Clavo,Paty Cantú,Afortunadamente No Eres Tú (Edición Especial),Paty Cantú,Pop,2011-01-01,200.8,78,090f06,2.338585;52.228348;50.279526;79.90157;86.52756;51.44882;53.397636;41.704723;33.519684;27.67323;28.452757;29.622047;54.177166;69.37795;37.807087;60.80315;81.46063;65.09055;55.34646;50.669292;98.220474;99.0;68.59843;0.0;,ce26ae,d8c971,8058.0,Archivo de audio MPEG,200829.0,2011.0,256.0,44100.0,100.0,100.0,2479.0,5.0,1.0,1.0,3823977607.0,2025-03-05 06:00:07,"Bruno Danza, Paty Cantu & Jules Ramillano",,,16,
Paty Cantú,Se Desintegra el Amor,Paty Cantú,Afortunadamente No Eres Tú (Edición Especial),Paty Cantú,Pop,2010-01-01,215.88,130,828682,4.677166;17.149609;99.0;45.602364;35.078743;56.125984;39.366142;44.04331;27.67323;17.149609;22.6063;21.047245;22.996063;30.401575;21.826773;29.232285;28.84252;30.011812;27.283466;27.67323;41.31496;67.03937;42.874016;0.0;,6052f2,8e16a5,8042.0,Archivo de audio MPEG,215902.0,2010.0,256.0,44100.0,100.0,100.0,1445.0,5.0,1.0,5.0,3826359530.0,2025-04-01 19:38:50,"Paty Cantú, Angela Davalos & Gustavo Guevara",,,40,
Paty Cantú,Se Desintegra el Amor,Paty Cantú feat. Benny Ibarra,Afortunadamente No Eres Tú (Edición Especial),Paty Cantú,Pop,2011-01-01,212.74,130,6a6c61,3.1181107;15.590553;99.0;44.04331;37.027557;44.43307;30.79134;35.078743;21.43701;16.759842;21.43701;20.657482;22.216536;33.519684;21.43701;28.452757;28.452757;29.622047;45.602364;72.1063;50.279526;61.192913;33.12992;0.0;,b34de9,bb30c8,8062.0,Archivo de audio MPEG,212767.0,2011.0,256.0,44100.0,100.0,100.0,2453.0,5.0,1.0,3.0,3826359743.0,2025-04-01 19:42:23,,,,40,
Paty Cantú,Vuelve a Amarme,Paty Cantú,Afortunadamente No Eres Tú (Edición Especial),Paty Cantú,Pop,2010-01-01,212.58,82,081406,60.413383;72.1063;37.417324;43.26378;44.04331;22.6063;89.64567;99.0;63.921257;37.027557;43.26378;44.43307;59.244095;66.649605;41.704723;44.04331;67.03937;70.93701;61.972443;60.413383;72.885826;79.90157;49.889763;0.0;,e02d8b,a5675b,8044.0,Archivo de audio MPEG,212610.0,2010.0,256.0,44100.0,100.0,100.0,2874.0,5.0,1.0,2.0,3826354046.0,2025-04-01 18:07:26,"Maria Bernal, Michkin Boyzo & Paty Cantú",,,60,
Paty Cantú,Vuelve a Amarme,Paty Cantú,Afortunadamente No Eres Tú (Edición Especial),Paty Cantú,Pop,2011-01-01,219.61,78,3c2b1d,2.338585;30.011812;51.83858;79.90157;52.228348;30.79134;92.374016;99.0;63.531494;27.67323;33.12992;39.755905;48.720474;61.582676;38.97638;51.44882;68.98819;65.87008;48.720474;37.807087;70.15748;67.81889;53.007874;0.0;,8c07a7,c0a335,8060.0,Archivo de audio MPEG,219637.0,2011.0,256.0,44100.0,100.0,100.0,2264.0,5.0,1.0,1.0,3823977827.0,2025-03-05 06:03:47,"Bruno Danza, Paty Cantu & Jules Ramillano",,,18,
Paty Cantú,Se Desintegra el Amor,Paty Cantú,Afortunadamente No Eres Tú (Edición Especial),Paty Cantú,Pop,2010-01-01,215.88,130,828682,4.677166;17.149609;99.0;45.602364;35.078743;56.125984;39.366142;44.04331;27.67323;17.149609;22.6063;21.047245;22.996063;30.401575;21.826773;29.232285;28.84252;30.011812;27.283466;27.67323;41.31496;67.03937;42.874016;0.0;,6052f2,8e16a5,8042.0,Archivo de audio MPEG,215902.0,2010.0,256.0,44100.0,100.0,100.0,1445.0,5.0,1.0,5.0,3826359530.0,2025-04-01 19:38:50,"Paty Cantú, Angela Davalos & Gustavo Guevara",,,40,
Paty Cantú,Se Desintegra el Amor,Paty Cantú feat. Benny Ibarra,Afortunadamente No Eres Tú (Edición Especial),Paty Cantú,Pop,2011-01-01,212.74,130,6a6c61,3.1181107;15.590553;99.0;44.04331;37.027557;44.43307;30.79134;35.078743;21.43701;16.759842;21.43701;20.657482;22.216536;33.519684;21.43701;28.452757;28.452757;29.622047;45.602364;72.1063;50.279526;61.192913;33.12992;0.0;,b34de9,bb30c8,8062.0,Archivo de audio MPEG,212767.0,2011.0,256.0,44100.0,100.0,100.0,2453.0,5.0,1.0,3.0,3826359743.0,2025-04-01 19:42:23,,,,40,
Paty Cantú,Bancarrota (Soundtrack Cindy La Regia- La Serie),Paty Cantú,Bancarrota (Soundtrack Cindy La Regia- La Serie) - Single,Paty Cantú,Pop en español,2023-12-20,145.27,131,7f6b7b,97.8307;99.0;58.074802;42.874016;34.688976;36.24803;44.822834;29.622047;49.5;60.02362;49.110237;33.12992;38.97638;38.97638;23.77559;33.12992;34.299213;36.637794;49.5;53.7874;53.397636;49.889763;26.503939;0.0;,decc59,030404,8070.0,Archivo de audio MPEG,145293.0,2023.0,256.0,44100.0,100.0,100.0,5285.0,5.0,1.0,3.0,3832756613.0,2025-06-14 19:36:53,"Daniel Obregon Gaviria, Michael Rincón & Paty Cantú",,,33,
Paty Cantú,Corazón Bipolar,Paty Cantú,Corazón Bipolar (Edición Especial),Paty Cantú,Pop en español,2012-01-01,195.63,100,9c19a6,96.27165;53.397636;55.34646;35.85827;31.570868;42.484253;38.97638;43.26378;48.720474;41.31496;31.181103;47.940945;52.228348;54.177166;36.637794;47.940945;43.65354;53.007874;56.90551;60.02362;77.173225;99.0;64.70079;0.0;,f66aa8,828583,8072.0,Archivo de audio MPEG,195657.0,2012.0,256.0,44100.0,100.0,100.0,5912.0,5.0,1.0,7.0,3837428251.0,2025-08-07 21:17:31,"Ximena Muñoz, Patricia Cantu & Angeles Dávalos",,,26,-1.0
Paty Cantú,Quiero X 2,Paty Cantú,Corazón Bipolar (Edición Especial),Paty Cantú,Pop en español,2012-01-01,215.77,126,715c6a,99.0;78.732285;53.7874;37.417324;31.570868;55.34646;66.649605;47.55118;39.366142;47.16142;36.637794;45.992126;49.110237;61.582676;43.26378;54.56693;52.61811;58.074802;62.362206;53.7874;68.208664;83.79921;51.059055;0.0;,fd6a83,41453c,8074.0,Archivo de audio MPEG,215797.0,2012.0,256.0,44100.0,100.0,100.0,6187.0,5.0,1.0,5.0,3834831570.0,2025-07-08 19:59:30,"Aureo Baqueiro, Patricia Cantu & Ángela Dávalos",,,30,13.0
Paty Cantú,Manual,Paty Cantú,Corazón Bipolar (Edición Especial),Paty Cantú,Pop en español,2012-01-01,188.71,84,030604,72.885826;88.47638;99.0;47.55118;49.5;45.992126;44.822834;33.519684;23.77559;26.114174;28.452757;26.114174;44.04331;45.602364;29.232285;35.85827;42.874016;42.09449;55.73622;60.02362;68.59843;89.255905;47.940945;0.0;,e6c898,6d82f9,8078.0,Archivo de audio MPEG,188734.0,2012.0,256.0,44100.0,100.0,100.0,4520.0,5.0,1.0,5.0,3837186660.0,2025-08-05 02:11:00,Patricia Cantu & Ángela Dávalos,,,19,1.0
Paty Cantú,Hechos No Palabras!,Paty Cantú,Corazón Bipolar (Edición Especial),Paty Cantú,Pop en español,2012-01-01,193.78,116,ad2a81,87.69685;83.79921;56.515747;32.740158;37.807087;35.468506;32.350395;47.940945;46.771652;37.417324;37.027557;51.83858;50.279526;55.73622;42.874016;54.56693;52.228348;56.125984;67.03937;77.56299;88.47638;99.0;51.059055;0.0;,ff7a88,828681,8080.0,Archivo de audio MPEG,193802.0,2012.0,256.0,44100.0,100.0,100.0,6933.0,5.0,1.0,5.0,3834561103.0,2025-07-05 16:51:43,"Billy Mann, Patricia Cantu & David Shuller",,,36,1.0
Paty Cantú,Suerte,Paty Cantú,Corazón Bipolar (Edición Especial),Paty Cantú,Pop en español,2013-01-01,183.77,82,052c2f,99.0;75.614174;50.279526;44.04331;29.622047;31.181103;83.79921;43.65354;49.889763;42.874016;51.44882;44.04331;56.90551;73.66535;39.755905;57.68504;54.177166;58.464565;60.80315;56.125984;68.208664;76.00394;53.397636;0.0;,f75475,968070,8086.0,Archivo de audio MPEG,183797.0,2013.0,256.0,44100.0,100.0,100.0,4966.0,5.0,1.0,7.0,3835859900.0,2025-07-20 17:38:20,Patricia Cantu & Ángela Dávalos,,,26,-2.0
Paty Cantú,El Sexo Y El Amor,Paty Cantú,Corazón Bipolar (Edición Especial),Paty Cantú,Pop en español,2012-01-01,252.19,90,0b100a,99.0;76.3937;75.614174;33.519684;38.586617;40.145668;35.078743;28.452757;22.996063;31.96063;26.114174;31.96063;46.38189;50.669292;30.79134;44.04331;45.602364;48.330708;58.854332;58.074802;65.87008;73.66535;52.228348;0.0;,faa37a,aeafe3,8090.0,Archivo de audio MPEG,252212.0,2012.0,256.0,44100.0,100.0,100.0,3867.0,5.0,1.0,12.0,3837587253.0,2025-08-09 17:27:33,"David Siegel, Shane Stoner, Patricia Cantu, Ángela Dávalos & Marc Geffard",,,28,-1.0
Paty Cantú,Funeral 2.0,Paty Cantú,Funeral 2.0 - Single,Paty Cantú,Pop en español,2024-04-18,234.61,105,05aa82,92.76378;99.0;60.80315;40.925198;27.67323;31.96063;39.755905;37.417324;37.027557;28.84252;29.622047;29.622047;32.740158;38.586617;26.114174;31.570868;37.027557;34.688976;36.24803;41.704723;59.244095;66.25984;45.2126;0.0;,dcd671,b16579,8160.0,Archivo de audio MPEG,234631.0,2024.0,256.0,44100.0,100.0,100.0,4328.0,5.0,1.0,4.0,3835539530.0,2025-07-17 00:38:50,"Angela Davalos, Emilia Vega, Paty Cantú & Simón Buritica Jaramillo",,,52,2.0
Paty Cantú,Hoy No,Paty Cantú,La Mexicana,Paty Cantú,Pop en español,2020-10-30,195.74,105,0dbd6d,41.31496;99.0;77.95276;45.992126;35.078743;52.61811;54.56693;39.755905;46.771652;34.688976;25.334646;35.85827;34.299213;38.97638;21.826773;33.12992;39.755905;34.299213;28.062992;24.555119;29.232285;34.688976;26.114174;0.0;,4dc723,031661,8166.0,Archivo de audio MPEG,195761.0,2020.0,256.0,44100.0,100.0,100.0,7013.0,5.0,1.0,5.0,3831060836.0,2025-05-26 04:33:56,,,,38,-1.0
Paty Cantú,No Hacemos Nada,Paty Cantú,La Mexicana,Paty Cantú,Pop en español,2020-06-12,210.13,134,89848e,20.267717;99.0;79.90157;74.444885;19.877954;34.688976;30.79134;19.48819;19.877954;17.929134;11.692913;15.20079;24.165356;24.165356;15.590553;21.047245;41.31496;31.181103;33.12992;26.893702;33.12992;36.637794;31.181103;0.0;,7ced3f,541c30,8168.0,Archivo de audio MPEG,210155.0,2020.0,256.0,44100.0,100.0,100.0,2300.0,5.0,1.0,6.0,3830026845.0,2025-05-14 05:20:45,"Agustín Zubillaga, Luis Jimenez & Patricia Giovanna Cantú Velasco",,,21,
Paty Cantú,Ansiedad,Paty Cantú,La Mexicana,Paty Cantú,Pop en español,2020-10-30,255.66,122,a0839a,49.889763;99.0;76.3937;63.531494;37.417324;41.704723;49.5;33.90945;45.992126;27.283466;33.519684;35.85827;40.925198;37.807087;26.503939;37.027557;49.5;35.85827;45.2126;45.992126;45.2126;45.2126;25.724411;0.0;,a9d026,010202,8170.0,Archivo de audio MPEG,255686.0,2020.0,256.0,44100.0,100.0,100.0,7621.0,5.0,1.0,4.0,3826354465.0,2025-04-01 18:14:25,,,,25,
Paty Cantú,La Otra,Paty Cantú,La Otra - Single,Paty Cantú,Música latina,2023-08-10,189.1,80,03080a,99.0;86.137794;64.70079;32.350395;24.165356;38.586617;32.740158;30.011812;24.555119;21.047245;21.047245;26.893702;30.79134;35.078743;22.6063;34.299213;41.31496;35.85827;43.65354;32.350395;51.059055;62.362206;53.397636;0.0;,dfd26d,845053,8174.0,Archivo de audio MPEG,189126.0,2023.0,256.0,44100.0,100.0,100.0,3966.0,5.0,1.0,4.0,3827250999.0,2025-04-12 02:16:39,,,,25,1.0
Paty Cantú,Lo Que No Quieres Saber,Paty Cantú,Lo Que No Quieres Saber - Single,Paty Cantú,Pop,2023-10-19,153.21,82,3f2c18,72.49606;95.102356;99.0;75.22441;65.09055;57.295277;59.244095;43.65354;24.944883;29.622047;23.77559;35.468506;41.31496;40.145668;21.43701;29.232285;37.027557;35.85827;31.570868;43.65354;70.54724;84.968506;56.90551;0.0;,96edbd,1bced5,8176.0,Archivo de audio MPEG,153234.0,2023.0,256.0,44100.0,100.0,100.0,5673.0,5.0,1.0,5.0,3834338071.0,2025-07-03 02:54:31,"Angela Davalos, Daniel Sobrino, Ali Stone & Paty Cantú",,,20,-1.0
Paty Cantú,No Fue Suficiente,Paty Cantú,Me Quedo Sola,Paty Cantú,Música latina,2008-01-01,195.4,72,505144,51.83858;65.480316;52.61811;71.32677;67.42913;60.80315;55.34646;99.0;44.822834;45.2126;52.61811;45.602364;67.81889;76.78346;38.19685;34.688976;28.062992;34.299213;35.468506;33.519684;51.44882;61.192913;43.65354;0.0;,4a17b2,7d5619,8180.0,Archivo de audio MPEG,195422.0,2008.0,256.0,44100.0,100.0,100.0,3926.0,5.0,1.0,5.0,3829159280.0,2025-05-04 04:21:20,wwW.MusikfresK.blogspot.com,,,35,1.0
Paty Cantú,Déjame Ir,Paty Cantú,Me Quedo Sola,Paty Cantú,Música latina,2008-01-01,233.46,78,553129,21.047245;35.468506;49.889763;28.452757;45.602364;33.90945;22.6063;46.771652;60.80315;40.535435;32.740158;41.704723;67.81889;71.32677;36.24803;46.771652;42.484253;51.44882;58.464565;33.90945;66.25984;99.0;49.110237;0.0;,d426a1,8eed5a,8182.0,Archivo de audio MPEG,233482.0,2008.0,256.0,44100.0,100.0,100.0,4368.0,5.0,1.0,4.0,3837509990.0,2025-08-08 19:59:50,Patricia Cantu & Luis Fernando Ochoa,,,60,-2.0
Paty Cantú,Me Quedo Sola,Paty Cantú,Me Quedo Sola,Paty Cantú,Música latina,2008-01-01,198.16,83,010203,78.732285;99.0;64.31102;61.192913;51.83858;74.055115;68.208664;76.00394;86.91732;78.342514;51.44882;74.83464;80.6811;84.578735;49.889763;63.531494;64.70079;66.25984;71.71654;57.295277;65.09055;85.74803;44.04331;0.0;,ca1b68,743e3d,8188.0,Archivo de audio MPEG,198191.0,2008.0,256.0,44100.0,100.0,100.0,3846.0,5.0,1.0,4.0,3826356338.0,2025-04-01 18:45:38,Gustavo Guevara/Patricia Cantú,,,22,3.0
Paty Cantú,Tal Vez,Paty Cantú,Tal Vez - Single,Paty Cantú,Pop,2024-06-27,166.9,100,bc339a,54.56693;99.0;48.720474;35.078743;34.688976;26.114174;29.232285;43.26378;22.996063;21.826773;21.826773;27.283466;30.401575;27.67323;19.48819;25.724411;31.96063;30.401575;41.704723;31.181103;45.2126;56.125984;44.43307;0.0;,cfdd5d,59343b,8204.0,Archivo de audio MPEG,166922.0,2024.0,256.0,44100.0,100.0,100.0,7940.0,5.0,1.0,4.0,3826358255.0,2025-04-01 19:17:35,"Paty Cantú, Gero Omaña, Victòria & Esmeralda Cantoral",,,25,1.0
Paty Cantú,No lo Sé,Paty Cantú & Arkano,La Mexicana,Paty Cantú,Pop Latino,2020-10-30,140.43,125,59565e,99.0;82.24016;91.20473;33.12992;30.401575;28.062992;25.334646;19.877954;18.3189;15.20079;12.8622055;16.370079;14.811024;19.48819;12.472443;19.48819;26.893702;30.79134;34.299213;42.09449;60.02362;59.633858;28.452757;0.0;,c0ed89,803d3d,8208.0,Archivo de audio MPEG,140460.0,2020.0,256.0,44100.0,100.0,100.0,2938.0,5.0,1.0,2.0,3826358898.0,2025-04-01 19:28:18,"Paty Cantú, Fabian Mazur, Alexandra Grace Saad, Guillermo Rodriguez Godinez & Joshua Carruthers",,,29,
Paty Cantú,Mírame,Paty Cantú & Josh Radnor,La Mexicana,Paty Cantú,Pop en español,2020-10-30,238.03,97,89514f,37.027557;99.0;61.582676;48.330708;63.921257;27.67323;28.84252;27.67323;29.622047;17.149609;19.48819;16.759842;17.539371;21.047245;15.20079;19.098427;20.657482;12.08268;13.251968;19.48819;24.165356;19.098427;17.149609;0.0;,49e850,4813b4,8216.0,Archivo de audio MPEG,238053.0,2020.0,256.0,44100.0,100.0,100.0,2651.0,5.0,1.0,3.0,3837343086.0,2025-08-06 21:38:06,,,,19,-1.0
Paty Cantú,A Las 3,Paty Cantú & Leon Leiden,A Las 3 - Single,Paty Cantú & Leon Leiden,Pop,2023-06-01,162.35,103,0c83bb,68.59843;72.885826;59.633858;71.71654;64.31102;99.0;61.972443;74.055115;54.177166;55.34646;42.874016;40.535435;33.519684;30.011812;26.893702;34.299213;35.85827;37.807087;30.401575;32.740158;53.397636;83.019684;50.279526;0.0;,5888f9,856f15,8226.0,Archivo de audio MPEG,162377.0,2023.0,256.0,44100.0,100.0,100.0,5907.0,5.0,1.0,3.0,3832745196.0,2025-06-14 16:26:36,"Angela Davalos, Leon Leiden, Patricia Cantu & Saibu",,,36,-1.0
Paty Cantú,Si Yo Fuera Tú,Paty Cantú & Maria Becerra,Si Yo Fuera Tú - Single,Paty Cantú & Maria Becerra,Pop en español,2021-03-19,172.43,78,051109,67.42913;76.78346;69.767715;68.208664;59.244095;67.42913;91.20473;61.192913;45.602364;56.90551;51.44882;48.720474;58.854332;62.75197;41.31496;54.56693;56.90551;56.125984;87.30708;83.019684;99.0;90.42519;54.56693;0.0;,e648b4,aa6f60,8228.0,Archivo de audio MPEG,172460.0,2021.0,256.0,44100.0,100.0,100.0,5794.0,5.0,1.0,4.0,3826357448.0,2025-04-01 19:04:08,,,,28,1.0
Paty Cantú,Que Pasaría,Paty Cantú & VADHIR,Que Pasaría - Single,Paty Cantú & VADHIR,Pop en español,2022-11-04,198.58,90,0a0e08,72.1063;88.866135;87.69685;51.83858;81.46063;74.444885;79.12205;47.940945;45.602364;47.940945;42.484253;35.85827;41.31496;42.09449;39.755905;53.007874;57.68504;60.02362;68.208664;77.95276;88.47638;99.0;63.14173;0.0;,ea87c5,c08963,8234.0,Archivo de audio MPEG,198608.0,2022.0,256.0,44100.0,100.0,100.0,5314.0,5.0,1.0,5.0,3829165282.0,2025-05-04 06:01:22,,,,23,
Paty Cantú,¿Te Ha Pasado?,"Paty Cantú, Pitizion & Camila Fernández",La Mexicana,Paty Cantú,Pop en español,2020-10-30,163.32,83,292512,27.67323;81.85039;94.32283;61.582676;59.633858;71.71654;71.71654;99.0;54.177166;57.295277;60.80315;50.279526;73.66535;86.91732;43.65354;60.02362;41.31496;53.397636;58.464565;65.87008;63.921257;75.614174;45.602364;0.0;,870086,984934,8238.0,Archivo de audio MPEG,163343.0,2020.0,256.0,44100.0,100.0,100.0,3123.0,5.0,1.0,7.0,3831025277.0,2025-05-25 18:41:17,"Paty Cantú, Miriam Rodríguez & Maria Del Pilar Pérez",,,17,
Paty Cantú,Bailando,Safree & Paty Cantú,Bailando - Single,Safree & Paty Cantú,Hip-Hop/Rap,2021-01-19,144.09,100,26d221,99.0;64.31102;48.330708;51.83858;18.3189;19.877954;28.452757;17.149609;21.826773;21.43701;23.385828;26.893702;25.334646;25.334646;19.098427;18.3189;20.657482;28.452757;38.19685;49.110237;53.007874;61.192913;39.366142;0.0;,e1cd9c,b1566b,8856.0,Archivo de audio MPEG,144117.0,2021.0,256.0,44100.0,100.0,100.0,1132.0,5.0,1.0,6.0,3826364295.0,2025-04-01 20:58:15,Rosana Martínez Navarro & Paty Cantú,,,60,
Paty Cantú,Al Infiel,Paty Cantú,Al Infiel - Single,Paty Cantú,Pop,2024-11-07,209.23,140,9e9fa4,36.24803;67.81889;99.0;72.49606;64.31102;99.0;40.145668;40.535435;22.216536;21.826773;25.334646;33.12992;31.96063;42.874016;23.385828;28.062992;31.570868;24.555119;39.755905;47.55118;50.669292;66.649605;29.232285;0.0;,46bfde,01336e,11100.0,Archivo de audio AAC,209212.0,2024.0,318.0,48000.0,100.0,100.0,4264.0,5.0,1.0,5.0,3837511907.0,2025-08-08 20:31:47,Angela Davalos & Paty Cantú,,,18,-1.0
Paty Cantú,Chiquita,Kaia Lana & Paty Cantú,Chiquita - Single,Kaia Lana & Paty Cantú,Pop en español,2024-10-10,184.74,130,6c5c6a,61.972443;99.0;55.73622;46.38189;65.480316;26.114174;26.503939;38.97638;52.228348;24.944883;28.84252;24.944883;33.90945;42.484253;25.334646;33.90945;45.2126;37.027557;50.279526;45.2126;40.535435;88.866135;68.208664;0.0;,e6cb83,332c36,11104.0,Archivo de audio AAC,184715.0,2024.0,326.0,48000.0,100.0,100.0,3653.0,5.0,1.0,4.0,3835541294.0,2025-07-17 01:08:14,,,,42,1.0
Paty Cantú,El Reloj del Corazón,Gera MX & Paty Cantú,El Reloj del Corazón - Single,Gera MX & Paty Cantú,Rap,2024-07-26,205.43,86,13170b,66.25984;82.24016;84.578735;73.66535;82.62992;67.03937;74.055115;93.15354;65.09055;68.59843;54.56693;56.125984;63.531494;69.37795;42.09449;50.279526;61.192913;65.09055;67.03937;60.80315;69.767715;99.0;63.921257;0.0;,b123c7,994a42,12886.0,Archivo de audio AAC,205404.0,2024.0,330.0,48000.0,100.0,100.0,4300.0,5.0,1.0,4.0,3832010534.0,2025-06-06 04:22:14,,,,40,-1.0
Paty Cantú,"Al Mali (TQM, BB)",Paty Cantú & El Malilla,"Al Mali (TQM, BB) - Single",Paty Cantú & El Malilla,Pop,2025-02-06,155.02,82,0b0710,85.74803;85.74803;99.0;65.09055;83.019684;73.27559;54.177166;48.720474;34.299213;26.893702;30.401575;27.67323;24.555119;31.96063;32.740158;30.011812;39.755905;49.5;51.059055;72.885826;85.74803;97.44095;47.55118;0.0;,becad2,b1987d,14522.0,Archivo de audio AAC,155000.0,2025.0,332.0,48000.0,100.0,100.0,4566.0,5.0,1.0,15.0,3834827960.0,2025-07-08 18:59:20,,,,20,2.0
Paty Cantú,Libre,Alvaro Soler feat. Paty Cantú,Eterno Agosto,Alvaro Soler,Pop en español,2016-07-15,231.06,82,06050c,85.74803;99.0;63.14173;65.87008;71.71654;36.637794;49.110237;34.688976;29.622047;33.90945;28.062992;29.622047;29.232285;35.078743;28.452757;40.535435;45.602364;50.669292;67.42913;92.76378;90.81496;91.98425;44.04331;0.0;,eeb5a3,a5aaaa,17564.0,Archivo de audio AAC,231038.0,2016.0,332.0,48000.0,100.0,100.0,5009.0,5.0,1.0,1.0,3832353487.0,2025-06-10 03:38:07,Ali Zuckowski/Alvaro Tauchert Soler/Simon Triebel,,,70,1.0
Paty Cantú,Valiente,Paty Cantú,Valiente (Deluxe) - EP,Paty Cantú,Pop en español,2015-09-04,255.56,87,020405,33.519684;41.31496;53.007874;63.531494;57.68504;33.90945;99.0;74.83464;26.503939;28.452757;46.771652;30.401575;46.771652;58.854332;31.181103;38.586617;46.771652;37.417324;35.078743;28.452757;38.586617;59.633858;42.09449;0.0;,5f11b7,65610f,23352.0,Archivo de audio AAC,255535.0,2015.0,320.0,48000.0,100.0,100.0,3301.0,5.0,1.0,2.0,3826362802.0,2025-04-01 20:33:22,"Patricia Cantu, Angela Dávalos, Eric Palmqwist & Mats Hedstrom",,,50,
Paty Cantú,#Natural,Paty Cantú & Juhn,#Natural - Single,Paty Cantú & Juhn,Pop en español,2017-10-20,227.09,97,02653f,99.0;79.90157;59.244095;44.43307;36.24803;62.362206;56.90551;44.04331;34.299213;58.074802;30.011812;33.12992;51.059055;54.56693;40.145668;58.854332;64.31102;86.91732;60.80315;53.7874;74.444885;96.27165;42.484253;0.0;,fe6e88,b7ad8a,23362.0,Archivo de audio AAC,227068.0,2017.0,332.0,48000.0,100.0,100.0,6042.0,5.0,1.0,5.0,3837439825.0,2025-08-08 00:30:25,"Paty Cantú, Jorge Hernández Quiles & Andres Saavedra",,,70,
Paty Cantú,A Mí Me Gusta,"El Freaky, De La Ghetto & Paty Cantú",A Mí Me Gusta - Single,"El Freaky, De La Ghetto & Paty Cantú",Dance,2019-05-03,218.78,95,090613,69.767715;99.0;63.921257;31.96063;40.145668;44.04331;33.90945;31.570868;27.67323;25.334646;27.283466;31.181103;26.503939;34.299213;28.84252;38.586617;45.602364;58.464565;70.93701;69.767715;74.83464;84.18898;42.09449;0.0;,f7ac7f,86838b,23366.0,Archivo de audio AAC,218755.0,2019.0,338.0,48000.0,100.0,100.0,4167.0,5.0,1.0,2.0,3826361599.0,2025-04-01 20:13:19,MP3TECA.COM,,,41,1.0
Paty Cantú,"Amor, Amor, Amor",Paty Cantú,"Amor, Amor, Amor - Single",Paty Cantú,Pop en español,2016-02-19,226.28,148,916773,73.66535;99.0;74.444885;51.44882;46.38189;45.602364;57.295277;46.38189;65.480316;42.874016;43.26378;49.5;42.484253;47.16142;27.67323;40.535435;41.704723;44.43307;50.669292;61.192913;68.59843;80.6811;58.464565;0.0;,f4b094,313428,23372.0,Archivo de audio AAC,226255.0,2016.0,324.0,48000.0,100.0,100.0,4236.0,5.0,1.0,5.0,3829944900.0,2025-05-13 06:35:00,"Paty Cantú, Ángela Dávalos, Daniel Volpe, Eric Palmqwist & Thomas Lipp",,,29,-1.0
Paty Cantú,Bailo Sola,Paty Cantú,Bailo Sola - Single,Paty Cantú,Pop,2022-06-09,155.15,160,08060d,59.633858;99.0;52.228348;34.688976;34.688976;30.79134;39.755905;35.85827;29.232285;28.84252;31.570868;26.503939;39.755905;48.330708;29.232285;46.38189;48.720474;58.464565;61.192913;51.44882;48.720474;40.145668;23.385828;0.0;,df902d,16161c,23376.0,Archivo de audio AAC,155132.0,2022.0,332.0,48000.0,100.0,100.0,7053.0,5.0,1.0,4.0,3837512645.0,2025-08-08 20:44:05,Patricia Cantu & Cesar Ceja,,,32,-1.0
Paty Cantú,Conocerte,Paty Cantú,Conocerte - Single,Paty Cantú,Pop en español,2020-10-09,174.82,105,1370c8,99.0;81.46063;55.34646;21.047245;35.078743;46.38189;30.401575;34.299213;26.503939;25.724411;29.232285;30.011812;37.807087;38.19685;23.77559;29.232285;35.85827;32.350395;46.38189;43.26378;48.720474;57.68504;33.519684;0.0;,e9c671,814d50,23378.0,Archivo de audio AAC,174800.0,2020.0,329.0,48000.0,100.0,100.0,3952.0,5.0,1.0,4.0,3828951460.0,2025-05-01 18:37:40,"Paty Cantú, Agustín Zubillaga & Luis Jimenez",,,28,-1.0
Paty Cantú,Cuando Vuelvas,Paty Cantú,Cuando Vuelvas - Single,Paty Cantú,Pop en español,2020-02-20,193.21,82,3e0faf,99.0;84.968506;71.71654;34.299213;37.417324;27.67323;30.79134;23.385828;24.944883;28.062992;22.6063;28.452757;34.688976;47.55118;34.299213;36.637794;36.637794;38.97638;42.484253;48.720474;46.38189;48.330708;30.79134;0.0;,dcc74e,56404d,23384.0,Archivo de audio AAC,193190.0,2020.0,326.0,48000.0,100.0,100.0,5791.0,5.0,1.0,2.0,3826362995.0,2025-04-01 20:36:35,"Agustín Zubillaga, Luis Jimenez & Patricia Cantu",,,31,1.0
Paty Cantú,Cuenta Pendiente,Paty Cantú feat. Alejandro Sanz,Cuenta Pendiente - Single,Paty Cantú feat. Alejandro Sanz,Pop en español,2018-08-17,192.68,82,110917,99.0;75.22441;86.52756;30.79134;38.586617;36.24803;32.740158;26.503939;28.84252;33.12992;36.637794;43.26378;36.637794;34.299213;25.334646;32.350395;30.011812;44.822834;47.55118;48.720474;51.83858;61.192913;39.755905;0.0;,e4cd7a,382837,23386.0,Archivo de audio AAC,192656.0,2018.0,332.0,48000.0,100.0,100.0,3287.0,5.0,1.0,2.0,3826361179.0,2025-04-01 20:06:19,#Shark Dj® 2019 Y Hugo®.....La Unica Marca Que Revoluciona El Mercado De La Pirateria En Mexico!!,,,31,2.0
Paty Cantú,Déjame Ir,Paty Cantú & Pablo López,Déjame Ir - Single,Paty Cantú & Pablo López,Pop en español,2018-07-13,205.12,80,0b1507,85.35826;99.0;54.56693;53.7874;85.35826;54.56693;65.480316;60.02362;58.854332;31.181103;35.078743;51.83858;49.110237;56.125984;44.43307;63.921257;56.90551;57.295277;50.279526;52.228348;67.03937;74.055115;54.56693;0.0;,fd6f6d,a05146,23392.0,Archivo de audio AAC,205102.0,2018.0,313.0,48000.0,100.0,100.0,2950.0,5.0,1.0,2.0,3826355706.0,2025-04-01 18:35:06,,,,16,
Paty Cantú,En Mis Tacones,"Fanny Lu, Paty Cantú & Melanie Pfirrman",En Mis Tacones - Single,"Fanny Lu, Paty Cantú & Melanie Pfirrman",Música latina,2020-07-23,178.49,90,04040a,80.6811;54.95669;99.0;36.24803;29.622047;36.637794;49.5;36.637794;33.519684;45.2126;35.078743;47.940945;48.330708;59.244095;35.85827;43.26378;46.38189;40.535435;40.145668;43.26378;51.059055;51.83858;37.027557;0.0;,ee574e,080c08,23396.0,Archivo de audio AAC,178468.0,2020.0,331.0,48000.0,100.0,100.0,4939.0,5.0,1.0,4.0,3834413085.0,2025-07-03 23:44:45,"Alfonso Ordoñez, Carollina Colon Juarbe, Fanny Lucia Martinez & Miguel Yadam González Cárdenas",,,39,-1.0
Paty Cantú,Feliz Breakup,"Paty Cantú, Ximena Sariñana & zzoilo",Feliz Breakup - Single,"Paty Cantú, Ximena Sariñana & zzoilo",Pop,2023-04-21,207.26,115,5b14b2,95.102356;94.7126;53.007874;43.26378;54.177166;35.468506;42.874016;81.85039;29.622047;35.85827;40.145668;42.484253;57.295277;80.291336;48.720474;54.56693;53.007874;46.771652;61.972443;58.464565;76.3937;99.0;68.208664;0.0;,ff7a80,888979,23398.0,Archivo de audio AAC,207238.0,2023.0,330.0,48000.0,100.0,100.0,5690.0,5.0,1.0,3.0,3831056082.0,2025-05-26 03:14:42,,,,35,-1.0
Paty Cantú,Guadalajara,"Paty Cantú, Neto Peña & Gera MX",Guadalajara - Single,"Paty Cantú, Neto Peña & Gera MX",Pop,2022-07-28,230.06,114,660d92,66.25984;99.0;42.484253;39.755905;28.062992;25.334646;37.807087;48.720474;27.67323;30.401575;23.77559;28.452757;30.79134;34.299213;25.724411;37.807087;35.85827;44.43307;50.279526;65.480316;70.54724;67.81889;37.417324;0.0;,f5b077,675c69,23402.0,Archivo de audio AAC,230040.0,2022.0,335.0,48000.0,100.0,100.0,5778.0,5.0,1.0,4.0,3830025333.0,2025-05-14 04:55:33,,,,44,1.0
Paty Cantú,La Mentirosa,Luis Fonsi & Paty Cantú,La Mentirosa - Single,Luis Fonsi & Paty Cantú,Pop en español,2020-08-25,223.21,85,000000,38.97638;56.90551;76.3937;35.468506;61.972443;62.362206;60.02362;44.43307;55.73622;38.97638;46.771652;43.65354;47.940945;48.330708;43.26378;42.874016;49.5;59.633858;49.889763;99.0;72.1063;81.46063;51.059055;0.0;,df3cb3,b68269,23406.0,Archivo de audio AAC,223190.0,2020.0,325.0,48000.0,100.0,100.0,3986.0,5.0,1.0,7.0,3835546877.0,2025-07-17 02:41:17,J. Eduardo Murguía & Mauricio L. Arriaga,,,21,-1.0
Paty Cantú,La Mexicana,Paty Cantú & Hispana,La Mexicana - Single,Paty Cantú & Hispana,Pop en español,2020-07-03,179.33,85,020204,99.0;77.173225;65.09055;34.299213;35.468506;34.299213;45.992126;51.44882;36.24803;40.535435;54.95669;33.519684;48.330708;52.228348;31.96063;47.940945;42.874016;45.2126;56.515747;48.720474;51.83858;48.720474;34.299213;0.0;,f3814a,25271b,23408.0,Archivo de audio AAC,179304.0,2020.0,335.0,48000.0,100.0,100.0,4032.0,5.0,1.0,5.0,3829165724.0,2025-05-04 06:08:44,PATY CANTU,,,27,-4.0
Paty Cantú,Llévame Contigo,Paty Cantú,Llévame Contigo - Single,Paty Cantú,Pop en español,2020-04-24,211.88,97,999f17,90.81496;99.0;61.192913;41.704723;24.555119;28.452757;30.79134;14.811024;33.12992;26.503939;25.334646;38.19685;41.704723;51.059055;40.145668;48.720474;70.93701;72.885826;84.968506;55.73622;45.992126;36.24803;20.267717;0.0;,e08a2d,b3ede4,23410.0,Archivo de audio AAC,211859.0,2020.0,316.0,48000.0,100.0,100.0,5843.0,5.0,1.0,3.0,3830156053.0,2025-05-15 17:14:13,,,,19,3.0
Paty Cantú,Mariposas,Paty Cantú,Mariposas - Single,Paty Cantú,Pop en español,2018-05-25,179.67,92,0a0722,78.732285;88.47638;53.007874;29.622047;45.602364;38.586617;39.755905;54.95669;61.582676;38.97638;41.704723;61.192913;60.413383;63.921257;43.26378;56.125984;53.7874;50.669292;53.397636;49.889763;59.633858;99.0;58.074802;0.0;,fc6378,766d5f,23412.0,Archivo de audio AAC,179653.0,2018.0,326.0,48000.0,100.0,100.0,4316.0,5.0,1.0,3.0,3827249293.0,2025-04-12 01:48:13,Paty Cantú & Ángela Dávalos,,,24,
Paty Cantú,Mi Película,Paty Cantú,Mi Película - Single,Paty Cantú,Pop,2022-10-14,144.03,104,380ca5,99.0;95.102356;63.531494;67.42913;41.704723;47.940945;56.125984;53.007874;38.586617;45.602364;40.145668;39.755905;47.16142;47.55118;29.622047;43.26378;39.366142;39.755905;44.04331;41.704723;55.34646;59.244095;41.704723;0.0;,d8d96b,292617,23414.0,Archivo de audio AAC,144010.0,2022.0,323.0,48000.0,100.0,100.0,5304.0,5.0,1.0,4.0,3834561702.0,2025-07-05 17:01:42,"Patricia Giovanna Cantú Velasco, Paul Sefchovich, Luis Miguel de la Isla & Alberto Hernández",,,29,
Paty Cantú,Miento,Paty Cantú & Jesse Baez,Miento - Single,Paty Cantú & Jesse Baez,Pop en español,2018-03-23,185.04,78,13170d,99.0;75.22441;66.649605;28.84252;35.078743;44.04331;30.011812;22.996063;17.149609;14.421261;12.8622055;21.43701;16.759842;24.555119;14.421261;36.637794;32.740158;35.468506;51.83858;49.5;53.007874;76.00394;47.940945;0.0;,e1cf95,b45a73,23416.0,Archivo de audio AAC,185016.0,2018.0,333.0,48000.0,100.0,100.0,3316.0,5.0,1.0,1.0,3824120045.0,2025-03-06 21:34:05,"Paty Cantú, Jesse Baez, Andres Saavedra, Jorge Hernández Quiles & Oscar Botello",,,19,
Paty Cantú,No Hacemos Nada,Paty Cantú,No Hacemos Nada - Single,Paty Cantú,Pop en español,2020-06-12,207.7,134,8a898f,21.43701;99.0;81.46063;74.83464;20.657482;33.90945;30.401575;19.877954;19.877954;18.3189;11.692913;15.590553;24.555119;25.724411;16.759842;22.216536;44.04331;33.12992;33.519684;26.893702;33.12992;36.637794;31.570868;0.0;,7eea3a,561b32,23420.0,Archivo de audio AAC,207679.0,2020.0,322.0,48000.0,100.0,100.0,2389.0,5.0,1.0,6.0,3831537359.0,2025-05-31 16:55:59,"Agustín Zubillaga, Luis Jimenez & Patricia Giovanna Cantú Velasco",,,22,
Paty Cantú,Odiarte,Paty Cantú & Lasso,Odiarte - Single,Paty Cantú & Lasso,Pop en español,2021-01-29,237.07,89,7c4947,33.90945;47.16142;88.08661;99.0;43.26378;62.362206;57.68504;58.854332;48.720474;45.602364;33.12992;58.854332;64.31102;72.49606;39.755905;73.27559;62.75197;56.90551;63.531494;72.49606;68.98819;98.220474;59.633858;0.0;,bd1bb0,cead4f,23422.0,Archivo de audio AAC,237052.0,2021.0,326.0,48000.0,100.0,100.0,4938.0,5.0,1.0,5.0,3834405676.0,2025-07-03 21:41:16,"Paty Cantú, Andrés Torres, Mauricio Rengifo, Pablo Arévalo & Ana Paola Lynch",,,16,
Paty Cantú,Rompo Contigo,Paty Cantú,Rompo Contigo - Single,Paty Cantú,Pop en español,2016-08-26,223.4,132,87878c,93.15354;72.885826;46.771652;27.67323;48.330708;39.366142;32.350395;57.68504;81.46063;54.177166;49.889763;58.464565;56.515747;80.6811;41.704723;51.44882;55.73622;53.7874;60.80315;66.25984;94.7126;99.0;67.81889;0.0;,f65591,988a76,23426.0,Archivo de audio AAC,223376.0,2016.0,319.0,48000.0,100.0,100.0,3905.0,5.0,1.0,3.0,3826363428.0,2025-04-01 20:43:48,Patricia Cantu & Angela Dávalos,,,25,-2.0
Paty Cantú,Sueños Lastimados,Paty Cantú,Sueños Lastimados - Single,Paty Cantú,Pop en español,2017-02-17,254.86,134,86655c,11.692913;45.992126;99.0;45.2126;47.16142;33.519684;27.283466;31.570868;20.657482;17.149609;17.539371;16.370079;18.3189;25.334646;12.8622055;15.590553;18.708662;19.098427;20.657482;21.047245;30.011812;40.535435;22.6063;0.0;,23cea9,7b15ac,23428.0,Archivo de audio AAC,254839.0,2017.0,317.0,48000.0,100.0,100.0,3161.0,5.0,1.0,4.0,3834418109.0,2025-07-04 01:08:29,,,,19,
Paty Cantú,A la de Lu,Paty Cantú,Sagitario,Paty Cantú,Pop,2025-03-27,164.16,80,5d312c,42.09449;64.70079;56.515747;40.145668;30.011812;26.503939;23.385828;22.996063;28.062992;19.877954;16.759842;18.708662;32.350395;37.027557;30.401575;36.24803;38.19685;31.570868;39.366142;44.822834;72.49606;99.0;73.27559;0.0;,f49dab,cf75e6,23888.0,Archivo de audio AAC,164142.0,2025.0,326.0,48000.0,100.0,100.0,7400.0,5.0,1.0,4.0,3837439598.0,2025-08-08 00:26:38,,,,19,1.0
Paty Cantú,Al Voluntario,Paty Cantú & José Madero,Sagitario,Paty Cantú,Pop,2025-03-27,157.87,77,51352d,10.133862;33.519684;99.0;41.704723;29.232285;33.12992;35.468506;28.84252;21.826773;22.996063;24.165356;27.283466;39.755905;44.04331;26.503939;28.452757;40.535435;37.417324;47.16142;41.704723;51.44882;70.93701;52.228348;0.0;,d942c2,823ee0,23892.0,Archivo de audio AAC,157849.0,2025.0,335.0,48000.0,100.0,100.0,6449.0,5.0,1.0,5.0,3831023260.0,2025-05-25 18:07:40,,,,19,
Paty Cantú,Mudo,Paty Cantú,Sagitario,Paty Cantú,Pop,2025-03-27,149.28,110,11b6c6,75.22441;88.866135;44.43307;60.02362;48.720474;25.334646;47.16142;35.078743;33.12992;25.334646;26.503939;31.181103;41.704723;42.09449;25.724411;28.84252;43.26378;45.992126;58.074802;70.15748;82.24016;99.0;67.81889;0.0;,f3a4a6,b3bbdc,23896.0,Archivo de audio AAC,149258.0,2025.0,328.0,48000.0,100.0,100.0,6298.0,5.0,1.0,3.0,3831457569.0,2025-05-30 18:46:09,,,,30,1.0
Paty Cantú,Contra El Mundo,Paty Cantú,Sagitario,Paty Cantú,Pop,2025-03-27,189.82,115,d4bf53,10.133862;24.165356;99.0;36.24803;24.555119;22.996063;25.334646;15.980316;17.149609;10.133862;9.744095;14.421261;16.759842;15.20079;8.574806;12.8622055;19.48819;16.759842;20.657482;20.267717;22.216536;29.622047;23.385828;0.0;,22c9ae,942457,23900.0,Archivo de audio AAC,189800.0,2025.0,315.0,48000.0,100.0,100.0,3413.0,5.0,1.0,4.0,3826367108.0,2025-04-01 21:45:08,,,,14,
Paty Cantú,Manifiesto,Paty Cantú,Sagitario,Paty Cantú,Pop,2025-03-27,138.06,122,ac8aa7,95.102356;99.0;45.2126;36.24803;26.893702;31.570868;40.145668;35.078743;37.027557;31.570868;30.011812;39.755905;43.65354;59.244095;40.925198;44.43307;50.279526;45.602364;44.04331;46.38189;53.397636;72.1063;44.04331;0.0;,f49e55,373a3c,23910.0,Archivo de audio AAC,138042.0,2025.0,333.0,48000.0,100.0,100.0,9710.0,5.0,1.0,3.0,3827232888.0,2025-04-11 21:14:48,,,,29,3.0
Paty Cantú,Ojitos de Mil Colores (A Mi Mami),Paty Cantú,Sagitario,Paty Cantú,Pop,2025-03-27,176.54,110,37b310,3.1181107;20.267717;99.0;88.866135;47.940945;55.34646;75.22441;39.366142;33.90945;26.893702;32.350395;46.38189;69.767715;57.295277;36.24803;47.55118;69.767715;34.688976;33.12992;33.90945;66.25984;64.31102;54.177166;0.0;,620eb2,b6992b,23912.0,Archivo de audio AAC,176518.0,2025.0,324.0,48000.0,100.0,100.0,3323.0,5.0,1.0,3.0,3830088777.0,2025-05-14 22:32:57,,,,23,-1.0
Paty Cantú,"Sí, Pero No",Paty Cantú,"Sí, Pero No - Single",Paty Cantú,Pop,2025-05-15,137.77,129,684f5b,88.47638;99.0;52.228348;36.24803;26.114174;34.688976;35.468506;29.622047;31.96063;25.724411;25.724411;29.232285;33.12992;39.366142;24.555119;32.740158;39.755905;44.04331;57.68504;64.70079;78.342514;92.76378;51.83858;0.0;,f3b58b,5a555e,25764.0,Archivo de audio MPEG,137795.0,2025.0,256.0,44100.0,100.0,100.0,9166.0,5.0,1.0,2.0,3837345755.0,2025-08-06 22:22:35,,,,32,-2.0
Paty Cantú: Feliz Breakup Tour - CDMX 2023,Mariposas,Paty Cantú,#333 (Edición Deluxe),Paty Cantú,Pop en español,2018-05-25,179.54,98,0a071e,79.51181;89.255905;53.7874;30.401575;46.38189;37.807087;40.145668;54.56693;63.14173;39.366142;42.09449;60.80315;61.582676;65.87008;43.65354;56.90551;55.34646;52.228348;54.95669;51.059055;61.192913;99.0;58.074802;0.0;,fb6275,766d5e,7994.0,Archivo de audio MPEG,179565.0,2018.0,256.0,44100.0,,100.0,4564.0,5.0,1.0,,,,Paty Cantú & Ángela Dávalos,,,70,
Paty Cantú: Feliz Breakup Tour - CDMX 2023,Vuelve A Respirar,Paty Cantú,#333 (Edición Deluxe),Paty Cantú,Pop en español,2018-05-25,247.59,120,aeb2bb,45.602364;58.854332;77.56299;54.177166;51.44882;52.61811;45.602364;33.519684;20.657482;31.570868;34.299213;21.826773;31.570868;36.637794;22.996063;29.622047;34.688976;37.027557;44.04331;44.822834;74.055115;99.0;56.90551;0.0;,cd9de1,d265b2,7998.0,Archivo de audio MPEG,247614.0,2018.0,256.0,44100.0,100.0,100.0,4323.0,5.0,1.0,4.0,3834510579.0,2025-07-05 02:49:39,Paty Cantú & Ángela Dávalos,,,17,-1.0
Paty Cantú: Feliz Breakup Tour - CDMX 2023,"Amor, Amor, Amor",Paty Cantú,#333 (Edición Deluxe),Paty Cantú,Pop en español,2016-02-19,226.3,148,8e6470,72.49606;99.0;73.66535;51.44882;45.992126;45.2126;56.515747;45.992126;65.09055;42.874016;43.26378;49.5;42.484253;47.55118;28.452757;41.31496;41.704723;44.822834;50.669292;61.582676;68.98819;80.291336;58.464565;0.0;,f5ad90,303328,8000.0,Archivo de audio MPEG,226324.0,2016.0,256.0,44100.0,,100.0,4507.0,5.0,1.0,,,,"Paty Cantú, Ángela Dávalos, Daniel Volpe, Eric Palmqwist & Thomas Lipp",,,29,-1.0
Paty Cantú: Feliz Breakup Tour - CDMX 2023,Valiente,Paty Cantú,#333 (Edición Deluxe),Paty Cantú,Pop en español,2015-09-04,255.58,87,020405,33.519684;41.31496;53.007874;63.531494;57.68504;33.90945;99.0;75.22441;26.503939;28.452757;46.771652;30.401575;46.771652;58.854332;31.570868;38.97638;47.16142;37.417324;35.078743;28.84252;39.366142;60.02362;42.484253;0.0;,6111b7,665f10,8002.0,Archivo de audio MPEG,255608.0,2015.0,256.0,44100.0,,100.0,3238.0,5.0,1.0,1.0,3823507859.0,2025-02-27 19:30:59,"Patricia Cantu, Angela Dávalos, Eric Palmqwist & Mats Hedstrom",,,50,1.0
Paty Cantú: Feliz Breakup Tour - CDMX 2023,Rompo Contigo,Paty Cantú,#333 (Edición Deluxe),Paty Cantú,Pop en español,2016-08-26,225.41,132,777c76,88.866135;76.00394;49.5;27.283466;47.16142;41.31496;33.12992;54.95669;77.95276;53.397636;43.65354;56.515747;54.95669;81.85039;42.484253;51.44882;56.515747;53.7874;60.413383;65.09055;93.15354;99.0;66.649605;0.0;,f8598d,ad987e,8004.0,Archivo de audio MPEG,225436.0,2016.0,256.0,44100.0,,100.0,4223.0,5.0,1.0,,,,Patricia Cantu & Angela Dávalos,,,25,
Paty Cantú: Feliz Breakup Tour - CDMX 2023,Cuervo,Paty Cantú,#333 (Edición Deluxe),Paty Cantú,Pop en español,2018-05-25,247.56,80,472e22,60.02362;99.0;94.32283;46.38189;51.83858;56.125984;44.822834;65.09055;42.484253;32.350395;31.181103;35.078743;34.688976;35.078743;21.826773;28.062992;28.452757;26.503939;22.6063;21.826773;26.893702;28.452757;19.48819;0.0;,2ed34d,005c7f,8006.0,Archivo de audio MPEG,247588.0,2018.0,256.0,44100.0,100.0,100.0,7801.0,5.0,1.0,3.0,3826360986.0,2025-04-01 20:03:06,Paty Cantú & Ángela Dávalos,,,27,1.0
Paty Cantú: Feliz Breakup Tour - CDMX 2023,Cuenta Pendiente,Paty Cantú feat. Alejandro Sanz,#333 (Edición Deluxe),Paty Cantú,Pop en español,2018-08-17,192.29,82,0f0815,99.0;74.83464;85.35826;30.401575;37.807087;36.637794;32.350395;25.724411;28.452757;32.740158;36.24803;42.874016;35.85827;33.90945;25.334646;32.740158;30.011812;44.822834;47.940945;49.110237;51.83858;61.192913;39.755905;0.0;,e6cc7a,3d2c3a,8008.0,Archivo de audio MPEG,192313.0,2018.0,256.0,44100.0,,100.0,3593.0,5.0,1.0,2.0,3821357092.0,2025-02-02 22:04:52,#Shark Dj® 2019 Y Hugo®.....La Unica Marca Que Revoluciona El Mercado De La Pirateria En Mexico!!,,,31,1.0
Paty Cantú: Feliz Breakup Tour - CDMX 2023,Afortunadamente No Eres Tú,Paty Cantú,Afortunadamente No Eres Tú (Edición Especial),Paty Cantú,Pop,2010-01-01,188.87,131,735561,95.88189;88.866135;74.444885;52.61811;46.771652;45.602364;60.80315;87.30708;54.95669;41.31496;36.24803;39.755905;41.704723;56.90551;38.586617;45.2126;56.125984;65.480316;70.15748;70.54724;97.05118;99.0;60.80315;0.0;,f984a6,4f5246,8036.0,Archivo de audio MPEG,188891.0,2010.0,256.0,44100.0,100.0,100.0,3983.0,5.0,1.0,2.0,3826361933.0,2025-04-01 20:18:53,"Juan Carlos Moguel, Bruno Danza & Paty Cantú",,,70,1.0
Paty Cantú: Feliz Breakup Tour - CDMX 2023,Goma de Mascar,Paty Cantú,Afortunadamente No Eres Tú (Edición Especial),Paty Cantú,Pop,2010-01-01,179.44,133,cb96dc,99.0;78.732285;47.16142;59.633858;50.669292;54.177166;74.055115;66.649605;37.807087;55.34646;37.417324;36.637794;49.889763;54.95669;37.807087;49.5;62.75197;66.25984;70.93701;70.15748;73.66535;91.20473;59.633858;0.0;,f765a3,847d6c,8038.0,Archivo de audio MPEG,179461.0,2010.0,256.0,44100.0,100.0,100.0,2172.0,5.0,1.0,7.0,3831278966.0,2025-05-28 17:09:26,"Paty Cantú, Angela Davalos & Daniel Ramirez",,,70,2.0
Paty Cantú: Feliz Breakup Tour - CDMX 2023,Clavo Que Saca Otro Clavo,Paty Cantú,Afortunadamente No Eres Tú (Edición Especial),Paty Cantú,Pop,2010-01-01,195.45,84,090d07,44.04331;79.51181;43.65354;58.074802;55.34646;38.19685;62.75197;49.889763;43.65354;40.925198;37.807087;40.535435;67.81889;67.03937;47.55118;45.992126;54.177166;61.192913;58.464565;63.921257;80.6811;99.0;43.65354;0.0;,f14a98,c29066,8040.0,Archivo de audio MPEG,195474.0,2010.0,256.0,44100.0,100.0,100.0,3607.0,5.0,1.0,4.0,3834405060.0,2025-07-03 21:31:00,"Bruno Danza, Paty Cantú & Jules Ramillano",,,70,1.0
Paty Cantú: Feliz Breakup Tour - CDMX 2023,Clavo Que Saca Otro Clavo,Paty Cantú,Afortunadamente No Eres Tú (Edición Especial),Paty Cantú,Pop,2011-01-01,200.8,78,090f06,2.338585;52.228348;50.279526;79.90157;86.52756;51.44882;53.397636;41.704723;33.519684;27.67323;28.452757;29.622047;54.177166;69.37795;37.807087;60.80315;81.46063;65.09055;55.34646;50.669292;98.220474;99.0;68.59843;0.0;,ce26ae,d8c971,8058.0,Archivo de audio MPEG,200829.0,2011.0,256.0,44100.0,100.0,100.0,2479.0,5.0,1.0,1.0,3823977607.0,2025-03-05 06:00:07,"Bruno Danza, Paty Cantu & Jules Ramillano",,,16,
Paty Cantú: Feliz Breakup Tour - CDMX 2023,Corazón Bipolar,Paty Cantú,Corazón Bipolar (Edición Especial),Paty Cantú,Pop en español,2012-01-01,195.63,100,9c19a6,96.27165;53.397636;55.34646;35.85827;31.570868;42.484253;38.97638;43.26378;48.720474;41.31496;31.181103;47.940945;52.228348;54.177166;36.637794;47.940945;43.65354;53.007874;56.90551;60.02362;77.173225;99.0;64.70079;0.0;,f66aa8,828583,8072.0,Archivo de audio MPEG,195657.0,2012.0,256.0,44100.0,100.0,100.0,5912.0,5.0,1.0,7.0,3837428251.0,2025-08-07 21:17:31,"Ximena Muñoz, Patricia Cantu & Angeles Dávalos",,,26,-1.0
Paty Cantú: Feliz Breakup Tour - CDMX 2023,Suerte,Paty Cantú,Corazón Bipolar (Edición Especial),Paty Cantú,Pop en español,2013-01-01,183.77,82,052c2f,99.0;75.614174;50.279526;44.04331;29.622047;31.181103;83.79921;43.65354;49.889763;42.874016;51.44882;44.04331;56.90551;73.66535;39.755905;57.68504;54.177166;58.464565;60.80315;56.125984;68.208664;76.00394;53.397636;0.0;,f75475,968070,8086.0,Archivo de audio MPEG,183797.0,2013.0,256.0,44100.0,100.0,100.0,4966.0,5.0,1.0,7.0,3835859900.0,2025-07-20 17:38:20,Patricia Cantu & Ángela Dávalos,,,26,-2.0
Paty Cantú: Feliz Breakup Tour - CDMX 2023,Cuando Vuelvas,Paty Cantú,La Mexicana,Paty Cantú,Pop en español,2020-02-20,195.4,110,370fae,99.0;84.968506;71.71654;34.299213;37.417324;27.283466;31.570868;23.385828;25.334646;28.062992;22.6063;28.84252;35.078743;48.330708;34.299213;37.417324;37.027557;39.366142;43.26378;49.110237;47.16142;49.5;31.181103;0.0;,dfc54f,594451,8162.0,Archivo de audio MPEG,195422.0,2020.0,256.0,44100.0,20.0,100.0,6524.0,5.0,1.0,,,,"Agustín Zubillaga, Luis Jimenez & Patricia Cantu",,,33,1.0
Paty Cantú: Feliz Breakup Tour - CDMX 2023,Conocerte,Paty Cantú,La Mexicana,Paty Cantú,Pop en español,2020-10-09,176.82,105,1194c5,99.0;81.46063;55.34646;21.826773;35.468506;46.38189;30.79134;34.299213;26.503939;25.724411;29.232285;30.011812;38.19685;39.366142;24.165356;29.622047;36.637794;33.12992;47.55118;44.43307;49.889763;58.464565;33.90945;0.0;,ebc372,8d565a,8164.0,Archivo de audio MPEG,176848.0,2020.0,256.0,44100.0,20.0,100.0,4216.0,5.0,1.0,,,,"Paty Cantú, Agustín Zubillaga & Luis Jimenez",,,28,-4.0
Paty Cantú: Feliz Breakup Tour - CDMX 2023,La Otra,Paty Cantú,La Otra - Single,Paty Cantú,Música latina,2023-08-10,189.1,80,03080a,99.0;86.137794;64.70079;32.350395;24.165356;38.586617;32.740158;30.011812;24.555119;21.047245;21.047245;26.893702;30.79134;35.078743;22.6063;34.299213;41.31496;35.85827;43.65354;32.350395;51.059055;62.362206;53.397636;0.0;,dfd26d,845053,8174.0,Archivo de audio MPEG,189126.0,2023.0,256.0,44100.0,100.0,100.0,3966.0,5.0,1.0,4.0,3827250999.0,2025-04-12 02:16:39,,,,25,1.0
Paty Cantú: Feliz Breakup Tour - CDMX 2023,No Fue Suficiente,Paty Cantú,Me Quedo Sola,Paty Cantú,Música latina,2008-01-01,195.4,72,505144,51.83858;65.480316;52.61811;71.32677;67.42913;60.80315;55.34646;99.0;44.822834;45.2126;52.61811;45.602364;67.81889;76.78346;38.19685;34.688976;28.062992;34.299213;35.468506;33.519684;51.44882;61.192913;43.65354;0.0;,4a17b2,7d5619,8180.0,Archivo de audio MPEG,195422.0,2008.0,256.0,44100.0,100.0,100.0,3926.0,5.0,1.0,5.0,3829159280.0,2025-05-04 04:21:20,wwW.MusikfresK.blogspot.com,,,35,1.0
Paty Cantú: Feliz Breakup Tour - CDMX 2023,Déjame Ir,Paty Cantú,Me Quedo Sola,Paty Cantú,Música latina,2008-01-01,233.46,78,553129,21.047245;35.468506;49.889763;28.452757;45.602364;33.90945;22.6063;46.771652;60.80315;40.535435;32.740158;41.704723;67.81889;71.32677;36.24803;46.771652;42.484253;51.44882;58.464565;33.90945;66.25984;99.0;49.110237;0.0;,d426a1,8eed5a,8182.0,Archivo de audio MPEG,233482.0,2008.0,256.0,44100.0,100.0,100.0,4368.0,5.0,1.0,4.0,3837509990.0,2025-08-08 19:59:50,Patricia Cantu & Luis Fernando Ochoa,,,60,-2.0
Paty Cantú: Feliz Breakup Tour - CDMX 2023,Bailo Sola,Paty Cantú,Piscis - EP,Paty Cantú,Latin,2022-06-09,155.17,160,08060d,59.633858;99.0;51.44882;35.078743;34.688976;30.401575;39.755905;35.85827;29.232285;28.84252;31.96063;27.283466;40.145668;49.110237;29.622047;46.771652;49.889763;59.633858;61.972443;51.83858;49.110237;40.535435;23.77559;0.0;,e08d2e,17181d,8198.0,Archivo de audio MPEG,155193.0,2022.0,256.0,44100.0,,,7950.0,5.0,1.0,3.0,3831905726.0,2025-06-04 23:15:26,Patricia Cantu & Cesar Ceja,,,31,-1.0
Paty Cantú: Feliz Breakup Tour - CDMX 2023,Mi Película,Paty Cantú,Piscis - EP,Paty Cantú,Latin,2022-10-14,144.04,104,490ea5,99.0;95.102356;63.14173;67.42913;41.704723;47.940945;56.125984;53.007874;38.97638;45.992126;40.535435;40.145668;47.940945;48.330708;30.011812;44.04331;40.145668;40.535435;44.822834;42.484253;56.515747;60.02362;42.09449;0.0;,ded26b,2b291b,8200.0,Archivo de audio MPEG,144065.0,2022.0,256.0,44100.0,,,5438.0,5.0,1.0,4.0,3832759923.0,2025-06-14 20:32:03,"Patricia Giovanna Cantú Velasco, Paul Sefchovich, Luis Miguel de la Isla & Alberto Hernández",,,28,
Paty Cantú: Feliz Breakup Tour - CDMX 2023,Miento,Paty Cantú & Jesse Baez,#333 (Edición Deluxe),Paty Cantú,Pop en español,2018-03-23,184.66,78,1b1d11,99.0;75.22441;65.87008;29.232285;35.078743;44.04331;30.401575;22.6063;17.149609;14.421261;12.8622055;21.43701;16.759842;24.944883;14.811024;37.027557;33.519684;35.85827;53.007874;49.5;53.397636;76.00394;48.330708;0.0;,e2ce95,b95b7a,8212.0,Archivo de audio MPEG,184685.0,2018.0,256.0,44100.0,,100.0,3269.0,5.0,1.0,,,,"Paty Cantú, Jesse Baez, Andres Saavedra, Jorge Hernández Quiles & Oscar Botello",,,99,-1.0
Paty Cantú: Feliz Breakup Tour - CDMX 2023,#Natural,Paty Cantú & Juhn,#333 (Edición Deluxe),Paty Cantú,Pop en español,2017-10-20,226.72,97,016064,99.0;81.07086;60.02362;44.43307;37.417324;63.14173;57.295277;43.65354;34.688976;58.464565;30.401575;33.90945;51.44882;55.73622;41.704723;60.413383;65.480316;88.47638;61.972443;54.95669;76.00394;97.44095;42.874016;0.0;,fd6d87,aca386,8218.0,Archivo de audio MPEG,226742.0,2017.0,256.0,44100.0,,100.0,6829.0,5.0,1.0,,,,"Paty Cantú, Jorge Hernández Quiles & Andres Saavedra",,,70,
Paty Cantú: Feliz Breakup Tour - CDMX 2023,Odiarte,Paty Cantú & Lasso,La Mexicana,Paty Cantú,Pop en español,2021-01-29,237.09,89,794846,34.688976;46.771652;88.08661;98.220474;44.43307;62.362206;58.074802;59.633858;49.110237;45.992126;33.519684;59.633858;65.09055;72.885826;39.755905;73.66535;63.14173;57.68504;64.31102;73.27559;69.37795;99.0;59.633858;0.0;,bd1bb0,cca450,8224.0,Archivo de audio MPEG,237113.0,2021.0,256.0,44100.0,20.0,100.0,5463.0,5.0,1.0,1.0,3821110145.0,2025-01-31 01:29:05,"Paty Cantú, Andrés Torres, Mauricio Rengifo, Pablo Arévalo & Ana Paola Lynch",,,16,
Paty Cantú: Feliz Breakup Tour - CDMX 2023,A Las 3,Paty Cantú & Leon Leiden,A Las 3 - Single,Paty Cantú & Leon Leiden,Pop,2023-06-01,162.35,103,0c83bb,68.59843;72.885826;59.633858;71.71654;64.31102;99.0;61.972443;74.055115;54.177166;55.34646;42.874016;40.535435;33.519684;30.011812;26.893702;34.299213;35.85827;37.807087;30.401575;32.740158;53.397636;83.019684;50.279526;0.0;,5888f9,856f15,8226.0,Archivo de audio MPEG,162377.0,2023.0,256.0,44100.0,100.0,100.0,5907.0,5.0,1.0,3.0,3832745196.0,2025-06-14 16:26:36,"Angela Davalos, Leon Leiden, Patricia Cantu & Saibu",,,36,-1.0
Paty Cantú: Feliz Breakup Tour - CDMX 2023,Si Yo Fuera Tú,Paty Cantú & Maria Becerra,Si Yo Fuera Tú - Single,Paty Cantú & Maria Becerra,Pop en español,2021-03-19,172.43,78,051109,67.42913;76.78346;69.767715;68.208664;59.244095;67.42913;91.20473;61.192913;45.602364;56.90551;51.44882;48.720474;58.854332;62.75197;41.31496;54.56693;56.90551;56.125984;87.30708;83.019684;99.0;90.42519;54.56693;0.0;,e648b4,aa6f60,8228.0,Archivo de audio MPEG,172460.0,2021.0,256.0,44100.0,100.0,100.0,5794.0,5.0,1.0,4.0,3826357448.0,2025-04-01 19:04:08,,,,28,1.0
Paty Cantú: Feliz Breakup Tour - CDMX 2023,Guadalajara,"Paty Cantú, Neto Peña & Gera MX",Piscis - EP,Paty Cantú,Música latina,2022-07-28,230.09,114,690e91,66.649605;99.0;42.484253;39.755905;28.452757;25.724411;37.807087;48.720474;28.062992;30.79134;24.555119;28.84252;31.181103;35.078743;26.114174;38.19685;36.637794;45.2126;51.059055;67.03937;71.71654;68.59843;38.19685;0.0;,f6ad77,665e69,8236.0,Archivo de audio MPEG,230112.0,2022.0,256.0,44100.0,,,6299.0,5.0,1.0,1.0,3820170384.0,2025-01-20 04:26:24,,,,44,1.0
Paty Cantú: Feliz Breakup Tour - CDMX 2023,¿Te Ha Pasado?,"Paty Cantú, Pitizion & Camila Fernández",La Mexicana,Paty Cantú,Pop en español,2020-10-30,163.32,83,292512,27.67323;81.85039;94.32283;61.582676;59.633858;71.71654;71.71654;99.0;54.177166;57.295277;60.80315;50.279526;73.66535;86.91732;43.65354;60.02362;41.31496;53.397636;58.464565;65.87008;63.921257;75.614174;45.602364;0.0;,870086,984934,8238.0,Archivo de audio MPEG,163343.0,2020.0,256.0,44100.0,100.0,100.0,3123.0,5.0,1.0,7.0,3831025277.0,2025-05-25 18:41:17,"Paty Cantú, Miriam Rodríguez & Maria Del Pilar Pérez",,,17,
Paty Cantú: Feliz Breakup Tour - CDMX 2023,Feliz Breakup,"Paty Cantú, Ximena Sariñana & zzoilo",Piscis - EP,Paty Cantú,Música latina,2023-04-21,207.28,115,5c14b2,93.543304;92.76378;51.83858;42.484253;53.007874;34.688976;42.484253;79.90157;29.232285;35.078743;39.366142;41.704723;56.515747;78.732285;48.330708;54.177166;52.228348;46.38189;61.582676;58.464565;76.00394;99.0;67.81889;0.0;,ff7982,878a7b,8240.0,Archivo de audio MPEG,207307.0,2023.0,256.0,44100.0,,,6219.0,5.0,1.0,1.0,3823353692.0,2025-02-26 00:41:32,,,,35,
Paty Cantú: Feliz Breakup Tour - CDMX 2023,La Vída Después de Ti,Lu,Album,Lu,Pop en español,2006-09-26,283.21,80,020604,88.866135;93.15354;79.51181;76.3937;42.484253;99.0;88.866135;62.362206;52.228348;46.771652;58.464565;38.586617;50.279526;43.26378;28.452757;28.452757;24.555119;25.334646;33.90945;37.027557;45.992126;60.80315;47.940945;0.0;,29c1c3,5e650d,14776.0,Archivo de audio AAC,283190.0,2006.0,325.0,48000.0,,100.0,5251.0,5.0,1.0,,,,Mario Sandoval/Paty Cantú,,,20,
Paty Cantú: Feliz Breakup Tour - CDMX 2023,Piensalo Bien,Lu,Album,Lu,Pop en español,2006-09-26,234.8,115,a65c50,4.287403;30.401575;99.0;54.95669;76.3937;79.51181;39.366142;65.87008;34.299213;30.011812;28.84252;29.232285;35.85827;38.97638;22.996063;33.90945;26.114174;26.114174;28.062992;31.96063;55.34646;68.59843;47.55118;0.0;,3d57e5,14cba4,14780.0,Archivo de audio AAC,234777.0,2006.0,324.0,48000.0,100.0,100.0,3123.0,5.0,1.0,1.0,3833266952.0,2025-06-20 17:22:32,Mario Sandoval/Paty Cantú,,,48,-23.0
Paty Cantú: Feliz Breakup Tour - CDMX 2023,Por Besarte,Lu,Lu,Lu,Música latina,2004-02-24,217.48,88,070b06,54.177166;99.0;95.88189;61.582676;57.68504;60.02362;71.71654;61.972443;65.87008;55.34646;31.96063;37.027557;62.362206;74.83464;49.110237;68.59843;58.464565;59.244095;66.649605;72.1063;77.56299;94.32283;64.31102;0.0;,f8557f,a25b52,14806.0,Archivo de audio AAC,217455.0,2004.0,328.0,48000.0,,,6576.0,5.0,1.0,1.0,3821786548.0,2025-02-07 21:22:28,Mario Sandoval,,,45,4.0
Paty Cantú: Feliz Breakup Tour - CDMX 2023,Una Confusion,Lu,Lu,Lu,Música latina,2004-02-24,321.62,92,061c2b,61.582676;99.0;79.12205;47.55118;46.38189;39.755905;42.09449;45.992126;35.85827;28.84252;31.96063;39.755905;56.125984;65.87008;39.755905;56.515747;59.244095;68.208664;67.81889;58.854332;74.444885;79.90157;42.484253;0.0;,f97e58,98907b,14816.0,Archivo de audio AAC,321596.0,2004.0,323.0,48000.0,,,7930.0,5.0,1.0,,,,Mario Sandoval,,,70,5.0
Paty Cantú: Feliz Breakup Tour - CDMX 2023,Prefiero Ser Su Amante,María José,María José... de Noche,María José,Pop en español,2012-08-07,208.07,132,805f6b,99.0;67.81889;31.96063;23.385828;24.165356;25.334646;37.807087;43.65354;28.452757;35.078743;49.110237;30.401575;28.452757;33.12992;21.43701;32.350395;31.96063;34.688976;42.09449;47.55118;52.228348;61.192913;39.366142;0.0;,fb9e8b,26212b,14832.0,Archivo de audio AAC,208051.0,2012.0,330.0,48000.0,,,5939.0,5.0,1.0,,,,Angela Davalos & Paty Cantú,,,70,-10.0
Paty Cantú: Feliz Breakup Tour - CDMX 2023,No Me Digas Que No ( Boy Like You ),Nikki Clan,Nikki Clan,Nikki Clan,Pop en español,2007-03-13,176.02,128,6c5967,45.602364;99.0;35.078743;24.555119;35.468506;33.519684;25.334646;42.484253;39.366142;24.165356;26.893702;28.84252;32.740158;61.192913;48.720474;52.228348;51.83858;49.5;58.854332;51.059055;49.5;60.02362;33.12992;0.0;,ec793c,24272a,14856.0,Archivo de audio AAC,176000.0,2007.0,326.0,48000.0,100.0,100.0,4968.0,5.0,1.0,3.0,3827250049.0,2025-04-12 02:00:49,^Lokadia^,,,88,2.0
Paty Cantú: Feliz Breakup Tour - CDMX 2024,MALVAS,Leo Rizzi & Paty Cantú,MALVAS - Single,Leo Rizzi & Paty Cantú,Pop,2024-01-26,183.85,68,929493,49.5;99.0;87.69685;77.56299;98.61023;55.73622;55.73622;40.535435;50.279526;34.299213;57.295277;39.366142;26.114174;35.078743;23.77559;17.929134;27.283466;14.031498;14.031498;23.77559;17.149609;33.90945;19.098427;0.0;,0fbb79,035149,6584.0,Archivo de audio MPEG,183875.0,2024.0,256.0,44100.0,100.0,100.0,5955.0,5.0,1.0,4.0,3829161063.0,2025-05-04 04:51:03,,,,18,-2.0
Paty Cantú: Feliz Breakup Tour - CDMX 2024,Mariposas,Paty Cantú,#333 (Edición Deluxe),Paty Cantú,Pop en español,2018-05-25,179.54,98,0a071e,79.51181;89.255905;53.7874;30.401575;46.38189;37.807087;40.145668;54.56693;63.14173;39.366142;42.09449;60.80315;61.582676;65.87008;43.65354;56.90551;55.34646;52.228348;54.95669;51.059055;61.192913;99.0;58.074802;0.0;,fb6275,766d5e,7994.0,Archivo de audio MPEG,179565.0,2018.0,256.0,44100.0,,100.0,4564.0,5.0,1.0,,,,Paty Cantú & Ángela Dávalos,,,70,
Paty Cantú: Feliz Breakup Tour - CDMX 2024,"Amor, Amor, Amor",Paty Cantú,#333 (Edición Deluxe),Paty Cantú,Pop en español,2016-02-19,226.3,148,8e6470,72.49606;99.0;73.66535;51.44882;45.992126;45.2126;56.515747;45.992126;65.09055;42.874016;43.26378;49.5;42.484253;47.55118;28.452757;41.31496;41.704723;44.822834;50.669292;61.582676;68.98819;80.291336;58.464565;0.0;,f5ad90,303328,8000.0,Archivo de audio MPEG,226324.0,2016.0,256.0,44100.0,,100.0,4507.0,5.0,1.0,,,,"Paty Cantú, Ángela Dávalos, Daniel Volpe, Eric Palmqwist & Thomas Lipp",,,29,-1.0
Paty Cantú: Feliz Breakup Tour - CDMX 2024,Valiente,Paty Cantú,#333 (Edición Deluxe),Paty Cantú,Pop en español,2015-09-04,255.58,87,020405,33.519684;41.31496;53.007874;63.531494;57.68504;33.90945;99.0;75.22441;26.503939;28.452757;46.771652;30.401575;46.771652;58.854332;31.570868;38.97638;47.16142;37.417324;35.078743;28.84252;39.366142;60.02362;42.484253;0.0;,6111b7,665f10,8002.0,Archivo de audio MPEG,255608.0,2015.0,256.0,44100.0,,100.0,3238.0,5.0,1.0,1.0,3823507859.0,2025-02-27 19:30:59,"Patricia Cantu, Angela Dávalos, Eric Palmqwist & Mats Hedstrom",,,50,1.0
Paty Cantú: Feliz Breakup Tour - CDMX 2024,Rompo Contigo,Paty Cantú,#333 (Edición Deluxe),Paty Cantú,Pop en español,2016-08-26,225.41,132,777c76,88.866135;76.00394;49.5;27.283466;47.16142;41.31496;33.12992;54.95669;77.95276;53.397636;43.65354;56.515747;54.95669;81.85039;42.484253;51.44882;56.515747;53.7874;60.413383;65.09055;93.15354;99.0;66.649605;0.0;,f8598d,ad987e,8004.0,Archivo de audio MPEG,225436.0,2016.0,256.0,44100.0,,100.0,4223.0,5.0,1.0,,,,Patricia Cantu & Angela Dávalos,,,25,
Paty Cantú: Feliz Breakup Tour - CDMX 2024,Cuervo,Paty Cantú,#333 (Edición Deluxe),Paty Cantú,Pop en español,2018-05-25,247.56,80,472e22,60.02362;99.0;94.32283;46.38189;51.83858;56.125984;44.822834;65.09055;42.484253;32.350395;31.181103;35.078743;34.688976;35.078743;21.826773;28.062992;28.452757;26.503939;22.6063;21.826773;26.893702;28.452757;19.48819;0.0;,2ed34d,005c7f,8006.0,Archivo de audio MPEG,247588.0,2018.0,256.0,44100.0,100.0,100.0,7801.0,5.0,1.0,3.0,3826360986.0,2025-04-01 20:03:06,Paty Cantú & Ángela Dávalos,,,27,1.0
Paty Cantú: Feliz Breakup Tour - CDMX 2024,Cuenta Pendiente,Paty Cantú feat. Alejandro Sanz,#333 (Edición Deluxe),Paty Cantú,Pop en español,2018-08-17,192.29,82,0f0815,99.0;74.83464;85.35826;30.401575;37.807087;36.637794;32.350395;25.724411;28.452757;32.740158;36.24803;42.874016;35.85827;33.90945;25.334646;32.740158;30.011812;44.822834;47.940945;49.110237;51.83858;61.192913;39.755905;0.0;,e6cc7a,3d2c3a,8008.0,Archivo de audio MPEG,192313.0,2018.0,256.0,44100.0,,100.0,3593.0,5.0,1.0,2.0,3821357092.0,2025-02-02 22:04:52,#Shark Dj® 2019 Y Hugo®.....La Unica Marca Que Revoluciona El Mercado De La Pirateria En Mexico!!,,,31,1.0
Paty Cantú: Feliz Breakup Tour - CDMX 2024,Afortunadamente No Eres Tú,Paty Cantú,Afortunadamente No Eres Tú (Edición Especial),Paty Cantú,Pop,2010-01-01,188.87,131,735561,95.88189;88.866135;74.444885;52.61811;46.771652;45.602364;60.80315;87.30708;54.95669;41.31496;36.24803;39.755905;41.704723;56.90551;38.586617;45.2126;56.125984;65.480316;70.15748;70.54724;97.05118;99.0;60.80315;0.0;,f984a6,4f5246,8036.0,Archivo de audio MPEG,188891.0,2010.0,256.0,44100.0,100.0,100.0,3983.0,5.0,1.0,2.0,3826361933.0,2025-04-01 20:18:53,"Juan Carlos Moguel, Bruno Danza & Paty Cantú",,,70,1.0
Paty Cantú: Feliz Breakup Tour - CDMX 2024,Goma de Mascar,Paty Cantú,Afortunadamente No Eres Tú (Edición Especial),Paty Cantú,Pop,2010-01-01,179.44,133,cb96dc,99.0;78.732285;47.16142;59.633858;50.669292;54.177166;74.055115;66.649605;37.807087;55.34646;37.417324;36.637794;49.889763;54.95669;37.807087;49.5;62.75197;66.25984;70.93701;70.15748;73.66535;91.20473;59.633858;0.0;,f765a3,847d6c,8038.0,Archivo de audio MPEG,179461.0,2010.0,256.0,44100.0,100.0,100.0,2172.0,5.0,1.0,7.0,3831278966.0,2025-05-28 17:09:26,"Paty Cantú, Angela Davalos & Daniel Ramirez",,,70,2.0
Paty Cantú: Feliz Breakup Tour - CDMX 2024,Clavo Que Saca Otro Clavo,Paty Cantú,Afortunadamente No Eres Tú (Edición Especial),Paty Cantú,Pop,2010-01-01,195.45,84,090d07,44.04331;79.51181;43.65354;58.074802;55.34646;38.19685;62.75197;49.889763;43.65354;40.925198;37.807087;40.535435;67.81889;67.03937;47.55118;45.992126;54.177166;61.192913;58.464565;63.921257;80.6811;99.0;43.65354;0.0;,f14a98,c29066,8040.0,Archivo de audio MPEG,195474.0,2010.0,256.0,44100.0,100.0,100.0,3607.0,5.0,1.0,4.0,3834405060.0,2025-07-03 21:31:00,"Bruno Danza, Paty Cantú & Jules Ramillano",,,70,1.0
Paty Cantú: Feliz Breakup Tour - CDMX 2024,Clavo Que Saca Otro Clavo,Paty Cantú,Afortunadamente No Eres Tú (Edición Especial),Paty Cantú,Pop,2011-01-01,200.8,78,090f06,2.338585;52.228348;50.279526;79.90157;86.52756;51.44882;53.397636;41.704723;33.519684;27.67323;28.452757;29.622047;54.177166;69.37795;37.807087;60.80315;81.46063;65.09055;55.34646;50.669292;98.220474;99.0;68.59843;0.0;,ce26ae,d8c971,8058.0,Archivo de audio MPEG,200829.0,2011.0,256.0,44100.0,100.0,100.0,2479.0,5.0,1.0,1.0,3823977607.0,2025-03-05 06:00:07,"Bruno Danza, Paty Cantu & Jules Ramillano",,,16,
Paty Cantú: Feliz Breakup Tour - CDMX 2024,Corazón Bipolar,Paty Cantú,Corazón Bipolar (Edición Especial),Paty Cantú,Pop en español,2012-01-01,195.63,100,9c19a6,96.27165;53.397636;55.34646;35.85827;31.570868;42.484253;38.97638;43.26378;48.720474;41.31496;31.181103;47.940945;52.228348;54.177166;36.637794;47.940945;43.65354;53.007874;56.90551;60.02362;77.173225;99.0;64.70079;0.0;,f66aa8,828583,8072.0,Archivo de audio MPEG,195657.0,2012.0,256.0,44100.0,100.0,100.0,5912.0,5.0,1.0,7.0,3837428251.0,2025-08-07 21:17:31,"Ximena Muñoz, Patricia Cantu & Angeles Dávalos",,,26,-1.0
Paty Cantú: Feliz Breakup Tour - CDMX 2024,Suerte,Paty Cantú,Corazón Bipolar (Edición Especial),Paty Cantú,Pop en español,2013-01-01,183.77,82,052c2f,99.0;75.614174;50.279526;44.04331;29.622047;31.181103;83.79921;43.65354;49.889763;42.874016;51.44882;44.04331;56.90551;73.66535;39.755905;57.68504;54.177166;58.464565;60.80315;56.125984;68.208664;76.00394;53.397636;0.0;,f75475,968070,8086.0,Archivo de audio MPEG,183797.0,2013.0,256.0,44100.0,100.0,100.0,4966.0,5.0,1.0,7.0,3835859900.0,2025-07-20 17:38:20,Patricia Cantu & Ángela Dávalos,,,26,-2.0
Paty Cantú: Feliz Breakup Tour - CDMX 2024,Cuando Vuelvas,Paty Cantú,La Mexicana,Paty Cantú,Pop en español,2020-02-20,195.4,110,370fae,99.0;84.968506;71.71654;34.299213;37.417324;27.283466;31.570868;23.385828;25.334646;28.062992;22.6063;28.84252;35.078743;48.330708;34.299213;37.417324;37.027557;39.366142;43.26378;49.110237;47.16142;49.5;31.181103;0.0;,dfc54f,594451,8162.0,Archivo de audio MPEG,195422.0,2020.0,256.0,44100.0,20.0,100.0,6524.0,5.0,1.0,,,,"Agustín Zubillaga, Luis Jimenez & Patricia Cantu",,,33,1.0
Paty Cantú: Feliz Breakup Tour - CDMX 2024,Conocerte,Paty Cantú,La Mexicana,Paty Cantú,Pop en español,2020-10-09,176.82,105,1194c5,99.0;81.46063;55.34646;21.826773;35.468506;46.38189;30.79134;34.299213;26.503939;25.724411;29.232285;30.011812;38.19685;39.366142;24.165356;29.622047;36.637794;33.12992;47.55118;44.43307;49.889763;58.464565;33.90945;0.0;,ebc372,8d565a,8164.0,Archivo de audio MPEG,176848.0,2020.0,256.0,44100.0,20.0,100.0,4216.0,5.0,1.0,,,,"Paty Cantú, Agustín Zubillaga & Luis Jimenez",,,28,-4.0
Paty Cantú: Feliz Breakup Tour - CDMX 2024,La Otra,Paty Cantú,La Otra - Single,Paty Cantú,Música latina,2023-08-10,189.1,80,03080a,99.0;86.137794;64.70079;32.350395;24.165356;38.586617;32.740158;30.011812;24.555119;21.047245;21.047245;26.893702;30.79134;35.078743;22.6063;34.299213;41.31496;35.85827;43.65354;32.350395;51.059055;62.362206;53.397636;0.0;,dfd26d,845053,8174.0,Archivo de audio MPEG,189126.0,2023.0,256.0,44100.0,100.0,100.0,3966.0,5.0,1.0,4.0,3827250999.0,2025-04-12 02:16:39,,,,25,1.0
Paty Cantú: Feliz Breakup Tour - CDMX 2024,Lo Que No Quieres Saber,Paty Cantú,Lo Que No Quieres Saber - Single,Paty Cantú,Pop,2023-10-19,153.21,82,3f2c18,72.49606;95.102356;99.0;75.22441;65.09055;57.295277;59.244095;43.65354;24.944883;29.622047;23.77559;35.468506;41.31496;40.145668;21.43701;29.232285;37.027557;35.85827;31.570868;43.65354;70.54724;84.968506;56.90551;0.0;,96edbd,1bced5,8176.0,Archivo de audio MPEG,153234.0,2023.0,256.0,44100.0,100.0,100.0,5673.0,5.0,1.0,5.0,3834338071.0,2025-07-03 02:54:31,"Angela Davalos, Daniel Sobrino, Ali Stone & Paty Cantú",,,20,-1.0
Paty Cantú: Feliz Breakup Tour - CDMX 2024,No Fue Suficiente,Paty Cantú,Me Quedo Sola,Paty Cantú,Música latina,2008-01-01,195.4,72,505144,51.83858;65.480316;52.61811;71.32677;67.42913;60.80315;55.34646;99.0;44.822834;45.2126;52.61811;45.602364;67.81889;76.78346;38.19685;34.688976;28.062992;34.299213;35.468506;33.519684;51.44882;61.192913;43.65354;0.0;,4a17b2,7d5619,8180.0,Archivo de audio MPEG,195422.0,2008.0,256.0,44100.0,100.0,100.0,3926.0,5.0,1.0,5.0,3829159280.0,2025-05-04 04:21:20,wwW.MusikfresK.blogspot.com,,,35,1.0
Paty Cantú: Feliz Breakup Tour - CDMX 2024,Déjame Ir,Paty Cantú,Me Quedo Sola,Paty Cantú,Música latina,2008-01-01,233.46,78,553129,21.047245;35.468506;49.889763;28.452757;45.602364;33.90945;22.6063;46.771652;60.80315;40.535435;32.740158;41.704723;67.81889;71.32677;36.24803;46.771652;42.484253;51.44882;58.464565;33.90945;66.25984;99.0;49.110237;0.0;,d426a1,8eed5a,8182.0,Archivo de audio MPEG,233482.0,2008.0,256.0,44100.0,100.0,100.0,4368.0,5.0,1.0,4.0,3837509990.0,2025-08-08 19:59:50,Patricia Cantu & Luis Fernando Ochoa,,,60,-2.0
Paty Cantú: Feliz Breakup Tour - CDMX 2024,Bailo Sola,Paty Cantú,Piscis - EP,Paty Cantú,Latin,2022-06-09,155.17,160,08060d,59.633858;99.0;51.44882;35.078743;34.688976;30.401575;39.755905;35.85827;29.232285;28.84252;31.96063;27.283466;40.145668;49.110237;29.622047;46.771652;49.889763;59.633858;61.972443;51.83858;49.110237;40.535435;23.77559;0.0;,e08d2e,17181d,8198.0,Archivo de audio MPEG,155193.0,2022.0,256.0,44100.0,,,7950.0,5.0,1.0,3.0,3831905726.0,2025-06-04 23:15:26,Patricia Cantu & Cesar Ceja,,,31,-1.0
Paty Cantú: Feliz Breakup Tour - CDMX 2024,Tal Vez,Paty Cantú,Tal Vez - Single,Paty Cantú,Pop,2024-06-27,166.9,100,bc339a,54.56693;99.0;48.720474;35.078743;34.688976;26.114174;29.232285;43.26378;22.996063;21.826773;21.826773;27.283466;30.401575;27.67323;19.48819;25.724411;31.96063;30.401575;41.704723;31.181103;45.2126;56.125984;44.43307;0.0;,cfdd5d,59343b,8204.0,Archivo de audio MPEG,166922.0,2024.0,256.0,44100.0,100.0,100.0,7940.0,5.0,1.0,4.0,3826358255.0,2025-04-01 19:17:35,"Paty Cantú, Gero Omaña, Victòria & Esmeralda Cantoral",,,25,1.0
Paty Cantú: Feliz Breakup Tour - CDMX 2024,#Natural,Paty Cantú & Juhn,#333 (Edición Deluxe),Paty Cantú,Pop en español,2017-10-20,226.72,97,016064,99.0;81.07086;60.02362;44.43307;37.417324;63.14173;57.295277;43.65354;34.688976;58.464565;30.401575;33.90945;51.44882;55.73622;41.704723;60.413383;65.480316;88.47638;61.972443;54.95669;76.00394;97.44095;42.874016;0.0;,fd6d87,aca386,8218.0,Archivo de audio MPEG,226742.0,2017.0,256.0,44100.0,,100.0,6829.0,5.0,1.0,,,,"Paty Cantú, Jorge Hernández Quiles & Andres Saavedra",,,70,
Paty Cantú: Feliz Breakup Tour - CDMX 2024,A Las 3,Paty Cantú & Leon Leiden,A Las 3 - Single,Paty Cantú & Leon Leiden,Pop,2023-06-01,162.35,103,0c83bb,68.59843;72.885826;59.633858;71.71654;64.31102;99.0;61.972443;74.055115;54.177166;55.34646;42.874016;40.535435;33.519684;30.011812;26.893702;34.299213;35.85827;37.807087;30.401575;32.740158;53.397636;83.019684;50.279526;0.0;,5888f9,856f15,8226.0,Archivo de audio MPEG,162377.0,2023.0,256.0,44100.0,100.0,100.0,5907.0,5.0,1.0,3.0,3832745196.0,2025-06-14 16:26:36,"Angela Davalos, Leon Leiden, Patricia Cantu & Saibu",,,36,-1.0
Paty Cantú: Feliz Breakup Tour - CDMX 2024,Si Yo Fuera Tú,Paty Cantú & Maria Becerra,Si Yo Fuera Tú - Single,Paty Cantú & Maria Becerra,Pop en español,2021-03-19,172.43,78,051109,67.42913;76.78346;69.767715;68.208664;59.244095;67.42913;91.20473;61.192913;45.602364;56.90551;51.44882;48.720474;58.854332;62.75197;41.31496;54.56693;56.90551;56.125984;87.30708;83.019684;99.0;90.42519;54.56693;0.0;,e648b4,aa6f60,8228.0,Archivo de audio MPEG,172460.0,2021.0,256.0,44100.0,100.0,100.0,5794.0,5.0,1.0,4.0,3826357448.0,2025-04-01 19:04:08,,,,28,1.0
Paty Cantú: Feliz Breakup Tour - CDMX 2024,Guadalajara,"Paty Cantú, Neto Peña & Gera MX",Piscis - EP,Paty Cantú,Música latina,2022-07-28,230.09,114,690e91,66.649605;99.0;42.484253;39.755905;28.452757;25.724411;37.807087;48.720474;28.062992;30.79134;24.555119;28.84252;31.181103;35.078743;26.114174;38.19685;36.637794;45.2126;51.059055;67.03937;71.71654;68.59843;38.19685;0.0;,f6ad77,665e69,8236.0,Archivo de audio MPEG,230112.0,2022.0,256.0,44100.0,,,6299.0,5.0,1.0,1.0,3820170384.0,2025-01-20 04:26:24,,,,44,1.0
Paty Cantú: Feliz Breakup Tour - CDMX 2024,Al Infiel,Paty Cantú,Al Infiel - Single,Paty Cantú,Pop,2024-11-07,209.23,140,9e9fa4,36.24803;67.81889;99.0;72.49606;64.31102;99.0;40.145668;40.535435;22.216536;21.826773;25.334646;33.12992;31.96063;42.874016;23.385828;28.062992;31.570868;24.555119;39.755905;47.55118;50.669292;66.649605;29.232285;0.0;,46bfde,01336e,11100.0,Archivo de audio AAC,209212.0,2024.0,318.0,48000.0,100.0,100.0,4264.0,5.0,1.0,5.0,3837511907.0,2025-08-08 20:31:47,Angela Davalos & Paty Cantú,,,18,-1.0
Paty Cantú: Feliz Breakup Tour - CDMX 2024,El Reloj del Corazón,Gera MX & Paty Cantú,El Reloj del Corazón - Single,Gera MX & Paty Cantú,Rap,2024-07-26,205.43,86,13170b,66.25984;82.24016;84.578735;73.66535;82.62992;67.03937;74.055115;93.15354;65.09055;68.59843;54.56693;56.125984;63.531494;69.37795;42.09449;50.279526;61.192913;65.09055;67.03937;60.80315;69.767715;99.0;63.921257;0.0;,b123c7,994a42,12886.0,Archivo de audio AAC,205404.0,2024.0,330.0,48000.0,100.0,100.0,4300.0,5.0,1.0,4.0,3832010534.0,2025-06-06 04:22:14,,,,40,-1.0
Paty Cantú: Feliz Breakup Tour - CDMX 2024,La Vída Después de Ti,Lu,Album,Lu,Pop en español,2006-09-26,283.21,80,020604,88.866135;93.15354;79.51181;76.3937;42.484253;99.0;88.866135;62.362206;52.228348;46.771652;58.464565;38.586617;50.279526;43.26378;28.452757;28.452757;24.555119;25.334646;33.90945;37.027557;45.992126;60.80315;47.940945;0.0;,29c1c3,5e650d,14776.0,Archivo de audio AAC,283190.0,2006.0,325.0,48000.0,,100.0,5251.0,5.0,1.0,,,,Mario Sandoval/Paty Cantú,,,20,
Paty Cantú: Feliz Breakup Tour - CDMX 2024,Si Tú Me Quisieras,Lu,Album,Lu,Pop en español,2006-09-26,300.49,110,15cb6d,60.413383;80.6811;82.24016;69.37795;58.854332;69.37795;93.15354;54.56693;99.0;58.464565;53.7874;55.73622;60.02362;75.22441;51.44882;53.007874;42.484253;44.822834;43.65354;56.125984;67.42913;69.767715;52.61811;0.0;,7206a5,843a33,14778.0,Archivo de audio AAC,300466.0,2006.0,327.0,48000.0,,100.0,6245.0,5.0,1.0,,,,Mario Sandoval,,,25,2.0
Paty Cantú: Feliz Breakup Tour - CDMX 2024,Piensalo Bien,Lu,Album,Lu,Pop en español,2006-09-26,234.8,115,a65c50,4.287403;30.401575;99.0;54.95669;76.3937;79.51181;39.366142;65.87008;34.299213;30.011812;28.84252;29.232285;35.85827;38.97638;22.996063;33.90945;26.114174;26.114174;28.062992;31.96063;55.34646;68.59843;47.55118;0.0;,3d57e5,14cba4,14780.0,Archivo de audio AAC,234777.0,2006.0,324.0,48000.0,100.0,100.0,3123.0,5.0,1.0,1.0,3833266952.0,2025-06-20 17:22:32,Mario Sandoval/Paty Cantú,,,48,-23.0
Paty Cantú: Feliz Breakup Tour - CDMX 2024,Por Besarte,Lu,Lu,Lu,Música latina,2004-02-24,217.48,88,070b06,54.177166;99.0;95.88189;61.582676;57.68504;60.02362;71.71654;61.972443;65.87008;55.34646;31.96063;37.027557;62.362206;74.83464;49.110237;68.59843;58.464565;59.244095;66.649605;72.1063;77.56299;94.32283;64.31102;0.0;,f8557f,a25b52,14806.0,Archivo de audio AAC,217455.0,2004.0,328.0,48000.0,,,6576.0,5.0,1.0,1.0,3821786548.0,2025-02-07 21:22:28,Mario Sandoval,,,45,4.0
Paty Cantú: Feliz Breakup Tour - CDMX 2024,Una Confusion,Lu,Lu,Lu,Música latina,2004-02-24,321.62,92,061c2b,61.582676;99.0;79.12205;47.55118;46.38189;39.755905;42.09449;45.992126;35.85827;28.84252;31.96063;39.755905;56.125984;65.87008;39.755905;56.515747;59.244095;68.208664;67.81889;58.854332;74.444885;79.90157;42.484253;0.0;,f97e58,98907b,14816.0,Archivo de audio AAC,321596.0,2004.0,323.0,48000.0,,,7930.0,5.0,1.0,,,,Mario Sandoval,,,70,5.0
Paty Cantú: Feliz Breakup Tour - CDMX 2024,Sera,Lu,All Access,Lu,Pop en español,2004-02-10,184.27,112,ae239b,45.2126;83.79921;99.0;43.26378;35.468506;64.70079;58.074802;58.854332;57.295277;50.669292;32.740158;43.26378;52.228348;42.874016;30.011812;45.2126;53.7874;56.515747;55.73622;56.90551;71.71654;77.173225;53.7874;0.0;,fb6996,69534a,14824.0,Archivo de audio AAC,184250.0,2004.0,325.0,48000.0,,100.0,5754.0,5.0,1.0,2.0,3832745718.0,2025-06-14 16:35:18,Mario Sandoval,,,86,-2.0
Paty Cantú: Feliz Breakup Tour - CDMX 2024,Duele,Lu,All Access,Lu,Pop en español,2004-02-24,268.0,106,6129d4,66.25984;94.32283;99.0;79.90157;42.874016;41.704723;36.637794;26.893702;26.114174;29.622047;24.165356;27.283466;32.740158;33.90945;22.6063;34.299213;31.570868;36.24803;46.38189;61.582676;84.578735;84.18898;61.192913;0.0;,cadfa6,c983b6,14828.0,Archivo de audio AAC,267981.0,2004.0,327.0,48000.0,,100.0,3599.0,5.0,1.0,1.0,3832745638.0,2025-06-14 16:33:58,Mario Sandoval,,,97,-1.0
Paty Cantú: Feliz Breakup Tour - CDMX 2024,Prefiero Ser Su Amante,María José,María José... de Noche,María José,Pop en español,2012-08-07,208.07,132,805f6b,99.0;67.81889;31.96063;23.385828;24.165356;25.334646;37.807087;43.65354;28.452757;35.078743;49.110237;30.401575;28.452757;33.12992;21.43701;32.350395;31.96063;34.688976;42.09449;47.55118;52.228348;61.192913;39.366142;0.0;,fb9e8b,26212b,14832.0,Archivo de audio AAC,208051.0,2012.0,330.0,48000.0,,,5939.0,5.0,1.0,,,,Angela Davalos & Paty Cantú,,,70,-10.0
Phantom Siita,Zoku Zoku,Phantom Siita,Zoku Zoku - Single,Phantom Siita,J-Pop,2024-10-25,281.59,123,c06088,99.0;79.51181;45.992126;44.822834;46.38189;35.85827;48.720474;38.586617;32.350395;41.704723;51.83858;38.586617;47.55118;58.854332;45.602364;56.125984;78.342514;88.866135;63.921257;43.65354;53.397636;59.244095;42.484253;0.0;,eb5748,666658,11138.0,Archivo de audio AAC,281565.0,2024.0,321.0,48000.0,100.0,100.0,11137.0,5.0,1.0,3.0,3837186190.0,2025-08-05 02:03:10,,,,26,
Phantom Siita,HANAGATAMI,Phantom Siita,Girlhood Memories,Phantom Siita,J-Pop,2024-10-30,274.09,112,643d39,28.062992;64.70079;66.649605;53.007874;31.96063;38.97638;49.110237;50.669292;44.04331;58.854332;33.12992;75.22441;72.885826;65.09055;39.366142;45.992126;87.30708;99.0;73.66535;35.85827;37.807087;60.413383;44.04331;0.0;,b51a48,ae634c,11344.0,Archivo de audio AAC,274065.0,2024.0,316.0,48000.0,100.0,100.0,8498.0,5.0,1.0,5.0,3837356288.0,2025-08-07 01:18:08,,,,15,2.0
Phantom Siita,Conflicting,Phantom Siita,Conflicting - Single,Phantom Siita,J-Pop,2024-10-10,172.02,128,938e99,99.0;87.30708;57.295277;42.484253;22.6063;33.12992;42.09449;32.740158;35.85827;30.79134;27.67323;38.19685;40.925198;44.822834;33.90945;42.484253;48.720474;63.921257;52.228348;41.31496;43.26378;50.669292;42.09449;0.0;,ea9d40,2c2b32,13900.0,Archivo de audio AAC,172000.0,2024.0,323.0,48000.0,100.0,100.0,5206.0,5.0,1.0,4.0,3827502856.0,2025-04-15 00:14:16,,,,30,-2.0
Phantom Siita,Devilish Girl,Phantom Siita,Devilish Girl - Single,Phantom Siita,J-Pop,2024-08-28,198.51,140,76535c,99.0;68.98819;37.417324;19.098427;21.43701;22.6063;14.811024;32.740158;19.48819;13.641735;15.20079;12.08268;15.590553;19.877954;12.8622055;17.149609;22.6063;27.67323;23.385828;22.996063;24.165356;27.283466;18.708662;0.0;,bfe85b,3b212e,13902.0,Archivo de audio AAC,198484.0,2024.0,327.0,48000.0,100.0,100.0,4429.0,5.0,1.0,3.0,3825783978.0,2025-03-26 03:46:18,,,,30,18.0
Phantom Siita,Hanabami,Phantom Siita,Hanabami - Single,Phantom Siita,J-Pop,2024-09-27,163.02,172,040408,74.444885;85.35826;61.972443;50.279526;48.330708;49.5;49.889763;59.244095;46.771652;45.2126;35.078743;48.720474;56.515747;84.968506;68.208664;81.07086;99.0;95.49213;89.255905;63.14173;61.972443;77.95276;56.515747;0.0;,e03e4c,75675a,13904.0,Archivo de audio AAC,163000.0,2024.0,327.0,48000.0,100.0,100.0,9146.0,5.0,1.0,1.0,3823590769.0,2025-02-28 18:32:49,,,,30,1.0
Phantom Siita,Just Wanna xxxx With You,Phantom Siita,Just Wanna xxxx With You - Single,Phantom Siita,J-Pop,2024-07-31,205.31,138,ada7bc,62.75197;62.362206;26.114174;30.401575;25.334646;32.740158;42.484253;29.232285;46.771652;47.940945;31.181103;36.637794;58.464565;70.54724;57.68504;76.00394;85.74803;90.03543;99.0;77.95276;68.59843;64.31102;42.874016;0.0;,e8405c,8f9283,13906.0,Archivo de audio AAC,205287.0,2024.0,326.0,48000.0,100.0,100.0,12518.0,5.0,1.0,4.0,3837355265.0,2025-08-07 01:01:05,,,,28,1.0
Phantom Siita,Otomodachi,Phantom Siita,Otomodachi - Single,Phantom Siita,J-Pop,2024-06-26,194.72,164,020304,75.22441;57.295277;51.44882;37.027557;39.366142;47.940945;41.704723;45.992126;37.807087;52.228348;40.145668;47.940945;60.02362;56.125984;51.059055;61.582676;77.95276;99.0;85.74803;47.55118;44.822834;54.177166;43.65354;0.0;,d62f50,816c60,13908.0,Archivo de audio AAC,194699.0,2024.0,324.0,48000.0,100.0,100.0,8125.0,5.0,1.0,4.0,3835770904.0,2025-07-19 16:55:04,,,,15,-1.0
Phantom Siita,"Love, Hate",Phantom Siita,"Love, Hate - Single",Phantom Siita,J-Pop,2025-05-09,265.51,87,8d5350,58.854332;42.484253;33.519684;31.570868;37.027557;45.992126;42.874016;46.38189;55.34646;54.95669;42.09449;42.484253;59.244095;80.291336;51.83858;70.54724;91.59448;99.0;84.578735;47.55118;49.5;78.342514;53.7874;0.0;,d42268,ccad76,24944.0,Archivo de audio MPEG,265534.0,2025.0,256.0,44100.0,100.0,100.0,11170.0,5.0,1.0,1.0,3829898301.0,2025-05-12 17:38:21,,,,13,
Sakanaction,Caravan,sakanaction,Adapt,sakanaction,J-Rock,2022-03-30,259.24,90,010203,72.49606;99.0;83.40945;58.074802;39.366142;25.724411;68.98819;32.740158;40.535435;29.232285;44.43307;29.232285;33.12992;40.145668;28.452757;30.011812;34.688976;42.09449;30.401575;31.181103;28.062992;28.452757;14.031498;0.0;,63d626,060f20,8896.0,Archivo de audio MPEG,259265.0,2022.0,256.0,44100.0,100.0,100.0,7140.0,4.0,1.0,1.0,3837172256.0,2025-08-04 22:10:56,,,,28,-2.0
Sakanaction,Tsuki No Wan,sakanaction,Adapt,sakanaction,J-Rock,2022-03-30,250.1,132,857887,35.85827;99.0;43.26378;35.078743;28.452757;27.283466;26.893702;22.996063;19.877954;17.539371;20.267717;16.370079;17.539371;23.77559;15.590553;19.098427;25.724411;31.570868;26.503939;23.385828;24.555119;26.893702;15.590553;0.0;,94e130,491d2d,8898.0,Archivo de audio MPEG,250122.0,2022.0,256.0,44100.0,100.0,100.0,5064.0,4.0,1.0,1.0,3837172515.0,2025-08-04 22:15:15,sakanaction & Yamaguchi Ichiro,,,33,1.0
Sakanaction,Good-Bye,sakanaction,Good-Bye - Eureka - Single,sakanaction,J-Rock,2014-01-15,281.78,152,050f06,58.074802;99.0;70.93701;70.93701;43.26378;40.925198;30.401575;35.85827;25.724411;30.401575;26.114174;19.877954;20.267717;24.555119;21.826773;28.062992;30.401575;37.417324;47.16142;53.7874;46.38189;47.55118;27.67323;0.0;,adf56a,921977,8910.0,Archivo de audio MPEG,281808.0,2014.0,256.0,44100.0,100.0,100.0,8688.0,5.0,1.0,3.0,3837789726.0,2025-08-12 01:42:06,山口　一郎,,,16,
Sakanaction,Eureka,sakanaction,Good-Bye - Eureka - Single,sakanaction,J-Rock,2014-01-15,333.79,124,a9829c,99.0;75.22441;35.468506;28.062992;21.826773;11.30315;22.996063;15.590553;10.133862;8.1850395;8.1850395;7.015751;7.405514;9.744095;7.7952766;13.251968;17.149609;20.657482;21.047245;29.232285;34.688976;48.720474;20.267717;0.0;,c3eb84,603438,8912.0,Archivo de audio MPEG,333818.0,2014.0,256.0,44100.0,100.0,100.0,3729.0,4.0,1.0,7.0,3836993147.0,2025-08-02 20:25:47,山口　一郎,,,36,3.0
Sakanaction,Plateau,sakanaction,Plateau - Single,sakanaction,J-Rock,2021-12-03,263.13,81,000000,46.38189;99.0;39.366142;30.401575;27.283466;26.503939;25.334646;33.90945;31.96063;21.047245;20.657482;24.944883;21.43701;31.570868;28.84252;27.67323;31.181103;30.79134;24.165356;29.622047;30.011812;30.011812;17.929134;0.0;,abcc23,521c30,8916.0,Archivo de audio MPEG,263157.0,2021.0,256.0,44100.0,100.0,100.0,3065.0,5.0,1.0,2.0,3837166887.0,2025-08-04 20:41:27,,,,22,-1.0
Sakanaction,Nantettatte Haru,sakanaction,Sakanaction,sakanaction,J-Rock,2013-03-13,268.83,126,636365,54.95669;99.0;26.893702;17.929134;26.114174;22.216536;19.48819;17.149609;10.133862;14.421261;8.964569;7.7952766;7.405514;9.354332;6.625984;8.1850395;10.913387;14.031498;21.826773;31.570868;30.79134;32.350395;14.811024;0.0;,adf363,652b31,8926.0,Archivo de audio MPEG,268852.0,2013.0,256.0,44100.0,100.0,100.0,1671.0,4.0,1.0,1.0,3836981453.0,2025-08-02 17:10:53,Yamaguchi Ichiro,,,99,-7.0
Sakanaction,M,sakanaction,Sakanaction,sakanaction,J-Rock,2013-03-13,232.52,136,9f8ba1,32.350395;99.0;25.334646;23.77559;17.539371;14.811024;13.641735;12.08268;10.523624;9.744095;8.1850395;10.913387;8.964569;8.964569;6.2362213;7.7952766;8.1850395;7.7952766;9.744095;10.133862;12.08268;14.421261;8.1850395;0.0;,81ef41,50222e,8930.0,Archivo de audio MPEG,232542.0,2013.0,256.0,44100.0,100.0,100.0,2673.0,4.0,1.0,2.0,3836982454.0,2025-08-02 17:27:34,Yamaguchi Ichiro,,,92,2.0
Sakanaction,Aoi,sakanaction,Sakanaction,sakanaction,J-Rock,2013-03-13,256.24,82,0b0712,17.539371;99.0;19.098427;29.622047;38.586617;29.622047;41.704723;34.688976;28.452757;37.027557;24.944883;26.503939;24.555119;36.637794;37.807087;34.299213;43.26378;30.79134;32.350395;38.586617;38.19685;42.09449;31.96063;0.0;,d08e1e,231423,8932.0,Archivo de audio MPEG,256261.0,2013.0,256.0,44100.0,100.0,100.0,9192.0,4.0,1.0,4.0,3836982710.0,2025-08-02 17:31:50,Yamaguchi Ichiro,,,89,1.0
Sakanaction,Shin Takara Jima,sakanaction,Shin Takara Jima - EP,sakanaction,J-Rock,2015-09-30,306.21,158,09060e,70.15748;99.0;59.244095;38.586617;31.96063;37.027557;32.350395;30.011812;28.84252;58.464565;45.602364;33.12992;47.55118;61.972443;50.669292;47.940945;83.79921;71.71654;59.633858;63.14173;51.83858;51.44882;35.078743;0.0;,e16b2f,45483e,8946.0,Archivo de audio MPEG,306233.0,2015.0,256.0,44100.0,100.0,100.0,11504.0,4.0,1.0,2.0,3836994002.0,2025-08-02 20:40:02,Yamaguchi Ichiro,,,38,
Sakanaction,'Kikitakatta Dance Music Liquidroom Ni',sakanaction,Shin Takara Jima - EP,sakanaction,J-Rock,2015-09-30,240.27,120,b6c1ce,99.0;97.05118;74.83464;54.95669;41.31496;47.55118;44.04331;34.688976;17.539371;17.149609;22.996063;18.708662;18.708662;18.708662;14.811024;19.48819;20.657482;26.893702;30.011812;32.350395;29.232285;28.062992;18.708662;0.0;,77fd68,591839,8948.0,Archivo de audio MPEG,240300.0,2015.0,256.0,44100.0,100.0,100.0,2579.0,4.0,1.0,2.0,3836994242.0,2025-08-02 20:44:02,山口　一郎,,,35,-3.0
Sakanaction,Shock!,sakanaction,Shock! - Single,sakanaction,J-Rock,2022-01-26,305.76,136,a1a3a6,28.84252;99.0;42.874016;31.570868;42.874016;34.299213;37.417324;40.535435;23.385828;28.84252;28.062992;24.165356;23.385828;27.67323;18.708662;21.43701;24.165356;28.452757;29.232285;27.283466;26.114174;25.724411;16.759842;0.0;,76d724,4e1538,8954.0,Archivo de audio MPEG,305789.0,2022.0,256.0,44100.0,100.0,100.0,8380.0,5.0,1.0,1.0,3837167225.0,2025-08-04 20:47:05,,,,24,-2.0
Sakanaction,Ame(A),sakanaction,1000 & 0 - Single,sakanaction,Rock,2008-12-10,208.09,134,8f7689,64.31102;84.968506;99.0;90.42519;52.228348;82.62992;45.992126;67.42913;70.93701;59.633858;59.633858;74.444885;71.71654;74.055115;39.366142;37.417324;41.704723;43.65354;33.90945;35.078743;40.925198;48.330708;24.165356;0.0;,12485e,3c2d15,27194.0,Archivo de audio MPEG,208117.0,2008.0,256.0,44100.0,100.0,100.0,4930.0,4.0,1.0,3.0,3837339978.0,2025-08-06 20:46:18,山口 一郎,,,22,-1.0
Sakanaction,Boku To Hana,sakanaction,Boku To Hana - Single,sakanaction,Rock,2012-05-22,230.9,130,694e59,28.452757;99.0;53.007874;32.350395;43.65354;30.401575;30.401575;24.944883;20.267717;15.590553;15.980316;15.20079;17.929134;27.283466;19.098427;28.84252;28.84252;23.77559;26.114174;28.84252;27.67323;38.19685;19.877954;0.0;,93e93a,2e1727,27204.0,Archivo de audio MPEG,230922.0,2012.0,256.0,44100.0,100.0,100.0,5727.0,4.0,1.0,1.0,3836979489.0,2025-08-02 16:38:09,山口 一郎,,,25,0.0
Sakanaction,Mikazuki Sunset,sakanaction,Go to the Future,sakanaction,Rock,2007-05-09,227.6,122,bc84a9,73.27559;99.0;96.27165;42.09449;42.874016;77.95276;53.007874;60.80315;42.09449;40.535435;53.397636;41.704723;30.79134;30.011812;21.43701;24.555119;26.893702;40.925198;40.145668;39.366142;44.43307;51.83858;39.366142;0.0;,5efa7d,030806,27234.0,Archivo de audio MPEG,227631.0,2007.0,256.0,44100.0,100.0,100.0,4181.0,5.0,1.0,1.0,3836734298.0,2025-07-30 20:31:38,,,,97,-5.0
Sakanaction,Inner World,sakanaction,Go to the Future,sakanaction,Rock,2007-05-09,265.53,126,6a5968,78.732285;99.0;53.7874;28.452757;28.062992;22.996063;19.098427;16.370079;14.811024;23.385828;12.8622055;14.811024;19.48819;25.334646;24.944883;28.062992;33.519684;35.078743;47.55118;42.874016;46.771652;50.279526;33.519684;0.0;,d6d55a,472f3b,27236.0,Archivo de audio MPEG,265560.0,2007.0,256.0,44100.0,100.0,100.0,2455.0,5.0,1.0,2.0,3837241971.0,2025-08-05 17:32:51,サカナクション,,,42,1.0
Sakanaction,Yoru No Higashigawa,sakanaction,Go to the Future,sakanaction,Rock,2007-05-09,248.92,124,ad6b7e,50.279526;99.0;74.444885;42.09449;59.633858;66.25984;46.771652;47.940945;31.181103;24.165356;30.011812;19.098427;15.980316;17.149609;15.590553;19.098427;23.77559;25.334646;26.893702;23.385828;27.67323;35.85827;22.996063;0.0;,42ef73,150a1a,27248.0,Archivo de audio MPEG,248946.0,2007.0,256.0,44100.0,100.0,100.0,2322.0,5.0,1.0,1.0,3836769721.0,2025-07-31 06:22:01,,,,33,1.0
Sakanaction,Identity,sakanaction,Identity - Single,sakanaction,Rock,2010-08-04,253.26,140,70535f,50.669292;84.578735;99.0;60.413383;82.62992;71.32677;53.007874;83.79921;57.295277;42.484253;55.34646;63.531494;49.110237;60.413383;42.874016;55.34646;54.56693;54.56693;56.125984;67.03937;70.93701;63.531494;47.940945;0.0;,970283,463126,27252.0,Archivo de audio MPEG,253283.0,2010.0,256.0,44100.0,100.0,100.0,14469.0,4.0,1.0,1.0,3836815362.0,2025-07-31 19:02:42,山口 一郎,,,22,-1.0
Sakanaction,Kaiju,sakanaction,Kaiju - Single,sakanaction,Rock,2025-02-20,252.81,90,160b1a,42.09449;99.0;38.586617;28.062992;30.79134;24.944883;20.657482;22.6063;14.811024;20.657482;19.877954;19.48819;19.48819;15.20079;15.590553;18.3189;25.724411;26.503939;31.181103;38.19685;31.96063;33.12992;19.48819;0.0;,b5e345,48242f,27258.0,Archivo de audio MPEG,252839.0,2025.0,256.0,44100.0,100.0,100.0,10596.0,5.0,1.0,1.0,3837173583.0,2025-08-04 22:33:03,sakanaction,,,20,-4.0
Sakanaction,Klee,sakanaction,kikUUiki,sakanaction,Rock,2010-03-17,255.19,156,160a1c,47.16142;99.0;65.87008;30.79134;21.826773;20.657482;17.149609;13.251968;19.48819;19.48819;14.421261;31.570868;31.570868;45.602364;38.19685;46.38189;51.83858;50.669292;42.874016;37.027557;33.12992;28.452757;16.759842;0.0;,c09f16,2b1d2b,27268.0,Archivo de audio MPEG,255216.0,2010.0,256.0,44100.0,100.0,100.0,12398.0,5.0,1.0,1.0,3836812477.0,2025-07-31 18:14:37,,,,19,1.0
Sakanaction,Omotesanndo 26-00,sakanaction,kikUUiki,sakanaction,Rock,2010-03-17,255.45,138,9f8aa1,45.602364;99.0;57.295277;35.468506;19.48819;30.401575;19.48819;20.267717;22.6063;30.011812;20.267717;29.622047;43.65354;70.15748;53.7874;54.95669;53.397636;52.228348;53.007874;49.110237;42.09449;39.755905;24.555119;0.0;,d17d1d,212228,27278.0,Archivo de audio MPEG,255477.0,2010.0,256.0,44100.0,100.0,100.0,9176.0,4.0,1.0,1.0,3836814479.0,2025-07-31 18:47:59,山口一郎,,,45,2.0
Sakanaction,Music,sakanaction,Music - Single,sakanaction,Rock,2013-01-23,323.0,136,795660,35.85827;99.0;22.216536;22.996063;21.43701;11.30315;21.047245;15.980316;15.20079;13.251968;10.523624;9.354332;8.1850395;8.574806;7.7952766;7.7952766;10.523624;12.8622055;14.031498;19.48819;19.877954;19.098427;12.472443;0.0;,93f047,40202d,27284.0,Archivo de audio MPEG,323030.0,2013.0,256.0,44100.0,100.0,100.0,5616.0,4.0,1.0,1.0,3836980793.0,2025-08-02 16:59:53,山口一郎,,,31,-5.0
Sakanaction,Word,sakanaction,Night Fishing,sakanaction,Rock,2007-12-05,269.87,126,646068,49.5;99.0;48.330708;26.114174;26.503939;53.397636;24.165356;39.755905;35.078743;45.602364;28.062992;22.996063;19.098427;21.047245;19.877954;24.555119;28.452757;30.011812;34.299213;33.12992;33.90945;32.740158;18.708662;0.0;,a0e337,2c1227,27288.0,Archivo de audio MPEG,269897.0,2007.0,256.0,44100.0,100.0,100.0,3988.0,5.0,1.0,1.0,3836770112.0,2025-07-31 06:28:32,山口一郎,,,38,-2.0
Sakanaction,Tabun Kaze,sakanaction,Tabun Kaze - Single,sakanaction,Rock,2016-10-19,294.9,139,866877,82.62992;99.0;55.34646;29.622047;31.570868;22.996063;20.267717;23.77559;20.267717;17.539371;18.3189;19.877954;18.708662;22.996063;22.6063;26.114174;30.79134;30.011812;35.85827;45.602364;42.09449;41.31496;26.503939;0.0;,c7e155,4b2c36,27348.0,Archivo de audio MPEG,294922.0,2016.0,256.0,44100.0,100.0,100.0,5787.0,5.0,1.0,1.0,3836994537.0,2025-08-02 20:48:57,山口一郎,,,41,1.0
Sakanaction,Moth,sakanaction,Wasurerarenaino - Moth - EP,sakanaction,Rock,2019-06-19,246.1,158,180c1b,28.84252;99.0;47.55118;57.68504;41.704723;34.299213;40.535435;40.145668;33.519684;42.484253;33.12992;51.44882;30.401575;47.940945;32.740158;32.740158;48.330708;58.074802;47.16142;47.16142;35.85827;37.027557;24.165356;0.0;,b2750b,010202,27356.0,Archivo de audio MPEG,246125.0,2019.0,256.0,44100.0,100.0,100.0,11095.0,5.0,1.0,1.0,3837166624.0,2025-08-04 20:37:04,山口一郎,,,25,0.0
Sakanaction,Yoru No Odoriko,sakanaction,Yoru No Odoriko - Single,sakanaction,Rock,2012-08-29,302.18,134,807783,40.145668;99.0;24.165356;15.590553;26.893702;26.893702;22.6063;19.098427;23.385828;24.944883;9.744095;8.574806;10.523624;12.8622055;10.913387;14.421261;17.539371;15.20079;17.539371;23.77559;21.047245;22.996063;15.980316;0.0;,98ed43,59242f,27362.0,Archivo de audio MPEG,302210.0,2012.0,256.0,44100.0,100.0,100.0,6978.0,4.0,1.0,1.0,3836980153.0,2025-08-02 16:49:13,,,,31,3.0
Scandal,BURN,SCANDAL,BABY ACTION,SCANDAL,J-Pop,2011-08-10,319.19,92,061c2c,33.90945;84.968506;25.724411;38.19685;11.30315;21.43701;47.16142;17.929134;14.031498;12.8622055;13.251968;14.031498;15.590553;31.570868;23.385828;34.688976;53.7874;67.81889;66.649605;55.73622;54.56693;99.0;65.87008;0.0;,fe9183,b18dad,9048.0,Archivo de audio MPEG,319216.0,2011.0,256.0,44100.0,100.0,100.0,13708.0,5.0,1.0,3.0,3831152483.0,2025-05-27 06:01:23,Youtorilon,,,18,2.0
Scandal,アップルたちの伝言,SCANDAL,BABY ACTION,SCANDAL,J-Pop,2011-08-10,258.4,84,030408,24.944883;90.03543;37.027557;26.893702;16.370079;20.267717;29.232285;25.724411;28.84252;25.724411;23.385828;34.299213;38.586617;44.822834;38.586617;51.83858;99.0;97.8307;93.15354;84.18898;77.173225;76.78346;47.940945;0.0;,f6635a,9c9e9e,9050.0,Archivo de audio MPEG,258429.0,2011.0,256.0,44100.0,100.0,100.0,16033.0,5.0,1.0,2.0,3835877511.0,2025-07-20 22:31:51,Keita Kawaguchi,,,4,-1.0
Scandal,SCANDAL BABY,SCANDAL,BEST★SCANDAL,SCANDAL,J-Rock,2009-10-21,304.38,130,80616e,15.590553;99.0;33.12992;26.893702;14.421261;19.098427;21.43701;13.641735;18.3189;16.370079;14.421261;33.90945;29.622047;40.925198;30.79134;34.299213;39.366142;40.145668;42.09449;30.011812;33.90945;39.366142;30.011812;0.0;,d09a20,342331,9064.0,Archivo de audio MPEG,304404.0,2009.0,256.0,44100.0,100.0,100.0,13717.0,5.0,1.0,5.0,3837245722.0,2025-08-05 18:35:22,田鹿ゆういち,,,24,
Scandal,アナタガマワル,SCANDAL,BEST★SCANDAL,SCANDAL,J-Rock,2009-10-21,259.81,95,052124,12.472443;99.0;38.586617;19.098427;14.421261;19.098427;20.657482;23.385828;20.657482;21.43701;16.370079;22.996063;20.657482;41.31496;30.011812;29.232285;43.65354;54.95669;42.484253;44.04331;48.330708;55.34646;36.24803;0.0;,ea993e,8b585e,9074.0,Archivo de audio MPEG,259840.0,2009.0,256.0,44100.0,100.0,100.0,11267.0,5.0,1.0,5.0,3835550297.0,2025-07-17 03:38:17,A×S×E/一色徳保/TOMOMI＋一色徳保,,,34,1.0
Scandal,マボロシナイト,SCANDAL,BEST★SCANDAL,SCANDAL,J-Rock,2009-10-21,230.32,90,040b05,35.468506;78.732285;42.484253;28.84252;21.43701;20.657482;29.232285;31.181103;24.555119;33.519684;30.79134;43.65354;38.97638;73.27559;58.074802;63.14173;81.46063;99.0;75.22441;59.244095;54.95669;51.059055;26.893702;0.0;,de4b3c,a6ad97,9080.0,Archivo de audio MPEG,230347.0,2009.0,256.0,44100.0,100.0,100.0,13515.0,5.0,1.0,3.0,3829905969.0,2025-05-12 19:46:09,SCANDAL＋イイジマケン/イイジマケン/イイジマケン(飯島健),,,18,1.0
Scandal,ひとつだけ,SCANDAL,BEST★SCANDAL,SCANDAL,J-Rock,2009-10-21,200.91,168,08060e,17.539371;99.0;37.027557;18.3189;14.421261;15.20079;26.114174;22.6063;16.759842;15.590553;13.641735;17.539371;19.098427;40.925198;33.90945;35.468506;47.55118;54.95669;40.925198;37.807087;46.771652;57.295277;34.299213;0.0;,e99a3d,543c48,9084.0,Archivo de audio MPEG,200933.0,2009.0,256.0,44100.0,100.0,100.0,18114.0,5.0,1.0,2.0,3825836731.0,2025-03-26 18:25:31,HARUNA/蔦谷好位置/Tomohiro Okubo,,,19,
Scandal,カゲロウ-album mix-,SCANDAL,BEST★SCANDAL,SCANDAL,J-Rock,2009-10-21,267.28,167,04040a,50.279526;98.61023;38.586617;31.96063;19.48819;26.893702;45.2126;31.96063;46.771652;36.24803;54.95669;51.059055;81.46063;82.24016;58.074802;92.374016;99.0;81.46063;72.885826;61.192913;56.90551;57.295277;42.09449;0.0;,d44434,635f51,9088.0,Archivo de audio MPEG,267311.0,2009.0,256.0,44100.0,100.0,100.0,14269.0,5.0,1.0,1.0,3825768102.0,2025-03-25 23:21:42,Jin NAKAMURA,,,37,6.0
Scandal,Runners high,SCANDAL,Count ZERO  Runners high 〜戦国BASARA4 EP〜,Various Artists,J-Pop,2014-02-12,237.17,84,0a070f,48.330708;99.0;44.822834;28.84252;18.708662;15.980316;25.724411;37.027557;25.724411;24.555119;18.3189;21.43701;28.452757;37.807087;34.299213;40.925198;55.34646;45.992126;75.22441;86.137794;71.71654;70.93701;54.95669;0.0;,fb9566,89838e,9090.0,Archivo de audio MPEG,237191.0,2014.0,256.0,44100.0,100.0,100.0,6580.0,5.0,1.0,4.0,3834336111.0,2025-07-03 02:21:51,Yuichi Tajika,True,,16,2.0
Scandal,Departure,SCANDAL,Departure - Single,SCANDAL,J-Rock,2009-01-01,283.82,125,9e93a5,97.05118;99.0;82.24016;34.299213;48.720474;35.468506;29.232285;29.232285;37.807087;30.401575;20.267717;22.216536;33.519684;47.16142;39.366142;43.26378;62.75197;63.14173;54.177166;58.854332;48.330708;65.09055;44.43307;0.0;,e7b64d,505055,9094.0,Archivo de audio MPEG,283846.0,2009.0,256.0,44100.0,100.0,100.0,9118.0,5.0,1.0,3.0,3831450864.0,2025-05-30 16:54:24,MAMI,,,27,1.0
Scandal,Rainy,SCANDAL,Departure - Single,SCANDAL,J-Rock,2014-04-23,234.06,180,05050b,99.0;97.8307;54.56693;46.771652;30.79134;42.484253;44.04331;35.078743;41.31496;36.637794;30.011812;35.468506;41.31496;56.515747;45.992126;40.925198;45.992126;67.81889;83.019684;78.342514;59.633858;65.09055;41.31496;0.0;,f9905e,6c706c,9096.0,Archivo de audio MPEG,234083.0,2014.0,256.0,44100.0,100.0,100.0,8010.0,5.0,1.0,1.0,3823419247.0,2025-02-26 18:54:07,SCANDAL,,,33,1.0
Scandal,星の降る夜に,SCANDAL,ENCORE SHOW,SCANDAL,J-Pop,2010-02-03,250.38,128,846d7e,35.468506;99.0;37.807087;22.996063;23.385828;17.929134;29.622047;26.114174;42.09449;28.062992;28.452757;30.79134;47.55118;49.5;43.65354;54.95669;74.055115;62.75197;74.055115;63.531494;49.5;49.110237;24.165356;0.0;,e56a35,434647,9110.0,Archivo de audio MPEG,250409.0,2010.0,256.0,44100.0,100.0,100.0,15830.0,5.0,1.0,5.0,3834563810.0,2025-07-05 17:36:50,,,,57,1.0
Scandal,ハッピーコレクター,SCANDAL,ENCORE SHOW,SCANDAL,J-Pop,2012-12-05,197.3,83,190c1b,33.12992;99.0;60.80315;23.77559;20.657482;31.570868;18.3189;17.149609;26.503939;25.724411;21.826773;25.724411;26.114174;45.2126;44.822834;60.80315;88.866135;62.362206;58.074802;46.771652;40.535435;44.04331;28.452757;0.0;,d67a22,323239,9130.0,Archivo de audio MPEG,197328.0,2012.0,256.0,44100.0,100.0,100.0,14406.0,5.0,1.0,3.0,3837511438.0,2025-08-08 20:23:58,,,,25,4.0
Scandal,Graduation,SCANDAL,HELLO WORLD,SCANDAL,J-Rock,2014-11-19,264.05,166,09060e,47.940945;99.0;57.295277;55.73622;59.244095;36.637794;76.3937;59.633858;32.350395;33.519684;36.24803;37.807087;37.417324;66.25984;34.688976;48.330708;75.614174;86.91732;94.32283;89.255905;71.71654;83.79921;55.73622;0.0;,fa6170,8c8875,9142.0,Archivo de audio MPEG,264071.0,2014.0,256.0,44100.0,100.0,100.0,4933.0,5.0,1.0,5.0,3835964321.0,2025-07-21 22:38:41,Haruna,,,23,1.0
Scandal,お願いナビゲーション,SCANDAL,HELLO WORLD,SCANDAL,J-Rock,2014-11-19,180.32,90,030408,40.925198;87.69685;47.16142;33.519684;35.85827;25.334646;33.90945;55.34646;40.535435;43.65354;38.19685;42.484253;53.7874;61.192913;31.96063;39.366142;81.07086;99.0;88.47638;84.578735;61.192913;69.767715;38.97638;0.0;,f05258,8d8f7f,9146.0,Archivo de audio MPEG,180349.0,2014.0,256.0,44100.0,100.0,100.0,7064.0,5.0,1.0,4.0,3837510436.0,2025-08-08 20:07:16,MAMI,,,12,1.0
Scandal,プラットホームシンドローム,SCANDAL,HONEY,SCANDAL,J-Rock,2018-02-14,210.36,105,901586,40.535435;95.88189;58.464565;46.38189;55.34646;33.90945;68.59843;73.66535;68.208664;58.074802;49.5;65.480316;67.81889;99.0;55.34646;56.125984;86.52756;75.22441;58.464565;42.484253;37.417324;38.19685;23.77559;0.0;,932627,4b352c,9160.0,Archivo de audio MPEG,210390.0,2018.0,256.0,44100.0,100.0,100.0,19966.0,5.0,1.0,3.0,3835967164.0,2025-07-21 23:26:04,MAMI,,,16,1.0
Scandal,OVER,SCANDAL,HONEY,SCANDAL,J-Rock,2018-02-14,272.4,95,0c0711,55.34646;93.543304;54.95669;51.44882;50.669292;60.413383;86.91732;60.02362;59.244095;58.074802;42.09449;49.110237;67.03937;99.0;53.7874;58.464565;86.91732;76.78346;70.54724;53.7874;49.5;44.43307;24.555119;0.0;,ab2432,563831,9162.0,Archivo de audio MPEG,272431.0,2018.0,256.0,44100.0,100.0,100.0,18443.0,5.0,1.0,5.0,3837343358.0,2025-08-06 21:42:38,p.k.a. SCANDAL,,,26,
Scandal,テイクミーアウト,SCANDAL,HONEY,SCANDAL,J-Rock,2009-01-01,222.38,75,783532,61.972443;99.0;53.397636;37.807087;30.401575;31.181103;42.484253;28.062992;29.622047;33.12992;26.893702;35.468506;40.535435;61.582676;51.83858;49.110237;64.70079;58.464565;60.413383;46.38189;37.027557;41.704723;23.385828;0.0;,d2781e,84eb51,9164.0,Archivo de audio MPEG,222406.0,2009.0,256.0,44100.0,100.0,100.0,18248.0,5.0,1.0,3.0,3834830573.0,2025-07-08 19:42:53,MAMI,,,90,
Scandal,Tonight,SCANDAL,Kiss from the darkness,SCANDAL,J-Rock,2020-02-12,224.37,146,6b5765,99.0;92.374016;63.14173;52.61811;46.771652;44.04331;70.93701;70.93701;54.56693;45.992126;40.925198;56.90551;67.42913;85.35826;56.125984;71.32677;82.62992;92.76378;90.81496;68.208664;79.90157;77.95276;46.38189;0.0;,ec495a,756156,9180.0,Archivo de audio MPEG,224391.0,2020.0,256.0,44100.0,100.0,100.0,8874.0,5.0,1.0,2.0,3827239485.0,2025-04-11 23:04:45,Patty Smyth/Zachary Smith,,,23,
Scandal,NEON TOWN ESCAPE,SCANDAL,Kiss from the darkness,SCANDAL,J-Rock,2020-02-12,263.97,98,018d56,34.688976;99.0;42.874016;19.877954;24.944883;17.149609;22.996063;17.149609;14.031498;12.472443;11.30315;15.20079;17.149609;18.708662;13.641735;20.267717;20.657482;21.047245;22.6063;22.996063;23.77559;30.401575;22.6063;0.0;,a2e63c,792f35,9190.0,Archivo de audio MPEG,263993.0,2020.0,256.0,44100.0,100.0,100.0,6769.0,5.0,1.0,1.0,3829947396.0,2025-05-13 07:16:36,HARUNA,,,24,-1.0
Scandal,Ceramic Blue,SCANDAL,Kiss from the darkness,SCANDAL,J-Rock,2020-02-12,236.43,93,15091d,73.66535;99.0;61.582676;54.177166;50.279526;59.633858;72.885826;43.65354;48.720474;60.413383;46.38189;59.244095;58.074802;56.90551;45.992126;54.56693;73.27559;73.27559;65.480316;48.330708;46.771652;61.582676;35.85827;0.0;,d04331,543b33,9192.0,Archivo de audio MPEG,236460.0,2020.0,256.0,44100.0,100.0,100.0,9575.0,5.0,1.0,3.0,3837186896.0,2025-08-05 02:14:56,MAMI,,,21,-1.0
Scandal,A.M.D.K.J.,SCANDAL,Kiss from the darkness,SCANDAL,J-Rock,2020-01-08,219.95,90,020305,43.26378;99.0;35.85827;27.67323;21.826773;21.826773;39.366142;34.299213;35.468506;33.90945;43.65354;51.83858;49.889763;55.73622;35.85827;38.586617;53.007874;59.633858;66.25984;43.26378;53.007874;51.83858;31.96063;0.0;,e46a35,3b403c,9198.0,Archivo de audio MPEG,219977.0,2020.0,256.0,44100.0,100.0,100.0,14703.0,5.0,1.0,3.0,3837421700.0,2025-08-07 19:28:20,MAMI,,,23,1.0
Scandal,月,SCANDAL,Kiss from the darkness,SCANDAL,J-Rock,2020-02-12,264.91,82,5c3933,17.539371;80.291336;56.125984;66.25984;68.59843;76.78346;61.582676;97.8307;63.14173;59.633858;40.145668;42.09449;46.771652;42.09449;35.078743;49.5;67.42913;53.397636;86.137794;61.582676;70.15748;99.0;52.61811;0.0;,c02ac5,c6a53f,9200.0,Archivo de audio MPEG,264933.0,2020.0,256.0,44100.0,100.0,100.0,4605.0,5.0,1.0,1.0,3832680213.0,2025-06-13 22:23:33,MAMI,,,12,-1.0
Scandal,Line of Sight,SCANDAL,Line of Sight - Single,SCANDAL,J-Pop,2023-03-15,216.11,93,080610,67.81889;91.98425;52.61811;35.85827;41.704723;48.720474;53.7874;59.633858;47.16142;43.65354;37.417324;41.31496;61.582676;64.31102;47.940945;65.87008;74.055115;96.661415;99.0;71.32677;79.12205;89.64567;51.059055;0.0;,f55569,8e8775,9202.0,Archivo de audio MPEG,216137.0,2023.0,256.0,44100.0,100.0,100.0,8012.0,5.0,1.0,3.0,3820663781.0,2025-01-25 21:29:41,ＭＡＭＩ,,,24,2.0
Scandal,Vision,SCANDAL,Line of Sight - Single,SCANDAL,J-Pop,2023-05-10,210.05,123,c891c4,80.291336;99.0;49.110237;44.43307;37.027557;31.181103;51.059055;29.622047;34.299213;33.12992;24.555119;31.181103;39.366142;48.330708;30.79134;34.299213;50.669292;49.110237;57.295277;52.228348;47.16142;47.940945;35.468506;0.0;,e6a940,29272f,9204.0,Archivo de audio MPEG,210076.0,2023.0,256.0,44100.0,100.0,100.0,5619.0,5.0,1.0,3.0,3825064039.0,2025-03-17 19:47:19,ＲＩＮＡ,,,34,
Scandal,LOVE SURVIVE,SCANDAL,LOVE SURVIVE - EP,SCANDAL,J-Pop,2011-07-27,222.69,95,030407,33.12992;79.51181;30.401575;29.622047;22.216536;21.826773;27.283466;30.011812;26.893702;22.216536;21.047245;22.6063;28.062992;42.874016;38.19685;46.771652;72.885826;78.342514;93.93307;93.93307;93.543304;99.0;77.56299;0.0;,fe717e,afb6ba,9206.0,Archivo de audio MPEG,222720.0,2011.0,256.0,44100.0,100.0,100.0,12035.0,5.0,1.0,3.0,3837425294.0,2025-08-07 20:28:14,Hidenori Tanaka,,,100,
Scandal,君に嫉妬中,SCANDAL,LOVE SURVIVE - EP,SCANDAL,J-Pop,2011-07-27,229.59,176,0a0711,42.09449;99.0;72.885826;54.95669;30.79134;30.011812;54.95669;32.740158;33.90945;33.90945;22.996063;26.503939;45.992126;65.09055;57.68504;50.279526;73.66535;65.09055;65.87008;77.173225;89.255905;90.81496;50.279526;0.0;,fd7969,797e78,9208.0,Archivo de audio MPEG,229616.0,2011.0,256.0,44100.0,100.0,100.0,9119.0,5.0,1.0,3.0,3835099917.0,2025-07-11 22:31:57,Hajimetal,,,21,
Scandal,群青pleats,SCANDAL,LUMINOUS,SCANDAL,J-Rock,2024-03-20,263.89,117,2aa5e2,54.56693;99.0;53.007874;33.519684;38.19685;29.622047;40.535435;37.417324;33.90945;32.740158;23.385828;22.216536;30.011812;36.637794;22.996063;29.232285;30.79134;33.519684;33.12992;34.688976;33.12992;46.38189;34.688976;0.0;,b5de3c,672431,9214.0,Archivo de audio MPEG,263915.0,2024.0,256.0,44100.0,100.0,100.0,5194.0,5.0,1.0,4.0,3831997291.0,2025-06-06 00:41:31,ＭＡＭＩ,,,22,-1.0
Scandal,私たち,SCANDAL,LUMINOUS,SCANDAL,J-Rock,2024-03-20,252.29,108,0d68bd,49.110237;97.8307;41.31496;37.417324;30.011812;20.657482;63.531494;38.19685;40.535435;30.401575;38.19685;42.874016;47.55118;56.515747;33.12992;43.65354;57.295277;56.90551;77.56299;55.73622;66.649605;99.0;44.822834;0.0;,fe7677,a2ada1,9218.0,Archivo de audio MPEG,252316.0,2024.0,256.0,44100.0,100.0,100.0,8481.0,5.0,1.0,3.0,3830156696.0,2025-05-15 17:24:56,ＭＡＭＩ,,,21,
Scandal,あなたへ,SCANDAL,LUMINOUS,SCANDAL,J-Rock,2024-03-20,240.69,174,020305,40.145668;99.0;71.32677;21.047245;24.555119;33.12992;38.586617;35.078743;38.586617;47.55118;32.740158;45.992126;58.074802;45.602364;32.740158;55.34646;49.110237;67.03937;63.14173;65.87008;68.98819;56.515747;34.299213;0.0;,ed7440,5e625a,9230.0,Archivo de audio MPEG,240718.0,2024.0,256.0,44100.0,100.0,100.0,8591.0,5.0,1.0,2.0,3832353744.0,2025-06-10 03:42:24,内田直孝,,,23,-1.0
Scandal,SCANDAL IN THE HOUSE,SCANDAL,OVER DRIVE - Single,SCANDAL,J-Rock,2013-09-18,334.45,138,80616e,45.992126;64.70079;28.062992;18.708662;23.77559;26.503939;32.350395;44.04331;42.09449;38.586617;38.586617;40.535435;44.04331;44.43307;23.385828;34.299213;55.34646;81.07086;99.0;86.52756;93.543304;98.61023;68.208664;0.0;,fa6190,979998,9258.0,Archivo de audio MPEG,334471.0,2013.0,256.0,44100.0,100.0,100.0,9258.0,5.0,1.0,4.0,3823601558.0,2025-02-28 21:32:38,古坂大魔王,,,100,2.0
Scandal,Pride,SCANDAL,Pride - EP,SCANDAL,J-Rock,2011-02-09,271.6,122,b18cab,24.555119;72.1063;24.165356;20.267717;17.539371;14.421261;19.877954;26.503939;16.759842;19.877954;17.539371;26.893702;28.062992;45.2126;45.2126;63.14173;79.90157;84.18898;88.866135;55.73622;76.3937;99.0;56.515747;0.0;,fa626d,949597,9262.0,Archivo de audio MPEG,271621.0,2011.0,256.0,44100.0,100.0,100.0,17814.0,5.0,1.0,1.0,3820864669.0,2025-01-28 05:17:49,Keita Kawaguchi,,,94,
Scandal,Emotion,SCANDAL,Pride - EP,SCANDAL,J-Rock,2011-02-09,224.89,140,8d6f80,45.992126;99.0;47.16142;46.771652;47.55118;17.929134;41.31496;32.740158;21.43701;27.67323;25.334646;31.570868;35.85827;62.75197;49.110237;48.330708;66.25984;65.09055;67.42913;59.244095;68.59843;61.192913;30.79134;0.0;,f17845,323737,9266.0,Archivo de audio MPEG,224914.0,2011.0,256.0,44100.0,100.0,100.0,13404.0,5.0,1.0,2.0,3833804152.0,2025-06-26 22:35:52,"Jiro Miyanaga, Youtorilon",,,29,2.0
Scandal,Rock'n Roll,SCANDAL,Queens are trumps -切り札はクイーン-,SCANDAL,J-Rock,2012-09-26,235.02,170,06050c,17.929134;54.177166;32.350395;36.24803;25.334646;24.165356;29.622047;32.740158;26.503939;27.283466;24.944883;28.452757;31.96063;45.992126;38.97638;53.7874;85.35826;98.220474;99.0;55.34646;52.61811;65.09055;38.97638;0.0;,e9405f,8c8d8c,9276.0,Archivo de audio MPEG,235049.0,2012.0,256.0,44100.0,100.0,100.0,20729.0,5.0,1.0,4.0,3835773190.0,2025-07-19 17:33:10,田鹿祐一,,,23,2.0
Scandal,Rising Star,SCANDAL,Queens are trumps -切り札はクイーン-,SCANDAL,J-Rock,2012-09-26,212.4,177,06050d,44.822834;91.20473;49.5;31.181103;36.24803;37.027557;52.228348;49.110237;59.633858;54.95669;48.720474;62.362206;64.31102;77.56299;65.09055;89.64567;99.0;87.30708;91.59448;81.07086;78.732285;72.885826;54.95669;0.0;,de3b4d,7b6f61,9284.0,Archivo de audio MPEG,212427.0,2012.0,256.0,44100.0,100.0,100.0,17482.0,5.0,1.0,3.0,3833751994.0,2025-06-26 08:06:34,大久保友裕,,,21,3.0
Scandal,六本木心中,SCANDAL,R-GIRL's ROCK!,SCANDAL,J-Rock,2010-11-17,263.41,160,0d0812,27.283466;99.0;40.145668;28.84252;25.334646;14.421261;26.503939;28.062992;19.877954;19.098427;34.299213;33.12992;55.73622;74.83464;60.80315;84.968506;81.46063;67.81889;56.515747;39.755905;45.992126;63.531494;41.704723;0.0;,d8592c,4e534f,9294.0,Archivo de audio AAC,263383.0,2010.0,319.0,44100.0,100.0,100.0,14021.0,5.0,1.0,2.0,3831996345.0,2025-06-06 00:25:45,Nobody,,,21,4.0
Scandal,FREEDOM FIGHTERS,SCANDAL,SCANDAL,SCANDAL,J-Rock,2009-01-01,243.62,133,b3bdc2,36.24803;76.78346;56.90551;35.85827;43.26378;29.622047;57.68504;54.177166;58.074802;57.295277;53.397636;66.649605;61.192913;85.35826;66.25984;71.71654;99.0;91.20473;87.69685;60.413383;59.244095;56.90551;39.755905;0.0;,c52744,7f5d55,9342.0,Archivo de audio MPEG,243644.0,2009.0,256.0,44100.0,100.0,100.0,14744.0,5.0,1.0,4.0,3835863524.0,2025-07-20 18:38:44,MAMI,,,31,1.0
Scandal,Spice,SCANDAL,Spice - Single,SCANDAL,J-Pop,2020-07-15,224.44,172,030407,59.244095;99.0;61.972443;30.011812;31.181103;30.011812;46.771652;40.535435;34.688976;41.31496;30.011812;38.97638;41.704723;51.44882;35.85827;47.55118;90.03543;84.18898;92.374016;87.30708;47.55118;47.940945;29.622047;0.0;,e9693b,6f7268,9412.0,Archivo de audio MPEG,224470.0,2020.0,256.0,44100.0,100.0,100.0,9091.0,5.0,1.0,4.0,3828986757.0,2025-05-02 04:25:57,MAMI,,,23,-2.0
Scandal,Flashback No.5,SCANDAL,Stamp! - Single,SCANDAL,J-Rock,2015-07-22,235.96,82,0c0811,56.90551;99.0;28.062992;44.04331;34.688976;26.893702;56.125984;53.7874;46.38189;45.602364;37.807087;43.65354;35.468506;43.26378;31.181103;47.55118;52.228348;56.125984;55.34646;61.972443;77.95276;70.54724;47.55118;0.0;,fe7870,4c514c,9416.0,Archivo de audio MPEG,235990.0,2015.0,256.0,44100.0,100.0,100.0,16726.0,5.0,1.0,3.0,3831057320.0,2025-05-26 03:35:20,玉井　健二/SCANDAL/Mami,,,24,1.0
Scandal,Brand new wave,SCANDAL,STANDARD,SCANDAL,J-Rock,2013,216.07,133,867988,61.192913;99.0;81.46063;51.44882;43.65354;46.771652;62.362206;61.192913;50.669292;41.704723;35.468506;49.889763;56.125984;65.87008;61.972443;66.649605;84.18898;76.00394;71.71654;59.633858;64.70079;83.40945;75.22441;0.0;,ea514b,706255,9420.0,Audio Apple Lossless,216066.0,2013.0,1536.0,48000.0,100.0,100.0,11054.0,5.0,1.0,3.0,3822557798.0,2025-02-16 19:36:38,Tokokazu Yamada,,,96,2.0
Scandal,メトロノーム,SCANDAL,STANDARD,SCANDAL,J-Rock,2013,242.47,90,030306,47.940945;75.22441;48.720474;65.480316;21.43701;17.149609;48.330708;24.165356;32.350395;27.67323;36.24803;33.90945;45.992126;73.66535;58.074802;73.66535;91.20473;99.0;91.20473;63.531494;68.98819;98.61023;86.91732;0.0;,f25063,9da496,9428.0,Audio Apple Lossless,242466.0,2013.0,1536.0,48000.0,100.0,100.0,17783.0,5.0,1.0,2.0,3825755892.0,2025-03-25 19:58:12,Takashi Yamaguchi,,,97,-2.0
Scandal,8月,SCANDAL,STANDARD,SCANDAL,J-Rock,2013,255.61,129,664750,22.996063;99.0;67.42913;55.73622;23.385828;15.980316;47.55118;27.283466;21.826773;19.098427;19.098427;15.590553;19.48819;22.216536;20.657482;21.826773;45.992126;54.56693;49.889763;43.26378;71.32677;77.56299;84.968506;0.0;,e9c87f,4b3d4b,9432.0,Audio Apple Lossless,255613.0,2013.0,1536.0,48000.0,100.0,100.0,11853.0,5.0,1.0,2.0,3835453247.0,2025-07-16 00:40:47,Mami,,,40,
Scandal,Take Me Out,SCANDAL,Take Me Out - Single,SCANDAL,J-Pop,2009-01-01,224.99,75,6d3522,67.03937;99.0;53.007874;37.807087;31.181103;32.350395;44.04331;30.011812;32.350395;35.468506;28.84252;38.586617;44.04331;66.649605;55.73622;52.61811;68.59843;61.582676;63.531494;49.110237;39.755905;44.822834;25.334646;0.0;,d56f22,cfad6b,9446.0,Archivo de audio MPEG,225018.0,2009.0,256.0,44100.0,100.0,100.0,22346.0,5.0,1.0,2.0,3832142069.0,2025-06-07 16:54:29,Mami,,,23,
Scandal,EVERYBODY SAY YEAH,SCANDAL,TEMPTATION BOX,SCANDAL,J-Pop,2010-08-11,223.97,127,6b5867,63.921257;99.0;44.43307;50.669292;65.09055;38.19685;46.38189;65.480316;63.921257;42.09449;59.633858;54.95669;58.854332;93.93307;56.90551;63.14173;68.98819;88.08661;91.98425;74.055115;65.09055;79.12205;49.889763;0.0;,e43f53,5d5447,9452.0,Archivo de audio MPEG,224000.0,2010.0,256.0,44100.0,100.0,100.0,13560.0,5.0,1.0,4.0,3837182751.0,2025-08-05 01:05:51,Tomohiro Okubo,,,73,2.0
Scandal,プレイボーイPart II,SCANDAL,TEMPTATION BOX,SCANDAL,J-Pop,2010-08-11,260.47,152,0b0810,30.011812;99.0;49.5;34.688976;31.181103;21.43701;32.350395;29.232285;23.385828;21.43701;26.503939;29.232285;49.889763;77.173225;46.771652;61.192913;72.49606;90.81496;55.34646;51.059055;52.228348;61.192913;35.468506;0.0;,e06231,434745,9468.0,Archivo de audio MPEG,260493.0,2010.0,256.0,44100.0,100.0,100.0,18538.0,5.0,1.0,5.0,3834832244.0,2025-07-08 20:10:44,ツキダタダシ,,,20,3.0
Scandal,LOVE ME DO,SCANDAL,YELLOW,SCANDAL,J-Rock,2016-03-02,228.7,120,b57894,71.32677;99.0;67.42913;61.582676;44.43307;84.18898;84.578735;71.71654;40.925198;47.16142;46.38189;51.44882;60.80315;73.27559;58.464565;66.25984;84.968506;89.64567;94.7126;72.1063;84.968506;94.7126;54.56693;0.0;,f04473,7c655a,9480.0,Archivo de audio MPEG,228728.0,2016.0,256.0,44100.0,100.0,100.0,9562.0,5.0,1.0,3.0,3829166329.0,2025-05-04 06:18:49,MaMi,,,25,1.0
Scandal,SUKI-SUKI,SCANDAL,YELLOW,SCANDAL,J-Rock,2016-03-02,287.29,96,100915,82.62992;99.0;61.192913;46.38189;31.570868;40.925198;49.889763;49.110237;35.468506;35.078743;32.350395;42.09449;53.397636;76.3937;59.633858;66.649605;89.255905;79.12205;93.15354;70.15748;64.70079;79.12205;56.515747;0.0;,f1634d,717264,9490.0,Archivo de audio MPEG,287320.0,2016.0,256.0,44100.0,100.0,100.0,15453.0,5.0,1.0,3.0,3833718635.0,2025-06-25 22:50:35,MaMi,,,29,2.0
Scandal,キミと未来と完全同期,SCANDAL,下弦の月 - Single,SCANDAL,J-Rock,2013-08-14,277.39,127,7f7d84,36.24803;99.0;63.921257;40.535435;37.027557;40.145668;35.468506;49.889763;45.2126;46.771652;39.366142;42.874016;64.31102;68.59843;59.244095;72.49606;85.74803;84.968506;79.12205;61.192913;52.61811;55.34646;40.535435;0.0;,d0472f,725f54,9504.0,Archivo de audio MPEG,277420.0,2013.0,256.0,44100.0,100.0,100.0,16300.0,5.0,1.0,1.0,3823359989.0,2025-02-26 02:26:29,Atsushi,,,70,2.0
Scandal,会わないつもりの、元気でね,SCANDAL,会わないつもりの、元気でね - Single,SCANDAL,J-Rock,2013-05-22,265.17,175,07050c,42.484253;99.0;47.940945;48.720474;18.3189;13.251968;35.85827;26.893702;26.893702;14.811024;12.08268;17.929134;22.6063;39.755905;36.637794;38.586617;44.43307;51.83858;66.649605;62.362206;74.055115;79.90157;61.582676;0.0;,f9a470,887788,9508.0,Archivo de audio MPEG,265195.0,2013.0,256.0,44100.0,100.0,100.0,12407.0,5.0,1.0,3.0,3837420294.0,2025-08-07 19:04:54,Ryota Yanagisawa,,,99,2.0
Scandal,24時間プラスの夜明け前,SCANDAL,会わないつもりの、元気でね - Single,SCANDAL,J-Rock,2013-05-22,242.05,148,714e56,42.874016;99.0;50.669292;39.755905;16.759842;26.114174;26.893702;31.181103;27.283466;27.67323;20.657482;27.283466;39.366142;45.602364;35.85827;37.807087;47.940945;60.02362;81.85039;68.59843;75.22441;81.46063;60.02362;0.0;,fc906a,656568,9510.0,Archivo de audio MPEG,242076.0,2013.0,256.0,44100.0,100.0,100.0,11089.0,5.0,1.0,3.0,3835547119.0,2025-07-17 02:45:19,一色徳保,,,27,-1.0
Scandal,涙のリグレット,SCANDAL,涙のリグレット - EP,SCANDAL,J-Rock,2010-07-28,313.99,72,815c55,50.279526;99.0;67.81889;45.992126;47.55118;53.7874;32.740158;38.19685;34.299213;40.535435;26.893702;38.586617;42.874016;89.64567;58.074802;72.49606;80.6811;74.83464;74.83464;64.70079;73.27559;88.47638;54.95669;0.0;,f15f4f,c3b286,9514.0,Archivo de audio MPEG,314017.0,2010.0,256.0,44100.0,100.0,100.0,14679.0,5.0,1.0,4.0,3835693504.0,2025-07-18 19:25:04,Miki Watanabe,,,55,1.0
Scandal,SAKURAグッバイ,SCANDAL,SAKURA グッバイ - Single,SCANDAL,J-Rock,2009-03-04,241.74,161,08060d,49.110237;98.61023;51.44882;51.83858;34.688976;32.740158;49.110237;26.893702;21.826773;33.12992;37.417324;34.688976;47.55118;64.70079;63.531494;85.74803;97.05118;99.0;90.42519;72.49606;47.940945;50.669292;29.622047;0.0;,da5331,616255,13698.0,Archivo de audio AAC,241720.0,2009.0,318.0,48000.0,100.0,100.0,16700.0,5.0,1.0,3.0,3831390906.0,2025-05-30 00:15:06,Masterworks,,,12,1.0
Scandal,Terra Boy,SCANDAL,Terra Boy - Single,SCANDAL,J-Pop,2025-01-01,207.75,90,010203,99.0;88.47638;54.177166;28.84252;31.181103;33.519684;53.007874;47.16142;48.330708;49.889763;70.54724;74.83464;70.15748;82.62992;34.299213;60.413383;77.56299;81.85039;75.22441;60.413383;72.885826;85.74803;52.228348;0.0;,f04f5d,817163,13700.0,Archivo de audio AAC,207726.0,2025.0,324.0,48000.0,100.0,100.0,6873.0,5.0,1.0,2.0,3831998036.0,2025-06-06 00:53:56,,,,23,3.0
Scandal,ハイライトの中で僕らずっと,SCANDAL,ハイライトの中で僕らずっと - Single,SCANDAL,J-Pop,2023-08-22,204.89,135,7d6b7b,65.09055;99.0;73.27559;45.992126;44.822834;48.720474;65.87008;78.732285;60.02362;48.330708;42.09449;52.61811;53.007874;50.279526;47.55118;53.397636;68.98819;66.649605;77.173225;44.822834;63.14173;70.54724;33.90945;0.0;,e94e4c,523c33,13702.0,Archivo de audio AAC,204869.0,2023.0,321.0,48000.0,100.0,100.0,7636.0,5.0,1.0,4.0,3835517919.0,2025-07-16 18:38:39,ＭＡＭＩ,,,30,1.0
Scandal,少女S,SCANDAL,少女S[初回盤A] - EP,SCANDAL,J-Rock,2009-06-17,194.44,136,95798d,57.68504;99.0;45.992126;41.704723;36.637794;29.232285;40.535435;43.65354;31.181103;38.586617;33.90945;44.04331;73.27559;81.46063;60.413383;72.1063;93.93307;85.35826;75.614174;53.7874;54.177166;64.70079;38.586617;0.0;,db4e36,58584b,13716.0,Archivo de audio AAC,194421.0,2009.0,320.0,48000.0,100.0,100.0,9971.0,5.0,1.0,2.0,3834836875.0,2025-07-08 21:27:55,田鹿ゆういち,,,96,6.0
Scandal,DAYDREAM,SCANDAL,夢見るつばさ - EP,SCANDAL,J-Rock,2009-10-14,247.38,100,9d4c40,25.724411;88.08661;37.027557;30.011812;31.570868;28.062992;45.992126;46.771652;42.09449;44.822834;47.55118;53.007874;56.90551;64.70079;52.61811;63.921257;99.0;87.30708;70.54724;61.192913;52.61811;62.75197;40.535435;0.0;,d63941,dcd36a,13730.0,Archivo de audio AAC,247362.0,2009.0,313.0,48000.0,100.0,100.0,7239.0,5.0,1.0,6.0,3835536200.0,2025-07-16 23:43:20,恩田快人,,,20,
Scandal,瞬間センチメンタル,SCANDAL,瞬間センチメンタル - EP,SCANDAL,J-Rock,2010-02-03,226.93,84,05050b,44.04331;99.0;45.2126;43.65354;33.90945;34.299213;53.397636;55.73622;37.807087;34.299213;31.570868;30.011812;50.669292;67.42913;45.602364;54.95669;66.25984;76.00394;60.02362;48.330708;60.80315;65.480316;37.807087;0.0;,e85b41,4e4e41,13732.0,Archivo de audio AAC,226905.0,2010.0,320.0,48000.0,100.0,100.0,9046.0,5.0,1.0,2.0,3826035282.0,2025-03-29 01:34:42,Yuichi Tajika,,,93,4.0
Scandal,スキャンダルなんかブッ飛ばせ,SCANDAL,スキャンダルなんかブッ飛ばせ - Single,SCANDAL,J-Rock,2010-10-06,209.35,150,6a4e5a,18.708662;58.464565;28.452757;19.098427;26.503939;17.539371;29.622047;60.80315;38.19685;30.79134;38.19685;35.468506;49.110237;75.614174;65.87008;76.78346;94.32283;99.0;73.27559;53.007874;66.649605;74.83464;44.822834;0.0;,dd3258,6b6f66,13746.0,Archivo de audio AAC,209328.0,2010.0,320.0,48000.0,100.0,100.0,19976.0,5.0,1.0,2.0,3835609583.0,2025-07-17 20:06:23,Takeshi Fuji,,,63,3.0
Scandal,How crazy,SCANDAL,SHE LOVES YOU,YUI Tribute,J-Pop,2012-10-24,223.58,133,854f4d,99.0;87.69685;58.074802;25.724411;30.011812;44.822834;61.582676;70.54724;55.34646;47.55118;36.24803;53.397636;60.413383;81.07086;60.02362;55.34646;71.71654;77.173225;90.03543;76.00394;76.00394;81.85039;41.704723;0.0;,f55565,b79276,13754.0,Archivo de audio AAC,223562.0,2012.0,323.0,48000.0,100.0,100.0,7976.0,5.0,1.0,3.0,3832360935.0,2025-06-10 05:42:15,YUI,,,23,2.0
Scandal,ハルカ,SCANDAL,ハルカ - EP,SCANDAL,J-Pop,2011-04-20,307.52,124,8c6876,54.95669;99.0;60.413383;40.925198;17.539371;27.67323;28.452757;28.062992;28.84252;23.385828;28.062992;30.401575;40.145668;51.44882;36.24803;47.940945;57.68504;62.75197;53.007874;42.874016;59.244095;69.37795;44.04331;0.0;,f09347,3a3a3f,13756.0,Archivo de audio AAC,307502.0,2011.0,322.0,48000.0,100.0,100.0,8815.0,5.0,1.0,5.0,3835693189.0,2025-07-18 19:19:49,Keita Kawaguchi,,,21,1.0
Scandal,HARUKAZE,SCANDAL,HARUKAZE[初回盤B] - Single,SCANDAL,J-Rock,2012-02-22,279.01,83,010202,53.007874;79.90157;68.208664;95.88189;26.893702;15.20079;94.32283;36.637794;45.602364;39.366142;27.67323;37.417324;55.73622;67.03937;55.34646;69.767715;99.0;70.15748;64.31102;54.56693;58.464565;91.98425;45.602364;0.0;,e93e65,946a60,13760.0,Archivo de audio AAC,278988.0,2012.0,316.0,48000.0,100.0,100.0,15125.0,5.0,1.0,2.0,3837512491.0,2025-08-08 20:41:31,Noriyasu Isshiki,,,31,1.0
Scandal,太陽スキャンダラス,SCANDAL,太陽スキャンダラス[初回盤A] - Single,SCANDAL,J-Rock,2009-01-01,309.38,80,09070e,43.26378;94.7126;44.04331;33.519684;41.31496;38.97638;54.177166;65.87008;39.755905;44.43307;39.366142;45.2126;46.771652;63.14173;60.80315;73.66535;99.0;90.42519;88.47638;76.3937;67.42913;79.12205;51.44882;0.0;,e84653,7e7868,13762.0,Archivo de audio AAC,309359.0,2009.0,318.0,48000.0,100.0,100.0,13353.0,5.0,1.0,2.0,3835372806.0,2025-07-15 02:20:06,NAOTO,,,9,3.0
Scandal,Welcome home,SCANDAL,太陽スキャンダラス[通常盤] - Single,SCANDAL,J-Rock,2012-07-11,242.97,152,0d0811,28.062992;69.767715;49.110237;41.31496;22.996063;35.078743;38.19685;44.04331;22.996063;21.43701;27.67323;39.366142;42.484253;61.582676;65.87008;73.66535;99.0;80.291336;78.342514;67.81889;70.93701;92.374016;73.66535;0.0;,ee4763,8d938b,13778.0,Archivo de audio AAC,242950.0,2012.0,318.0,48000.0,100.0,100.0,17372.0,5.0,1.0,3.0,3837793385.0,2025-08-12 02:43:05,川村結花,,,19,6.0
Scandal,恋するユニバース,SCANDAL,恋するユニバース - EP,SCANDAL,J-Rock,2017-10-22,257.65,175,0e0814,58.464565;99.0;59.244095;35.468506;40.535435;38.97638;40.535435;55.34646;37.807087;38.97638;36.637794;46.771652;53.397636;86.91732;49.889763;46.771652;48.330708;48.330708;57.295277;32.350395;35.078743;33.12992;17.539371;0.0;,a7600a,16190d,13780.0,Archivo de audio AAC,257625.0,2017.0,318.0,48000.0,100.0,100.0,11778.0,5.0,1.0,1.0,3825877571.0,2025-03-27 05:46:11,MAMI,,,29,
Scandal,どうかしてるって,SCANDAL,どうかしてるって - Single,SCANDAL,J-Pop,2025-02-01,220.08,122,c2a0d4,91.98425;74.444885;52.228348;30.401575;42.874016;31.570868;43.65354;67.42913;55.73622;47.16142;57.68504;75.614174;73.66535;97.8307;57.295277;81.07086;99.0;95.49213;85.35826;74.444885;73.66535;98.61023;64.31102;0.0;,e73a62,8a7e6d,16510.0,Archivo de audio AAC,220055.0,2025.0,327.0,48000.0,100.0,100.0,6990.0,5.0,1.0,3.0,3837354289.0,2025-08-07 00:44:49,,,,21,-1.0
Scandal,Terra Boy,SCANDAL,"Love, Spark, Joy! - EP",SCANDAL,J-Rock,2025-01-01,207.75,90,010203,99.0;88.47638;54.177166;28.84252;31.181103;33.519684;53.007874;47.16142;48.330708;49.889763;70.54724;74.83464;70.15748;82.62992;34.299213;60.413383;77.56299;81.85039;75.22441;60.413383;72.885826;85.74803;52.228348;0.0;,f04f5d,817163,23450.0,Archivo de audio AAC,207726.0,2025.0,324.0,48000.0,20.0,100.0,6873.0,5.0,1.0,1.0,3824217293.0,2025-03-08 00:34:53,,,,23,3.0
Scandal,Doukashiterutte,SCANDAL,"Love, Spark, Joy! - EP",SCANDAL,J-Rock,2025-02-01,220.08,122,c1a1d6,91.98425;74.444885;52.228348;30.401575;42.874016;31.570868;43.65354;67.03937;55.73622;47.16142;57.68504;75.614174;73.66535;97.8307;57.295277;81.07086;99.0;95.49213;84.968506;74.444885;73.66535;98.61023;64.31102;0.0;,e73a62,8b7e6d,23452.0,Archivo de audio AAC,220055.0,2025.0,327.0,48000.0,20.0,100.0,6988.0,5.0,1.0,3.0,3826276273.0,2025-03-31 20:31:13,,,,21,-1.0
Scandal,Soundly,SCANDAL,"Love, Spark, Joy! - EP",SCANDAL,J-Rock,2025-03-01,256.42,123,a9697a,85.35826;99.0;72.1063;38.19685;29.232285;27.283466;39.366142;26.893702;24.944883;28.062992;21.826773;35.078743;37.807087;51.83858;27.283466;39.755905;59.633858;66.25984;64.31102;54.56693;48.330708;61.192913;44.43307;0.0;,eba647,3e3f44,23460.0,Archivo de audio AAC,256395.0,2025.0,323.0,48000.0,20.0,100.0,4778.0,5.0,1.0,1.0,3824217584.0,2025-03-08 00:39:44,,,,19,-3.0
Scandal,"Oh, Pretty Woman",SCANDAL,"Love, Spark, Joy! - EP",SCANDAL,J-Rock,2025-03-05,179.56,135,8d6876,80.291336;99.0;51.059055;50.279526;45.2126;32.740158;45.2126;50.279526;49.110237;50.279526;53.007874;64.70079;66.649605;93.15354;56.90551;74.055115;93.15354;76.78346;97.8307;91.20473;76.78346;85.35826;51.83858;0.0;,ed4e55,646354,23464.0,Archivo de audio AAC,179537.0,2025.0,322.0,48000.0,20.0,100.0,8569.0,5.0,1.0,1.0,3824217764.0,2025-03-08 00:42:44,,,,24,
Sekai no Owari,Anti-Hero,SEKAI NO OWARI,Anti-Hero - Single,SEKAI NO OWARI,J-Pop,2015-07-29,215.43,105,501ac2,65.480316;78.732285;46.771652;42.09449;32.740158;35.468506;39.366142;44.43307;32.350395;22.216536;26.114174;29.232285;25.334646;33.519684;23.385828;33.12992;31.570868;42.874016;47.16142;56.90551;76.78346;99.0;50.669292;0.0;,efa6b0,a78ca7,9522.0,Archivo de audio MPEG,215457.0,2015.0,256.0,44100.0,100.0,100.0,4818.0,5.0,1.0,7.0,3835036506.0,2025-07-11 04:55:06,Fukase & Nakajin,,,34,2.0
Sekai no Owari,Death Disco,SEKAI NO OWARI,Death Disco - Single,SEKAI NO OWARI,J-Pop,2013-10-30,253.31,130,616164,65.480316;94.32283;65.09055;41.704723;45.602364;30.79134;41.704723;32.350395;25.724411;24.944883;28.452757;29.232285;28.84252;33.12992;25.334646;36.24803;37.807087;60.413383;62.75197;77.173225;91.20473;99.0;53.397636;0.0;,f4ab9a,b0a7c1,9528.0,Archivo de audio MPEG,253335.0,2013.0,256.0,44100.0,100.0,100.0,5191.0,5.0,1.0,4.0,3831643464.0,2025-06-01 22:24:24,"Nakajin, Fukase",,,31,3.0
Sekai no Owari,Love the warz - rearranged,SEKAI NO OWARI,Dragon Night - Single,SEKAI NO OWARI,J-Pop,2014-10-15,312.74,113,be804e,98.220474;98.220474;99.0;31.96063;27.67323;64.70079;38.586617;42.09449;59.633858;57.68504;54.177166;74.83464;71.32677;74.83464;61.972443;72.49606;55.73622;66.25984;73.66535;86.52756;90.81496;72.49606;46.771652;0.0;,f36450,ab7d6b,9534.0,Archivo de audio MPEG,312764.0,2014.0,256.0,44100.0,100.0,100.0,7322.0,5.0,1.0,3.0,3831496550.0,2025-05-31 05:35:50,Nakajin/Fukase,,,26,-3.0
Sekai no Owari,Dropout,SEKAI NO OWARI,Dropout - Single,SEKAI NO OWARI,J-Pop,2020-03-31,241.5,124,6d3226,9.744095;50.669292;42.874016;63.531494;43.65354;51.059055;58.854332;49.110237;59.633858;30.401575;29.232285;37.807087;28.062992;35.078743;27.67323;46.771652;43.26378;54.177166;56.90551;55.34646;83.019684;99.0;49.5;0.0;,d149d0,74f66e,9536.0,Archivo de audio MPEG,241528.0,2020.0,256.0,44100.0,100.0,100.0,8851.0,5.0,1.0,1.0,3833360727.0,2025-06-21 19:25:27,Fukase,,,18,
Sekai no Owari,世界平和,SEKAI NO OWARI,Earth,SEKAI NO OWARI,J-Pop,2010-04-07,299.36,90,0b0711,91.20473;99.0;64.31102;34.688976;35.078743;49.5;43.65354;46.771652;35.85827;65.09055;33.12992;39.755905;43.65354;46.38189;33.90945;51.44882;48.720474;55.73622;48.720474;44.04331;41.31496;35.078743;19.098427;0.0;,c59617,060905,9548.0,Archivo de audio MPEG,299389.0,2010.0,256.0,44100.0,100.0,100.0,6097.0,5.0,1.0,2.0,3822587629.0,2025-02-17 03:53:49,深瀬慧,,,18,
Sekai no Owari,Love Song,SEKAI NO OWARI,Eye,SEKAI NO OWARI,J-Pop,2019-02-27,240.01,112,aa2194,61.972443;99.0;81.46063;26.893702;33.519684;46.771652;29.622047;27.283466;24.555119;19.877954;19.877954;24.944883;26.893702;33.90945;23.77559;31.570868;33.519684;40.925198;49.110237;44.04331;47.16142;63.531494;35.85827;0.0;,d1dd60,563841,9584.0,Archivo de audio MPEG,240039.0,2019.0,256.0,44100.0,100.0,100.0,6570.0,5.0,1.0,4.0,3830025331.0,2025-05-14 04:55:31,"Saori, Nakajin & Fukase",,,22,3.0
Sekai no Owari,Blue Flower,SEKAI NO OWARI,Eye,SEKAI NO OWARI,J-Pop,2019-02-27,191.58,107,d1db50,99.0;93.93307;44.43307;57.295277;28.452757;28.062992;38.19685;24.944883;18.3189;19.098427;25.334646;22.216536;22.996063;22.6063;14.421261;24.165356;24.555119;30.401575;35.078743;38.19685;70.93701;81.46063;55.73622;0.0;,d3db9d,b75975,9586.0,Archivo de audio MPEG,191608.0,2019.0,256.0,44100.0,100.0,100.0,3030.0,5.0,1.0,1.0,3833362680.0,2025-06-21 19:58:00,Fukase,,,22,
Sekai no Owari,Habit,SEKAI NO OWARI,Habit - Single,SEKAI NO OWARI,J-Pop,2022-04-28,255.35,118,9e3451,46.38189;99.0;86.91732;43.26378;39.366142;36.24803;41.31496;30.79134;22.216536;20.657482;22.996063;24.555119;27.283466;28.062992;21.43701;31.181103;31.570868;42.484253;50.669292;50.279526;53.007874;77.173225;48.330708;0.0;,d2e180,553d49,9610.0,Archivo de audio MPEG,255373.0,2022.0,256.0,44100.0,100.0,100.0,5024.0,5.0,1.0,1.0,3832706998.0,2025-06-14 05:49:58,NAKAJIN,,,27,3.0
Sekai no Owari,Eve,SEKAI NO OWARI,Habit - Single,SEKAI NO OWARI,J-Pop,2022-06-22,244.04,110,34df31,27.283466;99.0;49.110237;33.12992;18.708662;22.996063;18.3189;17.539371;9.354332;8.964569;11.692913;15.590553;15.980316;19.48819;14.031498;22.6063;25.724411;31.181103;40.145668;44.822834;47.940945;52.61811;33.90945;0.0;,d4d95f,9e4951,9612.0,Archivo de audio MPEG,244062.0,2022.0,256.0,44100.0,100.0,100.0,2404.0,5.0,1.0,3.0,3837782995.0,2025-08-11 23:49:55,Nakajin,,,26,1.0
Sekai no Owari,Never Ending World,SEKAI NO OWARI,INORI - Single,SEKAI NO OWARI,J-Pop,2011-08-17,270.68,95,12160a,3.8976402;19.48819;39.755905;43.26378;45.2126;38.97638;99.0;47.55118;59.633858;92.76378;38.19685;26.114174;26.893702;16.370079;12.8622055;14.421261;10.133862;12.8622055;14.811024;7.7952766;7.405514;11.692913;10.133862;0.0;,1742a7,014e66,9620.0,Archivo de audio MPEG,270706.0,2011.0,256.0,44100.0,100.0,100.0,8055.0,5.0,1.0,5.0,3835431206.0,2025-07-15 18:33:26,藤崎彩織,,,35,
Sekai no Owari,Yokohama Blues,SEKAI NO OWARI,Lip,SEKAI NO OWARI,J-Pop,2019-02-27,292.6,95,40530b,79.12205;95.88189;99.0;40.145668;67.81889;69.37795;36.637794;45.602364;31.570868;27.67323;30.011812;31.570868;35.85827;42.484253;30.011812;35.468506;34.299213;49.5;71.71654;70.93701;77.173225;84.968506;49.5;0.0;,e1cb9f,73fcb1,9622.0,Archivo de audio MPEG,292623.0,2019.0,256.0,44100.0,100.0,100.0,4432.0,5.0,1.0,4.0,3835964879.0,2025-07-21 22:47:59,Nakajin & Fukase,,,27,1.0
Sekai no Owari,Seibutsugakutekigensoukyoku,SEKAI NO OWARI,Nemurihime - Single,SEKAI NO OWARI,J-Pop,2012-05-30,227.08,95,053f1e,59.633858;84.18898;74.444885;53.007874;36.637794;67.03937;38.19685;66.25984;48.330708;85.35826;50.669292;77.173225;92.76378;91.59448;66.649605;78.342514;76.3937;94.32283;87.69685;93.543304;99.0;97.8307;62.362206;0.0;,e4336c,9d786a,9650.0,Archivo de audio MPEG,227108.0,2012.0,256.0,44100.0,100.0,100.0,7350.0,5.0,1.0,4.0,3837586740.0,2025-08-09 17:19:00,深瀬慧,,,19,
Sekai no Owari,Cordless Baby,SEKAI NO OWARI,silent - Single,SEKAI NO OWARI,J-Pop,2020-12-16,233.12,130,646565,28.84252;49.889763;99.0;24.944883;22.6063;33.90945;28.452757;23.77559;21.826773;14.421261;14.421261;15.590553;21.047245;24.944883;22.216536;29.622047;24.944883;36.24803;38.586617;35.85827;43.65354;75.22441;47.16142;0.0;,dec4b3,9b414b,9656.0,Archivo de audio MPEG,233142.0,2020.0,256.0,44100.0,100.0,100.0,5519.0,5.0,1.0,3.0,3833805688.0,2025-06-26 23:01:28,Saori,,,21,1.0
Sekai no Owari,SOS,SEKAI NO OWARI,SOS - Present - EP,SEKAI NO OWARI,J-Pop,2015-09-25,305.14,105,1581cb,4.677166;15.590553;54.177166;56.125984;58.464565;57.295277;35.85827;45.2126;43.26378;50.279526;23.385828;37.417324;34.688976;38.97638;25.334646;34.299213;35.85827;36.637794;34.688976;28.84252;66.25984;99.0;39.755905;0.0;,963ae8,2de5d8,9660.0,Archivo de audio MPEG,305162.0,2015.0,256.0,44100.0,100.0,100.0,3212.0,5.0,1.0,2.0,3837189671.0,2025-08-05 03:01:11,Fukase,,,13,
Sekai no Owari,umbrella,SEKAI NO OWARI,umbrella - Single,SEKAI NO OWARI,J-Pop,2020-06-01,277.08,140,595b5a,28.452757;99.0;68.208664;14.421261;21.047245;42.09449;23.77559;27.283466;14.811024;18.708662;12.472443;14.031498;21.826773;24.165356;17.149609;29.622047;30.011812;37.027557;31.570868;26.893702;25.724411;28.062992;13.641735;0.0;,9dd526,602031,9668.0,Archivo de audio MPEG,277106.0,2020.0,256.0,44100.0,100.0,100.0,5498.0,5.0,1.0,4.0,3826289342.0,2025-04-01 00:09:02,Saori/Fukase,,,17,1.0
Tatsuya Kitani,ファタール - Fatal,"GEMN, Kento Nakajima & Tatsuya Kitani",ファタール - Fatal - EP,"GEMN, Kento Nakajima & Tatsuya Kitani",Alternativa,2024-07-04,220.61,78,020507,69.767715;65.87008;40.535435;31.96063;40.535435;44.822834;45.602364;37.027557;24.165356;26.114174;28.062992;37.807087;49.889763;46.771652;33.12992;51.059055;59.244095;53.007874;55.34646;69.767715;82.24016;99.0;58.854332;0.0;,fb6f9b,b4c4c0,11812.0,Archivo de audio AAC,220589.0,2024.0,326.0,48000.0,100.0,100.0,9079.0,5.0,1.0,2.0,3831321737.0,2025-05-29 05:02:17,Tatsuya Kitani,,,34,2.0
Tatsuya Kitani,いらないもの,Tatsuya Kitani & natori,いらないもの - EP,,Alternativa,2024-10-04,186.97,88,08060d,63.921257;90.03543;45.602364;40.535435;40.535435;45.992126;50.669292;48.330708;38.97638;28.84252;43.65354;57.295277;57.295277;63.921257;43.26378;56.125984;54.56693;51.059055;44.822834;51.059055;65.09055;99.0;74.83464;0.0;,fc647c,838171,12178.0,Archivo de audio AAC,186944.0,2024.0,324.0,48000.0,100.0,100.0,8727.0,5.0,1.0,2.0,3827240031.0,2025-04-11 23:13:51,,True,,20,3.0
Tatsuya Kitani,Moonthief,Tatsuya Kitani,ROUNDABOUT,Tatsuya Kitani,Alternativa,2023-11-29,152.02,76,070614,99.0;71.71654;46.771652;46.771652;52.228348;37.807087;44.04331;36.637794;39.366142;25.724411;34.299213;47.940945;47.55118;50.669292;47.16142;59.633858;72.49606;40.535435;42.484253;64.70079;70.54724;70.15748;31.96063;0.0;,fd6d75,727468,12722.0,Archivo de audio AAC,152000.0,2023.0,336.0,48000.0,100.0,100.0,6253.0,5.0,1.0,4.0,3835793874.0,2025-07-19 23:17:54,,,,50,-21.0
Tatsuya Kitani,PINK,Tatsuya Kitani,BIPOLAR,Tatsuya Kitani,Alternativa,2022-05-25,176.02,104,aa702e,81.46063;99.0;49.5;44.43307;43.65354;62.362206;34.688976;58.854332;31.96063;43.65354;51.83858;56.90551;62.75197;64.70079;51.83858;66.649605;83.79921;58.464565;54.177166;65.87008;74.444885;71.32677;40.535435;0.0;,ee594d,cba369,13320.0,Archivo de audio AAC,176000.0,2022.0,331.0,48000.0,100.0,100.0,5585.0,5.0,1.0,2.0,3837341184.0,2025-08-06 21:06:24,,,,28,5.0
Tatsuya Kitani,夜警,Tatsuya Kitani,BIPOLAR,Tatsuya Kitani,Alternativa,2022-05-25,189.59,162,050611,99.0;96.27165;43.26378;42.484253;39.755905;46.771652;41.31496;45.2126;27.283466;30.79134;33.12992;42.874016;47.16142;59.244095;39.366142;42.484253;48.330708;44.822834;47.55118;53.7874;49.889763;54.95669;35.85827;0.0;,ee9b46,222824,13340.0,Archivo de audio AAC,189568.0,2022.0,319.0,48000.0,100.0,100.0,6914.0,5.0,1.0,2.0,3831392562.0,2025-05-30 00:42:42,,,,27,3.0
Tatsuya Kitani,I DO NOT LOVE YOU.,Tatsuya Kitani,I DO (NOT) LOVE YOU.,Tatsuya Kitani,Alternativa,2018-09-26,207.75,75,afc0a7,47.55118;42.484253;36.24803;31.181103;38.586617;30.79134;37.417324;36.24803;21.43701;26.893702;28.84252;45.992126;34.299213;69.37795;83.019684;98.61023;99.0;61.972443;49.5;45.992126;43.26378;50.279526;22.6063;0.0;,c82846,9b8674,16744.0,Archivo de audio AAC,207726.0,2018.0,329.0,48000.0,100.0,100.0,12629.0,5.0,1.0,1.0,3829916046.0,2025-05-12 22:34:06,,,,24,1.0
Tatsuya Kitani,Rapport,Tatsuya Kitani,Rapport - Single,Tatsuya Kitani,Alternativa,2021-11-23,217.62,124,c783b4,66.25984;99.0;44.43307;32.350395;25.724411;25.334646;14.031498;15.20079;12.472443;18.3189;22.996063;29.622047;34.299213;45.992126;35.078743;41.704723;55.34646;45.602364;39.366142;40.925198;38.19685;39.366142;26.114174;0.0;,d5a529,503845,16862.0,Archivo de audio AAC,217594.0,2021.0,324.0,48000.0,100.0,100.0,9326.0,5.0,1.0,2.0,3835859463.0,2025-07-20 17:31:03,,,,27,7.0
Tatsuya Kitani,スカー,Tatsuya Kitani,スカー - EP,Tatsuya Kitani,Alternativa,2022-10-18,260.46,97,040409,70.54724;79.51181;66.25984;36.637794;42.09449;51.83858;47.55118;49.110237;33.90945;35.078743;46.771652;56.90551;67.42913;82.24016;59.244095;70.54724;99.0;63.531494;67.03937;77.95276;67.81889;68.208664;37.807087;0.0;,e13f4d,7b695c,16912.0,Archivo de audio AAC,260435.0,2022.0,323.0,48000.0,100.0,100.0,9072.0,5.0,1.0,2.0,3837240506.0,2025-08-05 17:08:26,Tatsuya Kitani,,,18,4.0
Tatsuya Kitani,タナトフォビア,Tatsuya Kitani,タナトフォビア - Single,Tatsuya Kitani,Alternativa,2021-12-18,215.6,110,1b79d2,65.09055;99.0;57.68504;37.027557;52.61811;52.228348;45.992126;49.5;40.925198;57.295277;60.413383;64.70079;59.244095;64.70079;50.279526;60.80315;84.578735;53.007874;49.889763;56.90551;61.582676;70.54724;41.31496;0.0;,dd463e,7d5550,16914.0,Archivo de audio AAC,215574.0,2021.0,329.0,48000.0,100.0,100.0,5634.0,5.0,1.0,1.0,3829846241.0,2025-05-12 03:10:41,Tatsuya Kitani,,,20,2.0
Tatsuya Kitani,冷たい渦,Tatsuya Kitani,冷たい渦 - Single,Tatsuya Kitani,Alternativa,2022-02-10,205.66,128,484d46,88.47638;99.0;45.602364;36.24803;33.90945;37.807087;26.893702;29.232285;27.67323;24.555119;24.165356;32.740158;25.334646;32.350395;23.77559;31.181103;42.484253;23.385828;26.503939;42.874016;41.704723;51.059055;36.637794;0.0;,cbdf58,7f2b38,16922.0,Archivo de audio AAC,205636.0,2022.0,327.0,48000.0,100.0,100.0,4556.0,5.0,1.0,1.0,3832946555.0,2025-06-17 00:22:35,,,,36,
Tatsuya Kitani,化け猫,Tatsuya Kitani,化け猫 - Single,Tatsuya Kitani,Alternativa,2022-12-09,167.81,120,b2b4d6,99.0;95.102356;32.350395;33.90945;47.55118;32.740158;37.807087;37.027557;28.452757;31.181103;43.26378;54.177166;47.940945;63.531494;41.31496;51.059055;81.85039;37.417324;31.570868;36.637794;38.19685;44.04331;27.283466;0.0;,d0761d,131912,16926.0,Archivo de audio AAC,167787.0,2022.0,328.0,48000.0,100.0,100.0,4186.0,5.0,1.0,2.0,3835537534.0,2025-07-17 00:05:34,,,,51,2.0
Tatsuya Kitani,悪魔の踊り方,Tatsuya Kitani,I DO (NOT) LOVE YOU.,Tatsuya Kitani,Alternativa,2018-09-26,236.15,106,501ec7,58.464565;99.0;45.2126;33.90945;47.940945;44.04331;51.83858;40.535435;21.826773;45.602364;40.145668;38.97638;35.468506;51.83858;68.98819;74.444885;72.49606;59.244095;65.09055;77.95276;89.255905;69.37795;32.350395;0.0;,f66758,8f9281,16934.0,Archivo de audio AAC,236124.0,2018.0,322.0,48000.0,100.0,100.0,10764.0,5.0,1.0,2.0,3837423187.0,2025-08-07 19:53:07,Tatsuya Kitani,,,26,
Tatsuya Kitani,憧れのままに,yama & Tatsuya Kitani,憧れのままに - Single,yama & Tatsuya Kitani,Alternativa,2023-09-20,204.68,144,644651,99.0;90.42519;77.95276;63.14173;44.43307;53.7874;85.74803;49.5;56.125984;48.330708;37.417324;41.31496;55.34646;56.125984;36.24803;45.992126;63.531494;59.244095;65.09055;78.732285;76.78346;81.46063;57.295277;0.0;,fd8196,544f41,16936.0,Archivo de audio AAC,204661.0,2023.0,331.0,48000.0,100.0,100.0,7562.0,5.0,1.0,1.0,3832854356.0,2025-06-15 22:45:56,,,,35,2.0
Tatsuya Kitani,月光,Tatsuya Kitani feat. はるまきごはん,月光 - Single,Tatsuya Kitani feat. はるまきごはん,Alternativa,2022-06-01,234.64,109,13c9a4,58.854332;99.0;43.26378;36.637794;38.97638;42.874016;38.19685;36.637794;22.996063;29.622047;28.452757;30.401575;31.181103;39.366142;25.334646;35.85827;44.43307;40.145668;35.85827;40.535435;39.755905;46.771652;28.062992;0.0;,d1be34,7a2c35,16938.0,Archivo de audio AAC,234614.0,2022.0,326.0,48000.0,100.0,100.0,5135.0,5.0,1.0,2.0,3835693739.0,2025-07-18 19:28:59,,,,30,
Tatsuya Kitani,聖者の行進,Tatsuya Kitani,聖者の行進 - Single,Tatsuya Kitani,Alternativa,2021-07-22,177.02,158,060511,99.0;83.40945;42.874016;35.468506;40.535435;46.771652;54.177166;35.078743;43.26378;42.484253;46.771652;56.90551;52.228348;51.44882;45.2126;52.228348;66.649605;45.992126;44.43307;61.192913;57.68504;68.98819;44.822834;0.0;,f96862,5d5a4c,16942.0,Archivo de audio AAC,177000.0,2021.0,325.0,48000.0,100.0,100.0,6406.0,5.0,1.0,1.0,3830086883.0,2025-05-14 22:01:23,,,,37,1.0
Tatsuya Kitani,青のすみか,Tatsuya Kitani,青のすみか - EP,Tatsuya Kitani,Alternativa,2023-07-07,197.34,76,010203,69.37795;99.0;56.125984;45.2126;52.61811;66.649605;45.602364;49.889763;31.570868;35.85827;44.43307;48.720474;56.90551;81.07086;70.54724;78.342514;96.27165;74.444885;63.14173;67.81889;78.342514;79.12205;34.688976;0.0;,e84d4b,80685c,16946.0,Archivo de audio AAC,197323.0,2023.0,321.0,48000.0,100.0,100.0,7533.0,5.0,1.0,2.0,3834352149.0,2025-07-03 06:49:09,Tatsuya Kitani,,,17,1.0
Tatsuya Kitani,次回予告,Tatsuya Kitani,次回予告 - Single,Tatsuya Kitani,Alternativa,2024-04-07,187.82,80,1e0c22,99.0;81.46063;49.110237;37.417324;40.535435;46.771652;47.55118;45.2126;46.771652;49.110237;48.720474;65.87008;60.413383;72.49606;61.192913;68.208664;85.35826;57.68504;58.074802;70.93701;66.25984;63.531494;29.622047;0.0;,e7474e,695c4f,16998.0,Archivo de audio AAC,187803.0,2024.0,326.0,48000.0,100.0,100.0,10376.0,5.0,1.0,2.0,3831453506.0,2025-05-30 17:38:26,,,,32,
Tatsuya Kitani,あなたのことをおしえて,Tatsuya Kitani,あなたのことをおしえて - Single,Tatsuya Kitani,Alternativa,2025-04-30,149.45,105,9019af,76.78346;89.64567;67.42913;48.330708;54.56693;72.49606;45.2126;46.38189;42.484253;37.807087;32.740158;55.34646;52.61811;66.25984;52.61811;67.03937;99.0;79.12205;76.3937;78.732285;80.6811;89.255905;53.007874;0.0;,f65669,8e8472,24934.0,Archivo de audio MPEG,149472.0,2025.0,256.0,44100.0,100.0,100.0,8628.0,5.0,1.0,2.0,3833719965.0,2025-06-25 23:12:45,,,,24,1.0
Tatsuya Kitani,なくしもの,Tatsuya Kitani,なくしもの - Single,Tatsuya Kitani,Alternativa,2025-06-27,250.1,82,5e332e,81.46063;99.0;37.417324;32.740158;33.90945;29.622047;32.740158;28.84252;21.826773;19.098427;31.181103;34.299213;26.503939;35.85827;39.366142;48.720474;58.074802;37.027557;37.417324;44.822834;41.704723;33.519684;19.098427;0.0;,d4a728,912bcd,27012.0,Archivo de audio MPEG,250122.0,2025.0,256.0,44100.0,100.0,100.0,6139.0,5.0,1.0,1.0,3833952232.0,2025-06-28 15:43:52,,,,25,1.0
The Oral Cigarettes,Get Back,THE ORAL CIGARETTES,Amy - Single,THE ORAL CIGARETTES,J-Rock,2015-04-22,215.88,96,0f081e,64.70079;99.0;56.125984;44.04331;49.5;39.755905;50.279526;40.145668;38.97638;49.5;53.007874;70.15748;68.98819;93.93307;80.6811;60.413383;82.62992;74.444885;98.61023;85.74803;68.208664;74.055115;41.704723;0.0;,e34648,77695c,9676.0,Archivo de audio MPEG,215902.0,2015.0,256.0,44100.0,100.0,100.0,17676.0,5.0,1.0,1.0,3823540545.0,2025-02-28 04:35:45,山中 拓也,,,23,
The Oral Cigarettes,Black Memory,THE ORAL CIGARETTES,Black Memory - Single,THE ORAL CIGARETTES,J-Rock,2017-09-27,251.43,91,0f0815,49.110237;99.0;56.90551;25.724411;28.84252;26.503939;25.334646;25.724411;24.555119;19.48819;22.216536;27.67323;35.468506;63.531494;49.889763;50.669292;68.59843;62.75197;83.40945;76.78346;65.09055;58.464565;31.96063;0.0;,f17d45,646565,9680.0,Archivo de audio MPEG,251454.0,2017.0,256.0,44100.0,100.0,100.0,12225.0,5.0,1.0,1.0,3819956509.0,2025-01-17 17:01:49,山中拓也,,,29,2.0
The Oral Cigarettes,Sesshoku,THE ORAL CIGARETTES,Black Memory - Single,THE ORAL CIGARETTES,J-Rock,2017-09-27,242.63,98,ab3665,69.767715;99.0;63.531494;45.2126;70.93701;42.484253;41.704723;26.893702;44.04331;42.484253;40.145668;47.940945;59.244095;79.51181;66.649605;75.22441;89.64567;61.972443;70.54724;72.49606;65.09055;70.93701;42.09449;0.0;,e4563e,6c6557,9684.0,Archivo de audio MPEG,242651.0,2017.0,256.0,44100.0,100.0,100.0,11112.0,5.0,1.0,3.0,3833723610.0,2025-06-26 00:13:30,山中 拓也,,,25,1.0
The Oral Cigarettes,Bug,THE ORAL CIGARETTES,Bug - Single,THE ORAL CIGARETTES,J-Rock,2022-08-10,231.52,91,160a1b,64.70079;99.0;56.515747;29.232285;23.77559;23.385828;31.570868;25.724411;31.96063;33.90945;29.232285;34.688976;36.24803;46.771652;33.519684;46.38189;43.65354;46.38189;53.7874;63.921257;66.649605;68.208664;38.97638;0.0;,f69f5b,5b595f,9686.0,Archivo de audio MPEG,231549.0,2022.0,256.0,44100.0,100.0,100.0,7075.0,5.0,1.0,7.0,3831024025.0,2025-05-25 18:20:25,Takuya Yamanaka & JOGO,,,24,4.0
The Oral Cigarettes,Enemy,THE ORAL CIGARETTES feat. Kamui,Bullets Into the Pipe - EP,THE ORAL CIGARETTES,J-Rock,2022-03-23,193.8,149,6b4f5b,70.93701;99.0;42.484253;26.503939;35.85827;30.011812;40.925198;37.027557;33.90945;36.637794;31.96063;35.468506;34.688976;47.16142;38.97638;56.515747;70.15748;54.56693;56.515747;58.854332;44.43307;49.5;29.232285;0.0;,e67e34,242a2a,9688.0,Archivo de audio MPEG,193828.0,2022.0,256.0,44100.0,100.0,100.0,7888.0,5.0,1.0,2.0,3837345949.0,2025-08-06 22:25:49,,,,29,-1.0
The Oral Cigarettes,Kantannakoto,THE ORAL CIGARETTES feat. SKY-HI,Bullets Into the Pipe - EP,THE ORAL CIGARETTES,J-Rock,2022-04-27,213.26,134,a7a6b5,44.04331;47.16142;36.24803;20.267717;22.996063;38.586617;28.452757;38.586617;33.90945;37.807087;40.145668;65.09055;78.732285;99.0;60.80315;55.73622;84.968506;67.42913;83.79921;92.374016;78.732285;71.71654;41.31496;0.0;,e13166,969681,9690.0,Archivo de audio MPEG,213289.0,2022.0,256.0,44100.0,100.0,100.0,24185.0,5.0,1.0,1.0,3823772010.0,2025-03-02 20:53:30,,,,19,
The Oral Cigarettes,Black Memory,THE ORAL CIGARETTES feat. Hiro,Bullets Into the Pipe - EP,THE ORAL CIGARETTES,J-Rock,2022-04-27,247.95,182,0b0711,53.7874;99.0;56.515747;25.334646;28.452757;23.385828;30.79134;30.79134;25.334646;19.098427;20.657482;25.724411;29.622047;52.228348;41.31496;45.2126;60.413383;58.854332;79.90157;77.95276;64.70079;65.09055;39.755905;0.0;,f68d53,6a6a6d,9692.0,Archivo de audio MPEG,247980.0,2022.0,256.0,44100.0,100.0,100.0,8886.0,5.0,1.0,4.0,3834836439.0,2025-07-08 21:20:39,,,,34,2.0
The Oral Cigarettes,Catch Me,THE ORAL CIGARETTES feat. MAH,Bullets Into the Pipe - EP,THE ORAL CIGARETTES,J-Rock,2022-04-27,203.89,92,1c0b22,57.68504;79.51181;55.34646;31.570868;32.350395;70.15748;36.637794;37.807087;35.468506;40.535435;35.85827;45.602364;57.295277;74.444885;63.531494;71.32677;74.444885;81.46063;83.40945;95.49213;86.91732;99.0;49.5;0.0;,f65273,8a8c7c,9694.0,Archivo de audio MPEG,203911.0,2022.0,256.0,44100.0,100.0,100.0,13255.0,5.0,1.0,2.0,3829167071.0,2025-05-04 06:31:11,,,,21,2.0
The Oral Cigarettes,Don't you think,THE ORAL CIGARETTES feat. Lozareena,Don't you think - Single,THE ORAL CIGARETTES feat. Lozareena,J-Rock,2019-09-06,258.93,90,020604,54.177166;97.8307;74.444885;45.992126;45.2126;57.68504;44.43307;32.740158;43.65354;44.43307;28.062992;37.417324;37.027557;40.535435;36.24803;46.38189;46.38189;48.720474;67.03937;67.81889;75.614174;99.0;63.14173;0.0;,f8a197,b5e7a2,9696.0,Archivo de audio MPEG,258951.0,2019.0,256.0,44100.0,100.0,100.0,7738.0,5.0,1.0,2.0,3835886799.0,2025-07-21 01:06:39,,,,22,
The Oral Cigarettes,Enchant,THE ORAL CIGARETTES,Enchant - Single,THE ORAL CIGARETTES,J-Rock,2023-02-08,164.23,85,060b05,86.91732;99.0;52.228348;28.062992;37.417324;40.535435;38.97638;37.027557;47.940945;44.43307;53.397636;59.244095;55.73622;73.27559;49.889763;55.73622;69.37795;71.32677;83.40945;97.8307;79.12205;90.81496;54.95669;0.0;,fb6a67,aeab8d,9698.0,Archivo de audio MPEG,164257.0,2023.0,256.0,44100.0,100.0,100.0,11367.0,5.0,1.0,1.0,3820349675.0,2025-01-22 06:14:35,Takuya Yamanaka & Yuki Tsujimura,,,20,2.0
The Oral Cigarettes,Kizukeyo Baby,THE ORAL CIGARETTES,Fixion,THE ORAL CIGARETTES,J-Rock,2015-12-18,253.86,142,996d63,44.43307;70.15748;50.669292;28.452757;31.181103;44.43307;34.299213;43.65354;46.771652;48.330708;45.2126;66.649605;69.767715;99.0;74.444885;58.854332;65.09055;62.75197;77.95276;76.78346;60.02362;64.31102;38.19685;0.0;,d62f4f,a67d6d,9700.0,Archivo de audio MPEG,253884.0,2015.0,256.0,44100.0,100.0,100.0,14417.0,5.0,1.0,1.0,3831535323.0,2025-05-31 16:22:03,山中拓也/THE ORAL CIGARETTES,,,25,1.0
The Oral Cigarettes,Mirror,THE ORAL CIGARETTES,Fixion,THE ORAL CIGARETTES,J-Rock,2016-01-05,215.2,101,a01d8a,74.83464;98.61023;67.81889;38.586617;56.515747;45.2126;74.444885;59.244095;87.69685;81.85039;63.531494;56.515747;64.70079;87.30708;69.37795;81.85039;99.0;97.44095;91.98425;98.220474;77.56299;77.173225;40.925198;0.0;,dc3453,765e54,9704.0,Archivo de audio MPEG,215222.0,2016.0,256.0,44100.0,100.0,100.0,14904.0,5.0,1.0,1.0,3826715800.0,2025-04-05 22:36:40,山中拓也/THE ORAL CIGARETTES,,,23,
The Oral Cigarettes,Stay One,THE ORAL CIGARETTES,Fixion,THE ORAL CIGARETTES,J-Rock,2016-01-05,213.6,100,7e18b2,47.16142;60.413383;41.31496;31.96063;27.67323;58.854332;43.26378;36.24803;40.535435;48.720474;64.31102;63.14173;74.444885;99.0;68.59843;57.295277;72.1063;51.83858;77.173225;68.208664;61.192913;71.32677;44.43307;0.0;,d1245e,796d5f,9706.0,Archivo de audio MPEG,213629.0,2016.0,256.0,44100.0,100.0,100.0,18955.0,5.0,1.0,4.0,3835523458.0,2025-07-16 20:10:58,山中拓也/THE ORAL CIGARETTES,,,22,
The Oral Cigarettes,Manner Mode,THE ORAL CIGARETTES,Fixion,THE ORAL CIGARETTES,J-Rock,2016-01-05,229.33,126,b0b0df,55.34646;97.8307;66.649605;31.96063;53.007874;51.44882;55.73622;40.535435;61.582676;66.649605;56.90551;61.582676;83.40945;99.0;69.767715;79.51181;88.08661;83.40945;89.64567;86.137794;77.173225;84.968506;57.68504;0.0;,de394f,896c61,9710.0,Archivo de audio MPEG,229355.0,2016.0,256.0,44100.0,100.0,100.0,12686.0,5.0,1.0,2.0,3825784959.0,2025-03-26 04:02:39,山中拓也/THE ORAL CIGARETTES,,,21,
The Oral Cigarettes,A-E-U-I,THE ORAL CIGARETTES,Fixion,THE ORAL CIGARETTES,J-Rock,2016-01-05,237.64,170,010102,63.921257;97.8307;49.110237;38.97638;45.602364;41.704723;68.208664;54.177166;56.90551;59.244095;79.51181;92.76378;77.173225;91.59448;74.055115;72.885826;96.27165;91.98425;99.0;95.88189;78.732285;88.866135;55.34646;0.0;,df3458,83685d,9716.0,Archivo de audio MPEG,237662.0,2016.0,256.0,44100.0,100.0,100.0,16268.0,5.0,1.0,2.0,3837347448.0,2025-08-06 22:50:48,山中 拓也,,,19,-1.0
The Oral Cigarettes,Psychopath,THE ORAL CIGARETTES,Kisses and Kills,THE ORAL CIGARETTES,J-Rock,2018-06-13,241.89,130,9f8673,42.09449;99.0;40.145668;28.062992;26.503939;47.16142;28.452757;34.688976;28.062992;26.893702;29.232285;32.740158;35.468506;46.771652;48.720474;61.192913;68.59843;56.125984;76.78346;74.444885;74.444885;79.51181;56.90551;0.0;,fa765f,b8e1d5,9724.0,Archivo de audio MPEG,241920.0,2018.0,256.0,44100.0,100.0,100.0,12789.0,5.0,1.0,1.0,3832947997.0,2025-06-17 00:46:37,Takuya Yamanaka,,,100,2.0
The Oral Cigarettes,Ladies and Gentlemen,THE ORAL CIGARETTES,Kisses and Kills,THE ORAL CIGARETTES,J-Rock,2018-06-13,156.19,103,14c21d,45.992126;94.32283;64.31102;45.602364;35.85827;56.90551;80.291336;64.31102;53.7874;79.90157;64.31102;68.98819;84.968506;95.49213;76.3937;94.7126;99.0;72.49606;90.03543;84.18898;73.66535;62.75197;37.027557;0.0;,c32446,8c5a55,9726.0,Archivo de audio MPEG,156212.0,2018.0,256.0,44100.0,100.0,100.0,18804.0,5.0,1.0,3.0,3835862062.0,2025-07-20 18:14:22,Takuya Yamanaka,,,39,
The Oral Cigarettes,What You Want,THE ORAL CIGARETTES,Kisses and Kills,THE ORAL CIGARETTES,J-Rock,2018-06-13,241.45,130,7d7681,49.110237;87.30708;60.02362;58.854332;55.73622;49.110237;82.24016;65.87008;59.633858;57.68504;76.78346;61.582676;61.972443;99.0;72.885826;98.61023;91.98425;77.56299;90.03543;78.342514;52.228348;51.83858;33.12992;0.0;,b21e3f,714743,9728.0,Archivo de audio MPEG,241475.0,2018.0,256.0,44100.0,100.0,100.0,19245.0,5.0,1.0,5.0,3835039918.0,2025-07-11 05:51:58,Takuya Yamanaka,,,7,
The Oral Cigarettes,Youshi Tanrei Na Uso,THE ORAL CIGARETTES,Kisses and Kills,THE ORAL CIGARETTES,J-Rock,2018-05-25,234.29,132,cdde93,45.2126;68.59843;41.704723;30.401575;31.96063;43.26378;45.2126;37.807087;55.34646;60.413383;48.330708;58.854332;59.244095;99.0;80.6811;86.91732;86.52756;71.71654;84.968506;74.83464;55.73622;53.397636;30.79134;0.0;,ca2a46,997065,9734.0,Archivo de audio MPEG,234318.0,2018.0,256.0,44100.0,100.0,100.0,19202.0,5.0,1.0,1.0,3821625012.0,2025-02-06 00:30:12,山中拓也,,,23,
The Oral Cigarettes,Machinegun,THE ORAL CIGARETTES,Machinegun - Single,THE ORAL CIGARETTES,J-Rock,2021-10-13,221.18,94,07050d,57.68504;99.0;64.31102;34.688976;26.893702;33.519684;33.12992;37.417324;31.96063;31.570868;26.893702;34.299213;40.925198;63.14173;46.38189;56.515747;72.1063;70.15748;76.00394;88.08661;73.27559;66.649605;42.874016;0.0;,f57750,8c918c,9740.0,Archivo de audio MPEG,221204.0,2021.0,256.0,44100.0,100.0,100.0,11075.0,5.0,1.0,2.0,3835549023.0,2025-07-17 03:17:03,,,,26,1.0
The Oral Cigarettes,IZAYOI,THE ORAL CIGARETTES,MARBLES - EP,THE ORAL CIGARETTES,J-Rock,2024-03-13,277.39,141,807281,86.52756;99.0;40.535435;43.65354;25.724411;30.79134;29.232285;27.283466;31.96063;34.299213;37.027557;47.940945;44.43307;65.480316;50.669292;76.00394;67.42913;67.03937;78.342514;66.649605;61.582676;77.173225;34.299213;0.0;,f5734f,81857f,9744.0,Archivo de audio MPEG,277420.0,2024.0,256.0,44100.0,100.0,100.0,15283.0,5.0,1.0,2.0,3835879092.0,2025-07-20 22:58:12,THE ORAL CIGARETTES,,,31,1.0
The Oral Cigarettes,Red Criminal,THE ORAL CIGARETTES,Red Criminal - Single,THE ORAL CIGARETTES,J-Rock,2021-06-30,264.99,96,09060f,47.940945;99.0;49.110237;31.570868;32.350395;34.299213;43.65354;56.90551;61.192913;45.2126;39.366142;38.97638;42.484253;59.244095;40.925198;42.09449;51.059055;47.55118;50.279526;54.95669;54.177166;51.059055;35.468506;0.0;,e16731,28291d,9752.0,Archivo de audio MPEG,265012.0,2021.0,256.0,44100.0,100.0,100.0,14294.0,5.0,1.0,2.0,3833800405.0,2025-06-26 21:33:25,,,,19,
The Oral Cigarettes,Shine Holder,THE ORAL CIGARETTES,Shine Holder - Single,THE ORAL CIGARETTES,J-Rock,2019-12-18,229.75,135,786e7a,65.480316;99.0;57.68504;29.232285;32.350395;48.330708;41.31496;44.43307;51.44882;51.83858;35.85827;45.602364;53.007874;62.362206;55.73622;55.34646;69.767715;60.02362;80.291336;80.6811;71.71654;66.25984;45.992126;0.0;,f2644f,8a8472,9754.0,Archivo de audio MPEG,229773.0,2019.0,256.0,44100.0,100.0,100.0,11058.0,5.0,1.0,1.0,3827238333.0,2025-04-11 22:45:33,山中拓也,,,23,2.0
The Oral Cigarettes,嫌い,THE ORAL CIGARETTES,The BKW Show!!,THE ORAL CIGARETTES,J-Rock,2014-11-12,227.19,131,4a3744,62.362206;74.83464;52.228348;35.078743;43.26378;77.95276;58.854332;77.95276;60.413383;81.46063;84.578735;81.07086;88.08661;99.0;64.70079;70.54724;95.102356;82.24016;97.44095;94.7126;74.444885;81.85039;45.602364;0.0;,cb1c67,72554d,9786.0,Archivo de audio MPEG,227213.0,2014.0,256.0,44100.0,100.0,100.0,13184.0,5.0,1.0,3.0,3835373434.0,2025-07-15 02:30:34,THE ORAL CIGARETTES,,,15,2.0
The Oral Cigarettes,モンスターエフェクト,THE ORAL CIGARETTES,The BKW Show!!,THE ORAL CIGARETTES,J-Rock,2014-11-12,175.78,93,04040b,61.582676;93.93307;58.464565;34.688976;47.16142;56.90551;61.192913;41.704723;38.97638;39.366142;63.921257;63.531494;64.31102;85.74803;78.342514;67.81889;90.81496;86.52756;87.30708;99.0;98.61023;98.220474;54.177166;0.0;,f04967,8f8271,9788.0,Archivo de audio MPEG,175804.0,2014.0,256.0,44100.0,100.0,100.0,14613.0,5.0,1.0,1.0,3821802527.0,2025-02-08 01:48:47,THE ORAL CIGARETTES,,,23,4.0
The Oral Cigarettes,STARGET,THE ORAL CIGARETTES,The BKW Show!!,THE ORAL CIGARETTES,J-Rock,2014-11-12,205.84,170,06050c,65.480316;99.0;43.65354;28.062992;29.232285;40.925198;36.637794;25.724411;41.31496;33.12992;35.468506;40.535435;40.925198;62.362206;44.43307;43.65354;61.192913;58.464565;65.480316;67.81889;58.464565;67.03937;40.925198;0.0;,f57a4e,636563,9792.0,Archivo de audio MPEG,205871.0,2014.0,256.0,44100.0,100.0,100.0,10605.0,5.0,1.0,2.0,3826298173.0,2025-04-01 02:36:13,山中 拓也,,,23,1.0
The Oral Cigarettes,大魔王参上,THE ORAL CIGARETTES,The BKW Show!!,THE ORAL CIGARETTES,J-Rock,2014-11-12,207.12,138,a09aa9,48.720474;99.0;55.73622;30.79134;40.145668;55.73622;43.65354;43.65354;31.96063;42.874016;50.669292;45.602364;55.73622;76.00394;56.90551;58.854332;74.444885;71.71654;78.342514;93.93307;77.56299;81.07086;43.26378;0.0;,f3585a,807d6c,9802.0,Archivo de audio MPEG,207151.0,2014.0,256.0,44100.0,100.0,100.0,12418.0,5.0,1.0,1.0,3833318802.0,2025-06-21 07:46:42,THE ORAL CIGARETTES,,,24,
The Oral Cigarettes,Warwarwar,THE ORAL CIGARETTES,Unofficial,THE ORAL CIGARETTES,J-Rock,2017-02-01,237.87,124,b690b3,61.582676;99.0;49.110237;43.26378;41.704723;42.874016;46.38189;35.85827;23.385828;27.67323;26.503939;25.334646;34.688976;54.56693;35.468506;45.602364;50.669292;44.822834;56.90551;65.480316;52.228348;48.330708;29.622047;0.0;,ea993f,2d2c33,9844.0,Archivo de audio MPEG,237897.0,2017.0,256.0,44100.0,100.0,100.0,5935.0,5.0,1.0,4.0,3833721301.0,2025-06-25 23:35:01,,,,31,2.0
The Oral Cigarettes,Shala La,THE ORAL CIGARETTES,Unofficial,THE ORAL CIGARETTES,J-Rock,2017-02-01,197.51,96,06123b,69.767715;99.0;92.76378;46.771652;38.586617;67.03937;60.413383;44.822834;48.330708;49.5;54.56693;58.074802;51.83858;62.75197;49.5;64.31102;59.244095;61.582676;67.42913;62.362206;56.515747;59.244095;36.24803;0.0;,d65b29,6f4340,9850.0,Archivo de audio MPEG,197537.0,2017.0,256.0,44100.0,100.0,100.0,7187.0,5.0,1.0,2.0,3825763018.0,2025-03-25 21:56:58,山中拓也,,,23,1.0
The Oral Cigarettes,Wagamama De Gomakasanaide,THE ORAL CIGARETTES,Wagamama De Gomakasanaide - EP,THE ORAL CIGARETTES,J-Rock,2019-01-08,257.36,142,6c5765,45.602364;76.78346;51.059055;43.26378;35.468506;44.822834;51.44882;41.31496;38.586617;62.75197;56.125984;58.854332;63.531494;79.51181;64.70079;78.342514;99.0;77.56299;85.74803;84.578735;69.37795;60.413383;33.12992;0.0;,d5304d,695e51,9856.0,Archivo de audio MPEG,257384.0,2019.0,256.0,44100.0,100.0,100.0,8974.0,5.0,1.0,1.0,3832966619.0,2025-06-17 05:56:59,,,,20,
The Oral Cigarettes,mist…,THE ORAL CIGARETTES,オレンジの抜け殻、私が生きたアイの証 - EP,THE ORAL CIGARETTES,J-Rock,2013-08-28,239.52,94,050812,41.31496;99.0;47.16142;39.366142;38.586617;56.515747;43.26378;41.31496;38.97638;40.145668;37.807087;54.95669;56.90551;77.95276;45.2126;49.5;60.80315;48.720474;60.80315;60.413383;47.16142;46.38189;29.232285;0.0;,ca4d25,4a3b30,9866.0,Archivo de audio MPEG,239542.0,2013.0,256.0,44100.0,100.0,100.0,10595.0,5.0,1.0,2.0,3837187935.0,2025-08-05 02:32:15,山中 拓也/山中拓也,,,24,1.0
The Oral Cigarettes,瓢箪山の駅員さん,THE ORAL CIGARETTES,オレンジの抜け殻、私が生きたアイの証 - EP,THE ORAL CIGARETTES,J-Rock,2013-08-28,229.96,132,9f7e95,39.366142;99.0;50.669292;33.12992;40.145668;42.484253;34.299213;22.996063;30.011812;35.85827;32.350395;32.350395;37.027557;53.7874;35.468506;40.535435;41.704723;32.740158;45.2126;49.5;39.755905;38.19685;22.216536;0.0;,c49616,0b090f,9870.0,Archivo de audio MPEG,229982.0,2013.0,256.0,44100.0,100.0,100.0,7388.0,5.0,1.0,2.0,3837184521.0,2025-08-05 01:35:21,山中 拓也/山中拓也,,,29,
The Oral Cigarettes,起死回生STORY,THE ORAL CIGARETTES,起死回生STORY - EP,THE ORAL CIGARETTES,J-Rock,2014-07-16,229.49,142,746775,63.14173;99.0;76.78346;38.19685;39.366142;49.110237;51.44882;66.649605;49.5;53.7874;51.059055;65.480316;80.6811;95.49213;63.531494;68.98819;75.614174;64.70079;84.578735;84.968506;79.51181;80.291336;49.110237;0.0;,e54350,786056,9878.0,Archivo de audio MPEG,229511.0,2014.0,256.0,44100.0,100.0,100.0,19393.0,5.0,1.0,6.0,3833799924.0,2025-06-26 21:25:24,THE ORAL CIGARETTES,,,21,-1.0
The Oral Cigarettes,DUNK,THE ORAL CIGARETTES feat. Masato,DUNK,THE ORAL CIGARETTES feat. Masato,J-Rock,2024-08-07,254.65,138,535456,70.15748;99.0;48.720474;26.893702;36.637794;30.79134;38.19685;48.330708;42.484253;49.110237;45.2126;64.31102;56.125984;82.62992;51.44882;63.531494;69.37795;64.70079;75.22441;87.69685;76.00394;85.74803;57.68504;0.0;,f55d5b,989580,13662.0,Archivo de audio AAC,254630.0,2024.0,323.0,48000.0,100.0,100.0,9926.0,5.0,1.0,1.0,3819992183.0,2025-01-18 02:56:23,,,,34,1.0
The Oral Cigarettes,Kantannakoto,THE ORAL CIGARETTES,Kantannakoto - Single,THE ORAL CIGARETTES,J-Rock,2015-07-14,214.09,134,a8acaf,30.401575;91.59448;53.7874;28.062992;31.570868;56.125984;33.519684;50.669292;43.65354;46.771652;40.535435;67.03937;76.78346;87.30708;75.614174;70.54724;86.91732;83.019684;90.42519;99.0;77.56299;71.32677;44.43307;0.0;,df3c4d,8f7f6e,13664.0,Archivo de audio AAC,214065.0,2015.0,320.0,48000.0,100.0,100.0,15944.0,5.0,1.0,2.0,3837585474.0,2025-08-09 16:57:54,山中 拓也,,,20,
The Oral Cigarettes,Kyouran Hey Kids!!,THE ORAL CIGARETTES,Kyouran Hey Kids!! - EP,THE ORAL CIGARETTES,J-Rock,2015-10-02,250.05,142,6b5967,51.83858;73.27559;38.586617;28.062992;34.299213;37.807087;44.822834;40.925198;42.874016;48.720474;47.55118;72.1063;83.40945;99.0;75.22441;66.25984;74.83464;64.31102;71.71654;63.14173;58.854332;54.95669;32.740158;0.0;,cb2c44,5e5347,13666.0,Archivo de audio AAC,250032.0,2015.0,326.0,48000.0,100.0,100.0,19332.0,5.0,1.0,4.0,3835540263.0,2025-07-17 00:51:03,Yamanaka Takuya,,,20,-2.0
The Oral Cigarettes,UNDER and OVER,THE ORAL CIGARETTES,UNDER and OVER - Single,THE ORAL CIGARETTES,J-Rock,2024-10-02,234.33,116,a729c4,58.854332;99.0;54.56693;31.96063;36.637794;41.31496;32.740158;33.519684;29.622047;33.90945;32.350395;50.669292;58.074802;66.25984;46.771652;65.480316;76.78346;58.464565;70.15748;81.07086;75.22441;79.51181;54.56693;0.0;,f66b55,8a9087,13668.0,Archivo de audio AAC,234312.0,2024.0,328.0,48000.0,100.0,100.0,11159.0,5.0,1.0,5.0,3827506907.0,2025-04-15 01:21:47,,,,37,3.0
The Oral Cigarettes,Dip-Bap,THE ORAL CIGARETTES,Dip-Bap - Single,THE ORAL CIGARETTES,J-Rock,2016-08-03,269.7,72,564d58,51.83858;99.0;38.19685;19.48819;23.77559;30.401575;42.484253;30.79134;31.181103;27.283466;36.24803;33.90945;34.688976;42.09449;27.67323;43.65354;52.228348;40.145668;51.44882;57.68504;44.43307;38.586617;23.77559;0.0;,e18c2f,231c26,13672.0,Archivo de audio AAC,269676.0,2016.0,326.0,48000.0,100.0,100.0,8935.0,5.0,1.0,2.0,3824226864.0,2025-03-08 03:14:24,山中 拓也,,,23,-1.0
The Oral Cigarettes,Catch Me,THE ORAL CIGARETTES,Dip-Bap - Single,THE ORAL CIGARETTES,J-Rock,2016-08-03,207.26,92,1c092f,45.2126;99.0;52.61811;25.724411;27.67323;76.78346;35.85827;39.755905;35.468506;46.38189;43.26378;61.972443;61.192913;62.75197;60.02362;79.51181;84.968506;65.87008;74.444885;67.81889;52.228348;56.90551;33.90945;0.0;,d44633,6e6053,13674.0,Archivo de audio AAC,207238.0,2016.0,320.0,48000.0,100.0,100.0,11793.0,5.0,1.0,5.0,3831481403.0,2025-05-31 01:23:23,山中 拓也,,,26,
The Oral Cigarettes,Miss Tail,THE ORAL CIGARETTES,5150 - Single,THE ORAL CIGARETTES,J-Rock,2016-11-16,199.99,180,030306,59.633858;99.0;74.055115;49.889763;49.5;53.397636;61.192913;35.85827;48.720474;45.602364;45.992126;57.295277;63.921257;79.90157;70.15748;76.3937;77.56299;73.27559;69.767715;71.32677;57.295277;60.413383;36.637794;0.0;,cf4331,684c45,13682.0,Archivo de audio AAC,199970.0,2016.0,329.0,48000.0,100.0,100.0,11341.0,5.0,1.0,2.0,3835965079.0,2025-07-21 22:51:19,山中 拓也,,,30,-1.0
The Oral Cigarettes,5150,THE ORAL CIGARETTES,5150 - Single,THE ORAL CIGARETTES,J-Rock,2016-11-16,238.86,96,120919,42.09449;99.0;48.330708;35.078743;42.874016;56.125984;45.992126;70.15748;40.925198;43.65354;42.874016;44.43307;46.771652;60.413383;51.059055;57.295277;56.125984;50.279526;58.854332;55.73622;48.720474;52.61811;34.299213;0.0;,d0492d,3b3427,13684.0,Archivo de audio AAC,238840.0,2016.0,320.0,48000.0,100.0,100.0,9877.0,5.0,1.0,3.0,3832878659.0,2025-06-16 05:30:59,山中 拓也,,,26,
The Oral Cigarettes,Dream In Drive,THE ORAL CIGARETTES,Dream In Drive - Single,THE ORAL CIGARETTES,J-Rock,2020-03-25,209.56,144,4d5148,65.87008;99.0;47.55118;36.637794;46.38189;61.582676;65.480316;54.56693;47.55118;55.34646;52.228348;56.90551;67.81889;77.56299;61.582676;70.15748;74.444885;65.480316;74.055115;74.83464;68.208664;65.09055;41.31496;0.0;,dd3d49,8a5a55,13686.0,Archivo de audio AAC,209537.0,2020.0,323.0,48000.0,100.0,100.0,10979.0,5.0,1.0,1.0,3830785026.0,2025-05-22 23:57:06,,,,17,
The Oral Cigarettes,Access×Koutai,THE ORAL CIGARETTES,5150 - Single,THE ORAL CIGARETTES,J-Rock,2016-11-16,209.74,140,89828d,63.531494;99.0;67.03937;38.97638;44.04331;52.61811;46.38189;44.04331;45.602364;43.65354;42.874016;55.34646;48.720474;75.22441;48.720474;56.515747;59.633858;54.177166;58.464565;55.34646;55.34646;59.633858;43.26378;0.0;,db5e2e,4e4136,13688.0,Archivo de audio AAC,209722.0,2016.0,323.0,48000.0,100.0,100.0,7602.0,5.0,1.0,2.0,3830899229.0,2025-05-24 07:40:29,,,,28,
The Oral Cigarettes,One's Again,THE ORAL CIGARETTES,Tonariau - ONE'S AGAIN - Single,THE ORAL CIGARETTES,J-Rock,2017-06-14,281.47,110,6625cd,41.31496;99.0;49.889763;28.84252;49.5;62.362206;45.992126;35.85827;37.417324;45.992126;33.519684;34.299213;30.79134;33.90945;28.062992;34.688976;38.586617;38.97638;45.2126;53.397636;50.279526;49.110237;30.79134;0.0;,e0b842,1a0c1e,13694.0,Archivo de audio AAC,281449.0,2017.0,322.0,48000.0,100.0,100.0,10117.0,5.0,1.0,2.0,3831368900.0,2025-05-29 18:08:20,山中 拓也,,,19,
The Oral Cigarettes,See you again,THE ORAL CIGARETTES,AlterGeist0000,THE ORAL CIGARETTES,J-Pop,2025-01-22,175.02,122,9e7588,62.75197;99.0;51.83858;37.417324;36.637794;30.401575;37.807087;25.334646;21.43701;24.944883;20.267717;26.114174;35.85827;58.074802;37.027557;42.874016;48.330708;53.397636;62.75197;70.93701;63.531494;56.90551;32.740158;0.0;,f39950,47464d,14396.0,Archivo de audio AAC,175000.0,2025.0,321.0,48000.0,20.0,100.0,9199.0,5.0,1.0,1.0,3820650220.0,2025-01-25 17:43:40,,,,23,3.0
The Oral Cigarettes,Bitch!!,THE ORAL CIGARETTES,AlterGeist0000,THE ORAL CIGARETTES,J-Pop,2025-01-22,208.7,178,08060e,74.444885;91.59448;37.027557;20.657482;23.385828;32.350395;37.807087;35.078743;26.893702;33.12992;31.570868;39.366142;56.125984;99.0;63.921257;72.885826;83.79921;69.767715;78.342514;75.614174;66.25984;58.854332;29.622047;0.0;,e75841,64685f,14398.0,Archivo de audio AAC,208678.0,2025.0,324.0,48000.0,100.0,100.0,15733.0,5.0,1.0,8.0,3835872702.0,2025-07-20 21:11:42,,,,24,
The Oral Cigarettes,DIKIDANDAN,THE ORAL CIGARETTES,AlterGeist0000,THE ORAL CIGARETTES,J-Pop,2025-01-22,213.44,91,09060f,66.649605;99.0;51.83858;24.555119;22.6063;33.90945;35.85827;42.874016;32.740158;44.43307;31.570868;35.85827;57.295277;96.27165;62.75197;68.98819;76.78346;71.32677;73.66535;78.342514;63.921257;68.59843;35.468506;0.0;,ea5d42,65685e,14434.0,Archivo de audio AAC,213414.0,2025.0,321.0,48000.0,20.0,100.0,10758.0,5.0,1.0,1.0,3820648157.0,2025-01-25 17:09:17,,,,18,-2.0
The Oral Cigarettes,DUNK,THE ORAL CIGARETTES feat. Masato,AlterGeist0000,THE ORAL CIGARETTES,J-Rock,2024-08-07,255.7,138,5a5c5c,69.37795;99.0;48.330708;26.893702;35.85827;30.401575;37.807087;46.771652;42.09449;49.110237;44.822834;63.531494;55.73622;82.24016;51.44882;63.14173;68.98819;64.70079;75.22441;86.91732;75.22441;85.35826;57.295277;0.0;,f55e5a,9c9982,14438.0,Archivo de audio AAC,255675.0,2024.0,322.0,48000.0,20.0,100.0,9901.0,5.0,1.0,2.0,3834335874.0,2025-07-03 02:17:54,,,,32,1.0
The Oral Cigarettes,BUG,THE ORAL CIGARETTES,AlterGeist0000,THE ORAL CIGARETTES,J-Pop,2022-08-10,233.31,91,150a19,64.70079;99.0;55.34646;28.452757;22.996063;22.996063;30.79134;25.334646;30.79134;33.12992;28.452757;33.519684;35.468506;45.992126;33.12992;45.602364;42.874016;45.992126;53.397636;63.921257;65.87008;67.42913;38.19685;0.0;,f5a05b,5a565e,14440.0,Archivo de audio AAC,233291.0,2022.0,325.0,48000.0,20.0,100.0,6731.0,5.0,1.0,1.0,3820648864.0,2025-01-25 17:21:04,Takuya Yamanaka & JOGO,,,23,4.0
The Oral Cigarettes,UNDER and OVER,THE ORAL CIGARETTES,AlterGeist0000,THE ORAL CIGARETTES,J-Rock,2024-10-02,235.89,116,9826c5,58.854332;99.0;54.56693;32.350395;37.027557;41.704723;33.12992;33.90945;30.011812;34.299213;33.12992;51.83858;58.854332;67.42913;47.940945;66.649605;78.342514;59.633858;71.32677;81.85039;75.614174;79.90157;54.56693;0.0;,f56855,8c9187,14442.0,Archivo de audio AAC,235868.0,2024.0,324.0,48000.0,20.0,100.0,8748.0,5.0,1.0,5.0,3825785387.0,2025-03-26 04:09:47,,,,36,2.0
The Oral Cigarettes,OD,THE ORAL CIGARETTES,AlterGeist0000,THE ORAL CIGARETTES,J-Pop,2025-01-22,197.95,110,420ea7,92.76378;99.0;97.05118;65.09055;53.397636;55.34646;56.125984;50.669292;41.704723;39.755905;44.04331;42.874016;38.19685;54.56693;47.55118;58.854332;76.78346;52.61811;59.244095;61.972443;60.413383;75.22441;54.95669;0.0;,f39e52,796056,14444.0,Archivo de audio AAC,197927.0,2025.0,322.0,48000.0,100.0,100.0,4471.0,5.0,1.0,3.0,3823327173.0,2025-02-25 17:19:33,,,,26,-2.0
The Oral Cigarettes,ENEMY,THE ORAL CIGARETTES feat. Kamui,AlterGeist0000,THE ORAL CIGARETTES,J-Pop,2022-03-23,194.23,149,6a4f5b,69.767715;99.0;42.09449;26.114174;35.468506;29.622047;40.535435;36.637794;33.12992;36.24803;31.181103;34.688976;33.519684;45.602364;37.807087;54.56693;67.81889;52.61811;54.95669;57.68504;43.26378;48.330708;28.452757;0.0;,e68233,212526,14446.0,Archivo de audio AAC,194212.0,2022.0,324.0,48000.0,20.0,100.0,6626.0,5.0,1.0,,,,,,,31,-1.0
The Oral Cigarettes,SODA,THE ORAL CIGARETTES,AlterGeist0000,THE ORAL CIGARETTES,J-Pop,2025-01-22,223.65,150,6d4e58,99.0;91.98425;68.98819;27.67323;51.83858;40.925198;47.55118;49.5;26.503939;21.047245;27.67323;31.181103;33.519684;67.42913;43.65354;58.074802;56.515747;42.874016;42.484253;44.822834;42.09449;51.44882;26.503939;0.0;,daa02c,0a0e0d,14448.0,Archivo de audio AAC,223631.0,2025.0,319.0,48000.0,20.0,100.0,6796.0,5.0,1.0,1.0,3820649521.0,2025-01-25 17:32:01,,,,25,-1.0
The Oral Cigarettes,Enchant,THE ORAL CIGARETTES,AlterGeist0000,THE ORAL CIGARETTES,J-Pop,2023-02-08,164.02,170,010101,88.08661;99.0;52.228348;28.062992;37.417324;40.925198;39.366142;36.637794;47.940945;44.43307;53.397636;59.244095;55.73622;73.27559;49.5;55.34646;68.98819;70.54724;82.62992;97.05118;77.56299;90.03543;54.56693;0.0;,fb6a66,a3a087,14450.0,Archivo de audio AAC,164000.0,2023.0,324.0,48000.0,20.0,100.0,9838.0,5.0,1.0,,,,Takuya Yamanaka & Yuki Tsujimura,,,20,2.0
The Oral Cigarettes,Savior of My Life,THE ORAL CIGARETTES,AlterGeist0000,THE ORAL CIGARETTES,J-Pop,2025-01-22,213.64,175,0a0711,57.68504;86.91732;83.019684;39.366142;35.85827;66.25984;45.2126;48.330708;53.007874;51.44882;44.43307;52.228348;49.110237;67.42913;55.34646;70.93701;74.055115;67.03937;82.62992;87.30708;78.342514;99.0;73.27559;0.0;,f75473,8a8170,14452.0,Archivo de audio AAC,213623.0,2025.0,321.0,48000.0,20.0,100.0,10088.0,5.0,1.0,1.0,3820649735.0,2025-01-25 17:35:35,,,,20,1.0
The Oral Cigarettes,YELLOW,THE ORAL CIGARETTES,AlterGeist0000,THE ORAL CIGARETTES,J-Pop,2023-10-25,210.07,190,100819,86.91732;99.0;80.291336;41.704723;37.417324;43.26378;41.704723;40.925198;38.586617;44.822834;51.059055;56.515747;58.854332;74.444885;42.09449;54.56693;67.81889;64.70079;72.1063;87.30708;79.12205;80.6811;53.007874;0.0;,fa755d,6e6d5f,14454.0,Archivo de audio AAC,210048.0,2023.0,319.0,48000.0,20.0,100.0,9207.0,5.0,1.0,,,,,,,27,2.0
The Oral Cigarettes,SHU,THE ORAL CIGARETTES,AlterGeist0000,THE ORAL CIGARETTES,J-Pop,2025-01-22,309.94,83,2d2812,55.73622;99.0;52.228348;54.177166;38.97638;38.19685;32.740158;31.181103;24.555119;26.114174;29.232285;36.637794;42.09449;64.31102;46.38189;44.04331;63.531494;66.649605;78.342514;61.972443;45.2126;41.704723;25.334646;0.0;,dd7529,9cee64,14456.0,Archivo de audio AAC,309917.0,2025.0,319.0,48000.0,20.0,100.0,9753.0,5.0,1.0,1.0,3820650045.0,2025-01-25 17:40:45,,,,20,
TK from 凛として時雨,As long as I love,TK from 凛として時雨 with 稲葉浩志,As long as I love - Scratch - EP,TK from 凛として時雨 with 稲葉浩志,J-Rock,2022-03-16,250.49,168,020604,58.464565;99.0;49.110237;24.555119;27.67323;45.992126;37.027557;28.84252;32.350395;28.84252;31.96063;44.04331;44.822834;60.02362;42.874016;59.633858;59.244095;55.73622;69.37795;78.732285;58.854332;44.822834;21.826773;0.0;,e97239,8d9288,9888.0,Archivo de audio MPEG,250514.0,2022.0,256.0,44100.0,100.0,100.0,8653.0,5.0,1.0,4.0,3837350122.0,2025-08-06 23:35:22,,,,19,2.0
TK from 凛として時雨,contrast,TK from 凛として時雨,contrast - EP,TK from 凛として時雨,J-Rock,2014-03-05,299.44,138,856f81,48.720474;99.0;73.66535;97.8307;51.44882;61.582676;56.515747;41.31496;28.452757;35.078743;36.24803;45.992126;51.059055;44.822834;30.79134;53.397636;44.04331;40.925198;51.059055;63.921257;80.291336;70.54724;50.279526;0.0;,ecbc9d,353022,9896.0,Archivo de audio MPEG,299467.0,2014.0,256.0,44100.0,100.0,100.0,8801.0,5.0,1.0,3.0,3835888523.0,2025-07-21 01:35:23,北嶋徹,,,19,1.0
TK from 凛として時雨,Dramatic Slow Motion,TK from 凛として時雨,contrast - EP,TK from 凛として時雨,J-Rock,2014-03-05,232.99,150,938e99,51.44882;99.0;60.413383;68.59843;28.84252;35.078743;31.181103;32.740158;22.996063;30.401575;35.078743;47.55118;68.59843;85.35826;44.43307;63.921257;53.007874;54.95669;55.73622;65.09055;77.173225;67.03937;40.535435;0.0;,ee6b42,7d7c6c,9898.0,Archivo de audio MPEG,233012.0,2014.0,256.0,44100.0,100.0,100.0,9589.0,5.0,1.0,7.0,3837419408.0,2025-08-07 18:50:08,北嶋徹,,,67,3.0
TK from 凛として時雨,Crazy Tampern,TK from 凛として時雨,contrast - EP,TK from 凛として時雨,J-Rock,2014-03-05,200.99,93,0d0813,38.97638;90.81496;52.61811;44.822834;49.889763;40.535435;34.299213;33.12992;46.38189;39.755905;53.397636;86.52756;79.51181;96.661415;71.71654;88.866135;91.59448;86.91732;90.03543;99.0;88.08661;96.661415;60.413383;0.0;,e53c59,887e6d,9900.0,Archivo de audio MPEG,201012.0,2014.0,256.0,44100.0,100.0,100.0,17095.0,5.0,1.0,3.0,3825760610.0,2025-03-25 21:16:50,北嶋徹,,,1,
TK from 凛として時雨,Future Tone Bender,TK from 凛として時雨 with milet,egomaniac feedback,TK from 凛として時雨,J-Rock,2021-10-13,232.2,77,030307,89.64567;94.32283;55.34646;34.688976;42.09449;28.452757;38.97638;39.755905;42.484253;37.417324;40.145668;51.059055;75.22441;99.0;78.732285;96.661415;75.614174;77.173225;71.32677;61.192913;57.68504;60.413383;26.893702;0.0;,d94e33,6b5f52,9938.0,Archivo de audio MPEG,232228.0,2021.0,256.0,44100.0,100.0,100.0,11319.0,5.0,1.0,3.0,3835795050.0,2025-07-19 23:37:30,,,,19,1.0
TK from 凛として時雨,Wonder Palette,TK from 凛として時雨,egomaniac feedback,TK from 凛として時雨,J-Rock,2016-09-27,305.42,137,8f8694,63.921257;98.61023;67.03937;47.55118;54.95669;38.19685;29.622047;67.42913;42.484253;54.56693;54.95669;85.35826;78.342514;72.49606;52.61811;85.35826;54.177166;68.208664;62.75197;90.81496;92.374016;99.0;74.444885;0.0;,f4506b,837566,9940.0,Archivo de audio MPEG,305449.0,2016.0,256.0,44100.0,100.0,100.0,8374.0,5.0,1.0,3.0,3835037021.0,2025-07-11 05:03:41,北嶋徹,,,17,
TK from 凛として時雨,memento,TK from 凛として時雨,egomaniac feedback,TK from 凛として時雨,J-Rock,2018-11-21,396.15,75,303631,86.91732;99.0;99.0;84.968506;23.77559;20.657482;27.67323;18.708662;13.251968;15.590553;16.759842;31.181103;33.90945;48.720474;25.724411;45.992126;31.181103;30.401575;38.586617;42.874016;33.12992;42.874016;27.67323;0.0;,9fe93f,631d36,9946.0,Archivo de audio MPEG,396173.0,2018.0,256.0,44100.0,100.0,100.0,5972.0,5.0,1.0,2.0,3835366237.0,2025-07-15 00:30:37,TK,,,18,
TK from 凛として時雨,Fantastic Magic,TK from 凛として時雨,Fantastic Magic,TK from 凛として時雨,J-Rock,2014-08-27,249.08,148,4b4f46,38.19685;92.374016;51.059055;42.09449;24.165356;24.944883;41.31496;36.637794;33.90945;33.90945;44.04331;66.649605;77.95276;99.0;65.87008;70.93701;70.15748;61.582676;58.854332;73.66535;81.85039;68.98819;35.078743;0.0;,e04544,947f6f,9958.0,Archivo de audio MPEG,249103.0,2014.0,256.0,44100.0,100.0,100.0,17456.0,5.0,1.0,1.0,3831022635.0,2025-05-25 17:57:15,,,,18,3.0
TK from 凛として時雨,kalei de scope,TK from 凛として時雨,Fantastic Magic,TK from 凛として時雨,J-Rock,2014-08-27,197.9,136,b58c72,52.228348;69.767715;40.145668;43.65354;45.602364;36.24803;57.68504;48.720474;34.688976;52.228348;54.56693;58.074802;77.173225;99.0;71.71654;87.30708;74.83464;79.90157;72.49606;75.22441;64.31102;56.90551;40.925198;0.0;,cb274c,ae7866,9962.0,Archivo de audio MPEG,197929.0,2014.0,256.0,44100.0,100.0,100.0,17870.0,5.0,1.0,3.0,3831056557.0,2025-05-26 03:22:37,北嶋徹,,,20,4.0
TK from 凛として時雨,an artist,TK from 凛として時雨,Fantastic Magic,TK from 凛として時雨,J-Rock,2014-08-27,241.55,129,626166,48.720474;66.25984;65.09055;86.52756;60.02362;89.64567;99.0;55.34646;41.31496;49.110237;47.940945;58.074802;77.173225;67.03937;51.83858;79.90157;60.02362;64.31102;78.342514;82.24016;76.00394;88.08661;65.87008;0.0;,be16a3,8c5350,9964.0,Archivo de audio MPEG,241580.0,2014.0,256.0,44100.0,100.0,100.0,9527.0,5.0,1.0,2.0,3834836680.0,2025-07-08 21:24:40,北嶋徹,,,100,
TK from 凛として時雨,Shinkiro,TK from 凛として時雨,Fantastic Magic,TK from 凛として時雨,J-Rock,2014-08-27,304.01,103,b123a6,99.0;70.93701;50.669292;35.078743;23.77559;13.251968;17.149609;17.539371;22.216536;17.149609;13.641735;24.555119;25.334646;28.84252;23.385828;25.334646;25.724411;28.84252;32.350395;47.940945;41.704723;51.059055;33.519684;0.0;,e1d173,744649,9968.0,Archivo de audio MPEG,304039.0,2014.0,256.0,44100.0,100.0,100.0,3222.0,5.0,1.0,3.0,3837781787.0,2025-08-11 23:29:47,北嶋徹,,,100,-23.0
TK from 凛として時雨,Spiral Parade,TK from 凛として時雨,Fantastic Magic,TK from 凛として時雨,J-Rock,2014-08-27,254.77,141,605562,60.413383;99.0;55.73622;52.228348;38.97638;60.80315;33.90945;58.854332;40.925198;42.484253;31.570868;60.413383;62.362206;73.66535;56.90551;72.1063;55.34646;62.362206;54.177166;73.27559;68.208664;97.8307;59.633858;0.0;,f85c67,807264,9972.0,Archivo de audio MPEG,254798.0,2014.0,256.0,44100.0,100.0,100.0,9207.0,5.0,1.0,2.0,3837339346.0,2025-08-06 20:35:46,北嶋徹,,,55,4.0
TK from 凛として時雨,first death,TK from 凛として時雨,first death - Single,TK from 凛として時雨,J-Rock,2022-11-30,241.66,82,061606,65.09055;74.83464;33.12992;29.622047;33.12992;36.637794;32.350395;26.893702;28.062992;39.366142;36.24803;49.110237;61.972443;75.22441;48.720474;74.83464;68.59843;75.22441;81.07086;91.59448;93.15354;99.0;48.330708;0.0;,f85875,afbda4,9978.0,Archivo de audio MPEG,241684.0,2022.0,256.0,44100.0,100.0,100.0,17593.0,5.0,1.0,1.0,3825848136.0,2025-03-26 21:35:36,,,,18,-1.0
TK from 凛として時雨,flower,TK from 凛として時雨,flowering,TK from 凛として時雨,J-Rock,2012-06-27,279.77,135,a08472,37.027557;99.0;68.59843;53.397636;28.84252;48.330708;39.755905;26.503939;24.944883;28.452757;31.181103;44.04331;57.68504;63.14173;41.704723;79.51181;71.32677;73.66535;77.173225;68.59843;67.81889;64.31102;39.755905;0.0;,e8613d,d7da89,9980.0,Archivo de audio MPEG,279797.0,2012.0,256.0,44100.0,100.0,100.0,8248.0,5.0,1.0,3.0,3837182088.0,2025-08-05 00:54:48,Toru Kitajima,,,14,-1.0
TK from 凛として時雨,Abnormal trick,TK from 凛として時雨,flowering,TK from 凛として時雨,J-Rock,2012-06-27,241.4,83,040c08,33.519684;99.0;50.669292;32.740158;47.16142;24.555119;33.12992;31.181103;26.503939;24.165356;35.85827;45.602364;55.73622;74.83464;49.110237;70.15748;67.42913;62.362206;69.37795;82.62992;79.90157;83.019684;49.110237;0.0;,f56455,abb7a0,9982.0,Archivo de audio MPEG,241423.0,2012.0,256.0,44100.0,100.0,100.0,18573.0,5.0,1.0,3.0,3837429467.0,2025-08-07 21:37:47,,,,25,
TK from 凛として時雨,haze,TK from 凛として時雨,flowering,TK from 凛として時雨,J-Rock,2012-06-27,238.94,88,06050b,25.724411;92.76378;99.0;51.83858;42.874016;45.2126;30.79134;44.04331;29.232285;30.011812;30.401575;46.38189;45.602364;45.992126;37.027557;51.44882;43.65354;49.889763;50.279526;60.02362;55.73622;51.83858;29.232285;0.0;,ce911c,090d07,9984.0,Archivo de audio MPEG,238968.0,2012.0,256.0,44100.0,100.0,100.0,11501.0,5.0,1.0,4.0,3834336902.0,2025-07-03 02:35:02,,,,29,-1.0
TK from 凛として時雨,phase to phrase,TK from 凛として時雨,flowering,TK from 凛として時雨,J-Rock,2012-06-27,209.87,146,945450,19.48819;99.0;68.59843;35.468506;32.740158;31.570868;24.165356;22.216536;20.267717;38.97638;32.350395;38.586617;55.34646;55.34646;48.720474;51.44882;58.074802;52.228348;61.582676;68.208664;65.87008;62.362206;38.19685;0.0;,ea733b,78fcb1,9986.0,Archivo de audio MPEG,209893.0,2012.0,256.0,44100.0,100.0,100.0,12607.0,5.0,1.0,5.0,3835097634.0,2025-07-11 21:53:54,,,,59,1.0
TK from 凛として時雨,white silence,TK from 凛として時雨,flowering,TK from 凛として時雨,J-Rock,2012-06-27,418.32,85,020402,3.5078773;44.822834;99.0;63.531494;44.43307;47.16142;47.55118;34.299213;46.771652;31.570868;47.55118;59.244095;38.19685;43.65354;21.43701;32.350395;30.401575;21.047245;24.944883;20.657482;17.539371;26.893702;18.3189;0.0;,0c4d6f,02604c,9988.0,Archivo de audio MPEG,418351.0,2012.0,256.0,44100.0,100.0,100.0,1848.0,5.0,1.0,2.0,3825244340.0,2025-03-19 21:52:20,Toru Kitajima,,,16,3.0
TK from 凛として時雨,12th laser,TK from 凛として時雨,flowering,TK from 凛として時雨,J-Rock,2012-06-27,158.22,145,827383,46.38189;83.40945;51.44882;37.417324;40.145668;42.09449;49.5;42.874016;53.7874;51.059055;56.90551;72.885826;91.98425;98.220474;66.649605;99.0;84.578735;84.968506;77.56299;90.03543;75.614174;82.62992;51.44882;0.0;,d83053,7d6a5e,9990.0,Archivo de audio MPEG,158249.0,2012.0,256.0,44100.0,100.0,100.0,17407.0,5.0,1.0,2.0,3837342533.0,2025-08-06 21:28:53,TK,,,17,11.0
TK from 凛として時雨,film A moment,TK from 凛として時雨,flowering,TK from 凛として時雨,J-Rock,2012-06-27,431.12,75,5a5e54,17.929134;73.27559;62.362206;38.586617;30.79134;27.67323;40.535435;28.062992;33.12992;35.468506;28.452757;45.602364;37.417324;42.874016;33.90945;45.602364;47.55118;61.192913;99.0;95.49213;77.173225;59.633858;42.874016;0.0;,f95e6d,b4e7ce,9992.0,Archivo de audio MPEG,431151.0,2012.0,256.0,44100.0,100.0,100.0,8335.0,5.0,1.0,3.0,3828951892.0,2025-05-01 18:44:52,Toru Kitajima,,,14,
TK from 凛として時雨,P.S. RED I,TK from 凛として時雨,P.S. RED I - Single,TK from 凛として時雨,J-Rock,2019-03-06,259.45,149,6c5b50,76.00394;73.27559;79.90157;49.5;29.622047;35.078743;46.38189;33.90945;36.637794;57.68504;60.02362;65.480316;96.27165;99.0;68.98819;90.81496;73.66535;74.444885;81.85039;99.0;83.019684;75.22441;36.637794;0.0;,e23b55,9c7b6c,10000.0,Archivo de audio MPEG,259474.0,2019.0,256.0,44100.0,100.0,100.0,13243.0,5.0,1.0,4.0,3830089858.0,2025-05-14 22:50:58,,,,23,3.0
TK from 凛として時雨,moving on,TK from 凛として時雨,P.S. RED I - Single,TK from 凛として時雨,J-Rock,2019-03-06,278.39,161,07050d,54.56693;99.0;55.73622;44.04331;21.826773;18.3189;19.098427;15.980316;19.877954;15.590553;18.3189;24.944883;26.893702;39.755905;36.637794;45.2126;44.04331;48.330708;50.669292;58.464565;50.669292;52.228348;28.84252;0.0;,e6ad43,634955,10002.0,Archivo de audio MPEG,278413.0,2019.0,256.0,44100.0,100.0,100.0,13273.0,5.0,1.0,2.0,3825753982.0,2025-03-25 19:26:22,TK from 凛として時雨,,,27,1.0
TK from 凛として時雨,Secret Sensation,TK from 凛として時雨,Secret Sensation - EP,TK from 凛として時雨,J-Rock,2016-03-02,294.03,140,595a5c,70.15748;67.03937;58.464565;48.720474;43.65354;26.893702;29.622047;28.84252;30.011812;22.216536;29.622047;28.062992;54.95669;38.19685;31.181103;53.7874;45.2126;52.61811;54.95669;80.6811;99.0;95.88189;47.55118;0.0;,fb859f,b6c0cc,10006.0,Archivo de audio MPEG,294060.0,2016.0,256.0,44100.0,100.0,100.0,14129.0,5.0,1.0,5.0,3835876286.0,2025-07-20 22:11:26,北嶋徹,,,94,-23.0
TK from 凛として時雨,subliminal,TK from 凛として時雨,Secret Sensation - EP,TK from 凛として時雨,J-Rock,2016-03-02,260.99,132,b6b18e,47.16142;99.0;43.26378;47.55118;36.637794;38.97638;44.43307;30.401575;35.468506;39.366142;42.484253;54.95669;58.464565;57.68504;57.68504;71.32677;73.66535;72.49606;74.83464;76.3937;81.85039;83.79921;45.602364;0.0;,f45b5b,c6be8e,10008.0,Archivo de audio MPEG,261015.0,2016.0,256.0,44100.0,100.0,100.0,17876.0,5.0,1.0,3.0,3823358912.0,2025-02-26 02:08:32,北嶋徹,,,15,1.0
TK from 凛として時雨,ear+f,TK from 凛として時雨,Secret Sensation - EP,TK from 凛として時雨,J-Rock,2016-03-02,279.77,140,535358,40.925198;71.32677;60.80315;47.55118;47.16142;40.535435;29.232285;28.452757;39.755905;28.84252;36.24803;45.2126;63.921257;54.95669;42.484253;60.80315;57.68504;54.95669;58.464565;91.98425;99.0;74.444885;45.602364;0.0;,f9597c,aab29b,10010.0,Archivo de audio MPEG,279797.0,2016.0,256.0,44100.0,100.0,100.0,16499.0,5.0,1.0,1.0,3833267674.0,2025-06-20 17:34:34,北嶋徹,,,14,3.0
TK from 凛として時雨,unravel (n-buna from ヨルシカ Remix) - Exhibition edit,TK from 凛として時雨,unravel (n-buna from ヨルシカ Remix) - Exhibition edit - Single,TK from 凛として時雨,J-Rock,2021-02-10,205.32,135,887365,99.0;76.00394;45.2126;40.145668;47.16142;38.586617;25.724411;24.165356;22.996063;22.6063;23.77559;27.283466;33.12992;39.755905;24.555119;44.04331;36.637794;40.925198;48.720474;58.464565;55.34646;52.228348;31.96063;0.0;,f3b371,d851d3,10016.0,Archivo de audio MPEG,205348.0,2021.0,256.0,44100.0,100.0,100.0,7200.0,5.0,1.0,3.0,3831535528.0,2025-05-31 16:25:28,,,,13,-10.0
TK from 凛として時雨,Fu re te Fu re ru,TK from 凛として時雨,unravel - Single,TK from 凛として時雨,J-Rock,2014-07-23,218.83,95,030306,54.56693;91.98425;54.95669;45.2126;32.740158;46.38189;47.940945;30.79134;36.24803;45.992126;43.65354;56.515747;99.0;88.866135;72.885826;87.30708;76.00394;79.51181;61.972443;76.3937;61.582676;75.22441;41.704723;0.0;,da3d42,746357,10020.0,Archivo de audio MPEG,218853.0,2014.0,256.0,44100.0,100.0,100.0,19097.0,5.0,1.0,1.0,3825834069.0,2025-03-26 17:41:09,TK,,,16,1.0
TK from 凛として時雨,dead end complex,TK from 凛として時雨,white noise,TK from 凛として時雨,J-Rock,2016-09-27,272.27,151,6f5814,36.24803;96.27165;44.822834;37.027557;42.874016;40.145668;35.468506;48.330708;26.114174;31.570868;35.85827;37.417324;60.02362;72.49606;63.14173;77.56299;49.889763;60.02362;58.854332;82.62992;89.255905;99.0;58.854332;0.0;,fa616d,c3d69f,10028.0,Archivo de audio MPEG,272300.0,2016.0,256.0,44100.0,100.0,100.0,12783.0,5.0,1.0,5.0,3830026388.0,2025-05-14 05:13:08,北嶋徹,,,23,-23.0
TK from 凛として時雨,Addictive Dancer,TK from 凛として時雨,white noise,TK from 凛として時雨,J-Rock,2016-09-27,295.44,135,7c7c7f,56.90551;81.46063;52.61811;60.80315;20.267717;30.011812;41.704723;26.503939;24.944883;33.519684;37.807087;56.515747;61.192913;99.0;51.44882;63.921257;51.83858;48.720474;58.074802;60.02362;69.767715;60.413383;47.940945;0.0;,e54f43,7c7969,10030.0,Archivo de audio MPEG,295471.0,2016.0,256.0,44100.0,100.0,100.0,15386.0,5.0,1.0,2.0,3833719532.0,2025-06-25 23:05:32,北嶋徹,,,25,-23.0
TK from 凛として時雨,white out,TK from 凛として時雨,white noise,TK from 凛として時雨,J-Rock,2016-09-27,305.97,141,857182,53.7874;99.0;41.31496;32.350395;26.503939;22.996063;21.43701;20.267717;15.980316;29.232285;21.047245;34.299213;47.16142;45.992126;35.078743;47.940945;30.79134;33.90945;37.807087;39.755905;39.755905;38.97638;31.96063;0.0;,d0a524,2d1e2c,10032.0,Archivo de audio MPEG,305998.0,2016.0,256.0,44100.0,100.0,100.0,12055.0,5.0,1.0,3.0,3834342964.0,2025-07-03 04:16:04,北嶋徹,,,22,-23.0
TK from 凛として時雨,Showcase Reflection,TK from 凛として時雨,white noise,TK from 凛として時雨,J-Rock,2016-09-27,226.25,82,382a19,30.011812;99.0;39.366142;27.283466;21.047245;23.77559;23.385828;26.114174;19.098427;25.724411;25.724411;38.97638;53.7874;61.582676;41.704723;51.059055;39.366142;37.807087;35.468506;43.26378;41.704723;40.145668;26.114174;0.0;,ce7c1b,b6397c,10036.0,Archivo de audio MPEG,226272.0,2016.0,256.0,44100.0,100.0,100.0,21746.0,5.0,1.0,2.0,3835694963.0,2025-07-18 19:49:23,北嶋徹,,,15,-23.0
TK from 凛として時雨,invalid phrase,TK from 凛として時雨,white noise,TK from 凛として時雨,J-Rock,2016-09-27,336.54,122,a67b6b,61.582676;82.24016;99.0;49.5;37.807087;43.65354;52.228348;37.027557;31.570868;28.84252;28.062992;39.366142;48.330708;56.515747;31.570868;44.04331;43.26378;45.602364;53.7874;56.125984;55.73622;59.633858;39.755905;0.0;,eea74d,30e366,10042.0,Archivo de audio MPEG,336561.0,2016.0,256.0,44100.0,100.0,100.0,13851.0,5.0,1.0,4.0,3829848386.0,2025-05-12 03:46:26,北嶋徹,,,16,-23.0
TK from 凛として時雨,yesworld,TK from 凛として時雨,yesworld - EP,TK from 凛として時雨,J-Rock,2021-04-14,288.21,139,806573,70.54724;99.0;88.47638;54.177166;82.62992;42.874016;47.55118;35.85827;33.519684;37.417324;49.110237;51.44882;58.464565;69.37795;47.55118;56.90551;52.228348;52.61811;51.44882;63.531494;85.35826;90.81496;61.972443;0.0;,fe8d79,6a5e51,10044.0,Archivo de audio MPEG,288235.0,2021.0,256.0,44100.0,100.0,100.0,11846.0,5.0,1.0,4.0,3837348172.0,2025-08-06 23:02:52,,,,21,2.0
TK from 凛として時雨,鶴の仕返し,TK from 凛として時雨,彩脳,TK from 凛として時雨,J-Rock,2020-04-15,285.91,135,21271e,42.874016;95.88189;74.83464;99.0;87.69685;44.43307;40.145668;38.586617;20.267717;27.67323;30.79134;24.944883;31.181103;35.078743;22.216536;40.925198;35.85827;44.43307;51.059055;56.90551;56.125984;55.34646;41.31496;0.0;,86fe8f,0469a6,10062.0,Archivo de audio MPEG,285936.0,2020.0,256.0,44100.0,100.0,100.0,7110.0,5.0,1.0,2.0,3832742613.0,2025-06-14 15:43:33,"Tk, Tk",,,18,
TK from 凛として時雨,UN-APEX,TK from 凛として時雨,UN-APEX,TK from 凛として時雨,J-Rock,2025-01-05,260.1,136,a8a7b7,64.31102;99.0;42.484253;38.586617;29.232285;32.350395;38.19685;32.350395;37.027557;38.19685;41.704723;53.397636;57.68504;63.531494;44.04331;53.7874;56.515747;55.34646;55.34646;64.70079;83.019684;83.40945;47.940945;0.0;,fb7463,7d817b,10998.0,Archivo de audio MPEG,260153.0,2025.0,320.0,44100.0,100.0,100.0,13558.0,5.0,1.0,4.0,3835548129.0,2025-07-17 03:02:09,,,,30,3.0
TK from 凛として時雨,Signal,TK from 凛として時雨,Signal - Single,TK from 凛として時雨,J-Rock,2016-09-07,319.88,84,060a05,45.602364;99.0;60.80315;47.940945;24.165356;23.77559;40.925198;25.334646;31.181103;28.452757;37.807087;54.95669;51.44882;53.7874;31.181103;49.5;45.992126;45.602364;48.720474;51.44882;63.14173;62.75197;47.940945;0.0;,ed8a40,abf0c5,13626.0,Archivo de audio AAC,319855.0,2016.0,320.0,48000.0,100.0,100.0,12516.0,5.0,1.0,2.0,3820860633.0,2025-01-28 04:10:33,Toru Kitajima,,,22,1.0
TK from 凛として時雨,will-ill,TK from 凛として時雨,will-ill - Single,TK from 凛として時雨,J-Rock,2021-10-13,309.31,137,b0babb,52.228348;99.0;66.649605;57.295277;61.192913;47.16142;44.822834;40.535435;44.04331;41.31496;52.228348;70.93701;87.69685;96.27165;57.68504;73.27559;60.80315;60.413383;63.14173;75.22441;74.83464;80.6811;33.12992;0.0;,df3e4a,805651,13630.0,Archivo de audio AAC,309290.0,2021.0,317.0,48000.0,100.0,100.0,11775.0,5.0,1.0,1.0,3830085207.0,2025-05-14 21:33:27,,,,14,2.0
TK from 凛として時雨,Shandy,TK from 凛として時雨,Signal - Single,TK from 凛として時雨,J-Rock,2016-09-07,276.08,165,06050f,65.87008;99.0;61.582676;45.992126;42.874016;39.366142;37.027557;31.181103;38.97638;46.771652;51.059055;74.83464;86.137794;79.51181;63.531494;74.444885;66.649605;74.83464;91.59448;94.7126;90.42519;77.173225;35.85827;0.0;,ee5253,7d7464,13632.0,Archivo de audio AAC,276062.0,2016.0,320.0,48000.0,100.0,100.0,14879.0,5.0,1.0,4.0,3835527518.0,2025-07-16 21:18:38,北嶋徹,,,12,
TK from 凛として時雨,katharsis,TK from 凛として時雨,katharsis - EP,TK from 凛として時雨,J-Rock,2018-10-10,266.19,72,a8a388,21.047245;99.0;58.074802;42.09449;41.31496;30.011812;33.90945;41.31496;27.283466;30.401575;29.622047;69.37795;52.61811;55.73622;42.484253;54.177166;55.73622;61.582676;62.75197;72.49606;51.059055;49.110237;24.555119;0.0;,d85b2b,be845f,13640.0,Archivo de audio AAC,266170.0,2018.0,317.0,48000.0,100.0,100.0,10575.0,5.0,1.0,8.0,3835368283.0,2025-07-15 01:04:43,TK,,,19,-1.0
TK from 凛として時雨,melt,TK from 凛として時雨 with suis from Yorushika,melt - Single,TK from 凛として時雨 with suis from Yorushika,J-Rock,2019-10-02,279.01,127,848484,99.0;79.12205;34.299213;25.334646;23.77559;26.893702;16.759842;19.48819;13.251968;15.20079;14.031498;21.047245;18.3189;30.401575;18.708662;23.385828;19.48819;29.232285;31.570868;34.688976;28.062992;26.503939;7.7952766;0.0;,c8db4d,6a2d32,13644.0,Archivo de audio AAC,278988.0,2019.0,321.0,48000.0,100.0,100.0,5965.0,5.0,1.0,1.0,3832947279.0,2025-06-17 00:34:39,,,,21,-1.0
TK from 凛として時雨,蝶の飛ぶ水槽,TK from 凛として時雨,蝶の飛ぶ水槽 - Single,TK from 凛として時雨,J-Rock,2020-01-07,361.21,135,9d9a83,37.027557;99.0;64.70079;40.535435;33.12992;54.95669;39.755905;28.84252;25.334646;30.79134;30.401575;38.586617;56.90551;60.413383;46.38189;68.208664;65.480316;65.87008;66.25984;89.64567;80.6811;63.531494;29.622047;0.0;,f2694c,cbce95,13648.0,Archivo de audio AAC,361186.0,2020.0,319.0,48000.0,100.0,100.0,8247.0,5.0,1.0,2.0,3837437195.0,2025-08-07 23:46:35,TK,,,19,
TK from 凛として時雨,彩脳 -TK Side-,TK from 凛として時雨,彩脳 -TK Side- - Single,TK from 凛として時雨,J-Rock,2020-04-22,274.25,82,1d1f0d,53.397636;99.0;48.330708;23.385828;45.992126;50.669292;24.555119;30.011812;25.724411;31.181103;28.062992;59.633858;70.93701;58.074802;43.26378;59.633858;46.771652;58.464565;67.03937;92.374016;65.09055;63.14173;30.401575;0.0;,f36d4d,c5cd9a,13650.0,Archivo de audio AAC,274227.0,2020.0,325.0,48000.0,100.0,100.0,8107.0,5.0,1.0,1.0,3827498707.0,2025-04-14 23:05:07,,,,17,1.0
TK from 凛として時雨,誰我為,TK from 凛として時雨,誰我為 - EP,TK from 凛として時雨,J-Rock,2024-05-04,268.86,138,b6ad8b,81.85039;99.0;49.110237;58.464565;39.755905;24.555119;30.401575;36.24803;33.519684;37.027557;45.992126;63.14173;65.480316;71.71654;52.61811;70.54724;60.02362;70.54724;70.93701;74.055115;81.85039;84.968506;56.90551;0.0;,f86a5b,bcb891,13656.0,Archivo de audio AAC,268840.0,2024.0,321.0,48000.0,100.0,100.0,12749.0,5.0,1.0,4.0,3833477619.0,2025-06-23 03:53:39,,,,18,
TK from 凛として時雨,クジャクジャノマアムアイア -TV edit-,TK from 凛として時雨,誰我為 - EP,TK from 凛として時雨,J-Rock,2023-12-20,141.02,156,06050c,62.362206;82.24016;40.925198;31.96063;37.417324;39.755905;59.244095;47.940945;55.34646;53.397636;59.244095;76.00394;72.885826;99.0;61.972443;65.87008;66.25984;66.649605;65.480316;92.76378;97.8307;92.374016;46.771652;0.0;,eb3c70,837365,13658.0,Archivo de audio AAC,141000.0,2023.0,320.0,48000.0,100.0,100.0,11256.0,5.0,1.0,1.0,3825780147.0,2025-03-26 02:42:27,,,,22,1.0
TK from 凛として時雨,Synchrome,TK from 凛として時雨 & suis from Yorushika,Whose Blue,TK from 凛として時雨,J-Rock,2025-04-16,223.82,82,3a2d20,59.244095;79.51181;32.740158;37.027557;26.114174;36.24803;37.027557;35.468506;27.283466;26.503939;32.740158;51.44882;46.38189;52.61811;38.97638;50.669292;61.582676;60.80315;47.55118;56.515747;64.31102;99.0;54.95669;0.0;,fd6a7d,a2f6c6,24828.0,Archivo de audio MPEG,223843.0,2025.0,256.0,44100.0,100.0,100.0,11587.0,5.0,1.0,2.0,3835539135.0,2025-07-17 00:32:15,,,,16,2.0
TK from 凛として時雨,Microwaver,TK from 凛として時雨,Whose Blue,TK from 凛として時雨,J-Rock,2025-04-16,233.93,75,c3c192,43.65354;64.31102;28.062992;21.826773;27.283466;22.6063;26.503939;30.011812;33.90945;29.622047;42.874016;53.397636;84.578735;99.0;58.464565;72.885826;58.464565;55.73622;46.771652;58.854332;64.31102;63.14173;29.232285;0.0;,da364d,ac9e83,24842.0,Archivo de audio MPEG,233952.0,2025.0,256.0,44100.0,100.0,100.0,13613.0,5.0,1.0,4.0,3837794403.0,2025-08-12 03:00:03,,,,13,-4.0
TK from 凛として時雨,Restricted Archive,Tokyo Ska Paradise Orchestra feat. TK from 凛として時雨,Restricted Archive VS. TK (Ling tosite sigure) - Single,Tokyo Ska Paradise Orchestra feat. TK from 凛として時雨,Ska,2025-06-30,230.24,116,0a97b9,49.5;77.56299;68.208664;38.97638;44.822834;47.16142;38.19685;43.26378;33.12992;57.68504;54.177166;99.0;89.255905;86.137794;51.83858;67.42913;61.972443;68.59843;65.87008;80.6811;69.37795;69.37795;37.417324;0.0;,d32b51,8b675e,27014.0,Archivo de audio MPEG,230269.0,2025.0,256.0,44100.0,100.0,100.0,16376.0,5.0,1.0,11.0,3835797014.0,2025-07-20 00:10:14,,,,16,3.0
Twice: Ready To Be - CDMX 2024,Talk that Talk,TWICE,BETWEEN 1&2,TWICE,K-Pop,2021-11-15,177.55,120,b5708a,89.64567;96.27165;64.31102;62.75197;47.55118;39.366142;58.074802;68.98819;44.04331;55.34646;45.2126;49.5;72.885826;58.464565;35.85827;42.484253;54.177166;59.244095;60.413383;54.177166;72.885826;99.0;70.15748;0.0;,fd7c96,635e50,10148.0,Archivo de audio MPEG,177580.0,2021.0,256.0,44100.0,,,13010.0,5.0,1.0,,,,"Woo Min Lee “collapsedone”, MRCH & danke (lalala studio)",,,33,-1.0
Twice: Ready To Be - CDMX 2024,Queen of Hearts,TWICE,BETWEEN 1&2,TWICE,K-Pop,2021-11-15,187.06,150,746170,60.413383;68.59843;44.822834;32.740158;48.720474;45.992126;57.295277;47.940945;59.633858;48.720474;60.80315;78.732285;65.09055;60.80315;38.586617;43.65354;60.02362;57.295277;56.90551;54.177166;65.480316;99.0;59.244095;0.0;,e23296,68584d,10150.0,Archivo de audio MPEG,187088.0,2021.0,256.0,44100.0,,,10436.0,5.0,1.0,,,,"Greg Bonnick, Hayden Chapman, Paulina Cerrilla & Kyler Niko",,,26,2.0
Twice: Ready To Be - CDMX 2024,Brave,TWICE,BETWEEN 1&2,TWICE,K-Pop,2021-11-15,189.31,132,775a66,54.95669;99.0;44.43307;39.366142;49.889763;40.925198;31.570868;49.5;45.992126;39.366142;31.181103;31.181103;40.925198;44.04331;30.79134;39.755905;56.125984;59.244095;65.480316;60.80315;68.208664;73.66535;51.059055;0.0;,fd886b,3c413f,10156.0,Archivo de audio MPEG,189335.0,2021.0,256.0,44100.0,,,10960.0,5.0,1.0,,,,"Slow Rabbit, Melanie Fontana, Lindgren, Louise Frick Sveen, Maria Marcus, Ollipop, Jonna Hall, Sophia Pae, Kyler Niko, Paulina Cerrilla, Seuran Lee, YoonKyung Cho & Juhwan Noh",,,19,-1.0
Twice: Ready To Be - CDMX 2024,When We Were Kids,TWICE,BETWEEN 1&2,TWICE,K-Pop,2021-11-15,189.44,137,7b6373,83.019684;59.633858;81.07086;93.543304;60.413383;31.570868;76.00394;60.80315;42.484253;49.5;58.074802;57.295277;56.125984;59.633858;34.688976;45.992126;66.25984;65.09055;74.055115;69.767715;78.732285;99.0;70.93701;0.0;,dd48c2,7d6158,10160.0,Archivo de audio MPEG,189466.0,2021.0,256.0,44100.0,,,7855.0,5.0,1.0,,,,"Christian Fast, Johannes Willinder, Malin Johansson & da hyun",,,24,
Twice: Ready To Be - CDMX 2024,I CAN'T STOP ME,TWICE,Eyes wide open,TWICE,K-Pop,2020-10-26,205.58,150,6d4c55,98.220474;81.85039;53.397636;41.704723;56.125984;36.637794;50.279526;67.42913;47.55118;45.2126;54.56693;52.228348;64.31102;65.09055;38.586617;47.940945;71.32677;64.70079;76.3937;72.49606;85.74803;99.0;54.177166;0.0;,fa608d,585a4d,10180.0,Archivo de audio MPEG,205609.0,2020.0,256.0,44100.0,100.0,100.0,7953.0,5.0,1.0,3.0,3837425720.0,2025-08-07 20:35:20,"Melanie Joy Fontana, Michel ""Lindgren"" Schulz, A. Wright, J.Y. Park “The Asiansoul” & Sim Eun Jee",,,70,4.0
Twice: Ready To Be - CDMX 2024,GO HARD,TWICE,Eyes wide open,TWICE,K-Pop,2020-10-26,181.63,100,d465b9,88.08661;99.0;94.32283;41.704723;61.972443;68.98819;42.874016;36.637794;45.2126;42.874016;28.062992;30.011812;40.145668;47.16142;38.586617;49.889763;47.16142;44.04331;54.177166;48.330708;51.059055;51.059055;30.79134;0.0;,b9d939,0c1009,10194.0,Archivo de audio MPEG,181655.0,2020.0,256.0,44100.0,,100.0,7102.0,5.0,1.0,,,,"Grace Tither, Carl Ryden, Ki Fitzgerald, Paul Harris & F R I D A Y . (GALACTIKA *)",,,37,-23.0
Twice: Ready To Be - CDMX 2024,Feel Special,TWICE,Feel Special,TWICE,K-Pop,2019-09-23,206.97,129,59545d,66.25984;56.90551;38.19685;38.97638;43.26378;37.027557;41.31496;54.95669;47.16142;34.299213;45.2126;50.669292;69.37795;62.75197;45.992126;48.720474;63.921257;67.81889;83.79921;68.98819;72.885826;99.0;61.972443;0.0;,ef438e,94947f,10206.0,Archivo de audio MPEG,206994.0,2019.0,256.0,44100.0,100.0,100.0,13243.0,5.0,1.0,3.0,3837179829.0,2025-08-05 00:17:09,"Haylet Aitken, Ollipop, Min Lee collapsedone & J.Y. Park",,,80,
Twice: Ready To Be - CDMX 2024,SCIENTIST,TWICE,Formula of Love- O+T= 3,TWICE,K-Pop,2021-11-12,194.69,113,26dfe0,83.79921;89.64567;56.125984;41.31496;48.330708;34.688976;46.38189;39.366142;44.04331;36.637794;43.65354;44.822834;50.279526;53.7874;37.027557;46.38189;61.972443;64.31102;58.464565;65.87008;80.291336;99.0;68.59843;0.0;,ff8088,b3c1a3,10220.0,Archivo de audio MPEG,194716.0,2021.0,256.0,44100.0,,100.0,5872.0,5.0,1.0,,,,"Anne Marie, Melanie Fontana, Michel ""Lindgren"" Schulz, Tommy Brown, Steven Franks, 72 & 심은지",,,70,3.0
Twice: Ready To Be - CDMX 2024,HELLO,TWICE,Formula of Love- O+T= 3,TWICE,K-Pop,2021-11-12,183.3,85,020503,88.866135;67.42913;49.5;54.177166;26.114174;41.31496;62.362206;52.61811;52.228348;47.16142;34.299213;42.09449;40.535435;32.740158;25.724411;29.232285;43.26378;50.279526;83.019684;67.42913;90.42519;99.0;65.87008;0.0;,f081bc,b1e2ab,10242.0,Archivo de audio MPEG,183327.0,2021.0,256.0,44100.0,,100.0,4717.0,5.0,1.0,1.0,3820589225.0,2025-01-25 00:47:05,"Jed, DaviDior & Luke",,,32,1.0
Twice: Ready To Be - CDMX 2024,I GOT YOU (Original),TWICE,I GOT YOU (Voyage ver.),TWICE,K-Pop,2024-02-02,173.32,88,0d0812,68.59843;99.0;61.192913;35.468506;49.110237;36.637794;43.26378;53.007874;37.807087;30.011812;42.484253;33.12992;42.484253;36.637794;26.893702;31.181103;42.484253;44.04331;50.669292;54.56693;63.921257;65.87008;58.464565;0.0;,f0bb72,2b2e31,10254.0,Archivo de audio MPEG,173348.0,2024.0,256.0,44100.0,100.0,100.0,8706.0,5.0,1.0,3.0,3830157921.0,2025-05-15 17:45:21,"Jonah Marais, Daniel Seavey, David Wilson, Jake Torrey & Lexxi Saal",,,25,-1.0
Twice: Ready To Be - CDMX 2024,Heart Shaker,TWICE,Merry & Happy,TWICE,K-Pop,2017-12-11,186.98,82,100916,55.73622;68.98819;36.24803;34.299213;36.24803;29.232285;39.366142;51.44882;48.330708;46.771652;37.807087;64.70079;58.464565;83.019684;58.464565;52.61811;66.25984;65.87008;73.66535;68.59843;77.95276;99.0;67.03937;0.0;,ef4279,7f8071,10276.0,Archivo de audio MPEG,187010.0,2017.0,256.0,44100.0,,,19245.0,5.0,1.0,,,,David Amber & Galactika,,,30,
Twice: Ready To Be - CDMX 2024,MOONLIGHT SUNRISE,TWICE,READY TO BE,TWICE,K-Pop,2023-01-13,180.4,125,afb6ba,61.582676;99.0;63.531494;61.582676;71.71654;44.43307;59.244095;96.661415;70.54724;53.397636;63.921257;54.56693;63.14173;56.515747;33.90945;45.992126;51.83858;40.535435;38.19685;37.417324;50.279526;77.56299;55.73622;0.0;,670492,6a3127,10354.0,Archivo de audio MPEG,180427.0,2023.0,256.0,44100.0,,100.0,7586.0,5.0,1.0,,,,"earattack, Lee Woo Hyun, Nina Ann Nelson & Kaedi Dalley",,,29,
Twice: Ready To Be - CDMX 2024,CRAZY STUPID LOVE,TWICE,READY TO BE,TWICE,K-Pop,2023-03-10,169.72,140,7f6574,64.70079;87.69685;61.582676;63.921257;63.531494;74.83464;74.055115;98.61023;95.88189;73.66535;65.87008;70.93701;64.70079;77.173225;43.65354;58.074802;88.08661;85.74803;70.54724;67.42913;90.42519;99.0;63.921257;0.0;,ca1a94,6c4943,10362.0,Archivo de audio MPEG,169743.0,2023.0,256.0,44100.0,100.0,100.0,13578.0,5.0,1.0,2.0,3837788297.0,2025-08-12 01:18:17,"Young Chance, Shorelle, Greg Bonnick, Hayden Chapman, Lenno Linjama, SLA & da hyun",,,23,1.0
Twice: Ready To Be - CDMX 2024,SET ME FREE (ENG),TWICE,READY TO BE,TWICE,K-Pop,2021-11-15,181.79,113,bc28bb,76.3937;85.74803;42.874016;50.279526;38.97638;32.350395;43.65354;35.468506;49.110237;32.740158;42.09449;55.34646;53.397636;60.413383;39.366142;43.65354;55.73622;59.633858;58.854332;67.03937;75.614174;99.0;71.71654;0.0;,fe7287,979e93,10364.0,Archivo de audio MPEG,181812.0,2021.0,256.0,44100.0,,100.0,9615.0,5.0,1.0,1.0,3820011030.0,2025-01-18 08:10:30,"Melanie Fontana, Lindgren, Marty Maro, 별들의전쟁 * (GALACTIKA *) & Jvde (GALACTIKA *)",,,70,-1.0
Twice: Ready To Be - CDMX 2024,The Feels,TWICE,The Feels,TWICE,K-Pop,2021-10-01,198.14,120,bc6d8d,64.31102;91.98425;40.145668;46.771652;37.807087;29.622047;55.34646;47.16142;58.074802;45.602364;37.027557;41.31496;50.279526;63.531494;40.535435;48.330708;73.66535;61.192913;68.208664;59.633858;74.83464;99.0;87.30708;0.0;,fc647c,83877d,10386.0,Archivo de audio MPEG,198164.0,2021.0,256.0,44100.0,,,10602.0,5.0,1.0,,,,"Woo Min Lee “collapsedone”, Justin Reinstein, Anna Timgren & Boy Matthews",,,45,1.0
Twice: Ready To Be - CDMX 2024,KNOCK KNOCK,TWICE,Twicecoaster- Lane 2,TWICE,K-Pop,2017-02-20,195.84,130,705866,84.968506;84.968506;46.771652;43.26378;32.350395;21.43701;29.622047;57.295277;35.078743;25.334646;24.165356;44.822834;44.822834;82.62992;65.87008;63.531494;83.019684;71.32677;86.137794;74.444885;79.90157;99.0;68.98819;0.0;,fa6569,6e726d,10420.0,Archivo de audio MPEG,195866.0,2017.0,256.0,44100.0,,,15692.0,5.0,1.0,,,,TWICE,,,70,2.0
Twice: Ready To Be - CDMX 2024,LIKEY,TWICE,Twicetagram,TWICE,K-Pop,2017-10-30,207.91,132,5d4e5c,65.87008;46.771652;40.925198;30.011812;53.007874;29.232285;30.401575;64.31102;69.767715;46.771652;42.09449;49.5;57.68504;64.70079;39.755905;52.228348;94.7126;92.374016;99.0;72.885826;72.885826;89.64567;59.244095;0.0;,e73580,8f8b78,10438.0,Archivo de audio MPEG,207934.0,2017.0,256.0,44100.0,,,13008.0,5.0,1.0,,,,Black Eyed Pilseung & Jeon Gun,,,85,1.0
Twice: Ready To Be - CDMX 2024,YES or YES,TWICE,YES or YES,TWICE,K-Pop,2018-11-05,237.79,138,735b69,82.24016;71.71654;48.720474;56.125984;31.570868;31.570868;44.04331;35.078743;32.350395;44.822834;38.19685;39.366142;55.34646;58.074802;39.755905;53.007874;63.531494;76.00394;73.27559;78.732285;94.7126;99.0;66.25984;0.0;,fc698c,8b918a,10464.0,Archivo de audio MPEG,237818.0,2018.0,256.0,44100.0,,,10449.0,5.0,1.0,,,,"Andy Love, David Amber & Eun-Ji Shim",,,70,
Twice: Ready To Be - CDMX 2024,CRY FOR ME,TWICE,CRY FOR ME - Single,TWICE,K-pop,2020-12-18,204.24,73,72606f,99.0;82.24016;65.09055;40.535435;41.704723;37.807087;49.110237;46.771652;32.350395;37.027557;36.24803;33.519684;39.755905;41.31496;28.84252;35.468506;42.874016;45.602364;59.244095;59.244095;77.56299;90.03543;51.059055;0.0;,f4a7a2,7d7e7e,12490.0,Archivo de audio AAC,204219.0,2020.0,333.0,48000.0,100.0,100.0,4211.0,5.0,1.0,4.0,3833752622.0,2025-06-26 08:17:02,"Ryan Tedder, Melanie Joy Fontana, Michel ""Lindgren"" Schulz, A. Wright, HEIZE & J.Y. Park “The Asiansoul”",,,24,-1.0
Twice: Ready To Be - CDMX 2024,FANCY,TWICE,FANCY YOU - EP,TWICE,K-pop,2019-04-22,213.97,132,7a5862,86.52756;80.6811;34.299213;41.704723;38.586617;26.893702;45.992126;56.125984;45.2126;53.007874;40.145668;54.95669;74.83464;65.87008;45.602364;51.059055;61.582676;76.00394;88.866135;62.75197;83.019684;99.0;56.90551;0.0;,f9587e,5b5f56,12492.0,Archivo de audio AAC,213948.0,2019.0,328.0,48000.0,100.0,100.0,9497.0,5.0,1.0,1.0,3830085767.0,2025-05-14 21:42:47,Eyed Pilseung Black & Jeon Goon,,,85,1.0
Twice: Ready To Be - CDMX 2024,POP!,NAYEON,IM NAYEON,NAYEON,Dance,2022-06-24,168.02,97,010304,88.08661;66.649605;50.669292;60.413383;41.704723;45.602364;49.110237;55.34646;39.755905;49.889763;49.5;57.295277;42.874016;57.68504;39.755905;55.73622;59.633858;72.49606;77.95276;70.15748;76.3937;99.0;69.767715;0.0;,f55799,aca387,14700.0,Archivo de audio AAC,168000.0,2022.0,329.0,48000.0,,,9369.0,5.0,1.0,,,,Kenzie,,,35,-4.0
Twice: Ready To Be - CDMX 2024,Closer,JIHYO,ZONE,JIHYO,K-pop,2023-08-18,155.02,110,ae20a8,90.42519;94.32283;72.1063;78.732285;59.244095;54.56693;47.16142;51.059055;44.04331;36.24803;43.65354;36.24803;38.586617;40.925198;23.385828;29.622047;49.889763;52.61811;49.5;60.02362;77.173225;99.0;58.464565;0.0;,dabec0,6a6e65,14706.0,Archivo de audio AAC,155000.0,2023.0,326.0,48000.0,,,6734.0,5.0,1.0,,,,"Rykeyz (Ryan Williamson), Jae Stephens, Dewain Whitmore, Jr., Marty Rod & JIHYO",,,32,1.0
Twice: Ready To Be - CDMX 2024,What is Love ,TWICE,What is Love  - EP,TWICE,K-pop,2018-04-09,208.3,85,0b0711,47.16142;52.61811;21.43701;26.114174;46.38189;31.96063;23.385828;46.771652;54.56693;29.232285;37.417324;51.059055;58.464565;52.61811;36.24803;37.417324;47.940945;59.633858;74.83464;61.972443;68.208664;99.0;55.73622;0.0;,f04999,8b908b,14726.0,Archivo de audio AAC,208283.0,2018.0,330.0,48000.0,,,12371.0,5.0,1.0,,,,J.y. Park,,,100,-1.0
Twice: Ready To Be - CDMX 2024,Cheer Up,TWICE,Page Two - EP,TWICE,K-Pop,2016-04-25,208.93,87,08060d,72.49606;68.59843;26.893702;36.24803;64.31102;26.503939;48.720474;95.88189;57.295277;42.874016;49.5;60.80315;81.46063;86.52756;49.110237;57.68504;81.46063;77.173225;95.88189;71.71654;75.22441;99.0;67.81889;0.0;,e4327e,837465,14736.0,Archivo de audio AAC,208910.0,2016.0,328.0,48000.0,,,11348.0,5.0,1.0,,,,Verbal Jint/Assbrass,,,70,1.0
Twice: Ready To Be - CDMX 2024,Alcohol-Free,TWICE,Taste of Love - EP,TWICE,K-Pop,2021-06-09,210.65,97,4d570c,99.0;68.98819;55.73622;47.55118;61.972443;30.011812;30.79134;65.480316;42.09449;29.622047;47.940945;54.95669;70.15748;68.98819;43.65354;48.330708;69.37795;66.25984;53.7874;62.75197;83.79921;95.49213;61.582676;0.0;,f95a8c,c6b888,14748.0,Archivo de audio AAC,210628.0,2021.0,330.0,48000.0,,,9467.0,5.0,1.0,1.0,3834069865.0,2025-06-30 00:24:25,J.Y. Park,,,70,1.0
Twice: Ready To Be - CDMX 2024,TT,TWICE,Twicecoaster- Lane 1,TWICE,K-pop,2016-10-24,213.06,130,2c2d32,99.0;65.480316;27.283466;34.299213;55.73622;28.062992;23.385828;86.91732;58.854332;81.07086;58.464565;72.885826;62.75197;78.732285;37.807087;42.874016;60.80315;76.3937;83.79921;64.70079;68.59843;78.732285;50.669292;0.0;,e7357b,82685d,14750.0,Archivo de audio AAC,213043.0,2016.0,332.0,48000.0,,,6932.0,5.0,1.0,,,,TWICE,,,70,-1.0
Voilá,Caught It,"VOILÀ, Chrissy Costanza & Against The Current",Caught It - Single,"VOILÀ, Chrissy Costanza & Against The Current",Rock,2024-05-31,177.08,140,66584c,69.37795;99.0;64.31102;49.110237;41.704723;40.925198;35.468506;28.062992;25.724411;35.078743;38.97638;42.09449;44.43307;49.889763;39.755905;52.61811;57.295277;65.87008;66.649605;84.18898;93.93307;93.93307;54.95669;0.0;,fe8d7c,a8edae,10576.0,Archivo de audio MPEG,177110.0,2024.0,256.0,44100.0,100.0,100.0,9798.0,5.0,1.0,3.0,3831218974.0,2025-05-28 00:29:34,"Chrissy Costanza, Gus Ross & Luke Eisner",,,16,-1.0
Voilá,Figure You Out,VOILÀ,Long Story Short,VOILÀ,Pop,2020-04-10T12:00:00Z,163.49,95,8c4030,85.35826;71.32677;41.31496;74.444885;45.2126;55.34646;64.70079;51.059055;64.70079;99.0;67.42913;67.81889;57.68504;53.007874;43.26378;43.26378;37.807087;36.637794;37.807087;37.417324;42.09449;45.602364;24.944883;0.0;,580678,834e1e,11000.0,Archivo de audio AAC comprado,163436.0,2020.0,256.0,44100.0,100.0,100.0,5490.0,5.0,1.0,1.0,3823765334.0,2025-03-02 19:02:14,"Gus Ross, Luke Eisner, Lisa Hickox & Jackson Wise",,,19,2.0
Voilá,7 Minutes in Hell,Chrissy Costanza & VOILÀ,VII,Chrissy Costanza,Rock,2024-07-19,186.08,82,010202,91.98425;99.0;61.192913;51.44882;51.059055;44.822834;43.26378;37.807087;52.61811;40.925198;45.2126;54.95669;65.87008;92.374016;57.68504;58.464565;69.767715;67.81889;75.614174;81.85039;86.91732;97.8307;52.61811;0.0;,fb676b,9d8a76,15356.0,Archivo de audio AAC,186061.0,2024.0,320.0,48000.0,100.0,100.0,7194.0,5.0,1.0,2.0,3837514122.0,2025-08-08 21:08:42,"Chrissy Costanza, Luke Eisner, Gus Ross & Hosu",,,13,-1.0
Voilá,after(h)ours,VOILÀ & Chri$tian Gate$,after(h)ours - Single,VOILÀ & Chri$tian Gate$,Pop,2025-02-21,169.02,165,070610,51.83858;99.0;73.66535;50.669292;63.14173;51.44882;54.56693;58.854332;40.925198;37.807087;44.43307;46.771652;54.56693;71.71654;51.44882;75.614174;69.767715;65.87008;60.413383;76.00394;84.18898;90.81496;57.68504;0.0;,f65768,8b7265,18536.0,Archivo de audio AAC,169000.0,2025.0,329.0,48000.0,100.0,100.0,6096.0,5.0,1.0,10.0,3837408360.0,2025-08-07 15:46:00,,,,20,-1.0
Voilá,Better Off,VOILÀ,Better Off - Single,VOILÀ,Pop,2025-01-31,144.02,81,030408,98.220474;99.0;52.228348;50.669292;43.26378;38.97638;33.519684;25.724411;33.90945;44.43307;56.515747;46.771652;48.720474;46.771652;39.755905;49.110237;51.44882;54.95669;51.83858;74.444885;73.27559;62.362206;32.350395;0.0;,f8955c,696c61,18538.0,Archivo de audio AAC,144000.0,2025.0,333.0,48000.0,100.0,100.0,2640.0,5.0,1.0,2.0,3837345224.0,2025-08-06 22:13:44,,,,33,1.0
Voilá,imposter,angelbaby & VOILÀ,imposter - Single,angelbaby & VOILÀ,Alternativa,2025-03-07,148.33,85,4c2e24,81.07086;99.0;67.42913;54.177166;74.83464;64.70079;53.7874;47.940945;45.2126;46.38189;47.940945;47.55118;44.822834;52.228348;38.97638;55.34646;53.007874;50.669292;62.362206;63.14173;51.059055;78.342514;40.145668;0.0;,fe8d72,c3a838,23764.0,Archivo de audio AAC,148306.0,2025.0,328.0,48000.0,100.0,100.0,4294.0,5.0,1.0,3.0,3837438971.0,2025-08-08 00:16:11,,,,26,
Voilá,I Hope That It’s Fatal,VOILÀ,I Hope That It’s Fatal - Single,VOILÀ,Rock,2025-03-14,212.58,130,70413f,85.35826;99.0;74.83464;72.885826;48.720474;50.279526;49.889763;37.027557;37.807087;47.940945;47.940945;49.889763;56.515747;51.059055;44.04331;47.16142;46.771652;47.940945;48.720474;61.582676;68.208664;68.208664;33.519684;0.0;,f5a962,c5ad38,23770.0,Archivo de audio AAC,212555.0,2025.0,322.0,48000.0,100.0,100.0,7384.0,5.0,1.0,4.0,3834340259.0,2025-07-03 03:30:59,,,,19,-2.0
Voilá,Take a Number,VOILÀ,Déjà Vu - EP,VOILÀ,Pop,2019-08-16,181.67,94,0e0818,77.95276;99.0;59.244095;37.417324;58.074802;45.2126;50.669292;42.09449;34.688976;40.925198;47.16142;37.417324;32.350395;35.85827;28.062992;33.12992;35.468506;34.299213;37.027557;43.26378;49.110237;48.720474;26.503939;0.0;,b8e952,020305,24062.0,Archivo de audio AAC,181650.0,2019.0,328.0,48000.0,100.0,100.0,3169.0,5.0,1.0,1.0,3832010716.0,2025-06-06 04:25:16,,,,23,1.0
Voilá,Déjà Vu,VOILÀ,Déjà Vu - EP,VOILÀ,Pop,2019-10-25,177.86,135,515353,82.24016;83.79921;51.44882;74.055115;45.2126;41.31496;62.75197;40.535435;35.85827;36.637794;41.704723;38.97638;43.26378;52.228348;34.299213;53.397636;48.720474;51.83858;54.56693;65.87008;98.220474;99.0;51.059055;0.0;,f788ac,bfbf95,24064.0,Archivo de audio AAC,177841.0,2019.0,330.0,48000.0,100.0,100.0,3699.0,5.0,1.0,1.0,3833312682.0,2025-06-21 06:04:42,,,,18,3.0
Voilá,Bad For Me,VOILÀ,Déjà Vu - EP,VOILÀ,Pop,2019-10-25,187.1,94,9d552f,99.0;80.291336;80.6811;38.97638;49.110237;44.822834;45.2126;45.992126;39.755905;47.55118;58.074802;49.110237;47.16142;56.125984;51.83858;63.531494;62.362206;47.940945;59.244095;72.885826;85.74803;87.30708;45.2126;0.0;,fe7482,dedc75,24066.0,Archivo de audio AAC,187083.0,2019.0,330.0,48000.0,100.0,100.0,4392.0,5.0,1.0,1.0,3832708591.0,2025-06-14 06:16:31,,,,24,-1.0
Voilá,Remember,VOILÀ,Long Story Short,VOILÀ,Pop,2020-03-20,203.94,67,95998a,3.5078773;67.42913;51.83858;67.42913;55.73622;37.027557;39.755905;28.84252;25.334646;22.6063;26.893702;30.79134;34.299213;40.535435;42.09449;50.279526;47.16142;49.889763;52.228348;68.98819;99.0;77.173225;33.90945;0.0;,f65ea1,89f2ff,24086.0,Archivo de audio AAC,203917.0,2020.0,329.0,48000.0,100.0,100.0,3511.0,5.0,1.0,1.0,3833093884.0,2025-06-18 17:18:04,,,,27,
Voilá,Drinking with Cupid,VOILÀ,Drinking with Cupid - Single,VOILÀ,Rock,2021-03-19,173.01,75,b4bbcf,99.0;75.614174;45.992126;43.65354;43.65354;38.19685;57.68504;38.19685;35.85827;49.5;60.413383;52.61811;47.16142;49.889763;36.637794;48.720474;47.940945;52.228348;51.44882;60.80315;57.295277;49.110237;27.67323;0.0;,f45d5a,594239,24116.0,Archivo de audio AAC,172988.0,2021.0,326.0,48000.0,100.0,100.0,5078.0,5.0,1.0,1.0,3833048788.0,2025-06-18 04:46:28,Gus Ross & Luke Eisner,,,16,1.0
Voilá,Mamacita,VOILÀ feat. Lexy Panterra,Mamacita - Single,VOILÀ feat. Lexy Panterra,Dance,2019-09-06,187.27,96,57311c,98.61023;99.0;46.771652;33.519684;39.366142;41.31496;42.874016;71.32677;37.417324;38.586617;38.97638;49.110237;38.97638;46.771652;41.704723;53.7874;50.279526;54.177166;53.7874;56.90551;66.25984;61.972443;32.350395;0.0;,f88d59,d8de5d,24118.0,Archivo de audio AAC,187246.0,2019.0,329.0,48000.0,100.0,100.0,4619.0,5.0,1.0,2.0,3833799489.0,2025-06-26 21:18:09,,,,19,-2.0
Voilá,Inhale,VOILÀ,Happy Never After,VOILÀ,Contemporáneo para adultos,2022-10-07,200.8,130,725460,74.83464;99.0;50.669292;30.011812;35.468506;29.622047;33.12992;35.85827;29.232285;30.011812;44.822834;58.854332;51.83858;58.074802;45.992126;51.83858;52.61811;57.295277;65.87008;76.3937;79.51181;84.18898;50.669292;0.0;,fc7f66,585b59,24144.0,Archivo de audio AAC,200783.0,2022.0,323.0,48000.0,100.0,100.0,5987.0,5.0,1.0,2.0,3837344464.0,2025-08-06 22:01:04,,,,16,
Voilá,No Lullaby,VOILÀ,Happy Never After,VOILÀ,Contemporáneo para adultos,2022-10-07,184.97,164,030408,91.59448;99.0;52.228348;42.09449;40.535435;57.68504;56.515747;56.125984;52.228348;55.73622;63.531494;70.15748;74.444885;66.25984;56.515747;67.03937;66.649605;74.444885;74.055115;83.40945;87.69685;80.6811;41.31496;0.0;,f35064,7c6459,24150.0,Archivo de audio AAC,184947.0,2022.0,316.0,48000.0,100.0,100.0,7926.0,5.0,1.0,2.0,3833633584.0,2025-06-24 23:13:04,,,,18,-1.0
Voilá,Beautiful (Remix),Emilia Ali & VOILÀ,Beautiful (Remix) - Single,Emilia Ali & VOILÀ,Pop,2020-01-03,222.93,75,986059,31.570868;40.535435;62.362206;58.854332;78.732285;54.56693;31.570868;51.059055;63.531494;38.19685;33.519684;74.83464;83.019684;56.515747;51.83858;67.81889;92.374016;76.3937;84.968506;65.87008;79.90157;99.0;91.59448;0.0;,cd1c91,caa975,24170.0,Archivo de audio AAC,222911.0,2020.0,325.0,48000.0,100.0,100.0,2838.0,5.0,1.0,1.0,3832967918.0,2025-06-17 06:18:38,,,,16,
Voilá,Therapy,VOILÀ,Therapy - Single,VOILÀ,Pop,2021-04-30,201.48,102,c18552,99.0;79.12205;48.330708;34.688976;30.401575;30.401575;26.893702;29.232285;25.724411;27.283466;38.19685;40.145668;42.09449;51.44882;42.874016;41.31496;40.145668;42.484253;45.2126;56.515747;79.51181;81.85039;48.720474;0.0;,fd9882,95bafa,24174.0,Archivo de audio AAC,201456.0,2021.0,324.0,48000.0,100.0,100.0,3224.0,5.0,1.0,3.0,3837586077.0,2025-08-09 17:07:57,"Gus Ross, Luke Eisner, Nicolas DiPietrantonio & Kunfetti",,,31,1.0
Voilá,Better than Me,VOILÀ,The Cure for Breathing,VOILÀ,Rock,2023-09-15,173.47,90,000000,79.90157;99.0;67.42913;50.669292;38.19685;67.81889;40.145668;39.755905;24.944883;40.535435;34.299213;40.925198;37.027557;44.43307;28.062992;35.85827;33.90945;42.09449;54.95669;72.49606;82.62992;87.30708;44.04331;0.0;,edba9d,b7e6e1,24196.0,Archivo de audio AAC,173453.0,2023.0,325.0,48000.0,100.0,100.0,4920.0,5.0,1.0,2.0,3829944847.0,2025-05-13 06:34:07,,,,25,-1.0
Voilá,Blind Spot,VOILÀ & Cassadee Pope,Glass Half Empty (Part I),VOILÀ,Rock,2024-07-12,171.27,160,04040a,60.02362;55.73622;50.669292;32.740158;33.12992;36.637794;31.96063;25.334646;23.77559;30.79134;33.12992;37.807087;44.43307;45.992126;35.468506;45.992126;56.125984;55.34646;67.03937;69.37795;83.019684;99.0;52.61811;0.0;,fb6b99,b0b9bb,24200.0,Archivo de audio AAC,171247.0,2024.0,328.0,48000.0,100.0,100.0,10523.0,5.0,1.0,1.0,3830025696.0,2025-05-14 05:01:36,,,,17,
Voilá,Off the Edge,VOILÀ & LUNA AURA,The Cure for Breathing,VOILÀ,Rock,2023-08-25,164.56,180,04040a,95.88189;87.30708;60.80315;51.83858;34.688976;46.38189;53.397636;42.484253;40.145668;60.02362;42.874016;53.007874;45.602364;54.177166;31.181103;47.55118;46.38189;61.582676;78.342514;79.90157;94.7126;99.0;47.16142;0.0;,fc839a,919280,24202.0,Archivo de audio AAC,164536.0,2023.0,324.0,48000.0,100.0,100.0,5155.0,5.0,1.0,2.0,3833720803.0,2025-06-25 23:26:43,,,,18,
Voilá,The Cure for Breathing,VOILÀ,The Cure for Breathing,VOILÀ,Rock,2023-08-25,224.07,78,040804,58.464565;99.0;76.3937;61.582676;46.38189;53.397636;45.602364;38.586617;37.807087;52.228348;56.515747;58.464565;52.61811;55.34646;40.535435;51.83858;45.992126;58.074802;77.56299;85.35826;94.32283;89.64567;47.16142;0.0;,ff7a86,b49176,24210.0,Archivo de audio AAC,224049.0,2023.0,320.0,48000.0,100.0,100.0,6004.0,5.0,1.0,2.0,3833477351.0,2025-06-23 03:49:11,,,,16,1.0
Voilá,SEX & the CITY,PLVTINUM & VOILÀ,SEX & the CITY - Single,PLVTINUM & VOILÀ,Pop,2024-07-12,152.37,73,917a6b,56.515747;76.00394;55.34646;53.7874;41.704723;58.074802;40.535435;31.570868;35.85827;41.704723;42.09449;44.43307;55.73622;65.87008;45.992126;66.25984;58.074802;68.208664;70.93701;92.76378;99.0;85.74803;37.807087;0.0;,f95882,d5d38b,24290.0,Archivo de audio AAC,152346.0,2024.0,325.0,48000.0,100.0,100.0,6762.0,5.0,1.0,1.0,3832709166.0,2025-06-14 06:26:06,,,,18,
Voilá,Don’t Say I Didn’t Warn You,VOILÀ & Craig Owens,Table for One - Don’t Say I Didn’t Warn You - Single,VOILÀ,Rock,2023-05-05,171.34,75,816574,71.71654;99.0;59.633858;51.44882;37.027557;24.165356;40.925198;25.334646;22.996063;31.181103;44.43307;45.2126;58.464565;60.02362;42.874016;53.397636;47.55118;66.25984;68.208664;83.40945;84.968506;83.019684;42.484253;0.0;,fd8469,717572,24350.0,Archivo de audio AAC,171317.0,2023.0,326.0,48000.0,100.0,100.0,6094.0,5.0,1.0,2.0,3837354069.0,2025-08-07 00:41:09,,,,17,
Voilá,Get A Room,VOILÀ & Megan Cromwell,School Night + Get A Room - Single,VOILÀ,Rock,2024-07-12,253.47,81,763b3b,5.4566956;90.03543;95.102356;99.0;52.228348;42.09449;37.807087;19.098427;18.708662;29.622047;38.19685;31.570868;30.401575;48.720474;37.417324;28.84252;39.366142;39.755905;52.228348;68.59843;86.52756;85.74803;41.31496;0.0;,dfc1b5,37ecdf,24358.0,Archivo de audio AAC,253446.0,2024.0,323.0,48000.0,100.0,100.0,6675.0,5.0,1.0,2.0,3837353641.0,2025-08-07 00:34:01,,,,15,
Voilá,Good Grief,VOILÀ,The Last Laugh (Part I),VOILÀ,Rock,2025-06-20,245.11,150,d5d88c,99.0;91.20473;62.75197;42.874016;53.7874;43.26378;42.484253;30.011812;29.232285;38.586617;51.059055;48.330708;50.669292;59.244095;47.16142;47.55118;57.295277;53.7874;58.074802;60.02362;67.81889;67.42913;33.90945;0.0;,f98759,b1957a,26100.0,Archivo de audio MPEG,245133.0,2025.0,256.0,44100.0,100.0,100.0,10148.0,5.0,1.0,3.0,3834350054.0,2025-07-03 06:14:14,,,,23,-1.0
Voilá,Digital Zombies,VOILÀ,The Last Laugh (Part I),VOILÀ,Rock,2025-06-20,178.49,130,9b7065,45.2126;89.64567;71.32677;53.397636;52.61811;40.925198;44.822834;35.85827;31.570868;44.04331;58.464565;56.515747;60.413383;61.972443;52.228348;56.515747;55.34646;67.03937;71.32677;90.42519;95.102356;99.0;55.34646;0.0;,fb5f81,d4cc85,26104.0,Archivo de audio MPEG,178520.0,2025.0,256.0,44100.0,100.0,100.0,13367.0,5.0,1.0,2.0,3833475935.0,2025-06-23 03:25:35,,,,20,0.0
Voilá,Out The Blue,VOILÀ & Marlhy,The Last Laugh (Part I),VOILÀ,Rock,2025-06-20,184.11,96,060e3f,70.15748;99.0;44.43307;37.807087;21.047245;22.6063;17.149609;15.20079;12.472443;16.759842;15.980316;19.098427;19.098427;24.165356;22.216536;24.944883;33.12992;29.622047;40.925198;35.85827;40.145668;40.925198;21.43701;0.0;,cbd94d,6d393b,26106.0,Archivo de audio MPEG,184137.0,2025.0,256.0,44100.0,100.0,100.0,3337.0,5.0,1.0,2.0,3833476119.0,2025-06-23 03:28:39,,,,30,-3.0
Voilá,Plead The Fifth,VOILÀ,The Last Laugh (Part I),VOILÀ,Rock,2025-06-20,220.08,85,030706,53.007874;96.661415;48.330708;67.03937;47.940945;82.24016;54.177166;43.65354;36.637794;58.464565;49.110237;54.95669;65.09055;67.81889;57.295277;60.02362;60.80315;68.59843;69.37795;77.95276;96.27165;99.0;55.73622;0.0;,f54f88,a47e6d,26112.0,Archivo de audio MPEG,220107.0,2025.0,256.0,44100.0,100.0,100.0,7525.0,5.0,1.0,2.0,3833475390.0,2025-06-23 03:16:30,,,,27,-2.0
Voilá,Kiss & Tell A Phone,VOILÀ,The Last Laugh (Part I),VOILÀ,Rock,2025-06-20,172.09,150,694f5b,58.854332;99.0;38.586617;40.145668;33.12992;20.267717;27.67323;22.216536;17.539371;20.657482;22.6063;25.334646;30.79134;31.570868;30.011812;34.688976;33.12992;37.027557;38.586617;45.2126;51.83858;57.295277;36.24803;0.0;,e4c458,4d343f,26114.0,Archivo de audio MPEG,172120.0,2025.0,256.0,44100.0,100.0,100.0,3942.0,5.0,1.0,3.0,3833549301.0,2025-06-23 23:48:21,,,,23,0.0
Yoasobi,UNDEAD,YOASOBI,UNDEAD - Single,YOASOBI,J-Pop,2024-07-01,182.8,144,7d5f6c,68.208664;80.291336;38.97638;37.807087;36.637794;31.570868;37.027557;48.330708;34.299213;51.44882;37.807087;42.09449;48.720474;61.192913;47.940945;55.34646;69.767715;74.83464;94.7126;86.137794;88.47638;99.0;60.413383;0.0;,fb607e,80857e,10680.0,Archivo de audio MPEG,182831.0,2024.0,256.0,44100.0,100.0,100.0,14097.0,5.0,1.0,3.0,3834307920.0,2025-07-02 18:32:00,Ayase,,,44,-1.0
Yoasobi,モノトーン,YOASOBI,モノトーン - Single,YOASOBI,J-Pop,2024-10-01,210.95,125,b199b8,72.885826;56.90551;52.228348;60.02362;39.366142;40.925198;50.279526;36.24803;56.515747;60.02362;35.078743;38.19685;60.02362;43.26378;42.874016;55.34646;91.98425;76.3937;99.0;56.515747;56.90551;89.64567;57.68504;0.0;,ec3d82,948b78,11814.0,Archivo de audio AAC,210930.0,2024.0,327.0,48000.0,100.0,100.0,9954.0,5.0,1.0,2.0,3835096855.0,2025-07-11 21:40:55,Ayase,,,33,2.0
Yoasobi,Biri-Biri,YOASOBI,Biri-Biri - Single,YOASOBI,J-Pop,2023-11-18,187.41,86,0c0810,99.0;59.244095;33.90945;30.401575;32.740158;21.826773;44.04331;37.027557;39.755905;33.12992;34.299213;28.452757;35.85827;36.24803;25.724411;44.43307;40.535435;44.04331;47.16142;51.44882;55.73622;54.95669;37.417324;0.0;,ff8082,483e4a,12736.0,Archivo de audio AAC,187385.0,2023.0,337.0,48000.0,100.0,100.0,4660.0,5.0,1.0,3.0,3827295115.0,2025-04-12 14:31:55,Ayase,,,44,3.0
Yoasobi,怪物,YOASOBI,怪物 - Single,YOASOBI,J-Pop,2021-01-06,206.08,170,030306,90.81496;87.69685;66.649605;49.5;49.110237;51.44882;42.484253;58.074802;64.31102;54.177166;34.688976;52.61811;65.87008;66.649605;64.31102;75.614174;93.15354;78.732285;99.0;62.362206;61.192913;72.49606;55.73622;0.0;,e5464c,745f55,14890.0,Archivo de audio AAC,206054.0,2021.0,326.0,48000.0,100.0,100.0,6758.0,5.0,1.0,2.0,3837251114.0,2025-08-05 20:05:14,Ayase,,,96,2.0
Yoasobi,Romance,YOASOBI,Romance - Single,YOASOBI,J-Pop,2021-09-15,168.02,130,847081,90.42519;60.02362;55.34646;47.16142;47.16142;38.586617;44.822834;88.866135;60.80315;50.669292;44.43307;54.95669;73.27559;72.1063;63.921257;73.27559;88.47638;82.24016;99.0;74.444885;65.480316;91.98425;59.244095;0.0;,e43275,75685b,14892.0,Archivo de audio AAC,168000.0,2021.0,330.0,48000.0,100.0,100.0,8252.0,5.0,1.0,3.0,3831472755.0,2025-05-30 22:59:15,Ayase,,,28,1.0
Yoasobi,アイドル,YOASOBI,アイドル - Single,YOASOBI,J-Pop,2023-04-12,213.32,166,050409,99.0;67.42913;63.921257;51.83858;52.228348;42.874016;39.755905;46.38189;51.83858;51.83858;42.09449;45.2126;56.125984;59.244095;49.110237;61.192913;69.37795;71.71654;84.578735;77.56299;79.90157;93.543304;65.480316;0.0;,f95a89,928d79,14894.0,Archivo de audio AAC,213298.0,2023.0,329.0,48000.0,100.0,100.0,8774.0,5.0,1.0,2.0,3837343572.0,2025-08-06 21:46:12,Ayase,,,70,2.0
Yoasobi,祝福,YOASOBI,祝福 - Single,YOASOBI,J-Pop,2022-10-01,196.32,170,040409,78.342514;99.0;60.80315;42.484253;37.807087;25.724411;31.96063;42.874016;43.65354;32.350395;32.740158;29.232285;35.85827;40.145668;31.181103;45.2126;55.73622;52.61811;60.02362;51.83858;49.110237;61.192913;37.807087;0.0;,eda64b,232528,14896.0,Archivo de audio AAC,196301.0,2022.0,328.0,48000.0,100.0,100.0,8392.0,5.0,1.0,1.0,3833047887.0,2025-06-18 04:31:27,Ayase,,,32,1.0
Yoasobi,ハルジオン,YOASOBI,ハルジオン - Single,YOASOBI,J-Pop,2020-05-11,198.11,130,726372,61.972443;99.0;51.059055;49.5;41.31496;30.79134;31.181103;27.67323;31.570868;42.484253;25.334646;30.401575;47.940945;37.027557;29.622047;43.26378;51.059055;46.38189;64.31102;46.771652;47.55118;67.81889;56.90551;0.0;,f1a552,35343b,24862.0,Archivo de audio MPEG,198138.0,2020.0,256.0,44100.0,100.0,100.0,9017.0,5.0,1.0,1.0,3833360208.0,2025-06-21 19:16:48,Ayase,,,25,1.0
Yoasobi,夜に駆ける,YOASOBI,夜に駆ける - Single,YOASOBI,J-Pop,2019-12-15,261.09,130,765d6b,99.0;87.69685;38.97638;26.893702;23.77559;22.6063;28.84252;25.334646;30.79134;42.484253;27.283466;30.79134;52.228348;58.464565;44.822834;42.874016;62.362206;61.972443;62.362206;44.04331;41.704723;56.515747;32.740158;0.0;,ee7f40,2d3032,24864.0,Archivo de audio MPEG,261120.0,2019.0,256.0,44100.0,100.0,100.0,8113.0,5.0,1.0,1.0,3832689013.0,2025-06-14 00:50:13,Ayase,,,70,1.0
Yoasobi,たぶん,YOASOBI,たぶん - Single,YOASOBI,J-Pop,2020-07-20,258.74,90,1e2013,68.98819;99.0;53.007874;52.61811;33.519684;28.84252;42.484253;38.97638;36.24803;34.299213;28.062992;26.893702;31.96063;31.96063;26.503939;32.740158;38.97638;39.366142;45.992126;30.011812;27.67323;45.2126;54.177166;0.0;,b4d632,8714a3,24866.0,Archivo de audio MPEG,258768.0,2020.0,256.0,44100.0,100.0,100.0,3419.0,5.0,1.0,2.0,3835691800.0,2025-07-18 18:56:40,Ayase,,,25,
Yoasobi,アンコール,YOASOBI,アンコール - Single,YOASOBI,J-Pop,2021-01-06,271.54,82,030904,86.91732;99.0;61.192913;73.27559;36.637794;33.90945;56.90551;45.992126;49.110237;53.007874;39.755905;44.43307;65.480316;51.059055;30.401575;44.822834;50.669292;54.56693;60.02362;51.83858;58.074802;78.342514;61.972443;0.0;,fc936e,a46359,24874.0,Archivo de audio MPEG,271568.0,2021.0,256.0,44100.0,100.0,100.0,5975.0,5.0,1.0,1.0,3833315341.0,2025-06-21 06:49:01,Ayase,,,30,
Yoasobi,三原色,YOASOBI,三原色 - Single,YOASOBI,J-Pop,2021-07-02,224.16,128,9b95a2,99.0;94.32283;70.93701;51.059055;31.570868;27.67323;45.992126;51.059055;44.822834;58.854332;37.807087;56.90551;61.582676;54.177166;45.2126;54.56693;57.68504;53.7874;68.98819;53.007874;51.44882;71.71654;52.228348;0.0;,f47b4b,5f574a,24880.0,Archivo de audio MPEG,224182.0,2021.0,256.0,44100.0,100.0,100.0,9341.0,5.0,1.0,1.0,3833396619.0,2025-06-22 05:23:39,Ayase,,,33,-1.0
Yoasobi,群青,YOASOBI,群青 - Single,YOASOBI,J-Pop,2020-09-01,248.53,135,6d6d6f,82.24016;82.62992;69.37795;56.90551;76.00394;54.177166;46.38189;49.5;58.854332;76.78346;53.007874;53.007874;76.78346;66.25984;46.38189;64.70079;73.66535;75.22441;99.0;57.295277;66.25984;86.52756;67.03937;0.0;,e6356f,865d57,24884.0,Archivo de audio MPEG,248555.0,2020.0,256.0,44100.0,100.0,100.0,8198.0,5.0,1.0,1.0,3832682954.0,2025-06-13 23:09:14,Ayase,,,32,2.0
Yoasobi,もしも命が描けたら,YOASOBI,もしも命が描けたら - Single,YOASOBI,J-Pop,2021-12-01,201.72,100,af239e,97.44095;56.90551;99.0;44.43307;59.633858;45.602364;50.669292;51.059055;44.43307;46.38189;49.110237;45.992126;66.649605;54.177166;48.330708;63.531494;73.66535;66.25984;84.968506;63.531494;65.480316;80.6811;56.125984;0.0;,f04480,7c7061,24896.0,Archivo de audio MPEG,201743.0,2021.0,256.0,44100.0,100.0,100.0,6621.0,5.0,1.0,1.0,3828899889.0,2025-05-01 04:18:09,Ayase,,,19,
Yoasobi,セブンティーン,YOASOBI,セブンティーン - Single,YOASOBI,J-Pop,2023-03-27,199.68,128,958d9b,99.0;87.30708;67.81889;48.720474;36.637794;33.519684;35.468506;37.027557;33.12992;39.755905;27.67323;30.401575;44.04331;47.940945;39.366142;45.992126;56.90551;60.02362;73.27559;67.03937;63.531494;64.31102;41.31496;0.0;,fa9562,6d6f6e,24898.0,Archivo de audio MPEG,199706.0,2023.0,256.0,44100.0,100.0,100.0,9547.0,5.0,1.0,3.0,3834831769.0,2025-07-08 20:02:49,Ayase,,,30,
Yoasobi,ミスター,YOASOBI,ミスター - Single,YOASOBI,J-Pop,2022-02-16,187.09,120,b94776,60.80315;99.0;47.55118;39.366142;18.3189;20.267717;30.011812;24.165356;27.67323;28.452757;23.385828;27.67323;32.740158;35.078743;27.283466;34.688976;40.925198;38.97638;47.16142;42.484253;47.16142;58.464565;36.637794;0.0;,e6ba4f,4b3946,24902.0,Archivo de audio MPEG,187115.0,2022.0,256.0,44100.0,100.0,100.0,7386.0,5.0,1.0,1.0,3832859353.0,2025-06-16 00:09:13,Ayase,,,25,1.0
Yoasobi,勇者,YOASOBI,勇者 - Single,YOASOBI,J-Pop,2023-09-29,194.27,104,9f246c,99.0;52.228348;49.110237;44.43307;40.535435;44.822834;55.34646;50.669292;45.992126;64.31102;48.330708;44.04331;53.7874;53.7874;37.417324;50.279526;58.074802;62.362206;70.93701;59.633858;55.34646;65.87008;38.19685;0.0;,e93888,5f5a4c,24918.0,Archivo de audio MPEG,194298.0,2023.0,256.0,44100.0,100.0,100.0,7112.0,5.0,1.0,1.0,3829852697.0,2025-05-12 04:58:17,Ayase,,,21,-1.0
ナノ,AUTOBIOGRAPHY,ナノ,ANTHESIS - EP,ナノ,J-Rock,2021-03-17,272.33,128,a5a68d,56.125984;99.0;61.192913;45.602364;30.011812;34.299213;49.110237;39.755905;53.397636;35.85827;36.24803;41.31496;38.586617;54.56693;42.484253;54.177166;72.1063;74.83464;51.059055;45.602364;45.992126;62.362206;36.637794;0.0;,e06b2f,9f5f57,7276.0,Archivo de audio MPEG,272352.0,2021.0,256.0,44100.0,100.0,100.0,9622.0,5.0,1.0,2.0,3831055156.0,2025-05-26 02:59:16,,,,30,
ナノ,All I Need,ナノ,ANTHESIS - EP,ナノ,J-Rock,2021-03-31,237.01,104,07b0a6,50.669292;99.0;43.65354;24.944883;28.84252;23.77559;30.011812;19.877954;24.555119;17.149609;16.370079;17.539371;19.098427;25.724411;19.098427;26.893702;26.114174;35.85827;27.283466;23.385828;27.67323;34.299213;21.43701;0.0;,aedc36,732e33,7278.0,Archivo de audio MPEG,237035.0,2021.0,256.0,44100.0,100.0,100.0,4920.0,5.0,1.0,4.0,3827258404.0,2025-04-12 04:20:04,,,,17,
ナノ,LINE OF FIRE,ナノ,ANTHESIS - EP,ナノ,J-Rock,2021-04-14,274.86,106,bc29bd,66.25984;99.0;49.889763;37.417324;43.65354;72.49606;58.854332;51.83858;40.145668;47.55118;40.925198;37.027557;45.2126;51.44882;32.740158;41.704723;44.822834;55.73622;49.5;52.61811;53.7874;58.464565;35.468506;0.0;,f4814c,363224,7280.0,Archivo de audio MPEG,274886.0,2021.0,256.0,44100.0,100.0,100.0,7303.0,5.0,1.0,4.0,3834326198.0,2025-07-02 23:36:38,,,,20,5.0
ナノ,Hourglass Story,ナノ,ANTHESIS - EP,ナノ,J-Rock,2021-04-14,304.54,85,0b1008,14.031498;87.69685;99.0;71.71654;54.95669;52.228348;39.366142;57.295277;51.44882;36.637794;35.85827;30.401575;30.401575;22.996063;24.165356;28.062992;30.011812;47.55118;30.011812;24.944883;26.114174;52.228348;33.90945;0.0;,0fba76,007d79,7282.0,Archivo de audio MPEG,304561.0,2021.0,256.0,44100.0,100.0,100.0,6271.0,5.0,1.0,2.0,3834482551.0,2025-07-04 19:02:31,,,,20,
ナノ,Remember again.,ナノ,ANTHESIS - EP,ナノ,J-Rock,2021-04-14,274.49,113,ae7232,37.027557;95.49213;73.27559;99.0;88.866135;52.61811;90.42519;84.18898;58.854332;79.90157;43.65354;62.75197;84.18898;69.37795;55.34646;75.22441;77.95276;86.52756;65.480316;61.972443;55.73622;74.444885;42.09449;0.0;,890462,99483c,7284.0,Archivo de audio MPEG,274520.0,2021.0,256.0,44100.0,100.0,100.0,6604.0,5.0,1.0,1.0,3825338669.0,2025-03-21 00:04:29,,,,19,
ナノ,Born to Be,ナノ,Born to Be (Mahou Sensou Ver.) - Single,ナノ,Anime,2014-02-19,214.86,96,13091a,63.14173;99.0;46.771652;49.110237;28.84252;38.97638;51.44882;45.992126;40.925198;45.992126;41.704723;47.55118;56.515747;78.732285;53.007874;54.56693;76.00394;83.40945;86.137794;73.27559;59.633858;59.244095;30.79134;0.0;,e55241,5c5a4c,7288.0,Archivo de audio MPEG,214883.0,2014.0,256.0,44100.0,100.0,100.0,10244.0,5.0,1.0,2.0,3829915142.0,2025-05-12 22:19:02,WEST GROUND,,,21,
ナノ,New World,ナノ,Born to Be (Mahou Sensou Ver.) - Single,ナノ,Anime,2014-02-19,208.17,140,9a9c9b,99.0;92.76378;56.515747;46.38189;70.15748;51.83858;49.5;48.720474;48.720474;49.5;48.720474;50.279526;46.38189;63.14173;44.822834;51.44882;65.480316;56.90551;55.73622;54.95669;58.464565;60.413383;38.19685;0.0;,ef6846,774140,7290.0,Archivo de audio MPEG,208195.0,2014.0,256.0,44100.0,100.0,100.0,9337.0,5.0,1.0,1.0,3832968121.0,2025-06-17 06:22:01,Nano,,,30,
ナノ,Happy Ending Simulator,ナノ,Born to Be (nano Ver.) - Single,ナノ,Anime,2014-02-19,236.93,178,020405,36.24803;99.0;74.83464;45.602364;53.7874;52.61811;50.669292;68.208664;45.2126;33.12992;35.85827;40.145668;44.04331;72.49606;45.992126;45.602364;61.192913;64.70079;70.15748;66.25984;53.007874;66.25984;49.110237;0.0;,e2543c,794e4a,7294.0,Archivo de audio MPEG,236956.0,2014.0,256.0,44100.0,100.0,100.0,7675.0,5.0,1.0,2.0,3835864255.0,2025-07-20 18:50:55,Nano,,,17,
ナノ,Last Refrain,ナノ,Bull's Eye (Anime Ver.) - Single,ナノ,Anime,2015-10-28,290.9,62,988170,4.287403;15.590553;46.771652;99.0;30.79134;30.011812;45.992126;19.877954;35.078743;12.8622055;22.996063;22.996063;21.047245;25.724411;17.149609;25.334646;24.944883;35.468506;18.708662;18.3189;26.114174;31.96063;15.20079;0.0;,2d38c2,4411b0,7298.0,Archivo de audio MPEG,290925.0,2015.0,256.0,44100.0,100.0,100.0,3899.0,5.0,1.0,2.0,3834323259.0,2025-07-02 22:47:39,WEST GROUND,,,9,
ナノ,Bull's Eye,ナノ,Bull's Eye (nano Ver.) - Single,ナノ,Anime,2015-10-28,229.9,99,5513b2,54.56693;99.0;59.633858;34.688976;32.350395;51.059055;36.637794;51.059055;39.366142;44.43307;28.84252;44.822834;47.16142;73.66535;60.413383;67.03937;60.80315;67.03937;53.397636;52.228348;51.059055;51.83858;34.688976;0.0;,d25a26,5e5447,7300.0,Archivo de audio MPEG,229929.0,2015.0,256.0,44100.0,100.0,100.0,14365.0,5.0,1.0,4.0,3830155841.0,2025-05-15 17:10:41,WEST GROUND,,,13,1.0
ナノ,Catastrophe,ナノ,Catastrophe - Single,ナノ,Anime,2022-10-05,243.46,108,6213b0,92.76378;89.64567;34.299213;24.165356;30.79134;21.047245;31.181103;25.724411;31.570868;28.062992;23.385828;30.79134;38.97638;53.397636;55.34646;48.330708;78.342514;96.27165;99.0;76.00394;77.56299;81.07086;37.417324;0.0;,fb7663,979998,7304.0,Archivo de audio MPEG,243487.0,2022.0,256.0,44100.0,100.0,100.0,13119.0,5.0,1.0,6.0,3835363692.0,2025-07-14 23:48:12,,,,25,2.0
ナノ,Do or Die,ナノ,Do or Die - Single,ナノ,J-Rock,2024-04-13,222.15,140,775f6d,99.0;61.192913;40.925198;29.622047;35.078743;26.114174;36.24803;27.283466;27.283466;23.77559;27.283466;29.622047;34.299213;47.55118;33.90945;43.65354;45.992126;49.110237;42.484253;38.586617;35.468506;48.720474;33.519684;0.0;,f78353,2d2530,7306.0,Archivo de audio MPEG,222171.0,2024.0,256.0,44100.0,100.0,100.0,4312.0,5.0,1.0,1.0,3821781602.0,2025-02-07 20:00:02,,,,32,4.0
ナノ,Dream Of Netherworlds,ナノ,Dream Of Netherworlds - Single,ナノ,Anime,2018-08-22,235.83,89,06050b,57.295277;99.0;47.940945;39.755905;36.637794;56.515747;54.95669;89.64567;50.669292;57.68504;50.279526;56.125984;79.51181;81.85039;53.7874;63.921257;66.25984;76.78346;54.56693;64.70079;53.7874;56.90551;30.011812;0.0;,c52e3a,583e36,7308.0,Archivo de audio MPEG,235859.0,2018.0,256.0,44100.0,100.0,100.0,16243.0,5.0,1.0,3.0,3833800834.0,2025-06-26 21:40:34,,,,16,2.0
ナノ,Gloria,ナノ,Dream Of Netherworlds - Single,ナノ,Anime,2018-08-22,326.16,95,110917,48.720474;99.0;49.5;35.85827;25.724411;39.755905;50.669292;40.535435;35.468506;33.90945;35.85827;45.602364;63.921257;79.12205;63.531494;62.362206;71.32677;61.582676;49.110237;52.228348;42.874016;35.85827;19.098427;0.0;,be4f1b,2e2f21,7310.0,Archivo de audio MPEG,326191.0,2018.0,256.0,44100.0,100.0,100.0,14023.0,5.0,1.0,1.0,3823539748.0,2025-02-28 04:22:28,,,,16,2.0
ナノ,Bittersweet,ナノ,Dreamcatcher (Anime Ver.) - Single,ナノ,Anime,2016-11-02,231.81,85,07050e,44.822834;99.0;55.34646;25.724411;26.503939;26.893702;31.570868;24.944883;30.79134;25.724411;23.385828;28.84252;24.944883;47.940945;44.04331;49.5;54.177166;59.244095;53.007874;45.2126;45.992126;54.56693;30.79134;0.0;,e48e32,3f3843,7316.0,Archivo de audio MPEG,231836.0,2016.0,256.0,44100.0,100.0,100.0,11130.0,5.0,1.0,6.0,3837244708.0,2025-08-05 18:18:28,WEST GROUND,,,20,1.0
ナノ,Dreamcatcher,ナノ,Dreamcatcher (nano Ver.) - Single,ナノ,Anime,2016-11-02,217.97,90,09060f,50.279526;99.0;50.279526;39.366142;38.19685;57.68504;62.362206;70.15748;43.26378;52.228348;40.145668;38.97638;40.925198;69.37795;59.633858;66.25984;56.125984;62.75197;58.464565;57.295277;62.362206;56.515747;36.637794;0.0;,d9453a,534137,7318.0,Archivo de audio MPEG,217991.0,2016.0,256.0,44100.0,100.0,100.0,11203.0,5.0,1.0,2.0,3837429685.0,2025-08-07 21:41:25,ウエスト グラウンド & ナノ,,,21,1.0
ナノ,Paralyze-D,ナノ,Infinity≠Zero - Sable (M3 The Dark Metal Ver.) - Single,ナノ,Anime,2014-07-23,223.06,180,160b1a,42.09449;88.47638;62.362206;38.19685;42.09449;45.2126;55.73622;85.35826;54.95669;54.56693;47.940945;60.02362;56.90551;82.24016;77.56299;91.20473;93.543304;97.05118;87.30708;87.30708;99.0;94.7126;54.56693;0.0;,e53764,7a6d5f,7326.0,Archivo de audio MPEG,223085.0,2014.0,256.0,44100.0,100.0,100.0,15540.0,5.0,1.0,3.0,3835880781.0,2025-07-20 23:26:21,,,,21,4.0
ナノ,Infinity≠Zero,ナノ,Infinity≠Zero - Sable (nano Ver.) - Single,ナノ,Anime,2014-07-23,241.4,94,0c0713,47.55118;89.64567;64.31102;26.503939;32.740158;51.83858;40.925198;58.854332;34.299213;44.822834;33.519684;36.24803;43.26378;74.444885;56.125984;68.98819;85.35826;99.0;83.79921;82.24016;76.78346;79.90157;55.34646;0.0;,ef5157,848474,7328.0,Archivo de audio MPEG,241423.0,2014.0,256.0,44100.0,100.0,100.0,11908.0,5.0,1.0,5.0,3835547869.0,2025-07-17 02:57:49,WEST GROUND,,,19,
ナノ,Sable,ナノ,Infinity≠Zero - Sable (nano Ver.) - Single,ナノ,Anime,2014-07-23,229.43,100,a02371,31.570868;83.79921;84.578735;44.822834;72.49606;54.56693;66.25984;61.972443;56.125984;52.228348;46.771652;55.73622;58.464565;99.0;80.6811;87.69685;89.64567;90.81496;77.95276;77.56299;84.578735;92.374016;63.921257;0.0;,d4265e,7d665b,7330.0,Archivo de audio MPEG,229459.0,2014.0,256.0,44100.0,100.0,100.0,12248.0,5.0,1.0,3.0,3823519601.0,2025-02-27 22:46:41,WEST GROUND,,,86,1.0
ナノ,Dusty Mirror,ナノ,Infinity≠Zero - Sable (nano Ver.) - Single,ナノ,Anime,2014-07-23,232.8,138,755d6b,45.602364;99.0;48.330708;37.417324;31.96063;32.740158;61.972443;55.34646;63.921257;38.586617;42.874016;42.484253;44.43307;59.633858;55.73622;62.362206;61.582676;61.972443;55.73622;53.397636;56.515747;58.074802;30.79134;0.0;,db4d37,343426,7332.0,Archivo de audio MPEG,232829.0,2014.0,256.0,44100.0,100.0,100.0,10235.0,5.0,1.0,1.0,3823544389.0,2025-02-28 05:39:49,Nano,,,14,1.0
ナノ,Kemurikusa,ナノ,Kemurikusa - Single,ナノ,Anime,2019-02-06,247.77,143,8d504e,56.515747;99.0;51.059055;40.925198;27.283466;37.027557;49.110237;40.535435;25.724411;31.96063;27.283466;29.232285;47.16142;50.669292;39.366142;55.34646;59.244095;66.649605;52.228348;55.34646;47.940945;58.464565;35.468506;0.0;,ea7c39,4df49e,7334.0,Archivo de audio MPEG,247797.0,2019.0,256.0,44100.0,100.0,100.0,13002.0,5.0,1.0,1.0,3825751689.0,2025-03-25 18:48:09,ウエスト グラウンド & ナノ,,,19,
ナノ,Spiral Eye,ナノ,Kemurikusa - Single,ナノ,Anime,2019-02-06,242.76,134,b8e1d4,71.32677;95.49213;63.531494;58.464565;86.137794;58.464565;48.720474;56.125984;50.669292;49.5;49.5;51.83858;51.83858;65.09055;57.295277;68.98819;77.56299;93.93307;75.22441;78.732285;87.30708;99.0;67.81889;0.0;,f6507b,a58270,7336.0,Archivo de audio MPEG,242782.0,2019.0,256.0,44100.0,100.0,100.0,11301.0,5.0,1.0,2.0,3835967592.0,2025-07-21 23:33:12,,,,17,-1.0
ナノ,Lost In Gray,ナノ,Lost In Gray - Single,ナノ,J-Rock,2024-03-14,207.99,164,06050d,61.582676;99.0;77.173225;52.228348;63.14173;37.417324;42.484253;44.04331;29.232285;33.12992;35.078743;33.12992;45.2126;51.059055;51.059055;62.362206;54.95669;74.444885;56.125984;61.192913;72.1063;80.291336;57.68504;0.0;,fa885c,848372,7338.0,Archivo de audio MPEG,208013.0,2024.0,256.0,44100.0,100.0,100.0,11052.0,5.0,1.0,4.0,3827509368.0,2025-04-15 02:02:48,,,,19,1.0
ナノ,My Liberation,ナノ,My Liberation - Paraiso (nano Ver.) - Single,ナノ,Anime,2017-02-01,221.75,95,03050a,73.27559;99.0;72.885826;45.2126;52.228348;77.56299;63.14173;58.464565;54.177166;60.80315;51.059055;49.5;50.279526;77.95276;56.125984;72.49606;78.732285;90.81496;74.444885;74.055115;75.614174;87.30708;55.34646;0.0;,ed465f,836058,7340.0,Archivo de audio MPEG,221779.0,2017.0,256.0,44100.0,100.0,100.0,10389.0,5.0,1.0,2.0,3825854572.0,2025-03-26 23:22:52,WEST GROUND,,,100,-23.0
ナノ,Paraiso,ナノ,My Liberation - Paraiso (nano Ver.) - Single,ナノ,Anime,2017-02-01,200.49,98,95158f,51.059055;99.0;67.42913;43.65354;33.519684;36.24803;50.669292;40.535435;44.43307;29.622047;28.062992;30.401575;28.452757;48.720474;48.330708;60.413383;59.244095;66.649605;55.73622;53.7874;44.822834;48.720474;31.96063;0.0;,d97d25,2d332c,7342.0,Archivo de audio MPEG,200515.0,2017.0,256.0,44100.0,100.0,100.0,10932.0,5.0,1.0,3.0,3831059424.0,2025-05-26 04:10:24,ゆよゆっぺ/WEST GROUND・ゆよゆっぺ,,,90,-23.0
ナノ,Dare Devil,ナノ,My Liberation - Paraiso (nano Ver.) - Single,ナノ,Anime,2017-02-01,232.31,99,a119a2,46.38189;99.0;74.83464;27.283466;43.65354;37.807087;35.078743;37.417324;35.85827;37.417324;30.011812;35.078743;37.417324;61.582676;57.68504;68.98819;76.00394;74.83464;67.03937;63.531494;60.80315;66.25984;40.535435;0.0;,e86939,75796e,7344.0,Archivo de audio MPEG,232333.0,2017.0,256.0,44100.0,100.0,100.0,10053.0,5.0,1.0,3.0,3837785702.0,2025-08-12 00:35:02,,,,12,2.0
ナノ,neophobia,ナノ,N,ナノ,Anime,2013-02-27,236.9,90,010202,42.484253;99.0;44.43307;38.19685;34.688976;34.688976;65.09055;81.85039;42.09449;47.940945;44.822834;52.228348;45.992126;68.208664;60.80315;81.46063;83.79921;97.8307;86.137794;72.1063;76.3937;95.49213;58.854332;0.0;,ec4560,938170,7346.0,Archivo de audio MPEG,236930.0,2013.0,256.0,44100.0,100.0,100.0,11086.0,5.0,1.0,2.0,3835518905.0,2025-07-16 18:55:05,,,,18,0.0
ナノ,KALEIDOSCOPE,ナノ,N,ナノ,Anime,2013-02-27,249.08,90,06050d,51.44882;99.0;49.889763;39.755905;39.755905;50.279526;61.192913;56.125984;47.940945;53.397636;44.822834;54.95669;47.16142;61.972443;49.5;63.921257;64.70079;65.09055;66.649605;61.192913;54.95669;60.413383;39.755905;0.0;,db453d,5c483f,7350.0,Archivo de audio MPEG,249103.0,2013.0,256.0,44100.0,100.0,100.0,10888.0,5.0,1.0,1.0,3825767024.0,2025-03-25 23:03:44,fu_mou,,,18,
ナノ,Nevereverland,ナノ,N,ナノ,Anime,2013-02-27,286.64,103,4626d3,73.27559;99.0;54.177166;30.011812;43.26378;43.65354;42.874016;39.755905;32.740158;47.16142;33.90945;44.43307;44.822834;77.173225;62.362206;78.342514;74.83464;78.732285;81.07086;77.173225;70.15748;77.173225;44.04331;0.0;,f1604e,92917d,7352.0,Archivo de audio MPEG,286667.0,2013.0,256.0,44100.0,100.0,100.0,10114.0,5.0,1.0,5.0,3822908222.0,2025-02-20 20:57:02,,,,18,0.0
ナノ,Silence,ナノ,N,ナノ,Anime,2013-02-27,254.51,114,a02275,55.73622;99.0;44.43307;53.397636;40.145668;36.637794;61.972443;61.972443;52.61811;38.19685;40.535435;44.822834;49.110237;66.649605;42.09449;55.73622;60.80315;69.37795;59.244095;56.125984;59.244095;61.582676;35.85827;0.0;,e55043,4e493c,7354.0,Archivo de audio MPEG,254537.0,2013.0,256.0,44100.0,100.0,100.0,12175.0,5.0,1.0,2.0,3826130038.0,2025-03-30 03:53:58,,,,24,1.0
ナノ,Black Board,ナノ,N,ナノ,Anime,2013-02-27,223.97,124,bf408b,42.484253;81.07086;37.807087;30.011812;35.078743;24.944883;99.0;46.771652;28.452757;24.165356;34.299213;26.893702;33.12992;50.279526;42.874016;51.83858;47.16142;52.61811;51.83858;51.83858;47.16142;49.5;25.724411;0.0;,e84d4a,1c2220,7366.0,Archivo de audio MPEG,224000.0,2013.0,256.0,44100.0,100.0,100.0,7734.0,5.0,1.0,1.0,3830027552.0,2025-05-14 05:32:32,城石真臣,,,23,
ナノ,Freedom Is Yours,ナノ,nano's Remixes,ナノ,Anime,2016-07-13,267.78,130,64464f,76.78346;99.0;95.88189;47.16142;42.09449;51.44882;41.704723;47.940945;57.295277;42.09449;35.85827;43.26378;37.807087;58.464565;44.04331;64.31102;56.90551;63.531494;53.7874;61.972443;61.972443;83.019684;55.73622;0.0;,f79259,2a3027,7372.0,Archivo de audio MPEG,267807.0,2016.0,256.0,44100.0,100.0,100.0,13242.0,5.0,1.0,5.0,3837783519.0,2025-08-11 23:58:39,,,,20,-3.0
ナノ,Magenta,ナノ,Nanoir,ナノ,J-Pop,2012-02-01,275.41,95,0a060f,52.61811;99.0;78.732285;28.062992;31.570868;29.622047;37.417324;43.65354;42.09449;29.622047;34.299213;41.31496;40.145668;54.56693;46.38189;65.09055;75.22441;87.69685;70.54724;69.37795;79.12205;80.291336;46.771652;0.0;,f67253,797d75,7386.0,Archivo de audio MPEG,275435.0,2012.0,256.0,44100.0,100.0,100.0,13704.0,5.0,1.0,1.0,3829162893.0,2025-05-04 05:21:33,ダルビッシュP/ナノ & ナノ,,,16,1.0
ナノ,Hysteria,ナノ,Nanoir,ナノ,J-Pop,2012-03-14,250.44,105,a61ba4,36.637794;99.0;54.177166;36.637794;34.299213;39.366142;34.688976;31.570868;26.503939;32.740158;29.622047;35.468506;40.145668;47.940945;35.468506;37.417324;49.110237;58.074802;52.61811;50.279526;44.43307;48.720474;32.350395;0.0;,dd8829,28292f,7388.0,Archivo de audio MPEG,250462.0,2012.0,256.0,44100.0,100.0,100.0,10646.0,5.0,1.0,2.0,3830787280.0,2025-05-23 00:34:40,,,,23,5.0
ナノ,Glow,ナノ,Nanoir,ナノ,J-Pop,2012-03-14,283.4,85,292515,67.03937;99.0;61.192913;41.31496;28.452757;31.181103;34.299213;29.232285;29.622047;29.232285;31.96063;35.078743;36.24803;25.334646;14.031498;21.43701;17.929134;32.740158;32.350395;32.740158;30.79134;30.011812;19.48819;0.0;,90eb3d,87118b,7394.0,Archivo de audio MPEG,283428.0,2012.0,256.0,44100.0,100.0,100.0,6671.0,5.0,1.0,7.0,3835536484.0,2025-07-16 23:48:04,keeno,,,20,1.0
ナノ,Omoide Kakera,ナノ,Nanoir,ナノ,J-Pop,2012-03-14,270.16,100,8a19b0,48.720474;99.0;63.921257;36.637794;43.65354;43.26378;55.34646;51.83858;45.602364;42.874016;48.720474;52.61811;58.854332;68.98819;56.125984;68.98819;71.32677;76.00394;56.515747;48.720474;53.007874;68.208664;41.704723;0.0;,d34533,615347,7396.0,Archivo de audio MPEG,270184.0,2012.0,256.0,44100.0,100.0,100.0,14736.0,5.0,1.0,4.0,3835541109.0,2025-07-17 01:05:09,Silent Symphonia/DevilishP,,,24,3.0
ナノ,Dive in Your Eyes,ナノ,Nanoir,ナノ,J-Pop,2012-03-14,241.55,93,030305,50.279526;99.0;57.295277;31.181103;38.97638;43.65354;44.822834;49.110237;47.940945;36.637794;40.535435;53.7874;41.704723;76.78346;52.61811;63.14173;60.80315;81.46063;76.3937;73.27559;70.93701;64.70079;44.43307;0.0;,ea5746,827868,7398.0,Archivo de audio MPEG,241580.0,2012.0,256.0,44100.0,100.0,100.0,15231.0,5.0,1.0,2.0,3835965321.0,2025-07-21 22:55:21,buzzG,,,21,3.0
ナノ,Just Be Friends,ナノ,Nanoir,ナノ,J-Pop,2012-03-14,312.58,126,9ea79c,35.078743;64.31102;80.291336;67.81889;97.44095;74.444885;99.0;64.31102;64.70079;68.208664;46.771652;61.192913;60.413383;57.295277;24.944883;38.19685;32.350395;55.73622;47.940945;44.822834;55.73622;74.055115;44.04331;0.0;,4132cf,814621,7400.0,Archivo de audio MPEG,312607.0,2012.0,256.0,44100.0,100.0,100.0,9943.0,5.0,1.0,3.0,3834415989.0,2025-07-04 00:33:09,Dixie Flatline,,,22,1.0
ナノ,Empty Shell,ナノ,Nanoir,ナノ,J-Pop,2012-03-14,270.0,120,a3a6a9,32.350395;99.0;71.71654;59.244095;46.771652;49.110237;89.255905;51.059055;49.5;46.38189;38.19685;37.807087;32.350395;45.2126;33.90945;51.44882;65.09055;77.95276;56.90551;44.04331;50.669292;70.93701;35.078743;0.0;,e24944,623029,7402.0,Archivo de audio MPEG,270027.0,2012.0,256.0,44100.0,100.0,100.0,8730.0,5.0,1.0,3.0,3835875196.0,2025-07-20 21:53:16,ナノ,,,18,-3.0
ナノ,Melancholic,ナノ feat. neko,Nanoir,ナノ,J-Pop,2012-03-14,226.3,136,857365,70.93701;92.374016;56.515747;46.38189;49.889763;61.582676;79.90157;70.54724;52.228348;65.480316;54.177166;56.515747;70.93701;99.0;62.362206;73.27559;66.25984;83.40945;72.49606;75.22441;75.614174;75.22441;52.61811;0.0;,d82c5a,905a56,7404.0,Archivo de audio MPEG,226324.0,2012.0,256.0,44100.0,100.0,100.0,8440.0,5.0,1.0,6.0,3829162618.0,2025-05-04 05:16:58,Junky,,,24,
ナノ,Dai Ichiji Jibun Senso,ナノ feat. _,Nanoir,ナノ,J-Pop,2012-03-14,245.19,100,7613a7,74.055115;99.0;60.413383;28.84252;39.366142;51.059055;65.480316;60.413383;66.649605;49.5;43.65354;58.854332;54.95669;81.07086;55.34646;73.27559;86.52756;83.019684;65.09055;68.208664;62.362206;58.464565;36.637794;0.0;,d7423a,67574c,7406.0,Archivo de audio MPEG,245211.0,2012.0,256.0,44100.0,100.0,100.0,11842.0,5.0,1.0,4.0,3835863774.0,2025-07-20 18:42:54,,,,21,2.0
ナノ,"No Pain, No Game",ナノ,"No Pain, No Game  nano ver.  - Single",ナノ,Anime,2012-10-10,202.95,95,160b1a,56.515747;99.0;52.61811;37.417324;37.417324;45.2126;52.228348;73.66535;48.330708;43.26378;40.925198;60.413383;59.244095;81.07086;55.34646;79.90157;84.578735;99.0;91.20473;74.055115;79.90157;93.15354;65.09055;0.0;,ec485b,777262,7410.0,Archivo de audio MPEG,202971.0,2012.0,256.0,44100.0,100.0,100.0,16903.0,5.0,1.0,6.0,3835871797.0,2025-07-20 20:56:37,Tsukamoto Kem,,,15,
ナノ,Exist,ナノ,"No Pain, No Game (Anime Version) - Single",ナノ,Anime,2012-10-10,233.25,94,0e0815,44.43307;74.055115;49.110237;23.77559;41.704723;47.16142;64.70079;61.972443;55.34646;50.669292;44.822834;61.192913;62.362206;90.42519;69.37795;81.07086;85.74803;99.0;92.76378;64.31102;61.582676;69.767715;38.19685;0.0;,d02851,746055,7416.0,Archivo de audio MPEG,233273.0,2012.0,256.0,44100.0,100.0,100.0,16344.0,5.0,1.0,4.0,3835364955.0,2025-07-15 00:09:15,,,,21,3.0
ナノ,Rolling Star,ナノ,Noixe,ナノ,Anime,2023-02-08,194.27,158,0f0914,31.181103;74.444885;33.519684;21.826773;17.929134;22.6063;23.77559;25.724411;26.893702;24.944883;26.114174;42.484253;36.637794;70.54724;54.177166;74.444885;88.866135;99.0;68.59843;64.31102;67.03937;82.24016;60.80315;0.0;,ee4f55,858786,7420.0,Archivo de audio MPEG,194298.0,2023.0,256.0,44100.0,100.0,100.0,14214.0,5.0,1.0,2.0,3821195520.0,2025-02-01 01:12:00,,,,22,1.0
ナノ,Fight Song,ナノ,Noixe,ナノ,Anime,2023-02-08,208.61,91,0a0710,60.413383;99.0;54.177166;36.24803;28.84252;33.519684;47.940945;41.704723;32.350395;38.586617;35.078743;35.078743;39.755905;50.279526;34.688976;53.7874;60.413383;69.767715;49.110237;54.56693;47.940945;49.110237;35.85827;0.0;,e27a2e,232a25,7422.0,Archivo de audio MPEG,208640.0,2023.0,256.0,44100.0,100.0,100.0,11810.0,5.0,1.0,5.0,3821780252.0,2025-02-07 19:37:32,,,,22,-4.0
ナノ,TRUTH- A Great Detective of Love,ナノ,Noixe,ナノ,Anime,2022-07-27,335.2,155,0a0714,60.02362;99.0;61.192913;32.350395;19.48819;16.370079;19.48819;22.996063;15.590553;23.77559;22.6063;25.724411;31.181103;49.889763;46.771652;57.68504;66.649605;66.649605;64.70079;62.75197;48.330708;44.43307;23.77559;0.0;,e38a31,59575d,7424.0,Archivo de audio MPEG,335229.0,2022.0,256.0,44100.0,100.0,100.0,10928.0,5.0,1.0,4.0,3835544008.0,2025-07-17 01:53:28,,,,22,-2.0
ナノ,Rewrite,ナノ,Noixe,ナノ,Anime,2023-02-08,213.63,90,07060d,28.452757;99.0;40.535435;35.85827;31.181103;19.098427;28.84252;26.114174;23.77559;22.6063;18.3189;29.232285;33.519684;37.417324;26.893702;29.622047;37.027557;35.85827;41.31496;44.04331;44.822834;41.704723;32.740158;0.0;,d7b030,4c2c35,7426.0,Archivo de audio MPEG,213655.0,2023.0,256.0,44100.0,100.0,100.0,10565.0,5.0,1.0,5.0,3834409361.0,2025-07-03 22:42:41,,,,23,
ナノ,God Knows...,ナノ,Noixe,ナノ,Anime,2023-02-08,281.73,150,929298,83.40945;99.0;58.464565;41.704723;34.299213;41.704723;60.413383;48.720474;40.925198;37.807087;38.586617;49.110237;58.074802;83.40945;44.04331;64.31102;58.854332;67.42913;49.5;42.09449;43.26378;44.04331;32.740158;0.0;,c55e1a,4b372d,7428.0,Archivo de audio MPEG,281756.0,2023.0,256.0,44100.0,100.0,100.0,13531.0,5.0,1.0,4.0,3828987468.0,2025-05-02 04:37:48,,,,26,-1.0
ナノ,Circle of Stars,ナノ,Noixe,ナノ,Anime,2023-02-08,247.48,91,07060e,88.08661;78.342514;65.87008;54.56693;43.26378;41.31496;53.7874;60.80315;51.059055;41.31496;37.417324;60.80315;66.25984;82.24016;77.95276;92.374016;93.543304;99.0;80.291336;82.62992;77.95276;92.76378;58.074802;0.0;,ea4060,847667,7440.0,Archivo de audio MPEG,247510.0,2023.0,256.0,44100.0,100.0,100.0,16078.0,5.0,1.0,6.0,3832360712.0,2025-06-10 05:38:32,,,,19,6.0
ナノ,Now or Never,ナノ,Now or Never - Single,ナノ,Anime,2012-05-23,246.41,138,97635c,75.614174;99.0;63.921257;33.12992;36.24803;57.295277;64.70079;67.42913;84.968506;94.7126;49.889763;73.66535;62.75197;51.059055;47.16142;64.31102;68.59843;85.35826;85.35826;67.81889;74.444885;79.12205;52.61811;0.0;,e83c62,a36359,7442.0,Archivo de audio MPEG,246439.0,2012.0,256.0,44100.0,100.0,100.0,14791.0,5.0,1.0,1.0,3823534260.0,2025-02-28 02:51:00,,,,86,-23.0
ナノ,Destiny - The 12th Miracle,ナノ,Now or Never - Single,ナノ,Anime,2012-05-23,277.92,85,020405,37.807087;99.0;82.24016;39.366142;60.02362;52.61811;54.95669;72.49606;45.2126;41.31496;46.771652;46.38189;40.925198;56.90551;45.992126;72.885826;76.78346;97.05118;86.137794;61.972443;58.074802;67.42913;46.771652;0.0;,da433d,7f5852,7444.0,Archivo de audio MPEG,277942.0,2012.0,256.0,44100.0,100.0,100.0,13528.0,5.0,1.0,3.0,3830948861.0,2025-05-24 21:27:41,,,,17,
ナノ,Oblivion,ナノ,Oblivion - Single,ナノ,J-Rock,2024-01-12,204.83,89,030409,93.15354;99.0;53.007874;51.44882;35.468506;38.586617;47.16142;53.7874;43.26378;44.04331;46.771652;50.669292;60.80315;77.56299;53.7874;74.444885;79.90157;82.24016;79.51181;87.69685;85.35826;95.102356;60.413383;0.0;,f96266,938d7a,7446.0,Archivo de audio MPEG,204852.0,2024.0,256.0,44100.0,100.0,100.0,7773.0,5.0,1.0,2.0,3835428491.0,2025-07-15 17:48:11,,,,19,2.0
ナノ,Identity Crisis,ナノ,Rock On.,ナノ,Anime,2015-01-28,249.42,96,0d0813,55.34646;99.0;56.515747;24.944883;25.334646;30.79134;34.299213;34.688976;35.078743;36.24803;34.299213;34.688976;36.637794;66.25984;59.633858;66.649605;69.767715;71.71654;64.31102;66.649605;54.177166;49.5;28.062992;0.0;,e16830,464b45,7468.0,Archivo de audio MPEG,249443.0,2015.0,256.0,44100.0,100.0,100.0,13096.0,5.0,1.0,7.0,3835606200.0,2025-07-17 19:10:00,WEST GROUND,,,15,1.0
ナノ,Scarlet Story,ナノ,Rock On.,ナノ,Anime,2015-01-28,186.31,100,5d0c94,66.25984;99.0;51.83858;48.720474;44.04331;41.31496;44.04331;50.669292;42.09449;42.484253;46.771652;45.602364;47.16142;83.019684;71.32677;81.07086;88.08661;91.20473;87.30708;82.24016;75.614174;76.3937;44.43307;0.0;,ea504c,87806f,7476.0,Archivo de audio MPEG,186331.0,2015.0,256.0,44100.0,100.0,100.0,10525.0,5.0,1.0,3.0,3825769366.0,2025-03-25 23:42:46,WEST GROUND,,,16,1.0
ナノ,Restart,ナノ,Rock On.,ナノ,Anime,2015-01-28,210.57,133,c1daa1,72.49606;91.98425;78.732285;47.55118;49.889763;56.90551;69.767715;52.61811;54.56693;49.5;37.027557;46.771652;62.362206;78.342514;68.59843;99.0;90.03543;98.61023;69.37795;72.885826;78.732285;79.90157;57.295277;0.0;,e23f4f,a17568,7482.0,Archivo de audio MPEG,210599.0,2015.0,256.0,44100.0,100.0,100.0,15686.0,5.0,1.0,4.0,3828949587.0,2025-05-01 18:06:27,WEST GROUND,,,21,1.0
ナノ,Rock On.,ナノ,Rock On.,ナノ,Anime,2015-01-28,256.16,95,0f0914,60.02362;99.0;53.007874;33.90945;44.04331;34.688976;57.295277;45.992126;55.73622;41.31496;38.19685;40.145668;38.19685;58.854332;54.56693;66.649605;76.00394;85.35826;75.614174;68.59843;84.18898;90.42519;56.125984;0.0;,f96366,78796b,7488.0,Archivo de audio MPEG,256182.0,2015.0,256.0,44100.0,100.0,100.0,10311.0,5.0,1.0,6.0,3834565433.0,2025-07-05 18:03:53,,,,13,2.0
ナノ,Savior of Song,ナノ feat. My First Story,Savior of Song (Arpeggio of Blue Steel Ver.) - Single,ナノ,Anime,2013-10-30,246.7,96,030408,37.807087;99.0;32.350395;27.283466;29.232285;30.401575;24.555119;34.688976;33.519684;40.145668;36.24803;36.24803;44.04331;52.228348;49.5;56.515747;61.192913;65.480316;58.854332;53.007874;57.295277;60.02362;27.283466;0.0;,e9663d,5b5e5b,7490.0,Archivo de audio MPEG,246726.0,2013.0,256.0,44100.0,100.0,100.0,10992.0,5.0,1.0,6.0,3832011228.0,2025-06-06 04:33:48,MY FIRST STORY,,,13,-1.0
ナノ,Silver Sky,ナノ,Savior of Song (Arpeggio of Blue Steel Ver.) - Single,ナノ,Anime,2013-10-30,334.71,120,afaa8b,12.08268;79.90157;54.56693;99.0;33.12992;30.79134;50.279526;26.114174;44.43307;14.421261;24.165356;19.877954;10.913387;12.8622055;7.015751;10.523624;10.913387;25.724411;11.692913;8.1850395;16.370079;30.79134;22.6063;0.0;,1dd087,640d93,7492.0,Archivo de audio MPEG,334733.0,2013.0,256.0,44100.0,100.0,100.0,1868.0,5.0,1.0,4.0,3832013122.0,2025-06-06 05:05:22,甲田雅人,,,15,
ナノ,Start Over,ナノ feat. My First Story,Savior of Song (My First Story Ver.) - Single,ナノ,Anime,2013-10-30,226.69,105,7d16ae,39.366142;99.0;31.570868;35.078743;31.570868;23.77559;28.84252;24.165356;24.944883;28.062992;33.90945;35.468506;32.740158;68.98819;58.074802;65.87008;69.767715;69.767715;70.93701;55.34646;42.09449;43.26378;27.67323;0.0;,d86129,626463,7496.0,Archivo de audio MPEG,226716.0,2013.0,256.0,44100.0,100.0,100.0,8207.0,5.0,1.0,5.0,3834325732.0,2025-07-02 23:28:52,,,,14,
ナノ,"Star light, Star bright",ナノ,"Star light, Star bright - Single",ナノ,Anime,2018-11-21,249.1,95,0c0712,60.80315;99.0;58.854332;53.007874;33.519684;43.26378;80.6811;61.972443;60.413383;55.34646;57.68504;46.38189;43.26378;61.192913;47.16142;63.531494;74.83464;82.24016;61.972443;60.02362;51.44882;52.61811;26.114174;0.0;,cc3c33,4c392f,7502.0,Archivo de audio MPEG,249129.0,2018.0,256.0,44100.0,100.0,100.0,13491.0,5.0,1.0,4.0,3831643211.0,2025-06-01 22:20:11,"ウエスト グラウンド, 堀江晶太 & ナノ",,,20,2.0
ナノ,Artificial Hero,ナノ,"Star light, Star bright - Single",ナノ,Anime,2018-11-21,245.11,95,0a0710,40.145668;99.0;54.56693;45.992126;45.992126;62.75197;55.34646;57.68504;40.925198;45.2126;36.637794;45.602364;54.56693;74.444885;54.95669;66.25984;82.24016;84.578735;82.62992;75.22441;63.14173;57.68504;28.84252;0.0;,d9403f,6b564c,7506.0,Archivo de audio MPEG,245133.0,2018.0,256.0,44100.0,100.0,100.0,14003.0,5.0,1.0,5.0,3835363937.0,2025-07-14 23:52:17,,,,25,5.0
ナノ,Eye of the Beholder,ナノ,The Crossing,ナノ,Anime,2017-05-31,285.23,128,756e79,70.93701;84.18898;50.669292;61.972443;46.771652;50.669292;89.255905;53.007874;56.90551;56.515747;51.44882;42.484253;40.535435;47.940945;37.417324;48.330708;49.889763;64.31102;49.110237;61.582676;79.12205;99.0;41.31496;0.0;,eb64be,644942,7510.0,Archivo de audio MPEG,285257.0,2017.0,256.0,44100.0,100.0,100.0,9571.0,5.0,1.0,3.0,3825877786.0,2025-03-27 05:49:46,,,,18,-2.0
ナノ,Nameless Nemesis,ナノ,The Crossing,ナノ,Anime,2017-05-31,293.09,140,68695b,51.44882;99.0;64.70079;61.972443;68.59843;42.874016;72.49606;46.38189;33.12992;40.145668;43.65354;40.925198;46.771652;68.59843;53.7874;53.7874;66.25984;67.81889;65.480316;58.854332;51.44882;59.244095;34.688976;0.0;,d34c2e,8b4241,7512.0,Archivo de audio MPEG,293120.0,2017.0,256.0,44100.0,100.0,100.0,11194.0,5.0,1.0,3.0,3826302950.0,2025-04-01 03:55:50,,,,24,2.0
ナノ,Hybrid Heart,ナノ,The Crossing,ナノ,Anime,2017-05-31,238.45,94,0d0813,46.771652;99.0;65.480316;35.078743;46.771652;38.586617;54.56693;48.330708;44.822834;42.874016;37.417324;45.602364;40.925198;59.633858;44.04331;55.34646;70.15748;80.291336;61.192913;59.633858;58.074802;70.54724;42.874016;0.0;,eb5d43,575345,7514.0,Archivo de audio MPEG,238471.0,2017.0,256.0,44100.0,100.0,100.0,10755.0,5.0,1.0,4.0,3826129608.0,2025-03-30 03:46:48,,,,19,1.0
ナノ,Beautiful Disaster,ナノ,The Crossing,ナノ,Anime,2017-05-31,239.96,116,34088a,56.90551;75.22441;57.68504;46.771652;55.34646;51.44882;69.37795;99.0;53.007874;39.755905;42.09449;47.940945;53.7874;62.362206;42.874016;55.73622;66.25984;69.37795;61.192913;61.582676;65.87008;77.95276;36.637794;0.0;,d92587,7f4d4a,7520.0,Archivo de audio MPEG,239986.0,2017.0,256.0,44100.0,100.0,100.0,10804.0,5.0,1.0,3.0,3825853418.0,2025-03-26 23:03:38,,,,20,-1.0
ナノ,Because of You,ナノ,The Crossing,ナノ,Anime,2017-05-31,289.28,85,352d12,46.771652;99.0;56.125984;47.16142;52.228348;76.3937;62.75197;48.720474;38.19685;35.468506;54.95669;39.366142;49.110237;62.75197;35.85827;50.669292;51.44882;56.515747;45.602364;38.19685;38.97638;39.366142;19.48819;0.0;,824d0b,826916,7524.0,Archivo de audio MPEG,289306.0,2017.0,256.0,44100.0,100.0,100.0,7953.0,5.0,1.0,1.0,3820137420.0,2025-01-19 19:17:00,,,,22,1.0
ナノ,Milestone,ナノ,The Crossing,ナノ,Anime,2017-05-31,237.77,121,ce7bb6,41.31496;90.03543;54.177166;44.43307;48.720474;52.228348;70.93701;53.397636;51.44882;47.16142;41.31496;44.04331;58.464565;74.055115;53.397636;67.81889;79.51181;99.0;58.854332;56.125984;56.125984;65.87008;38.97638;0.0;,cd2e44,6e534b,7526.0,Archivo de audio MPEG,237792.0,2017.0,256.0,44100.0,100.0,100.0,7923.0,5.0,1.0,5.0,3830870433.0,2025-05-23 23:40:33,,,,23,
ナノ,We Are the Vanguard,ナノ,Noixe,ナノ,Anime,2023-02-08,209.55,160,030408,99.0;70.54724;43.65354;47.940945;34.299213;24.165356;38.97638;34.688976;26.503939;23.385828;26.893702;28.452757;35.85827;44.43307;33.90945;47.55118;49.110237;57.295277;46.38189;51.059055;67.03937;78.342514;50.669292;0.0;,fe9186,838088,7532.0,Archivo de audio MPEG,209580.0,2023.0,256.0,44100.0,100.0,100.0,10375.0,5.0,1.0,1.0,3820042512.0,2025-01-18 16:55:12,,,,27,1.0
ナノ,A Nameless Color,ナノ,Noixe,ナノ,Anime,2023-02-08,226.98,100,9e1f7a,57.68504;99.0;61.582676;43.65354;33.90945;45.602364;43.65354;29.622047;33.90945;28.452757;22.996063;29.622047;37.027557;37.417324;33.519684;38.586617;39.755905;45.602364;44.822834;49.889763;40.925198;38.97638;24.555119;0.0;,c6bc28,131018,7534.0,Archivo de audio MPEG,227004.0,2023.0,256.0,44100.0,100.0,100.0,11401.0,5.0,1.0,3.0,3820854577.0,2025-01-28 02:29:37,,,,21,1.0
ナノ,Broken Voices,ナノ,Noixe,ナノ,Anime,2023-02-08,240.48,93,03080b,67.03937;99.0;53.7874;40.925198;49.5;35.468506;40.145668;47.55118;40.145668;33.12992;28.84252;36.24803;31.570868;40.925198;31.181103;49.5;59.244095;59.244095;61.192913;68.59843;75.22441;94.7126;52.228348;0.0;,fd9684,b0bfb5,7536.0,Archivo de audio MPEG,240509.0,2023.0,256.0,44100.0,100.0,100.0,10366.0,5.0,1.0,5.0,3837183893.0,2025-08-05 01:24:53,,,,20,
ナノ,Devil in Me,ナノ,Devil in Me - Single,ナノ,Rock,2025-06-18,241.37,95,08060d,57.68504;81.07086;40.145668;34.688976;29.622047;30.79134;61.972443;41.31496;32.350395;33.90945;39.366142;49.110237;53.397636;56.125984;31.570868;60.02362;68.98819;88.47638;90.42519;93.15354;98.61023;99.0;40.145668;0.0;,fb5f81,969d91,26096.0,Archivo de audio MPEG,241397.0,2025.0,256.0,44100.0,100.0,100.0,13248.0,5.0,1.0,1.0,3833349231.0,2025-06-21 16:13:51,,,,22,2.0
フレデリック,Future Ice Cream,フレデリック,Ototune,フレデリック,J-Rock,2015-11-25,305.85,90,09060e,44.822834;99.0;49.5;39.366142;37.417324;27.67323;53.397636;30.401575;33.90945;45.2126;27.67323;48.330708;63.531494;65.87008;30.401575;47.55118;64.31102;44.43307;48.720474;36.637794;50.669292;47.16142;21.43701;0.0;,cc651d,0c110b,5540.0,Audio Apple Lossless,305853.0,2015.0,2304.0,48000.0,100.0,100.0,10036.0,5.0,1.0,9.0,3837427826.0,2025-08-07 21:10:26,,,,21,1.0
フレデリック,For You Ufo,フレデリック,Ototune,フレデリック,J-Rock,2015-11-25,252.56,135,b0aa8b,48.330708;99.0;67.03937;52.228348;38.19685;53.007874;35.85827;44.04331;35.078743;41.704723;37.027557;44.43307;49.110237;64.70079;51.059055;46.771652;82.24016;60.02362;55.73622;47.16142;38.586617;61.972443;39.366142;0.0;,ce5e21,c19d3a,5542.0,Audio Apple Lossless,252563.0,2015.0,2304.0,48000.0,100.0,100.0,9943.0,5.0,1.0,13.0,3837790881.0,2025-08-12 02:01:21,,,,27,1.0
フレデリック,Uso,フレデリック,Ototune,フレデリック,J-Rock,2015-11-25,284.12,127,725967,54.177166;99.0;71.32677;47.16142;53.7874;38.97638;44.04331;24.944883;20.267717;28.452757;25.334646;29.232285;28.062992;31.570868;23.77559;33.519684;37.027557;34.299213;39.366142;34.688976;37.807087;43.65354;26.503939;0.0;,96ec40,160c19,5548.0,Audio Apple Lossless,284119.0,2015.0,2304.0,48000.0,100.0,100.0,4442.0,5.0,1.0,9.0,3837792709.0,2025-08-12 02:31:49,,,,29,
フレデリック,Owarase Night,フレデリック,Owarase Night,フレデリック,J-Rock,2015-05-06,263.6,150,6b515d,61.582676;99.0;58.854332;44.822834;35.85827;43.26378;73.27559;53.7874;42.09449;42.484253;51.059055;51.44882;56.125984;47.55118;35.85827;56.125984;68.98819;63.531494;45.2126;42.09449;45.992126;56.125984;28.062992;0.0;,cc5324,252517,5556.0,Archivo de audio MPEG,263627.0,2015.0,256.0,44100.0,100.0,100.0,7421.0,5.0,1.0,2.0,3835543084.0,2025-07-17 01:38:04,三原 康司,,,36,3.0
フレデリック,DNA Desu,フレデリック,Owarase Night,フレデリック,J-Rock,2015-05-06,218.49,160,040c0d,68.208664;92.76378;63.14173;43.26378;45.602364;58.464565;60.413383;43.65354;30.011812;39.755905;52.228348;59.633858;45.602364;60.413383;41.31496;74.055115;67.03937;69.767715;62.75197;68.208664;54.56693;99.0;34.688976;0.0;,f95c6d,8e6e62,5558.0,Archivo de audio MPEG,218514.0,2015.0,256.0,44100.0,100.0,100.0,8055.0,5.0,1.0,2.0,3825765700.0,2025-03-25 22:41:40,[Source from www.alljpnews.com],,,32,-23.0
フレデリック,Sweater Wo Nugasanaide,フレデリック,Owarase Night,フレデリック,J-Rock,2015-05-06,259.45,128,625c65,51.44882;99.0;69.37795;46.771652;37.027557;42.874016;36.637794;45.2126;35.85827;33.12992;31.96063;35.078743;33.90945;43.65354;44.04331;56.125984;51.44882;65.87008;56.90551;58.074802;51.44882;63.531494;42.874016;0.0;,ed8b3f,202622,5564.0,Archivo de audio MPEG,259474.0,2015.0,256.0,44100.0,100.0,100.0,6382.0,5.0,1.0,1.0,3820350239.0,2025-01-22 06:23:59,[Source from www.alljpnews.com],,,41,2.0
フレデリック,Ai No Meiwaku,フレデリック,Owarase Night,フレデリック,J-Rock,2015-05-06,206.26,94,180b1c,59.244095;99.0;62.75197;40.535435;28.84252;42.874016;36.637794;30.011812;28.84252;35.85827;29.232285;51.83858;59.244095;51.44882;34.299213;49.110237;57.295277;63.531494;40.145668;52.228348;57.68504;60.02362;27.67323;0.0;,e88337,1b211e,5566.0,Archivo de audio MPEG,206288.0,2015.0,256.0,44100.0,100.0,100.0,6781.0,5.0,1.0,2.0,3835537139.0,2025-07-16 23:58:59,[Source from www.alljpnews.com],,,32,-23.0
フレデリック,Sayonara Curtain,フレデリック,Owarase Night,フレデリック,J-Rock,2015-05-06,254.9,130,67616b,63.14173;99.0;68.98819;49.110237;66.649605;65.09055;84.578735;49.889763;38.97638;33.90945;46.771652;53.397636;54.95669;63.921257;34.688976;49.5;78.732285;61.192913;45.602364;48.720474;62.362206;58.074802;36.24803;0.0;,ca432c,4b3026,5568.0,Archivo de audio MPEG,254928.0,2015.0,256.0,44100.0,100.0,100.0,6263.0,5.0,1.0,6.0,3835548607.0,2025-07-17 03:10:07,[Source from www.alljpnews.com],,,35,-23.0
フレデリック,Peppermint Gum,フレデリック,Peppermint Gum - Single,フレデリック,J-Rock,2023-11-08,230.97,100,126ec5,99.0;58.464565;46.38189;27.67323;41.704723;35.85827;41.704723;22.216536;16.370079;20.267717;23.77559;19.098427;15.590553;17.539371;14.811024;21.826773;33.12992;24.165356;22.6063;24.944883;21.43701;22.216536;12.08268;0.0;,94fa64,682431,5570.0,Audio Apple Lossless,230968.0,2023.0,2304.0,48000.0,100.0,100.0,3083.0,5.0,1.0,3.0,3837450966.0,2025-08-08 03:36:06,,,,30,1.0
フレデリック,Sparkle Dancer,フレデリック,Sparkle Dancer - Single,フレデリック,J-Rock,2023-01-25,208.59,141,626363,68.59843;99.0;74.444885;40.535435;38.97638;51.059055;42.09449;40.535435;29.622047;33.12992;33.90945;39.755905;38.97638;55.34646;40.925198;48.720474;68.59843;66.649605;58.464565;63.531494;62.362206;57.68504;34.299213;0.0;,ed873e,8f8875,5572.0,Archivo de audio MPEG,208613.0,2023.0,256.0,44100.0,100.0,100.0,8322.0,5.0,1.0,4.0,3831459021.0,2025-05-30 19:10:21,,,,32,2.0
フレデリック,Togenkyo,フレデリック,Togenkyo,フレデリック,J-Rock,2017-10-06,237.38,90,1e0e1f,40.925198;99.0;44.822834;22.216536;20.267717;44.04331;18.708662;25.334646;20.267717;42.874016;24.944883;40.145668;54.56693;54.177166;29.232285;36.24803;53.7874;49.5;36.24803;36.637794;35.468506;35.85827;24.165356;0.0;,c48014,100e15,5574.0,Archivo de audio AAC,237353.0,2017.0,317.0,44100.0,100.0,100.0,11630.0,5.0,1.0,3.0,3837343810.0,2025-08-06 21:50:10,,,,21,4.0
フレデリック,Slowly Dance,フレデリック,Togenkyo,フレデリック,J-Rock,2017-10-18,265.43,130,848584,47.16142;99.0;71.32677;52.228348;50.669292;51.059055;50.279526;38.586617;38.19685;44.822834;36.24803;47.940945;49.889763;53.007874;34.299213;44.04331;54.177166;56.125984;60.413383;64.31102;49.889763;70.54724;37.027557;0.0;,f37c4a,8c3f3b,5576.0,Archivo de audio AAC,265403.0,2017.0,318.0,44100.0,100.0,100.0,10233.0,5.0,1.0,5.0,3835100583.0,2025-07-11 22:43:03,三原 康司,,,37,1.0
フレデリック,Tarinaieye,フレデリック,Togenkyo,フレデリック,J-Rock,2017-10-18,273.51,123,db63d4,51.44882;99.0;40.535435;29.622047;19.877954;19.098427;35.85827;24.165356;38.97638;27.283466;22.996063;39.755905;32.350395;39.755905;33.519684;42.874016;41.704723;51.059055;43.26378;42.874016;22.996063;31.96063;16.370079;0.0;,c79317,2b1b29,5580.0,Archivo de audio AAC,273483.0,2017.0,318.0,44100.0,100.0,100.0,7920.0,5.0,1.0,1.0,3829990167.0,2025-05-13 19:09:27,三原 康司,,,24,9.0
フレデリック,Midnight Glider,フレデリック,Togenkyo,フレデリック,J-Rock,2017-10-18,236.73,135,7a7a7a,35.85827;99.0;43.65354;30.79134;24.944883;41.704723;37.417324;58.854332;26.114174;31.96063;28.84252;45.992126;44.04331;57.295277;49.889763;53.397636;69.767715;44.04331;33.90945;38.19685;36.637794;37.027557;28.452757;0.0;,b65e11,0e1208,5582.0,Archivo de audio AAC,236703.0,2017.0,320.0,44100.0,100.0,100.0,14331.0,5.0,1.0,4.0,3837265380.0,2025-08-06 00:03:00,三原 康司,,,26,5.0
フレデリック,Midnight Creative Drive,フレデリック,Yuyukaneikaiyuroku,フレデリック,J-Rock,2023-02-22,235.34,127,7c7880,79.51181;99.0;51.059055;45.992126;24.555119;45.2126;45.2126;30.79134;26.503939;26.114174;33.90945;31.181103;32.740158;34.688976;22.216536;32.350395;34.299213;33.519684;35.468506;41.31496;42.09449;44.43307;29.622047;0.0;,c4dd4b,291525,5594.0,Archivo de audio MPEG,235363.0,2023.0,256.0,44100.0,100.0,100.0,4052.0,5.0,1.0,3.0,3834355893.0,2025-07-03 07:51:33,三原康司,,,42,2.0
フレデリック,瞳のランデヴー,Fujifabric & フレデリック,瞳のランデヴー - Single,Fujifabric & フレデリック,J-Rock,2023-03-15,257.33,160,0b0711,51.059055;99.0;64.70079;38.19685;41.704723;44.04331;56.125984;42.874016;44.822834;41.31496;29.622047;43.26378;42.09449;46.771652;38.97638;50.279526;57.295277;53.397636;56.90551;65.480316;65.09055;63.531494;43.26378;0.0;,f67e50,393d32,5602.0,Archivo de audio MPEG,257358.0,2023.0,256.0,44100.0,100.0,100.0,6895.0,5.0,1.0,4.0,3837241022.0,2025-08-05 17:17:02,,,,23,2.0
フレデリック,ANSWER,フレデリック×須田景凪,ANSWER,フレデリック,J-Rock,2021,222.59,150,bf9fcd,73.66535;99.0;73.27559;57.295277;56.90551;47.940945;77.95276;47.55118;45.602364;40.925198;37.027557;41.704723;54.95669;76.78346;46.38189;54.95669;71.32677;63.14173;67.81889;63.14173;66.649605;60.80315;39.366142;0.0;,e75c3e,724c47,10694.0,Archivo de audio AAC coincidente,222533.0,2021.0,256.0,44100.0,100.0,100.0,7368.0,5.0,1.0,2.0,3830025103.0,2025-05-14 04:51:43,,,,27,1.0
フレデリック,TOMOSHI BEAT,フレデリック,ANSWER,フレデリック,J-Rock,2021,194.28,143,77616f,66.649605;99.0;73.66535;44.04331;60.02362;37.807087;54.95669;57.68504;43.65354;48.720474;51.83858;51.44882;53.7874;63.14173;42.09449;56.125984;64.70079;69.37795;72.885826;72.885826;59.633858;64.70079;34.688976;0.0;,ea5b43,5e4a40,10696.0,Audio Apple Lossless,194277.0,2021.0,1536.0,48000.0,100.0,100.0,6898.0,5.0,1.0,6.0,3837351813.0,2025-08-07 00:03:33,Koji Mihara,,,30,3.0
フレデリック,オドループ,フレデリック,oddloop,フレデリック,J-Pop,2014-09-24,255.29,172,030306,59.244095;99.0;54.177166;49.889763;45.992126;60.02362;37.027557;31.96063;32.740158;40.145668;30.011812;36.637794;36.637794;64.70079;37.417324;47.55118;63.531494;64.70079;53.007874;42.09449;38.97638;51.059055;27.283466;0.0;,cf791c,0f130b,10704.0,Audio Apple Lossless,255293.0,2014.0,1536.0,48000.0,100.0,100.0,9314.0,5.0,1.0,4.0,3837353897.0,2025-08-07 00:38:17,三原康司,,,29,1.0
フレデリック,PEEK A BOO,フレデリック,PEEK A BOO,フレデリック,J-Rock,2024,232.71,111,945652,76.00394;99.0;90.03543;86.52756;68.59843;60.80315;78.732285;47.940945;56.515747;43.65354;53.7874;60.80315;33.12992;45.2126;30.79134;37.807087;31.570868;37.417324;33.90945;42.484253;45.992126;54.56693;28.84252;0.0;,1cce8e,57990d,10718.0,Audio Apple Lossless,232710.0,2024.0,1536.0,48000.0,100.0,100.0,3652.0,5.0,1.0,3.0,3829853798.0,2025-05-12 05:16:38,,,,36,1.0
フレデリック,ほねのふね,フレデリック,うちゅうにむちゅう,フレデリック,J-Rock,2014,202.16,104,200ba8,50.279526;99.0;61.972443;35.078743;43.26378;56.125984;51.059055;54.95669;44.43307;37.027557;31.570868;23.77559;22.216536;32.350395;25.724411;36.24803;33.519684;27.67323;21.43701;29.622047;24.165356;19.098427;8.964569;0.0;,43c326,090724,10736.0,Audio Apple Lossless,202161.0,2014.0,2304.0,48000.0,100.0,100.0,6858.0,5.0,1.0,1.0,3831378629.0,2025-05-29 20:50:29,みはらこーじ,,,26,-1.0
フレデリック,かなしいうれしい,フレデリック,かなしいうれしい,フレデリック,Anime,2017,285.31,142,969799,82.62992;99.0;49.110237;44.04331;28.062992;27.67323;24.555119;21.047245;21.047245;26.893702;24.165356;26.893702;31.181103;55.73622;53.7874;50.669292;60.02362;62.75197;59.633858;47.55118;50.279526;53.007874;31.570868;0.0;,e79338,7b777f,10738.0,Audio Apple Lossless,285305.0,2017.0,2304.0,48000.0,100.0,100.0,11029.0,5.0,1.0,3.0,3837265143.0,2025-08-05 23:59:03,三原康嗣,,,41,1.0
フレデリック,まちがいさがしの国,フレデリック,かなしいうれしい,フレデリック,Anime,2017,223.53,103,0935af,35.468506;99.0;43.65354;25.334646;24.165356;26.114174;30.401575;22.6063;17.539371;24.555119;20.657482;31.181103;33.519684;49.110237;31.181103;44.43307;56.90551;53.007874;46.38189;39.366142;34.299213;52.228348;28.452757;0.0;,dd8c29,6e515c,10742.0,Audio Apple Lossless,223529.0,2017.0,2304.0,48000.0,100.0,100.0,9490.0,5.0,1.0,3.0,3833805181.0,2025-06-26 22:53:01,三原康嗣 & 三原康嗣,,,28,3.0
フレデリック,オンリーワンダー,フレデリック,オンリーワンダー,フレデリック,J-Rock,2016,284.92,168,07060d,71.71654;99.0;72.1063;44.822834;45.602364;54.95669;46.771652;67.03937;45.2126;51.44882;43.65354;60.413383;40.535435;49.889763;40.145668;61.192913;62.362206;66.25984;62.362206;70.54724;73.27559;81.85039;45.2126;0.0;,fc706c,5c5145,10744.0,Audio Apple Lossless,284920.0,2016.0,2304.0,48000.0,100.0,100.0,8200.0,5.0,1.0,2.0,3837266851.0,2025-08-06 00:27:31,三原 康司,,,30,1.0
フレデリック,サイカ,フレデリック,サイカ,フレデリック,Anime,2021,255.13,110,3bd627,63.531494;99.0;60.80315;31.181103;33.90945;56.125984;49.110237;36.24803;37.417324;42.874016;35.078743;37.027557;29.232285;26.114174;22.6063;23.385828;28.062992;29.232285;29.622047;33.90945;32.740158;41.31496;29.622047;0.0;,83f349,5e0c6e,10754.0,Audio Apple Lossless,255132.0,2021.0,1536.0,48000.0,100.0,100.0,4873.0,5.0,1.0,4.0,3837783251.0,2025-08-11 23:54:11,,,,31,1.0
フレデリック,リリリピート,フレデリック,フレデリズム,フレデリック,J-Rock,2016,273.81,180,0c0712,55.34646;99.0;40.535435;31.570868;26.503939;27.67323;30.79134;27.67323;30.011812;22.6063;27.283466;35.85827;42.874016;57.68504;40.535435;57.295277;54.95669;47.16142;46.38189;45.2126;43.26378;42.874016;27.67323;0.0;,d88024,18191e,10758.0,Archivo de audio AAC coincidente,273746.0,2016.0,256.0,44100.0,100.0,100.0,9657.0,5.0,1.0,3.0,3837264653.0,2025-08-05 23:50:53,三原康司,,,40,1.0
フレデリック,KITAKU BEATS,フレデリック,フレデリズム,フレデリック,J-Rock,2016,260.57,150,74535d,44.822834;99.0;53.7874;32.740158;29.232285;43.65354;48.720474;24.165356;38.19685;27.283466;27.67323;27.67323;37.417324;42.09449;25.334646;37.417324;49.5;40.535435;37.807087;35.85827;35.468506;43.26378;30.011812;0.0;,c0ab1b,100b14,10762.0,Archivo de audio AAC coincidente,260506.0,2016.0,256.0,44100.0,100.0,100.0,7703.0,5.0,1.0,5.0,3835862771.0,2025-07-20 18:26:11,三原康司,,,31,1.0
フレデリック,ナイトステップ,フレデリック,フレデリズム,フレデリック,J-Rock,2016,230.31,124,b5bfcc,45.602364;99.0;31.181103;41.704723;22.996063;24.944883;47.55118;29.622047;26.503939;22.6063;27.67323;34.299213;42.874016;45.992126;28.062992;38.97638;45.2126;37.417324;41.704723;38.19685;37.027557;54.177166;33.519684;0.0;,e29932,583339,10770.0,Audio Apple Lossless,230306.0,2016.0,2304.0,48000.0,100.0,100.0,7196.0,5.0,1.0,6.0,3835859716.0,2025-07-20 17:35:16,三原康司,,,34,2.0
フレデリック,音楽という名前の服,フレデリック,フレデリズム,フレデリック,J-Rock,2016,281.7,126,7d7c6c,40.535435;99.0;44.822834;29.622047;24.555119;37.027557;32.350395;26.114174;26.114174;37.417324;43.65354;46.771652;41.704723;41.704723;30.011812;31.96063;55.34646;41.704723;46.38189;44.04331;44.43307;58.854332;35.468506;0.0;,e78c36,9834d5,10780.0,Archivo de audio AAC coincidente,281640.0,2016.0,256.0,44100.0,100.0,100.0,7114.0,5.0,1.0,4.0,3837265662.0,2025-08-06 00:07:42,三原康司,,,25,1.0
フレデリック,Endless Mayday,フレデリック,フレデリズム 2,フレデリック,J-Rock,2019,163.13,85,08060e,38.586617;99.0;56.515747;58.074802;32.740158;48.720474;59.244095;52.61811;44.43307;36.637794;49.110237;58.464565;57.295277;68.59843;62.362206;65.480316;92.374016;81.07086;95.88189;76.78346;58.464565;81.85039;60.02362;0.0;,e3424e,766a5c,10790.0,Audio Apple Lossless,163134.0,2019.0,2304.0,48000.0,100.0,100.0,14172.0,5.0,1.0,3.0,3837266566.0,2025-08-06 00:22:46,,,,34,5.0
フレデリック,Touhikou,フレデリック,フレデリズム 2,フレデリック,J-Rock,2019,279.69,140,655b67,58.854332;99.0;60.80315;38.19685;31.181103;32.740158;48.330708;24.165356;20.657482;24.165356;30.79134;29.622047;23.77559;41.704723;26.114174;36.637794;44.822834;38.97638;38.97638;42.09449;41.704723;47.940945;26.893702;0.0;,cdc738,44212d,10794.0,Audio Apple Lossless,279693.0,2019.0,2304.0,48000.0,100.0,100.0,10031.0,5.0,1.0,5.0,3837267396.0,2025-08-06 00:36:36,三原康嗣,,,30,2.0
フレデリック,Sukiraism,フレデリック,フレデリズム 2,フレデリック,J-Rock,2019,200.28,93,0a0611,67.42913;99.0;55.34646;46.771652;37.027557;51.44882;48.720474;37.807087;38.19685;39.755905;39.366142;45.992126;55.73622;82.24016;52.228348;64.70079;72.1063;76.00394;61.582676;65.09055;51.44882;58.464565;34.299213;0.0;,dc5632,524c3f,10796.0,Audio Apple Lossless,200280.0,2019.0,2304.0,48000.0,100.0,100.0,11992.0,5.0,1.0,4.0,3829851624.0,2025-05-12 04:40:24,三原康嗣,,,33,2.0
フレデリック,Yoso no Piranha,フレデリック,フレデリズム 2,フレデリック,J-Rock,2019,199.89,126,6c4d57,77.95276;99.0;38.586617;32.350395;25.724411;30.79134;30.401575;17.539371;20.657482;23.385828;23.385828;29.232285;28.062992;40.145668;29.622047;31.181103;55.34646;38.19685;41.31496;40.535435;39.366142;32.740158;22.216536;0.0;,d2b42d,1d1721,10798.0,Audio Apple Lossless,199889.0,2019.0,2304.0,48000.0,100.0,100.0,6707.0,5.0,1.0,1.0,3833113480.0,2025-06-18 22:44:40,,,,35,4.0
フレデリック,ジャンキー,フレデリック,フレデリズム 3,フレデリック,J-Pop,2022,215.61,150,453e49,82.24016;99.0;60.02362;58.074802;54.56693;45.2126;62.362206;47.940945;42.09449;42.09449;31.570868;56.515747;46.771652;54.56693;43.65354;61.192913;65.09055;66.25984;59.244095;73.66535;78.732285;85.74803;56.125984;0.0;,ff7976,847667,10812.0,Audio Apple Lossless,215605.0,2022.0,1536.0,48000.0,100.0,100.0,6390.0,5.0,1.0,2.0,3837791529.0,2025-08-12 02:12:09,Koji Mihara,,,40,
フレデリック,YONA YONA DANCE (フレデリズム Ver.),フレデリック,フレデリズム 3,フレデリック,J-Pop,2022,231.2,150,795057,81.07086;99.0;59.244095;33.519684;24.944883;43.26378;50.669292;40.145668;56.125984;51.83858;40.925198;39.755905;39.366142;44.43307;31.96063;38.19685;45.2126;48.720474;38.19685;46.38189;62.75197;65.09055;41.31496;0.0;,f3a95d,141a16,10814.0,Audio Apple Lossless,231201.0,2022.0,1536.0,48000.0,20.0,100.0,5451.0,5.0,1.0,,,,Koji Mihara,,,35,1.0
フレデリック,熱帯夜,フレデリック,フレデリズム 3,フレデリック,J-Pop,2022,248.05,130,797979,85.35826;99.0;63.531494;45.602364;31.96063;39.755905;48.330708;40.145668;42.09449;33.12992;30.401575;60.02362;42.09449;70.54724;49.5;63.921257;65.09055;65.480316;68.98819;78.732285;90.81496;91.20473;44.43307;0.0;,fd7b6c,9b9c87,10816.0,Audio Apple Lossless,248050.0,2022.0,1536.0,48000.0,20.0,100.0,9098.0,5.0,1.0,,,,Koji Mihara,,,22,8.0
フレデリック,VISION,フレデリック,フレデリズム 3,フレデリック,J-Pop,2022,250.8,134,7f6b7b,58.854332;99.0;29.622047;16.370079;14.031498;16.370079;22.996063;18.3189;21.43701;22.6063;26.503939;31.570868;35.85827;46.38189;26.893702;41.704723;33.90945;33.12992;37.807087;45.992126;53.007874;56.515747;32.350395;0.0;,eda64a,523c49,10818.0,Audio Apple Lossless,250799.0,2022.0,1536.0,48000.0,20.0,100.0,7005.0,5.0,1.0,,,,三原康司,,,46,3.0
フレデリック,ラベンダ,フレデリック,フレデリズム 3,フレデリック,J-Pop,2022,187.28,124,7344e6,68.98819;99.0;42.484253;35.468506;28.062992;30.011812;33.519684;25.334646;27.283466;17.929134;25.724411;41.31496;36.637794;37.807087;26.503939;37.417324;42.484253;40.535435;44.04331;43.65354;53.7874;56.125984;36.24803;0.0;,e9b44f,7b535b,10820.0,Audio Apple Lossless,187275.0,2022.0,1536.0,48000.0,20.0,100.0,2882.0,5.0,1.0,,,,Koji Mihara,,,39,1.0
フレデリック,サイカ,フレデリック,フレデリズム 3,フレデリック,J-Pop,2022,257.64,110,40d527,63.14173;99.0;61.192913;31.181103;33.90945;56.515747;48.720474;36.24803;37.417324;42.874016;35.078743;37.027557;27.67323;25.724411;22.216536;23.385828;28.062992;29.232285;29.622047;33.90945;32.740158;41.704723;29.622047;0.0;,83f44c,5e0c6e,10822.0,Audio Apple Lossless,257638.0,2022.0,1536.0,48000.0,20.0,100.0,4497.0,5.0,1.0,,,,Koji Mihara,,,31,1.0
フレデリック,ANSWER,フレデリック×須田景凪,フレデリズム 3,フレデリック,J-Pop,2022,223.17,150,a8bef1,74.444885;99.0;74.444885;56.515747;57.295277;47.940945;78.342514;47.55118;45.602364;41.31496;37.417324;42.484253;55.73622;77.56299;46.38189;55.73622;72.49606;63.921257;68.98819;64.31102;67.81889;61.582676;40.145668;0.0;,e85b40,80524e,10824.0,Audio Apple Lossless,223174.0,2022.0,1536.0,48000.0,20.0,100.0,7447.0,5.0,1.0,1.0,3819980810.0,2025-01-17 23:46:50,Koji Mihara & Keina Suda,,,26,2.0
フレデリック,サーチライトランナー,フレデリック,フレデリズム 3,フレデリック,J-Pop,2022,228.45,90,05050c,72.1063;99.0;57.68504;34.688976;45.2126;52.61811;58.854332;43.65354;31.181103;33.12992;32.350395;37.027557;46.38189;56.515747;41.31496;59.244095;81.85039;63.14173;69.767715;86.52756;77.56299;70.54724;33.12992;0.0;,fa735e,7a7b6d,10826.0,Audio Apple Lossless,228453.0,2022.0,1536.0,48000.0,20.0,100.0,8366.0,5.0,1.0,,,,Koji Mihara,,,25,
フレデリック,Wake Me Up,フレデリック,フレデリズム 3,フレデリック,J-Pop,2022,177.69,135,898989,64.70079;99.0;44.04331;22.6063;26.114174;26.503939;26.503939;24.165356;27.67323;28.062992;25.724411;24.555119;28.062992;40.925198;37.807087;45.992126;48.720474;51.83858;47.16142;51.83858;45.992126;41.31496;25.334646;0.0;,e29d34,6d4b54,10828.0,Audio Apple Lossless,177689.0,2022.0,1536.0,48000.0,20.0,100.0,7088.0,5.0,1.0,,,,Koji Mihara,,,39,-3.0
フレデリック,Wanderlust,フレデリック,フレデリズム 3,フレデリック,J-Pop,2022,212.99,129,646168,89.64567;99.0;32.350395;24.555119;29.232285;27.283466;33.90945;29.622047;32.350395;39.366142;37.417324;35.85827;45.992126;50.279526;33.12992;43.26378;49.889763;43.65354;49.5;57.68504;65.87008;75.22441;45.2126;0.0;,fa9765,525257,10830.0,Audio Apple Lossless,212991.0,2022.0,1536.0,48000.0,20.0,100.0,4641.0,5.0,1.0,,,,Koji Mihara,,,31,
フレデリック,YOU RAY,フレデリック,フレデリズム 3,フレデリック,J-Pop,2022,234.13,127,6c5968,65.87008;99.0;59.244095;32.350395;25.334646;27.67323;21.826773;18.3189;15.590553;14.421261;12.8622055;10.523624;10.133862;12.08268;9.354332;13.641735;13.251968;15.20079;15.20079;19.48819;18.3189;19.098427;10.913387;0.0;,7cf651,4e1e2d,10832.0,Audio Apple Lossless,234133.0,2022.0,1536.0,48000.0,100.0,100.0,2015.0,5.0,1.0,6.0,3837451475.0,2025-08-08 03:44:35,Koji Mihara,,,31,
フレデリック,蜃気楼,フレデリック,フレデリズム 3,フレデリック,J-Pop,2022,245.09,160,0a0711,99.0;85.74803;85.35826;65.87008;58.464565;53.7874;78.732285;52.61811;46.771652;51.44882;37.417324;65.87008;62.75197;70.54724;45.602364;68.98819;76.3937;71.71654;67.03937;84.18898;95.49213;99.0;62.75197;0.0;,f95e90,876e62,10834.0,Audio Apple Lossless,245094.0,2022.0,1536.0,48000.0,100.0,100.0,8335.0,5.0,1.0,3.0,3837427111.0,2025-08-07 20:58:31,Koji Mihara,,,32,1.0
フレデリック,TOMOSHI BEAT,フレデリック,フレデリズム 3,フレデリック,J-Pop,2022,194.82,143,6f6471,63.14173;99.0;70.93701;43.65354;60.413383;38.586617;57.68504;60.413383;47.940945;52.61811;57.295277;57.68504;60.413383;72.49606;48.330708;63.921257;73.27559;75.614174;76.3937;75.22441;60.413383;64.70079;33.90945;0.0;,dd4540,694c45,10836.0,Audio Apple Lossless,194817.0,2022.0,1536.0,48000.0,20.0,100.0,9223.0,5.0,1.0,2.0,3821808689.0,2025-02-08 03:31:29,Koji Mihara,,,28,2.0
フレデリック,名悪役,フレデリック,フレデリズム 3,フレデリック,J-Pop,2022,223.31,110,a31baa,95.49213;87.30708;54.56693;38.19685;52.228348;54.56693;58.464565;61.582676;42.09449;38.19685;42.09449;59.633858;50.669292;58.074802;50.279526;62.75197;95.49213;61.972443;71.71654;99.0;91.20473;93.15354;45.2126;0.0;,fb617f,878573,10838.0,Audio Apple Lossless,223305.0,2022.0,1536.0,48000.0,20.0,100.0,7567.0,5.0,1.0,1.0,3831498482.0,2025-05-31 06:08:02,Koji Mihara,,,24,1.0
フレデリック,飄々とエモーション,フレデリック,飄々とエモーション,フレデリック,J-Rock,2018,290.21,140,a39bac,99.0;95.88189;49.889763;47.55118;44.04331;71.32677;78.732285;42.874016;33.519684;38.586617;40.145668;56.90551;38.586617;64.70079;51.44882;56.90551;62.362206;51.059055;76.3937;77.173225;61.582676;61.192913;37.417324;0.0;,f86c5a,615549,10840.0,Audio Apple Lossless,290213.0,2018.0,2304.0,48000.0,100.0,100.0,9901.0,5.0,1.0,2.0,3831969545.0,2025-06-05 16:59:05,三原康嗣,,,28,6.0
フレデリック,シンセンス,フレデリック,飄々とエモーション,フレデリック,J-Rock,2018,245.75,140,826a7a,73.27559;86.91732;38.586617;53.007874;41.31496;40.145668;50.279526;33.90945;30.011812;46.38189;40.145668;47.940945;54.56693;68.98819;40.925198;55.34646;92.374016;68.208664;65.87008;69.37795;68.98819;99.0;71.32677;0.0;,f95c72,71756c,10842.0,Audio Apple Lossless,245746.0,2018.0,2304.0,48000.0,100.0,100.0,8082.0,5.0,1.0,2.0,3832138975.0,2025-06-07 16:02:55,三原康嗣,,,31,2.0
フレデリック,煌舟,フレデリック,CITRUS CURIO CITY,フレデリック,J-Rock,2024-11-20,239.77,71,6d6d71,99.0;79.90157;65.09055;58.074802;36.637794;51.44882;46.38189;44.822834;42.874016;37.807087;38.97638;42.09449;48.720474;65.09055;48.330708;64.31102;91.20473;77.95276;65.480316;67.03937;73.27559;89.64567;53.007874;0.0;,fa616f,918876,10906.0,Archivo de audio MPEG,239830.0,2024.0,320.0,44100.0,100.0,100.0,11237.0,5.0,1.0,3.0,3827296984.0,2025-04-12 15:03:04,,,,32,2.0
フレデリック,Yona Yona Dance (Frederhythm Ver.),フレデリック,YONA YONA DANCE (Frederhythm Ver.) - Single,フレデリック,J-Rock,2022-01-19,229.27,150,7a5259,80.6811;99.0;60.413383;33.519684;25.334646;43.65354;50.669292;40.145668;56.515747;51.83858;40.535435;38.97638;38.97638;43.65354;31.181103;37.417324;44.43307;47.55118;37.027557;44.822834;61.192913;63.921257;40.535435;0.0;,f0af5c,0e1311,13792.0,Archivo de audio AAC,229250.0,2022.0,331.0,48000.0,100.0,100.0,5086.0,5.0,1.0,2.0,3834341282.0,2025-07-03 03:48:02,,,,35,1.0
フレデリック,KANPAI FUNK,meiyo feat. フレデリック,POP SOS,meiyo,J-Pop,2023-12-06,214.23,134,7b707d,79.90157;99.0;70.93701;50.669292;38.586617;48.720474;39.755905;35.85827;35.85827;33.90945;37.417324;45.602364;38.586617;51.83858;40.145668;40.535435;52.228348;50.279526;44.04331;45.602364;54.56693;59.244095;36.24803;0.0;,e1b03d,0b110b,15988.0,Archivo de audio AAC,214204.0,2023.0,323.0,48000.0,100.0,100.0,6937.0,5.0,1.0,2.0,3834334139.0,2025-07-03 01:48:59,,,,32,2.0
