Album,Artist,Genre,Name,Total Time,carpeta_esquema,filename,playlist,ruta_absoluta,Album Artist,Album Rating,Album Rating Computed,Artwork Count,BPM,Bit Rate,Comments,Compilation,Composer,Date Added,Date Modified,Disc Count,Disc Number,Disliked,Explicit,File Folder Count,Kind,Library Folder Count,Location,Loved,Matched,Normalization,Persistent ID,Play Count,Play Date,Play Date UTC,Purchased,Rating,Rating Computed,Release Date,Sample Rate,Size,Skip Count,Skip Date,Sort Album,Sort Album Artist,Sort Artist,Sort Name,Track Count,Track ID,Track Number,Track Type,Year
Ado's Utattemita Album,Ado,J-Pop,Dried Flowers,4:48,,01 Dried Flowers.mp3,Ado,D:\Códigos\Musica-Analisis\files\xml\Pre_RAW\Ado.xml,Ado,100,,1,74,256,Se encuentra en spotify,,,2024-09-26 20:47:05,2026-01-07 20:53:53,1,1,,,5,Archivo de audio MPEG,1,file://localhost/E:/iTunes/iTunes%20Media/Music/Ado/Ado's%20Utattemita%20Album/01%20Dried%20Flowers.mp3,,,6239,231AD0DF37853FD8,6,3839941651,2025-09-05 23:27:31,,100,,,44100,9329863,,,,,,,10,4501,1,File,2023
Ado's Utattemita Album,Ado,J-Pop,Kazarijyanainoyonamidawa,4:12,,02 Kazarijyanainoyonamidawa.mp3,Ado,D:\Códigos\Musica-Analisis\files\xml\Pre_RAW\Ado.xml,Ado,100,,1,89,256,Se encuentra en spotify,,,2024-09-26 20:47:05,2026-01-07 18:01:34,1,1,,,5,Archivo de audio MPEG,1,file://localhost/E:/iTunes/iTunes%20Media/Music/Ado/Ado's%20Utattemita%20Album/02%20Kazarijyanainoyonamidawa.mp3,,,9618,1BE817E3E054AF4B,8,3847110323,2025-11-27 23:45:23,,100,,,44100,8171291,,,,,,,10,4503,2,File,2023
Ado's Utattemita Album,Ado,J-Pop,Aishite Aishite Aishite,4:18,,03 Aishite Aishite Aishite.mp3,Ado,D:\Códigos\Musica-Analisis\files\xml\Pre_RAW\Ado.xml,Ado,100,,1,115,256,Se encuentra en spotify,,Kikuo,2024-09-26 20:47:06,2026-01-07 21:41:06,1,1,,,5,Archivo de audio MPEG,1,file://localhost/E:/iTunes/iTunes%20Media/Music/Ado/Ado's%20Utattemita%20Album/03%20Aishite%20Aishite%20Aishite.mp3,,,11299,1677AC31F75FA944,6,3842283880,2025-10-03 02:04:40,,100,,,44100,8356864,,,,,,,10,4505,3,File,2023
Ado's Utattemita Album,Ado,J-Pop,Kawaikute Gomen,3:39,,05 Kawaikute Gomen.mp3,Ado,D:\Códigos\Musica-Analisis\files\xml\Pre_RAW\Ado.xml,Ado,100,,1,160,256,Se encuentra en spotify,,,2024-09-26 20:47:06,2026-01-07 18:09:05,1,1,,,5,Archivo de audio MPEG,1,file://localhost/E:/iTunes/iTunes%20Media/Music/Ado/Ado's%20Utattemita%20Album/05%20Kawaikute%20Gomen.mp3,,,11204,5C8A1F414C330436,4,3844415846,2025-10-27 19:17:26,,100,,,44100,7101306,,,,,,,10,4509,5,File,2023
Ado's Utattemita Album,Ado,J-Pop,unravel,3:58,,08 unravel.mp3,Ado,D:\Códigos\Musica-Analisis\files\xml\Pre_RAW\Ado.xml,Ado,100,,1,135,256,Se encuentra en spotify,,Tōru Kitajima,2024-09-26 20:47:06,2026-01-07 18:20:01,1,1,,,5,Archivo de audio MPEG,1,file://localhost/E:/iTunes/iTunes%20Media/Music/Ado/Ado's%20Utattemita%20Album/08%20unravel.mp3,,,12369,CA66767F6218BD15,7,3845707321,2025-11-11 18:02:01,,100,,,44100,7716534,,,,,,,10,4515,8,File,2023
Ado's Utattemita Album,Ado,J-Pop,Buriki No Dance,3:19,,09 Buriki No Dance.mp3,Ado,D:\Códigos\Musica-Analisis\files\xml\Pre_RAW\Ado.xml,Ado,100,,1,172,256,Se encuentra en spotify,,Hinatadenkou,2024-09-26 20:47:07,2026-01-07 21:35:54,1,1,,,5,Archivo de audio MPEG,1,file://localhost/E:/iTunes/iTunes%20Media/Music/Ado/Ado's%20Utattemita%20Album/09%20Buriki%20No%20Dance.mp3,,,15169,51E0F1BFE8B4DBFE,3,3837409214,2025-08-07 16:00:14,,100,,,44100,6452634,,,,,,,10,4517,9,File,2023
MIRROR - Single,Ado,J-Pop,MIRROR,2:58,,01 MIRROR.mp3,Ado,D:\Códigos\Musica-Analisis\files\xml\Pre_RAW\Ado.xml,Ado,100,,1,89,256,Se encuentra en spotify,,CHINOZO,2024-09-26 20:47:07,2026-01-07 20:36:44,1,1,,,5,Archivo de audio MPEG,1,file://localhost/E:/iTunes/iTunes%20Media/Music/Ado/MIRROR%20-%20Single/01%20MIRROR.mp3,,,4960,3972EB07B7D1409E,9,3851874200,2026-01-22 03:03:20,,100,,,44100,5816637,,,,,,,1,4521,1,File,2024
Value - Single,Ado,J-Pop,Value,3:05,,01 Value.mp3,Ado,D:\Códigos\Musica-Analisis\files\xml\Pre_RAW\Ado.xml,Ado,100,,1,80,256,Se encuentra en spotify,,ポリスピカデリー,2024-09-26 20:47:07,2025-10-17 06:58:07,1,1,,,5,Archivo de audio MPEG,1,file://localhost/E:/iTunes/iTunes%20Media/Music/Ado/Value%20-%20Single/01%20Value.mp3,,,7385,4512D3B966F86D9F,3,3830722036,2025-05-22 06:27:16,,100,,,44100,5967774,,,,,,,1,4523,1,File,2024
Take Me to the Beach - Single,Imagine Dragons feat. Ado,Alternativa,Take Me to the Beach,2:47,,01 Take Me to the Beach.m4a,Ado,D:\Códigos\Musica-Analisis\files\xml\Pre_RAW\Ado.xml,Imagine Dragons feat. Ado,100,,1,105,323,Se encuentra en spotify,,Ben McKee,2024-12-17 03:33:55,2026-01-07 17:49:36,1,1,,,5,Archivo de audio AAC,1,file://localhost/E:/iTunes/iTunes%20Media/Music/Imagine%20Dragons%20feat.%20Ado/Take%20Me%20to%20the%20Beach%20-%20Single/01%20Take%20Me%20to%20the%20Beach.m4a,,,6388,542CE6EDB3D82A59,9,3837411275,2025-08-07 16:34:35,,100,,2024-12-16 12:00:00,48000,6821923,2,2025-03-29 00:00:34,,,,,1,11843,1,File,2024
Episode X,Ado,J-Pop,Episode X,3:23,,01 Episode X.mp3,Ado,D:\Códigos\Musica-Analisis\files\xml\Pre_RAW\Ado.xml,Ado,100,,1,87,320,Se encuentra en spotify,,,2025-01-15 21:39:34,2026-01-07 19:57:54,1,1,,,5,Archivo de audio MPEG,1,file://localhost/E:/iTunes/iTunes%20Media/Music/Ado/Episode%20X/01%20Episode%20X.mp3,,,18617,A483D3609EFB06F5,6,3846402617,2025-11-19 19:10:17,,100,,,44100,8534720,,,,,,,1,11903,1,File,2024
ウタの歌 ONE PIECE FILM RED,Ado,J-Pop,ウタカタララバイ,2:53,,04 ウタカタララバイ.mp3,Ado,D:\Códigos\Musica-Analisis\files\xml\Pre_RAW\Ado.xml,Ado,100,,1,134,320,Se encuentra en spotify,,Ado,2025-01-15 22:34:11,2026-01-07 22:00:18,1,1,,,5,Archivo de audio MPEG,1,file://localhost/E:/iTunes/iTunes%20Media/Music/Ado/%E3%82%A6%E3%82%BF%E3%81%AE%E6%AD%8C%20ONE%20PIECE%20FILM%20RED/04%20%E3%82%A6%E3%82%BF%E3%82%AB%E3%82%BF%E3%83%A9%E3%83%A9%E3%83%90%E3%82%A4.mp3,,,13325,8357CC4DAE134B36,4,3837409387,2025-08-07 16:03:07,,100,,,44100,9094832,,,,,,,8,11913,4,File,2022
ウタの歌 ONE PIECE FILM RED,Ado,J-Pop,Tot Musica,3:15,,05 Tot Musica.mp3,Ado,D:\Códigos\Musica-Analisis\files\xml\Pre_RAW\Ado.xml,Ado,100,,1,130,320,Se encuentra en spotify,,Ado,2025-01-15 22:34:11,2026-01-07 22:11:19,1,1,,,5,Archivo de audio MPEG,1,file://localhost/E:/iTunes/iTunes%20Media/Music/Ado/%E3%82%A6%E3%82%BF%E3%81%AE%E6%AD%8C%20ONE%20PIECE%20FILM%20RED/05%20Tot%20Musica.mp3,,,9569,5C42BEA355483EFC,9,3850564757,2026-01-06 23:19:17,,100,,,44100,9969416,,,,,,,8,11915,5,File,2022
狂言,Ado,J-Pop,心という名の不可解,4:29,,10 心という名の不可解.mp3,Ado,D:\Códigos\Musica-Analisis\files\xml\Pre_RAW\Ado.xml,Ado,100,,1,76,320,Se encuentra en spotify,,Ado,2025-01-15 23:20:51,2026-01-07 19:42:04,1,1,,,5,Archivo de audio MPEG,1,file://localhost/E:/iTunes/iTunes%20Media/Music/Ado/%E7%8B%82%E8%A8%80/10%20%E5%BF%83%E3%81%A8%E3%81%84%E3%81%86%E5%90%8D%E3%81%AE%E4%B8%8D%E5%8F%AF%E8%A7%A3.mp3,,,9885,268C0DC875392CDD,13,3850475769,2026-01-05 22:36:09,,100,,,44100,11485877,,,,,,,14,11941,10,File,2022
ルル,Ado,J-Pop,ルル,3:17,,01 ルル.mp3,Ado,D:\Códigos\Musica-Analisis\files\xml\Pre_RAW\Ado.xml,Ado,100,,1,132,320,Se encuentra en spotify,,Ado,2025-01-15 23:20:52,2026-01-07 17:41:44,1,1,,,5,Archivo de audio MPEG,1,file://localhost/E:/iTunes/iTunes%20Media/Music/Ado/%E3%83%AB%E3%83%AB/01%20%E3%83%AB%E3%83%AB.mp3,,,18321,98A7D3E8A3A1C685,5,3837410350,2025-08-07 16:19:10,,100,,,44100,8086939,,,,,,,1,11951,1,File,2024
唱,Ado,J-Pop,唱,3:09,,01 唱.mp3,Ado,D:\Códigos\Musica-Analisis\files\xml\Pre_RAW\Ado.xml,Ado,100,,1,132,320,Se encuentra en spotify,,Giga & TeddyLoid,2025-01-15 23:20:52,2026-01-07 20:51:03,1,1,,,5,Archivo de audio MPEG,1,file://localhost/E:/iTunes/iTunes%20Media/Music/Ado/%E5%94%B1/01%20%E5%94%B1.mp3,,,22203,A35CF35D9E9E35B1,3,3847088523,2025-11-27 17:42:03,,100,,,44100,7806068,,,,,,,1,11953,1,File,2023
踊,Ado,Pop,踊,3:28,,01 踊.mp3,Ado,D:\Códigos\Musica-Analisis\files\xml\Pre_RAW\Ado.xml,Ado,100,,1,128,320,Se encuentra en spotify,,TeddyLoid/Giga,2025-01-15 23:30:49,2026-01-07 17:53:23,1,1,,,5,Archivo de audio MPEG,1,file://localhost/E:/iTunes/iTunes%20Media/Music/Ado/%E8%B8%8A/01%20%E8%B8%8A.mp3,,,19595,AC221A2E464EA1FD,6,3844162748,2025-10-24 19:59:08,,100,,,44100,8505125,1,2025-02-17 23:43:31,,,,,1,11979,1,File,2021
Elf - Single,Ado,J-Pop,Elf,4:20,,01 Elf.m4a,Ado,D:\Códigos\Musica-Analisis\files\xml\Pre_RAW\Ado.xml,Ado,100,,1,80,320,Se encuentra en spotify,,みゆはん,2025-01-25 15:28:14,2026-01-07 20:10:02,1,1,,,5,Archivo de audio AAC,1,file://localhost/E:/iTunes/iTunes%20Media/Music/Ado/Elf%20-%20Single/01%20Elf.m4a,,,7891,D78BC250584D00A4,15,3849352103,2025-12-23 22:28:23,,100,,2025-01-24 12:00:00,48000,10621215,1,2026-01-13 18:53:09,,,,,1,15443,1,File,2025
Shoka - Single,Ado,J-Pop,Shoka,3:48,,01 Shoka.m4a,Ado,D:\Códigos\Musica-Analisis\files\xml\Pre_RAW\Ado.xml,Ado,100,True,1,94,319,Se encuentra en spotify,,Ado,2025-01-25 15:36:41,2026-01-07 17:34:01,1,1,,,5,Archivo de audio AAC,1,file://localhost/E:/iTunes/iTunes%20Media/Music/Ado/Shoka%20-%20Single/01%20Shoka.m4a,,,15620,C9C73EB370A03D9C,11,3845455562,2025-11-08 20:06:02,,100,,2024-10-14 12:00:00,48000,9252272,,,,,,,1,15479,1,File,2024
Jukkai (1984) - Single,Ado,J-Pop,Jukkai (1984),3:34,,01 Jukkai (1984).mp3,Ado,D:\Códigos\Musica-Analisis\files\xml\Pre_RAW\Ado.xml,Ado,100,,1,75,256,Se encuentra en spotify,,Masayoshi Takanaka,2025-05-01 17:18:16,2026-01-07 21:08:30,1,1,,,5,Archivo de audio MPEG,1,file://localhost/E:/iTunes/iTunes%20Media/Music/Ado/Jukkai%20(1984)%20-%20Single/01%20Jukkai%20(1984).mp3,,,7759,9FC9A1E9B2DC389D,15,3850463206,2026-01-05 19:06:46,,100,,,44100,6975689,1,2025-05-12 17:27:36,,,,,1,25851,1,File,2025
Aitakute - Single,Ado,J-Pop,Aitakute,4:54,,01 Aitakute.mp3,Ado,D:\Códigos\Musica-Analisis\files\xml\Pre_RAW\Ado.xml,Ado,100,True,1,80,256,Se encuentra en spotify,,mewhan,2025-05-19 19:37:30,2026-01-07 19:02:20,1,1,,,5,Archivo de audio MPEG,1,file://localhost/E:/iTunes/iTunes%20Media/Music/Ado/Aitakute%20-%20Single/01%20Aitakute.mp3,,,14760,592315F9353F21F8,4,3845206045,2025-11-05 22:47:25,,100,,,44100,9557502,,,,,,,1,26691,1,File,2021
Readymade - Single,Ado,J-Pop,Readymade,4:04,,01 Readymade.mp3,Ado,D:\Códigos\Musica-Analisis\files\xml\Pre_RAW\Ado.xml,Ado,100,True,1,98,256,Se encuentra en spotify,,Three,2025-05-19 19:37:30,2026-01-07 17:58:28,1,1,,,5,Archivo de audio MPEG,1,file://localhost/E:/iTunes/iTunes%20Media/Music/Ado/Readymade%20-%20Single/01%20Readymade.mp3,,,12870,2254D861FEE4A652,6,3844361048,2025-10-27 04:04:08,,100,,,44100,7913989,,,,,,,2,26697,1,File,2020
Usseewa - Single,Ado,J-Pop,Usseewa,3:25,,01 Usseewa.mp3,Ado,D:\Códigos\Musica-Analisis\files\xml\Pre_RAW\Ado.xml,Ado,100,True,1,89,256,Se encuentra en spotify,,syudou,2025-05-19 19:37:31,2026-01-07 17:32:57,1,1,,,5,Archivo de audio MPEG,1,file://localhost/E:/iTunes/iTunes%20Media/Music/Ado/Usseewa%20-%20Single/01%20Usseewa.mp3,,,15693,8A49777E64A94DF6,2,3837415005,2025-08-07 17:36:45,,100,,,44100,6629992,,,,,,,1,26701,1,File,2020
Ashura-chan - Single,Ado,J-Pop,Ashura-chan,3:16,,01 Ashura-chan.mp3,Ado,D:\Códigos\Musica-Analisis\files\xml\Pre_RAW\Ado.xml,Ado,100,True,1,156,256,Se encuentra en spotify,,Neru,2025-05-19 19:43:34,2026-01-07 17:44:17,1,1,,,5,Archivo de audio MPEG,1,file://localhost/E:/iTunes/iTunes%20Media/Music/Ado/Ashura-chan%20-%20Single/01%20Ashura-chan.mp3,,,9730,0E04674937FF086D,4,3837440496,2025-08-08 00:41:36,,100,,,44100,6386655,,,,,,,1,26711,1,File,2021
Senbonzakura - Single,Ado,J-Pop,Senbonzakura,4:01,,01 Senbonzakura.mp3,Ado,D:\Códigos\Musica-Analisis\files\xml\Pre_RAW\Ado.xml,Ado,100,True,1,77,256,Se encuentra en spotify,,Kurousa,2025-05-19 19:52:30,2026-01-07 21:01:26,1,1,,,5,Archivo de audio MPEG,1,file://localhost/E:/iTunes/iTunes%20Media/Music/Ado/Senbonzakura%20-%20Single/01%20Senbonzakura.mp3,,,7219,50AFC8D7131319C7,5,3842295214,2025-10-03 05:13:34,,100,,,44100,7878629,,,,,,,1,26713,1,File,2021
Backlight (UTA from ONE PIECE FILM RED) - Single,Ado,J-Pop,Backlight (UTA from ONE PIECE FILM RED),3:57,,01 Backlight (UTA from ONE PIECE FIL.mp3,Ado,D:\Códigos\Musica-Analisis\files\xml\Pre_RAW\Ado.xml,Ado,100,True,1,145,256,Se encuentra en spotify,,VAUNDY,2025-05-19 19:52:30,2025-10-17 06:58:12,1,1,,,5,Archivo de audio MPEG,1,file://localhost/E:/iTunes/iTunes%20Media/Music/Ado/Backlight%20(UTA%20from%20ONE%20PIECE%20FILM%20RED)/01%20Backlight%20(UTA%20from%20ONE%20PIECE%20FIL.mp3,,,11766,BA65CE7984DCE5C7,6,3843583110,2025-10-18 02:58:30,,100,,,44100,7746393,,,,,,,1,26715,1,File,2022
I’m a Controversy - Single,Ado,J-Pop,I’m a Controversy,3:14,,01 I_m a Controversy.mp3,Ado,D:\Códigos\Musica-Analisis\files\xml\Pre_RAW\Ado.xml,Ado,100,True,1,150,256,Se encuentra en spotify,,PinocchioP,2025-05-19 19:52:31,2026-01-07 19:33:02,1,1,,,5,Archivo de audio MPEG,1,file://localhost/E:/iTunes/iTunes%20Media/Music/Ado/I_m%20a%20Controversy%20-%20Single/01%20I_m%20a%20Controversy.mp3,,,6356,82F3161FFED1C2C6,3,3837411470,2025-08-07 16:37:50,,100,,,44100,6307291,,,,,,,1,26721,1,File,2023
New Genesis (UTA from ONE PIECE FILM RED) - Single,Ado,J-Pop,New Genesis (UTA from ONE PIECE FILM RED),3:48,,01 New Genesis (UTA from ONE PIECE F.mp3,Ado,D:\Códigos\Musica-Analisis\files\xml\Pre_RAW\Ado.xml,Ado,100,True,1,175,256,Se encuentra en spotify,,Yasutaka Nakata,2025-05-19 19:52:31,2026-01-07 20:32:56,1,1,,,5,Archivo de audio MPEG,1,file://localhost/E:/iTunes/iTunes%20Media/Music/Ado/New%20Genesis%20(UTA%20from%20ONE%20PIECE%20FILM%20RED/01%20New%20Genesis%20(UTA%20from%20ONE%20PIECE%20F.mp3,,,9817,1BCD05E10D1F3950,4,3842203282,2025-10-02 03:41:22,,100,,,44100,7413394,,,,,,,1,26727,1,File,2022
Kura Kura - Single,Ado,J-Pop,Kura Kura,3:11,,01 Kura Kura.mp3,Ado,D:\Códigos\Musica-Analisis\files\xml\Pre_RAW\Ado.xml,Ado,100,True,1,94,256,Se encuentra en spotify,,meiyo,2025-05-19 19:54:43,2026-01-07 18:21:37,1,1,,,5,Archivo de audio MPEG,1,file://localhost/E:/iTunes/iTunes%20Media/Music/Ado/Kura%20Kura%20-%20Single/01%20Kura%20Kura.mp3,,,8562,014D28E55CB2A348,4,3850495440,2026-01-06 04:04:00,,100,,,44100,6227229,,,,,,,1,26733,1,File,2023
Charles - Single,Ado,J-Pop,Charles,3:44,,01 Charles.mp3,Ado,D:\Códigos\Musica-Analisis\files\xml\Pre_RAW\Ado.xml,Ado,100,True,1,148,256,Se encuentra en spotify,,,2025-05-19 19:54:43,2026-01-07 20:02:44,1,1,,,5,Archivo de audio MPEG,1,file://localhost/E:/iTunes/iTunes%20Media/Music/Ado/Charles%20-%20Single/01%20Charles.mp3,,,15054,7D07CBDD59A8CDF1,5,3849284217,2025-12-23 03:36:57,,100,,,44100,7276878,,,,,,,1,26737,1,File,2025
フールフールフール - Single,おくのほそみち feat. Ado,J-Pop,フールフールフール,3:13,,01 フールフールフール.mp3,Ado,D:\Códigos\Musica-Analisis\files\xml\Pre_RAW\Ado.xml,おくのほそみち feat. Ado,100,True,1,100,256,Se encuentra en spotify,,,2025-05-19 20:11:03,2026-01-07 19:31:41,1,1,,,5,Archivo de audio MPEG,1,file://localhost/E:/iTunes/iTunes%20Media/Music/%E3%81%8A%E3%81%8F%E3%81%AE%E3%81%BB%E3%81%9D%E3%81%BF%E3%81%A1%20feat.%20Ado/%E3%83%95%E3%83%BC%E3%83%AB%E3%83%95%E3%83%BC%E3%83%AB%E3%83%95%E3%83%BC%E3%83%AB%20-%20Single/01%20%E3%83%95%E3%83%BC%E3%83%AB%E3%83%95%E3%83%BC%E3%83%AB%E3%83%95%E3%83%BC%E3%83%AB.mp3,,,5190,D9327C15C095C820,5,3843145264,2025-10-13 01:21:04,,100,,,44100,6279348,,,,,,,1,26743,1,File,2021
Stay Gold (From 'BEYBLADE X') - Single,Jax Jones & Ado,Dance,Stay Gold (From 'Beyblade X'),3:26,,01 Stay Gold (From 'Beyblade X').mp3,Ado,D:\Códigos\Musica-Analisis\files\xml\Pre_RAW\Ado.xml,Jax Jones & Ado,100,True,1,140,256,Se encuentra en spotify,,"Timucin Lam, Frank Nobel, HighT & Emma Bertilsson",2025-06-16 18:37:00,2026-01-07 17:37:37,1,1,,,5,Archivo de audio MPEG,1,file://localhost/E:/iTunes/iTunes%20Media/Music/Jax%20Jones%20&%20Ado/Stay%20Gold%20(From%20'BEYBLADE%20X')%20-%20Single/01%20Stay%20Gold%20(From%20'Beyblade%20X').mp3,,,10821,5FE169911FB401BB,9,3851408425,2026-01-16 17:40:25,,100,,,44100,6683260,,,,,,,1,27001,1,File,2025
CAT'S EYE - Single,Ado,J-pop,CAT'S EYE,3:00,,01 CAT'S EYE.mp3,Ado,D:\Códigos\Musica-Analisis\files\xml\Pre_RAW\Ado.xml,Ado,100,True,1,73,256,Se encuentra en spotify,,,2025-09-13 09:22:08,2026-01-07 18:56:25,1,1,,,5,Archivo de audio MPEG,1,file://localhost/E:/iTunes/iTunes%20Media/Music/Ado/CAT'S%20EYE%20-%20Single/01%20CAT'S%20EYE.mp3,,,11956,06B29E4EDE243CCB,5,3851437993,2026-01-17 01:53:13,,100,,,44100,5888314,,,,,,,1,28941,1,File,2025
MAGIC - Single,Ado,J-pop,MAGIC,2:52,,01 MAGIC.m4a,Ado,D:\Códigos\Musica-Analisis\files\xml\Pre_RAW\Ado.xml,Ado,100,True,1,133,324,Se encuentra en spotify,,,2025-10-31 17:32:11,2026-01-07 18:22:35,1,1,,,5,Archivo de audio AAC,1,file://localhost/E:/iTunes/iTunes%20Media/Music/Ado/MAGIC%20-%20Single/01%20MAGIC.m4a,,,12072,B83B867B17B81334,2,3848301495,2025-12-11 18:38:15,,100,,2025-10-31 12:00:00,48000,7116047,,,,,,,1,33115,1,File,2025
soldier game - Single,Ado,Anime,soldier game,3:41,,01 soldier game.m4a,Ado,D:\Códigos\Musica-Analisis\files\xml\Pre_RAW\Ado.xml,Ado,100,True,1,132,1536,Se encuentra en spotify,,,2026-01-16 16:19:53,2026-01-16 18:12:06,1,1,,,5,Audio Apple Lossless,1,file://localhost/E:/iTunes/iTunes%20Media/Music/Ado/soldier%20game%20-%20Single/01%20soldier%20game.m4a,,,13751,41398D8DED75B0EB,1,3851407761,2026-01-16 17:29:21,,100,,2026-01-14 12:00:00,48000,31467544,,,,,,,1,34399,1,File,2026
'good guy' - Single,Against The Current,Alternativa,'good guy',3:28,,01 'good guy'.mp3,Against The Current,D:\Códigos\Musica-Analisis\files\xml\Pre_RAW\Against The Current.xml,Against The Current,100,True,1,156,256,Se encuentra en spotify,,"Cassandra Ströberg, Chrissy Costanza, Dan Gow & Will Ferri",2024-09-26 20:47:08,2026-01-07 19:30:52,1,1,,,5,Archivo de audio MPEG,1,file://localhost/E:/iTunes/iTunes%20Media/Music/Against%20The%20Current/'good%20guy'%20-%20Single/01%20'good%20guy'.mp3,,,11210,9093C84040942D2C,9,3850556966,2026-01-06 21:09:26,,100,,,44100,7036804,,,,,,,1,4527,1,File,2023
blindfolded - Single,Against The Current,Rock,blindfolded,3:19,,01 blindfolded.mp3,Against The Current,D:\Códigos\Musica-Analisis\files\xml\Pre_RAW\Against The Current.xml,Against The Current,100,True,1,142,256,Se encuentra en spotify,,"Chrissy Costanza, Kristoffer Eriksson, Cassandra Ströberg, Dan Gow, Will Ferri & Salvatore Sam Guiana",2024-09-26 20:47:08,2026-01-07 19:10:09,1,1,,,5,Archivo de audio MPEG,1,file://localhost/E:/iTunes/iTunes%20Media/Music/Against%20The%20Current/blindfolded%20-%20Single/01%20blindfolded.mp3,,,14326,F24CFC7F5C967491,3,3843135042,2025-10-12 22:30:42,,100,,,44100,6484077,,,,,,,1,4533,1,File,2022
fever,Against The Current,Alternativa,that won't save us,3:21,,01 that won't save us.mp3,Against The Current,D:\Códigos\Musica-Analisis\files\xml\Pre_RAW\Against The Current.xml,Against The Current,100,True,1,78,256,Se encuentra en spotify,,"Chrissy Costanza, Will Ferri, Dan Gow & Matt Squire",2024-09-26 20:47:08,2026-01-07 22:16:34,1,1,,,5,Archivo de audio MPEG,1,file://localhost/E:/iTunes/iTunes%20Media/Music/Against%20The%20Current/fever/01%20that%20won't%20save%20us.mp3,,,7592,967CDCD199FF2446,3,3845702407,2025-11-11 16:40:07,,100,,,44100,6556003,,,,,,,7,4535,1,File,2020
fever,Against The Current,Alternativa,jump,2:40,,04 jump.mp3,Against The Current,D:\Códigos\Musica-Analisis\files\xml\Pre_RAW\Against The Current.xml,Against The Current,100,True,1,85,256,Se encuentra en spotify,,Christina Costanza,2024-09-26 20:47:09,2026-01-07 20:12:23,1,1,,,5,Archivo de audio MPEG,1,file://localhost/E:/iTunes/iTunes%20Media/Music/Against%20The%20Current/fever/04%20jump.mp3,,,7236,5E2B17CE2B821D44,4,3842204560,2025-10-02 04:02:40,,100,,,44100,5256136,,,,,,,7,4539,4,File,2021
fever,Against The Current,Alternativa,lullaby,3:38,,07 lullaby.mp3,Against The Current,D:\Códigos\Musica-Analisis\files\xml\Pre_RAW\Against The Current.xml,Against The Current,100,True,1,108,256,Se encuentra en spotify,,"Christina Costanza, Jordan Fish & Oli Sykes",2024-09-26 20:47:09,2026-01-07 20:22:23,1,1,,,5,Archivo de audio MPEG,1,file://localhost/E:/iTunes/iTunes%20Media/Music/Against%20The%20Current/fever/07%20lullaby.mp3,,,5728,CCBD9CC5C989569E,4,3845706103,2025-11-11 17:41:43,,100,,,44100,7109368,,,,,,,7,4545,7,File,2021
Gravity - EP,Against The Current,Alternativa,Gravity,3:42,,01 Gravity.mp3,Against The Current,D:\Códigos\Musica-Analisis\files\xml\Pre_RAW\Against The Current.xml,Against The Current,100,True,,140,256,Se encuentra en spotify,,"Daniel Gow, Chrissy Costanza & Will Ferri",2024-09-26 20:47:10,2026-01-07 17:00:44,1,1,,,5,Archivo de audio MPEG,1,file://localhost/E:/iTunes/iTunes%20Media/Music/Against%20The%20Current/Gravity%20-%20EP/01%20Gravity.mp3,,,6696,4326044C24EFF692,5,3843573555,2025-10-18 00:19:15,,100,,,44100,7118354,,,,,,,6,4559,1,File,2015
Gravity - EP,Against The Current,Alternativa,Paralyzed,3:16,,04 Paralyzed.mp3,Against The Current,D:\Códigos\Musica-Analisis\files\xml\Pre_RAW\Against The Current.xml,Against The Current,100,True,1,132,256,Se encuentra en spotify,,"Daniel Gow, Chrissy Costanza & Will Ferri",2024-09-26 20:47:10,2026-01-07 21:09:17,1,1,,,5,Archivo de audio MPEG,1,file://localhost/E:/iTunes/iTunes%20Media/Music/Against%20The%20Current/Gravity%20-%20EP/04%20Paralyzed.mp3,,,10355,A7737DEA6B18D794,5,3851448931,2026-01-17 04:55:31,,100,,,44100,6317085,,,,,,,6,4563,4,File,2015
Gravity - EP,Against The Current,Alternativa,Fireproof,3:08,,05 Fireproof.mp3,Against The Current,D:\Códigos\Musica-Analisis\files\xml\Pre_RAW\Against The Current.xml,Against The Current,100,True,1,85,256,Se encuentra en spotify,,"Daniel Gow, Chrissy Costanza & Will Ferri",2024-09-26 20:47:11,2026-01-07 17:22:42,1,1,,,5,Archivo de audio MPEG,1,file://localhost/E:/iTunes/iTunes%20Media/Music/Against%20The%20Current/Gravity%20-%20EP/05%20Fireproof.mp3,,,12680,70E4E7AC6F09E734,6,3847113951,2025-11-28 00:45:51,,100,,,44100,6061294,,,,,,,6,4565,5,File,2015
Gravity - EP,Against The Current,Alternativa,Brighter,3:34,,06 Brighter.mp3,Against The Current,D:\Códigos\Musica-Analisis\files\xml\Pre_RAW\Against The Current.xml,Against The Current,100,True,1,79,256,Se encuentra en spotify,,"Daniel Gow, Chrissy Costanza & Will Ferri",2024-09-26 20:47:11,2026-01-07 17:05:01,1,1,,,5,Archivo de audio MPEG,1,file://localhost/E:/iTunes/iTunes%20Media/Music/Against%20The%20Current/Gravity%20-%20EP/06%20Brighter.mp3,,,6251,AF4A01C21F0413F1,5,3850565824,2026-01-06 23:37:04,,100,,,44100,6893032,,,,,,,6,4567,6,File,2015
In Our Bones,Against The Current,Alternativa,Running with the Wild Things,3:42,,01 Running with the Wild Things.mp3,Against The Current,D:\Códigos\Musica-Analisis\files\xml\Pre_RAW\Against The Current.xml,Against The Current,100,True,1,160,256,Se encuentra en spotify,,Audra Mae,2024-09-26 20:47:11,2026-01-07 18:25:48,1,1,,,5,Archivo de audio MPEG,1,file://localhost/E:/iTunes/iTunes%20Media/Music/Against%20The%20Current/In%20Our%20Bones/01%20Running%20with%20the%20Wild%20Things.mp3,,,13140,FC76FA08D4059720,2,3823261431,2025-02-24 23:03:51,,100,,,44100,7197644,,,,,,,12,4569,1,File,2016
In Our Bones,Against The Current,Alternativa,Forget Me Now,3:01,,02 Forget Me Now.mp3,Against The Current,D:\Códigos\Musica-Analisis\files\xml\Pre_RAW\Against The Current.xml,Against The Current,100,True,1,97,256,Se encuentra en spotify,,Steve Aiello/Chrissy Costanza/Will Ferri/Dan Gow/Nick Long/Tom Schleiter,2024-09-26 20:47:11,2026-01-07 17:49:33,1,1,,,5,Archivo de audio MPEG,1,file://localhost/E:/iTunes/iTunes%20Media/Music/Against%20The%20Current/In%20Our%20Bones/02%20Forget%20Me%20Now.mp3,,,12321,5316B5DE837F82B9,6,3843150083,2025-10-13 02:41:23,,100,,,44100,5877714,,,,,,,12,4571,2,File,2016
In Our Bones,Against The Current,Alternativa,Chasing Ghosts,3:29,,03 Chasing Ghosts.mp3,Against The Current,D:\Códigos\Musica-Analisis\files\xml\Pre_RAW\Against The Current.xml,Against The Current,100,True,1,104,256,Se encuentra en spotify,,Chrissy Costanza/Will Ferri/Dan Gow/Nick Long/Tom Schleiter,2024-09-26 20:47:11,2026-01-07 20:18:08,1,1,,,5,Archivo de audio MPEG,1,file://localhost/E:/iTunes/iTunes%20Media/Music/Against%20The%20Current/In%20Our%20Bones/03%20Chasing%20Ghosts.mp3,,,7816,A0C92CED8D1F967C,3,3850474598,2026-01-05 22:16:38,,100,,,44100,6773820,,,,,,,12,4573,3,File,2016
In Our Bones,Against The Current,Alternativa,One More Weekend,3:05,,04 One More Weekend.mp3,Against The Current,D:\Códigos\Musica-Analisis\files\xml\Pre_RAW\Against The Current.xml,Against The Current,100,True,1,97,256,Se encuentra en spotify,,Nolan Sipe,2024-09-26 20:47:11,2026-01-07 21:46:53,1,1,,,5,Archivo de audio MPEG,1,file://localhost/E:/iTunes/iTunes%20Media/Music/Against%20The%20Current/In%20Our%20Bones/04%20One%20More%20Weekend.mp3,,,11867,90D65B1BB8F43472,5,3845704288,2025-11-11 17:11:28,,100,,,44100,5989730,,,,,,,12,4575,4,File,2016
In Our Bones,Against The Current,Alternativa,Young & Relentless,3:22,,06 Young & Relentless.mp3,Against The Current,D:\Códigos\Musica-Analisis\files\xml\Pre_RAW\Against The Current.xml,Against The Current,100,True,1,134,256,Se encuentra en spotify,,Andrew Jackson (21),2024-09-26 20:47:12,2026-01-07 20:43:37,1,1,,,5,Archivo de audio MPEG,1,file://localhost/E:/iTunes/iTunes%20Media/Music/Against%20The%20Current/In%20Our%20Bones/06%20Young%20&%20Relentless.mp3,,,11777,3A3CFA80DDC306DD,3,3841306449,2025-09-21 18:34:09,,100,,,44100,6541438,,,,,,,12,4579,6,File,2016
In Our Bones,Against The Current,Alternativa,Runaway,3:32,,07 Runaway.mp3,Against The Current,D:\Códigos\Musica-Analisis\files\xml\Pre_RAW\Against The Current.xml,Against The Current,100,True,1,115,256,Se encuentra en spotify,,Chrissy Costanza/Will Ferri/Dan Gow/Nick Long/Tom Schleiter,2024-09-26 20:47:12,2026-01-07 22:01:38,1,1,,,5,Archivo de audio MPEG,1,file://localhost/E:/iTunes/iTunes%20Media/Music/Against%20The%20Current/In%20Our%20Bones/07%20Runaway.mp3,,,13437,B1D6430CD87DBFA6,5,3838842552,2025-08-24 06:09:12,,100,,,44100,6854061,,,,,,,12,4581,7,File,2016
In Our Bones,Against The Current,Alternativa,Wasteland,3:25,,09 Wasteland.mp3,Against The Current,D:\Códigos\Musica-Analisis\files\xml\Pre_RAW\Against The Current.xml,Against The Current,100,True,1,99,256,Se encuentra en spotify,,"Andrew Goldstein, Nolan Sipe",2024-09-26 20:47:12,2026-01-07 21:33:21,1,1,,,5,Archivo de audio MPEG,1,file://localhost/E:/iTunes/iTunes%20Media/Music/Against%20The%20Current/In%20Our%20Bones/09%20Wasteland.mp3,,,10059,DD2EAB1CC652397B,3,3834830351,2025-07-08 19:39:11,,100,,,44100,6645919,,,,,,,12,4585,9,File,2016
In Our Bones,Against The Current,Alternativa,Blood Like Gasoline,3:18,,10 Blood Like Gasoline.mp3,Against The Current,D:\Códigos\Musica-Analisis\files\xml\Pre_RAW\Against The Current.xml,Against The Current,100,True,1,90,256,Se encuentra en spotify,,Drew Pearson,2024-09-26 20:47:12,2026-01-07 20:45:56,1,1,,,5,Archivo de audio MPEG,1,file://localhost/E:/iTunes/iTunes%20Media/Music/Against%20The%20Current/In%20Our%20Bones/10%20Blood%20Like%20Gasoline.mp3,,,12246,0A1F172992BE44F1,3,3850557159,2026-01-06 21:12:39,,100,,,44100,6406021,,,,,,,12,4587,10,File,2016
Infinity - EP,Against The Current,Alternativa,Infinity,3:05,,01 Infinity.mp3,Against The Current,D:\Códigos\Musica-Analisis\files\xml\Pre_RAW\Against The Current.xml,Against The Current,100,True,,125,256,Se encuentra en spotify,,Against The Current,2024-09-26 20:47:14,2026-01-07 19:14:15,1,1,,,5,Archivo de audio MPEG,1,file://localhost/E:/iTunes/iTunes%20Media/Music/Against%20The%20Current/Infinity%20-%20EP/01%20Infinity.mp3,,,13762,692E9130BC15B8A1,4,3827295301,2025-04-12 14:35:01,,100,,,44100,5943054,,,,,,,5,4603,1,File,2014
Infinity - EP,Against The Current,Alternativa,Another You (Another Way),3:23,,04 Another You (Another Way).mp3,Against The Current,D:\Códigos\Musica-Analisis\files\xml\Pre_RAW\Against The Current.xml,Against The Current,100,True,1,135,256,Se encuentra en spotify,,"Dan Gow, Will Ferri & Chrissy Costanza",2024-09-26 20:47:14,2026-01-07 21:03:33,1,1,,,5,Archivo de audio MPEG,1,file://localhost/E:/iTunes/iTunes%20Media/Music/Against%20The%20Current/Infinity%20-%20EP/04%20Another%20You%20(Another%20Way).mp3,,,13666,501FFF842A07DE56,4,3849186864,2025-12-22 00:34:24,,100,,,44100,6621259,,,,,,,5,4609,4,File,2014
Past Lives,Against The Current,Alternativa,Strangers Again,3:42,,01 Strangers Again.mp3,Against The Current,D:\Códigos\Musica-Analisis\files\xml\Pre_RAW\Against The Current.xml,Against The Current,100,True,1,90,256,Se encuentra en spotify,,"Andrew Goldstein, Christina Costanza, Daniel Gow, Nick Long & William Ferri",2024-09-26 20:47:15,2026-01-07 19:08:55,1,1,,,5,Archivo de audio MPEG,1,file://localhost/E:/iTunes/iTunes%20Media/Music/Against%20The%20Current/Past%20Lives/01%20Strangers%20Again.mp3,,,5607,819AE41489A9CF45,6,3840220993,2025-09-09 05:03:13,,100,,,44100,7285795,,,,,,,11,4613,1,File,2018
Past Lives,Against The Current,Alternativa,The Fuss,2:50,,02 The Fuss.mp3,Against The Current,D:\Códigos\Musica-Analisis\files\xml\Pre_RAW\Against The Current.xml,Against The Current,100,True,1,156,256,Se encuentra en spotify,,"Christina Costanza, Daniel Gow, Thomas Schleiter, Trent Dabbs & William Ferri",2024-09-26 20:47:15,2026-01-07 21:48:13,1,1,,,5,Archivo de audio MPEG,1,file://localhost/E:/iTunes/iTunes%20Media/Music/Against%20The%20Current/Past%20Lives/02%20The%20Fuss.mp3,,,4661,93F38F433701EB93,6,3850584419,2026-01-07 04:46:59,,100,,,44100,5611444,,,,,,Fuss,11,4615,2,File,2018
Past Lives,Against The Current,Alternativa,Voices,3:24,,05 Voices.mp3,Against The Current,D:\Códigos\Musica-Analisis\files\xml\Pre_RAW\Against The Current.xml,Against The Current,100,True,1,105,256,Se encuentra en spotify,,"Andrew Goldstein, Christina Costanza, Daniel Gow, Jesse Saint John Geller, Sarah Hudson & William Ferri",2024-09-26 20:47:15,2026-01-07 20:58:37,1,1,,,5,Archivo de audio MPEG,1,file://localhost/E:/iTunes/iTunes%20Media/Music/Against%20The%20Current/Past%20Lives/05%20Voices.mp3,,,6868,00F3DC12F13A6040,4,3850556586,2026-01-06 21:03:06,,100,,,44100,6702315,,,,,,,11,4621,5,File,2018
Past Lives,Against The Current,Alternativa,Scream,3:01,,06 Scream.mp3,Against The Current,D:\Códigos\Musica-Analisis\files\xml\Pre_RAW\Against The Current.xml,Against The Current,100,True,1,103,256,Se encuentra en spotify,,"Alexandra Hughes, Christina Costanza, Daniel Gow, Jesse Saint John Geller, Leroy Clampitt, Thomas Schleiter & William Ferri",2024-09-26 20:47:15,2026-01-07 20:40:43,1,1,,,5,Archivo de audio MPEG,1,file://localhost/E:/iTunes/iTunes%20Media/Music/Against%20The%20Current/Past%20Lives/06%20Scream.mp3,,,3695,08498F8B0A904657,6,3850556762,2026-01-06 21:06:02,,100,,,44100,5946645,,,,,,,11,4623,6,File,2018
Past Lives,Against The Current,Alternativa,P.A.T.T.,2:33,,08 P.A.T.T..mp3,Against The Current,D:\Códigos\Musica-Analisis\files\xml\Pre_RAW\Against The Current.xml,Against The Current,100,True,1,116,256,Se encuentra en spotify,,"Andrew Goldstein, Christina Costanza, Daniel Gow, Jessica Karpov, Nolan Sipes & William Ferri",2024-09-26 20:47:16,2026-01-07 18:36:10,1,1,,,5,Archivo de audio MPEG,1,file://localhost/E:/iTunes/iTunes%20Media/Music/Against%20The%20Current/Past%20Lives/08%20P.A.T.T..mp3,,,6431,4B03437C3E9E3B3F,10,3850558295,2026-01-06 21:31:35,,100,,,44100,5063917,,,Past Lives,,Against The Current,P.A.T.T.,11,4627,8,File,2018
Past Lives,Against The Current,Alternativa,Come Alive,3:24,,10 Come Alive.mp3,Against The Current,D:\Códigos\Musica-Analisis\files\xml\Pre_RAW\Against The Current.xml,Against The Current,100,True,1,90,256,Se encuentra en spotify,,"Christina Costanza, Daniel Gow, Maika Maile, Michael Ferri & William Ferri",2024-09-26 20:47:16,2026-01-07 17:46:03,1,1,,,5,Archivo de audio MPEG,1,file://localhost/E:/iTunes/iTunes%20Media/Music/Against%20The%20Current/Past%20Lives/10%20Come%20Alive.mp3,,,6640,C88229AA54F6444F,7,3847117114,2025-11-28 01:38:34,,100,,,44100,6701484,,,,,,,11,4631,10,File,2018
Past Lives,Against The Current,Alternativa,Sweet Surrender,3:32,,11 Sweet Surrender.mp3,Against The Current,D:\Códigos\Musica-Analisis\files\xml\Pre_RAW\Against The Current.xml,Against The Current,100,True,1,104,256,Se encuentra en spotify,,"Allison Margaret Veltz, Christina Costanza, Daniel Gow, Thomas Schleiter & William Ferri",2024-09-26 20:47:16,2026-01-07 17:38:28,1,1,,,5,Archivo de audio MPEG,1,file://localhost/E:/iTunes/iTunes%20Media/Music/Against%20The%20Current/Past%20Lives/11%20Sweet%20Surrender.mp3,,,5473,24E42C5AE6924432,7,3850575024,2026-01-07 02:10:24,,100,,,44100,6955608,,,,,,,11,4633,11,File,2018
silent stranger - Single,Against The Current,Rock,silent stranger,3:29,,01 silent stranger.mp3,Against The Current,D:\Códigos\Musica-Analisis\files\xml\Pre_RAW\Against The Current.xml,Against The Current,100,True,1,76,256,Se encuentra en spotify,,"Chrissy Costanza, Jon Lundin, Dan Gow & Will Ferri",2024-09-26 20:47:16,2026-01-07 18:41:23,1,1,,,5,Archivo de audio MPEG,1,file://localhost/E:/iTunes/iTunes%20Media/Music/Against%20The%20Current/silent%20stranger%20-%20Single/01%20silent%20stranger.mp3,,,11228,6210F8F281F9650C,7,3850557365,2026-01-06 21:16:05,,100,,,44100,6949763,,,,,,,1,4635,1,File,2023
weapon - Single,Against The Current,Alternativa,weapon,3:17,,01 weapon.mp3,Against The Current,D:\Códigos\Musica-Analisis\files\xml\Pre_RAW\Against The Current.xml,Against The Current,100,True,1,90,256,Se encuentra en spotify,,"Chrissy Costanza, Dan Gow, Matt Squire & Will Ferri",2024-09-26 20:47:17,2026-01-07 19:22:32,1,1,,,5,Archivo de audio MPEG,1,file://localhost/E:/iTunes/iTunes%20Media/Music/Against%20The%20Current/weapon%20-%20Single/01%20weapon.mp3,,,8528,F07246AB84990709,7,3848303508,2025-12-11 19:11:48,,100,,,44100,6377845,,,,,,,1,4641,1,File,2021
Wildfire - Single,Against The Current,Alternativa,Wildfire,2:46,,01 Wildfire.mp3,Against The Current,D:\Códigos\Musica-Analisis\files\xml\Pre_RAW\Against The Current.xml,Against The Current,100,True,1,121,256,Se encuentra en spotify,,Alex Seaver & Chrissy Costanza,2024-09-26 20:47:17,2026-01-07 21:56:21,1,1,,,5,Archivo de audio MPEG,1,file://localhost/E:/iTunes/iTunes%20Media/Music/Against%20The%20Current/Wildfire%20-%20Single/01%20Wildfire.mp3,,,6575,4584A3AB5783E950,3,3843572484,2025-10-18 00:01:24,,100,,,44100,5403717,,,Wildfire - Single,,Against The Current,Wildfire,2,4643,1,File,2022
Gravity - EP,Against The Current & Taka,Alternativa,Dreaming Alone,2:56,,03 Dreaming Alone.mp3,Against The Current,D:\Códigos\Musica-Analisis\files\xml\Pre_RAW\Against The Current.xml,Against The Current,100,True,1,145,256,Se encuentra en spotify,,"Daniel Gow, Chrissy Costanza & Will Ferri",2024-09-26 20:47:17,2026-01-07 17:23:01,1,1,,,5,Archivo de audio MPEG,1,file://localhost/E:/iTunes/iTunes%20Media/Music/Against%20The%20Current/Gravity%20-%20EP/03%20Dreaming%20Alone.mp3,,,3898,E717040508E017BF,2,3825358637,2025-03-21 05:37:17,,100,,,44100,5676799,1,2025-08-24 07:08:35,,,,,6,4649,3,File,2015
Legends Never Die - Single,League of Legends & Against The Current,Alternativa,Legends Never Die,3:55,,01 Legends Never Die.mp3,Against The Current,D:\Códigos\Musica-Analisis\files\xml\Pre_RAW\Against The Current.xml,League of Legends & Against The Current,100,True,1,140,256,Se encuentra en spotify,,"Sebastien Najand, Justin Tranter & Alex Seaver",2024-09-26 20:53:01,2026-01-07 20:50:55,1,1,,,5,Archivo de audio MPEG,1,file://localhost/E:/iTunes/iTunes%20Media/Music/League%20of%20Legends%20&%20Against%20The%20Current/Legends%20Never%20Die%20-%20Single/01%20Legends%20Never%20Die.mp3,,,5763,C6A4F0A6A51B113E,4,3850557939,2026-01-06 21:25:39,,100,,,44100,7588222,,,,,,,1,7565,1,File,2017
Teenagers - Single,The Summer Set & Against The Current,Alternativa,Teenagers,3:02,,01 Teenagers.mp3,Against The Current,D:\Códigos\Musica-Analisis\files\xml\Pre_RAW\Against The Current.xml,The Summer Set & Against The Current,100,True,1,81,256,Se encuentra en spotify,,"Brian Logan Dales, Jessica Bowen, Stephen Gomez & John Gomez",2024-09-26 21:02:14,2026-01-07 20:59:16,1,1,,,5,Archivo de audio MPEG,1,file://localhost/E:/iTunes/iTunes%20Media/Music/The%20Summer%20Set%20&%20Against%20The%20Current/Teenagers%20-%20Single/01%20Teenagers.mp3,,,5500,63381B72BAD28B16,4,3850557708,2026-01-06 21:21:48,,100,,,44100,5916612,,,,Summer Set & Against The Current,Summer Set & Against The Current,,1,10869,1,File,2022
Caught It - Single,"VOILÀ, Chrissy Costanza & Against The Current",Rock,Caught It,2:57,,01 Caught It.mp3,Against The Current,D:\Códigos\Musica-Analisis\files\xml\Pre_RAW\Against The Current.xml,"VOILÀ, Chrissy Costanza & Against The Current",100,True,1,140,256,Se encuentra en spotify,,"Chrissy Costanza, Gus Ross & Luke Eisner",2024-09-26 21:03:27,2026-01-07 19:04:47,1,1,,,5,Archivo de audio MPEG,1,"file://localhost/E:/iTunes/iTunes%20Media/Music/VOIL%C3%80,%20Chrissy%20Costanza%20&%20Against%20The%20Cu/Caught%20It%20-%20Single/01%20Caught%20It.mp3",,,9798,1C8BE9B4A3408DBA,9,3850325454,2026-01-04 04:50:54,,100,,,44100,5722904,,,,,,,1,11559,1,File,2024
SUICIDAL THOUGHTS (NO ONE'S HOME) - Single,"Ryan Oakes, Chrissy Costanza & Against The Current",Hip-Hop-Rap,SUICIDAL THOUGHTS (NO ONE'S HOME),2:45,,01 SUICIDAL THOUGHTS (NO ONE'S HOME).m4a,Against The Current,D:\Códigos\Musica-Analisis\files\xml\Pre_RAW\Against The Current.xml,"Ryan Oakes, Chrissy Costanza & Against The Current",100,True,1,92,332,Se encuentra en spotify,,,2025-01-16 03:54:24,2026-01-07 20:49:51,1,1,,,5,Archivo de audio AAC,1,"file://localhost/E:/iTunes/iTunes%20Media/Music/Ryan%20Oakes,%20Chrissy%20Costanza%20&%20Against%20T/SUICIDAL%20THOUGHTS%20(NO%20ONE'S%20HOME)%20-%20Sing/01%20SUICIDAL%20THOUGHTS%20(NO%20ONE'S%20HOME).m4a",,,5038,590B0BBA7711E401,4,3844170789,2025-10-24 22:13:09,,100,,2024-11-01 12:00:00,48000,6987989,,,,,,,2,12113,1,File,2024
Outsiders - Single,Against The Current,Alternativa,Outsiders,3:49,,01 Outsiders.m4a,Against The Current,D:\Códigos\Musica-Analisis\files\xml\Pre_RAW\Against The Current.xml,Against The Current,100,True,1,63,323,Se encuentra en spotify,,,2025-01-18 05:54:03,2026-01-07 18:11:47,1,1,,,5,Archivo de audio AAC,1,file://localhost/E:/iTunes/iTunes%20Media/Music/Against%20The%20Current/Outsiders%20-%20Single/01%20Outsiders.m4a,,,6885,98FBAF40975F7C80,3,3834330849,2025-07-03 00:54:09,,100,,2015-10-02 12:00:00,48000,9368253,,,,,,,1,14833,1,File,2015
Nosebleeds- Encore,"MisterWives, Against The Current & Chrissy Costanza",Alternativa,Out Of Your Mind,2:37,,1-02 Out Of Your Mind.m4a,Against The Current,D:\Códigos\Musica-Analisis\files\xml\Pre_RAW\Against The Current.xml,MisterWives,100,True,1,166,329,Se encuentra en spotify,,"Mandy Lee, Etienne Bowler, Sean Van Vleet & Lyndsey Gerd Gunnulfsen",2025-01-18 05:58:11,2026-01-07 17:34:53,2,1,,,5,Archivo de audio AAC,1,file://localhost/E:/iTunes/iTunes%20Media/Music/MisterWives/Nosebleeds-%20Encore/1-02%20Out%20Of%20Your%20Mind.m4a,,,8572,FA5560BB390EB702,6,3850556341,2026-01-06 20:59:01,,100,,2024-07-26 12:00:00,48000,6593672,,,,,,,17,14839,2,File,2024
Barely Breathing - Single,From Ashes to New feat. Against The Current & Chrissy Costanza,Hard rock,Barely Breathing,3:10,,01 Barely Breathing.m4a,Against The Current,D:\Códigos\Musica-Analisis\files\xml\Pre_RAW\Against The Current.xml,From Ashes to New,100,True,1,100,321,Se encuentra en spotify,,,2025-01-18 06:09:18,2026-01-07 16:56:00,1,1,,,5,Archivo de audio AAC,1,file://localhost/E:/iTunes/iTunes%20Media/Music/From%20Ashes%20to%20New/Barely%20Breathing%20-%20Single/01%20Barely%20Breathing.m4a,,,8021,B5E91EA563A0BCE4,8,3846401766,2025-11-19 18:56:06,,100,,2023-07-28 12:00:00,48000,7782514,1,2025-06-23 23:13:41,,,,,1,14841,1,File,2023
ERRØR BØY,LiL Lotus & Against The Current feat. Chrissy Costanza,Rock,Romantic Disaster,2:37,,02 Romantic Disaster.m4a,Against The Current,D:\Códigos\Musica-Analisis\files\xml\Pre_RAW\Against The Current.xml,LiL Lotus & Against The Current feat. Chrissy Costanza,100,True,1,125,325,Se encuentra en spotify,,"John Villagran, John Feldmann, Aaron Puckett & Christina Costanza",2025-01-18 06:09:19,2026-01-07 21:32:00,1,1,,,5,Archivo de audio AAC,1,file://localhost/E:/iTunes/iTunes%20Media/Music/LiL%20Lotus%20&%20Against%20The%20Current%20feat.%20Ch/ERR%C3%98R%20B%C3%98Y/02%20Romantic%20Disaster.m4a,,,4529,B88B2A6FB142240D,2,3842424076,2025-10-04 17:01:16,,100,,2021-08-20 12:00:00,48000,6515780,,,,,,,12,14845,2,File,2021
Bonus Tracks - EP,Against The Current,Alternativa,NIJI,5:00,,04 NIJI.mp3,Against The Current,D:\Códigos\Musica-Analisis\files\xml\Pre_RAW\Against The Current.xml,Against The Current,100,True,1,120,256,Se encuentra en spotify,,,2025-07-13 18:56:29,2026-01-07 19:17:42,1,1,,,5,Archivo de audio MPEG,1,file://localhost/E:/iTunes/iTunes%20Media/Music/Against%20The%20Current/Bonus%20Tracks%20-%20EP/04%20NIJI.mp3,,,7909,BB8CC81D04A1B9DD,6,3851168970,2026-01-13 23:09:30,,100,,,44100,9720611,,,,,,,4,28041,4,File,2025
After Dark,Aimer,J-Pop,ポラリス,6:05,,02 ポラリス.mp3,Aimer,D:\Códigos\Musica-Analisis\files\xml\Pre_RAW\Aimer.xml,Aimer,100,True,1,74,256,Se encuentra en spotify,,aimerrythm/òà«å,2024-09-26 20:47:18,2026-01-07 20:42:36,1,1,,,5,Archivo de audio MPEG,1,file://localhost/E:/iTunes/iTunes%20Media/Music/Aimer/After%20Dark/02%20%E3%83%9D%E3%83%A9%E3%83%AA%E3%82%B9.mp3,,,5683,6770075157687DB5,3,3835608107,2025-07-17 19:41:47,,100,,,44100,11729939,,,,,,,12,4655,2,File,2013
After Dark,Aimer,J-Pop,words,5:54,,03 words.mp3,Aimer,D:\Códigos\Musica-Analisis\files\xml\Pre_RAW\Aimer.xml,Aimer,100,True,1,70,256,Se encuentra en spotify,,阿部真央,2024-09-26 20:47:18,2026-01-07 18:55:09,1,1,,,5,Archivo de audio MPEG,1,file://localhost/E:/iTunes/iTunes%20Media/Music/Aimer/After%20Dark/03%20words.mp3,,,3882,1A5F9020EE5B0E71,6,3850403464,2026-01-05 02:31:04,,100,,,44100,11390550,,,,,,,12,4657,3,File,2013
After Dark,Aimer,J-Pop,After Rain,4:52,,05 After Rain.mp3,Aimer,D:\Códigos\Musica-Analisis\files\xml\Pre_RAW\Aimer.xml,Aimer,100,True,1,120,256,Se encuentra en spotify,,"Kenji Tamai, KOMODA",2024-09-26 20:47:19,2026-01-07 21:53:05,1,1,,,5,Archivo de audio MPEG,1,file://localhost/E:/iTunes/iTunes%20Media/Music/Aimer/After%20Dark/05%20After%20Rain.mp3,,,9307,D531778DE6F2607B,5,3845978603,2025-11-14 21:23:23,,100,,,44100,9415280,,,,,,,12,4661,5,File,2013
Bitter & Sweet,Aimer,J-Pop,リフレインが叫んでる,4:21,,01 リフレインが叫んでる.mp3,Aimer,D:\Códigos\Musica-Analisis\files\xml\Pre_RAW\Aimer.xml,Aimer,100,True,1,126,256,Se encuentra en spotify,,,2024-09-26 20:47:21,2026-01-07 21:45:26,1,1,,,5,Archivo de audio MPEG,1,file://localhost/E:/iTunes/iTunes%20Media/Music/Aimer/Bitter%20&%20Sweet/01%20%E3%83%AA%E3%83%95%E3%83%AC%E3%82%A4%E3%83%B3%E3%81%8C%E5%8F%AB%E3%82%93%E3%81%A7%E3%82%8B.mp3,,,3996,834B54552982C1D1,4,3835536932,2025-07-16 23:55:32,,100,,,44100,8430300,,,,,,,16,4677,1,File,2012
Bitter & Sweet,Aimer,J-Pop,強く儚い者たち,4:45,,07 強く儚い者たち.mp3,Aimer,D:\Códigos\Musica-Analisis\files\xml\Pre_RAW\Aimer.xml,Aimer,100,True,1,78,256,Se encuentra en spotify,,,2024-09-26 20:47:21,2026-01-07 19:37:43,1,1,,,5,Archivo de audio MPEG,1,file://localhost/E:/iTunes/iTunes%20Media/Music/Aimer/Bitter%20&%20Sweet/07%20%E5%BC%B7%E3%81%8F%E5%84%9A%E3%81%84%E8%80%85%E3%81%9F%E3%81%A1.mp3,,,5125,D457770C853D392A,3,3843567316,2025-10-17 22:35:16,,100,,,44100,9196831,,,,,,,16,4681,7,File,2012
daydream,Aimer,J-Pop,twoface,3:05,,03 twoface.mp3,Aimer,D:\Códigos\Musica-Analisis\files\xml\Pre_RAW\Aimer.xml,Aimer,100,True,1,92,256,Se encuentra en spotify,,内澤崇仁,2024-09-26 20:47:22,2026-01-07 22:01:29,1,1,,,5,Archivo de audio MPEG,1,file://localhost/E:/iTunes/iTunes%20Media/Music/Aimer/daydream/03%20twoface.mp3,,,20614,355574AB7B05C64D,2,3841338244,2025-09-22 03:24:04,,100,,,44100,6006632,,,,,,,13,4693,3,File,2016
daydream,Aimer,J-Pop,声色,4:57,,09 声色.mp3,Aimer,D:\Códigos\Musica-Analisis\files\xml\Pre_RAW\Aimer.xml,Aimer,100,True,1,74,256,Se encuentra en spotify,,TK,2024-09-26 20:47:24,2026-01-07 19:47:43,1,1,,,5,Archivo de audio MPEG,1,file://localhost/E:/iTunes/iTunes%20Media/Music/Aimer/daydream/09%20%E5%A3%B0%E8%89%B2.mp3,,,7806,026B9F7E7F299300,3,3827239104,2025-04-11 22:58:24,,100,,,44100,9602753,,,,,,,13,4705,9,File,2016
daydream,Aimer,J-Pop,closer,3:32,,10 closer.mp3,Aimer,D:\Códigos\Musica-Analisis\files\xml\Pre_RAW\Aimer.xml,Aimer,100,True,1,90,256,Se encuentra en spotify,,taka,2024-09-26 20:47:24,2026-01-07 20:09:46,1,1,,,5,Archivo de audio MPEG,1,file://localhost/E:/iTunes/iTunes%20Media/Music/Aimer/daydream/10%20closer.mp3,,,11684,EFE0F1449B731CE0,4,3843558611,2025-10-17 20:10:11,,100,,,44100,6889362,,,,,,,13,4707,10,File,2016
daydream,Aimer feat Taka,J-Pop,Falling Alone,4:13,,11 Falling Alone.mp3,Aimer,D:\Códigos\Musica-Analisis\files\xml\Pre_RAW\Aimer.xml,Aimer,100,True,1,120,256,Se encuentra en spotify,,,2024-09-26 20:47:24,2026-01-07 19:25:36,1,1,,,5,Archivo de audio MPEG,1,file://localhost/E:/iTunes/iTunes%20Media/Music/Aimer/daydream/11%20Falling%20Alone.mp3,,,10100,A3308FA89891409E,7,3843570145,2025-10-17 23:22:25,,100,,,44100,8190058,,,,,,,13,4709,11,File,2016
Deep down,Aimer,J-Pop,Deep down,3:47,,01 Deep down.mp3,Aimer,D:\Códigos\Musica-Analisis\files\xml\Pre_RAW\Aimer.xml,Aimer,100,True,1,51,256,Se encuentra en spotify,,Kazuma Nagasawa,2024-09-26 20:47:25,2026-01-07 19:42:45,1,1,,,5,Archivo de audio MPEG,1,file://localhost/E:/iTunes/iTunes%20Media/Music/Aimer/Deep%20down/01%20Deep%20down.mp3,,,4887,92B9C58E94C8FFD8,4,3840283214,2025-09-09 22:20:14,,100,,,44100,7333626,,,,,,,7,4715,1,File,2022
escalate(Special Edition) - EP,Aimer,J-Pop,escalate,4:06,,01 escalate.mp3,Aimer,D:\Códigos\Musica-Analisis\files\xml\Pre_RAW\Aimer.xml,Aimer,100,True,1,88,256,Se encuentra en spotify,,Yoshida Haruo,2024-09-26 20:47:26,2026-01-07 18:52:46,1,1,,,5,Archivo de audio MPEG,1,file://localhost/E:/iTunes/iTunes%20Media/Music/Aimer/escalate(Special%20Edition)%20-%20EP/01%20escalate.mp3,,,7284,54560764DF7F22E0,1,3832710726,2025-06-14 06:52:06,,100,,,44100,8000620,,,,,,,5,4729,1,File,2023
Open α Door,Aimer,J-Pop,Resonantia,3:49,,03 Resonantia.mp3,Aimer,D:\Códigos\Musica-Analisis\files\xml\Pre_RAW\Aimer.xml,Aimer,100,True,1,170,256,Se encuentra en spotify,,Rui Momota,2024-09-26 20:47:27,2026-01-07 20:23:50,1,1,,,5,Archivo de audio MPEG,1,file://localhost/E:/iTunes/iTunes%20Media/Music/Aimer/Open%20%CE%B1%20Door/03%20Resonantia.mp3,,,7022,72EBBB09F8CA3947,3,3850575515,2026-01-07 02:18:35,,100,,,44100,7419044,,,,,,,12,4743,3,File,2023
Penny Rain,Aimer,J-Pop,Stand By You,4:14,,06 Stand By You.mp3,Aimer,D:\Códigos\Musica-Analisis\files\xml\Pre_RAW\Aimer.xml,Aimer,100,True,1,83,256,Se encuentra en spotify,,TK,2024-09-26 20:47:30,2026-01-07 21:21:16,1,1,,,5,Archivo de audio MPEG,1,file://localhost/E:/iTunes/iTunes%20Media/Music/Aimer/Penny%20Rain/06%20Stand%20By%20You.mp3,,,13746,82AAF3CC13147467,2,3835860586,2025-07-20 17:49:46,,100,,,44100,8249569,,,,,,,10,4773,6,File,2019
Penny Rain,Aimer,J-Pop,i-mage  in-AR ,5:49,,08 i-mage  in-AR.mp3,Aimer,D:\Códigos\Musica-Analisis\files\xml\Pre_RAW\Aimer.xml,Aimer,100,True,1,106,256,Se encuentra en spotify,,澤野弘之,2024-09-26 20:47:30,2026-01-07 19:12:43,1,1,,,5,Archivo de audio MPEG,1,file://localhost/E:/iTunes/iTunes%20Media/Music/Aimer/Penny%20Rain/08%20i-mage%20%20in-AR.mp3,,,9818,763B83B8DF8D7C09,2,3825767374,2025-03-25 23:09:34,,100,,,44100,11287570,,,,,,,10,4777,8,File,2019
Penny Rain,Aimer,J-Pop,April Showers,5:44,,10 April Showers.mp3,Aimer,D:\Códigos\Musica-Analisis\files\xml\Pre_RAW\Aimer.xml,Aimer,100,True,1,77,256,Se encuentra en spotify,,AlbatoLuce,2024-09-26 20:47:31,2026-01-07 21:13:53,1,1,,,5,Archivo de audio MPEG,1,file://localhost/E:/iTunes/iTunes%20Media/Music/Aimer/Penny%20Rain/10%20April%20Showers.mp3,,,4837,8F4FD8B9F51D1317,3,3851355706,2026-01-16 03:01:46,,100,,,44100,11107576,,,,,,,10,4781,10,File,2019
Sun Dance,Aimer,J-Pop,We Two,4:07,,03 We Two.mp3,Aimer,D:\Códigos\Musica-Analisis\files\xml\Pre_RAW\Aimer.xml,Aimer,100,True,1,133,256,Se encuentra en spotify,,飛内将大,2024-09-26 20:47:34,2026-01-07 22:00:47,1,1,,,5,Archivo de audio MPEG,1,file://localhost/E:/iTunes/iTunes%20Media/Music/Aimer/Sun%20Dance/03%20We%20Two.mp3,,,14345,A0E3E41E1C31773B,2,3830090364,2025-05-14 22:59:24,,100,,,44100,8002965,,,,,,,10,4813,3,File,2019
Sun Dance,Aimer,J-Pop,3min,3:03,,04 3min.mp3,Aimer,D:\Códigos\Musica-Analisis\files\xml\Pre_RAW\Aimer.xml,Aimer,100,True,1,107,256,Se encuentra en spotify,,飛内将大,2024-09-26 20:47:35,2026-01-07 17:10:28,1,1,,,5,Archivo de audio MPEG,1,file://localhost/E:/iTunes/iTunes%20Media/Music/Aimer/Sun%20Dance/04%203min.mp3,,,10273,FD77E4024C89ED71,6,3845984741,2025-11-14 23:05:41,,100,,,44100,5954127,,,,,,,10,4815,4,File,2019
Sun Dance,Aimer,J-Pop,Monochrome Syndrome,4:52,,08 Monochrome Syndrome.mp3,Aimer,D:\Códigos\Musica-Analisis\files\xml\Pre_RAW\Aimer.xml,Aimer,100,True,1,128,256,Se encuentra en spotify,,飛内将大,2024-09-26 20:47:35,2026-01-07 21:41:30,1,1,,,5,Archivo de audio MPEG,1,file://localhost/E:/iTunes/iTunes%20Media/Music/Aimer/Sun%20Dance/08%20Monochrome%20Syndrome.mp3,,,9596,FE019F44686F215B,2,3834827804,2025-07-08 18:56:44,,100,,,44100,9440757,,,,,,,10,4823,8,File,2019
Walpurgis,Aimer,J-Pop,cold rain,3:50,,03 cold rain.mp3,Aimer,D:\Códigos\Musica-Analisis\files\xml\Pre_RAW\Aimer.xml,Aimer,100,True,1,86,256,Se encuentra en spotify,,Takayuki Mitsuhashi,2024-09-26 20:47:36,2026-01-07 21:55:40,1,1,,,5,Archivo de audio MPEG,1,file://localhost/E:/iTunes/iTunes%20Media/Music/Aimer/Walpurgis/03%20cold%20rain.mp3,,,6121,F8A7C7F5382BF74B,3,3842201912,2025-10-02 03:18:32,,100,,,44100,7451951,,,,,,,14,4833,3,File,2021
Walpurgis,Aimer,J-Pop,wonderland,5:03,,07 wonderland.mp3,Aimer,D:\Códigos\Musica-Analisis\files\xml\Pre_RAW\Aimer.xml,Aimer,100,True,1,120,256,Se encuentra en spotify,,Yuki Kajiura,2024-09-26 20:47:37,2026-01-07 18:10:30,1,1,,,5,Archivo de audio MPEG,1,file://localhost/E:/iTunes/iTunes%20Media/Music/Aimer/Walpurgis/07%20wonderland.mp3,,,7899,4348E53522DB42F6,3,3834310634,2025-07-02 19:17:14,,100,,,44100,9806734,,,,,,,14,4841,7,File,2021
Walpurgis,Aimer,J-Pop,季路,5:52,,12 季路.mp3,Aimer,D:\Códigos\Musica-Analisis\files\xml\Pre_RAW\Aimer.xml,Aimer,100,True,1,74,256,Se encuentra en spotify,,Masahiro Tobiuchi,2024-09-26 20:47:38,2026-01-07 17:01:16,1,1,,,5,Archivo de audio MPEG,1,file://localhost/E:/iTunes/iTunes%20Media/Music/Aimer/Walpurgis/12%20%E5%AD%A3%E8%B7%AF.mp3,,,7960,77C89C745EBD478C,2,3845720714,2025-11-11 21:45:14,,100,,,44100,11369063,,,,,,,14,4851,12,File,2021
白色蜉蝣 - EP,Aimer,J-Pop,Overdrive,3:02,,02 Overdrive.mp3,Aimer,D:\Códigos\Musica-Analisis\files\xml\Pre_RAW\Aimer.xml,Aimer,100,True,1,92,256,Se encuentra en spotify,,Akitsugu Fukushima,2024-09-26 20:47:39,2026-01-07 18:44:45,1,1,,,5,Archivo de audio MPEG,1,file://localhost/E:/iTunes/iTunes%20Media/Music/Aimer/%E7%99%BD%E8%89%B2%E8%9C%89%E8%9D%A3%20-%20EP/02%20Overdrive.mp3,,,9348,4B79D324B86FD2B2,7,3851357051,2026-01-16 03:24:11,,100,,,44100,5881248,,,,,,,5,4859,2,File,2023
UnChild,SawanoHiroyuki[nZk] feat. Aimer,J-Pop,bL∞dy f8,4:48,,08 bL∞dy f8.mp3,Aimer,D:\Códigos\Musica-Analisis\files\xml\Pre_RAW\Aimer.xml,SawanoHiroyuki[nZk] feat. Aimer,100,True,1,128,256,Se encuentra en spotify,,,2024-09-26 21:00:16,2026-01-07 20:34:55,1,1,,,5,Archivo de audio MPEG,1,file://localhost/E:/iTunes/iTunes%20Media/Music/SawanoHiroyuki%5BnZk%5D%20feat.%20Aimer/UnChild/08%20bL%E2%88%9Edy%20f8.mp3,,,3944,69F0096DAC8B733E,8,3850589688,2026-01-07 06:14:48,,100,,,44100,9439472,,,,,,,12,10013,8,File,2014
Black Bird - Tiny Dancers - 思い出は奇麗で - EP,Aimer,J-Pop,Black Bird,3:49,,01 Black Bird.m4a,Aimer,D:\Códigos\Musica-Analisis\files\xml\Pre_RAW\Aimer.xml,Aimer,100,True,1,81,317,Se encuentra en spotify,,飛内将大,2025-02-10 01:51:11,2026-01-07 22:20:26,1,1,,,5,Archivo de audio AAC,1,file://localhost/E:/iTunes/iTunes%20Media/Music/Aimer/Black%20Bird%20-%20Tiny%20Dancers%20-%20%E6%80%9D%E3%81%84%E5%87%BA%E3%81%AF%E5%A5%87%E9%BA%97%E3%81%A7%20-%20EP/01%20Black%20Bird.m4a,,,11057,57AE76990AF26B89,2,3846913212,2025-11-25 17:00:12,,100,,2018-09-03 12:00:00,48000,9239866,,,,,,,4,16069,1,File,2018
Brave Shine - EP,Aimer,J-Pop,Brave Shine,3:54,,01 Brave Shine.m4a,Aimer,D:\Códigos\Musica-Analisis\files\xml\Pre_RAW\Aimer.xml,Aimer,100,True,1,86,319,Se encuentra en spotify,,Hisashi Koyama,2025-02-10 01:51:11,2026-01-07 19:19:47,1,1,,,5,Archivo de audio AAC,1,file://localhost/E:/iTunes/iTunes%20Media/Music/Aimer/Brave%20Shine%20-%20EP/01%20Brave%20Shine.m4a,,,6591,DAB3FC2F946C8AEE,3,3847087823,2025-11-27 17:30:23,,100,,2015-06-03 12:00:00,48000,9462094,1,2025-05-27 05:56:03,,,,,5,16079,1,File,2015
broKen NIGHT - holLow wORlD - EP,Aimer,J-Pop,broKen NIGHT,4:56,,01 broKen NIGHT.m4a,Aimer,D:\Códigos\Musica-Analisis\files\xml\Pre_RAW\Aimer.xml,Aimer,100,True,1,85,322,Se encuentra en spotify,,Asami Takeo,2025-02-10 01:51:11,2026-01-07 18:01:22,1,1,,,5,Archivo de audio AAC,1,file://localhost/E:/iTunes/iTunes%20Media/Music/Aimer/broKen%20NIGHT%20-%20holLow%20wORlD%20-%20EP/01%20broKen%20NIGHT.m4a,,,5643,2574A434AA8E09C7,6,3847097188,2025-11-27 20:06:28,,100,,2014-12-17 12:00:00,48000,12189684,,,,,,,8,16081,1,File,2014
I beg you - 花びらたちのマーチ - Sailing - EP,Aimer,J-Pop,I beg you,4:30,,01 I beg you.m4a,Aimer,D:\Códigos\Musica-Analisis\files\xml\Pre_RAW\Aimer.xml,Aimer,100,True,1,128,314,Se encuentra en spotify,,梶浦由記,2025-02-10 01:51:11,2026-01-07 20:52:46,1,1,,,5,Archivo de audio AAC,1,file://localhost/E:/iTunes/iTunes%20Media/Music/Aimer/I%20beg%20you%20-%20%E8%8A%B1%E3%81%B3%E3%82%89%E3%81%9F%E3%81%A1%E3%81%AE%E3%83%9E%E3%83%BC%E3%83%81%20-%20Sailing%20-%20EP/01%20I%20beg%20you.m4a,,,7387,4B4887DEF7CE1663,3,3847088334,2025-11-27 17:38:54,,100,,2019-01-08 12:00:00,48000,10731802,,,,,,,5,16123,1,File,2019
insane dream - us - Single,Aimer,J-Rock,insane dream,4:14,,01 insane dream.m4a,Aimer,D:\Códigos\Musica-Analisis\files\xml\Pre_RAW\Aimer.xml,Aimer,100,True,1,120,315,Se encuentra en spotify,,taka,2025-02-10 01:51:11,2026-01-07 18:38:08,1,1,,,5,Archivo de audio AAC,1,file://localhost/E:/iTunes/iTunes%20Media/Music/Aimer/insane%20dream%20-%20us%20-%20Single/01%20insane%20dream.m4a,,,13687,4D80479D96E350C3,3,3844434550,2025-10-28 00:29:10,,100,,2016-07-06 12:00:00,48000,10154299,,,,,,,3,16129,1,File,2016
ninelie EP,Aimer with chelly,J-Pop,ninelie,4:20,,01 ninelie.m4a,Aimer,D:\Códigos\Musica-Analisis\files\xml\Pre_RAW\Aimer.xml,Aimer,100,True,1,86,318,Se encuentra en spotify,,Hiroyuki Sawano,2025-02-10 01:51:12,2026-01-07 17:04:46,1,1,,,5,Archivo de audio AAC,1,file://localhost/E:/iTunes/iTunes%20Media/Music/Aimer/ninelie%20EP/01%20ninelie.m4a,,,4687,875A4F9B091A7A23,7,3843125386,2025-10-12 19:49:46,,100,,2016-05-11 12:00:00,48000,10600243,,,,,,,5,16175,1,File,2016
RE-I AM EP,Aimer,J-Pop,RE-I AM,5:47,,01 RE-I AM.m4a,Aimer,D:\Códigos\Musica-Analisis\files\xml\Pre_RAW\Aimer.xml,Aimer,100,True,1,72,320,Se encuentra en spotify,,Aimer,2025-02-10 01:51:13,2026-01-07 17:23:00,1,1,,,5,Archivo de audio AAC,1,file://localhost/E:/iTunes/iTunes%20Media/Music/Aimer/RE-I%20AM%20EP/01%20RE-I%20AM.m4a,,,8088,AACABF217FB18589,2,3834351952,2025-07-03 06:45:52,,100,,2013-03-20 12:00:00,48000,14074490,,,,,,,5,16191,1,File,2013
Ref-rain - 眩いばかり - EP,Aimer,J-Pop,Ref-rain,4:50,,01 Ref-rain.m4a,Aimer,D:\Códigos\Musica-Analisis\files\xml\Pre_RAW\Aimer.xml,Aimer,100,True,1,78,322,Se encuentra en spotify,,飛内将大,2025-02-10 01:51:13,2026-01-07 22:07:56,1,1,,,5,Archivo de audio AAC,1,file://localhost/E:/iTunes/iTunes%20Media/Music/Aimer/Ref-rain%20-%20%E7%9C%A9%E3%81%84%E3%81%B0%E3%81%8B%E3%82%8A%20-%20EP/01%20Ref-rain.m4a,,,8246,5591D084C0B7A726,8,3851447682,2026-01-17 04:34:42,,100,,2018-02-21 12:00:00,48000,11880078,,,,,,,4,16193,1,File,2018
SPARK-AGAIN - EP,Aimer,J-Pop,SPARK-AGAIN,4:04,,01 SPARK-AGAIN.m4a,Aimer,D:\Códigos\Musica-Analisis\files\xml\Pre_RAW\Aimer.xml,Aimer,100,True,,90,318,Se encuentra en spotify,,Masahiro Tobinai,2025-02-10 01:51:14,2026-01-07 20:46:18,1,1,,,5,Archivo de audio AAC,1,file://localhost/E:/iTunes/iTunes%20Media/Music/Aimer/SPARK-AGAIN%20-%20EP/01%20SPARK-AGAIN.m4a,,,10722,0E397D11FC4F9DDB,2,3844078662,2025-10-23 20:37:42,,100,,2020-09-09 12:00:00,48000,9767746,,,,,,,4,16217,1,File,2020
STAND-ALONE - Single,Aimer,J-Pop,STAND-ALONE,4:47,,01 STAND-ALONE.m4a,Aimer,D:\Códigos\Musica-Analisis\files\xml\Pre_RAW\Aimer.xml,Aimer,100,True,1,92,320,Se encuentra en spotify,,Masahiro Tobiuchi,2025-02-10 01:51:14,2026-01-07 18:33:37,1,1,,,5,Archivo de audio AAC,1,file://localhost/E:/iTunes/iTunes%20Media/Music/Aimer/STAND-ALONE%20-%20Single/01%20STAND-ALONE.m4a,,,8735,30341CC7AEC085DF,1,3823542318,2025-02-28 05:05:18,,100,,2019-05-05 12:00:00,48000,11644775,,,,,,,1,16225,1,File,2019
StarRingChild EP,Aimer,J-Pop,StarRingChild,5:30,,01 StarRingChild.m4a,Aimer,D:\Códigos\Musica-Analisis\files\xml\Pre_RAW\Aimer.xml,Aimer,100,True,1,82,320,Se encuentra en spotify,,澤野弘之,2025-02-10 01:51:14,2026-01-07 19:42:07,1,1,,,5,Archivo de audio AAC,1,file://localhost/E:/iTunes/iTunes%20Media/Music/Aimer/StarRingChild%20EP/01%20StarRingChild.m4a,,,6341,C08BFB7383A57D80,2,3835040469,2025-07-11 06:01:09,,100,,2014-05-21 12:00:00,48000,13372436,,,,,,,6,16227,1,File,2014
Torches - EP,Aimer,J-Pop,Torches,4:54,,01 Torches.m4a,Aimer,D:\Códigos\Musica-Analisis\files\xml\Pre_RAW\Aimer.xml,Aimer,100,True,1,82,316,Se encuentra en spotify,,飛内将大,2025-02-10 01:51:14,2026-01-07 19:54:16,1,1,,,5,Archivo de audio AAC,1,file://localhost/E:/iTunes/iTunes%20Media/Music/Aimer/Torches%20-%20EP/01%20Torches.m4a,,,4115,E64C5E6EA51898B1,5,3837794173,2025-08-12 02:56:13,,100,,2019-08-05 12:00:00,48000,11764396,,,,,,,5,16237,1,File,2019
あなたに出会わなければ〜夏雪冬花〜 - 星屑ビーナス - Single,Aimer,J-Pop,あなたに出会わなければ〜夏雪冬花〜,6:03,,01 あなたに出会わなければ〜夏雪冬花〜.m4a,Aimer,D:\Códigos\Musica-Analisis\files\xml\Pre_RAW\Aimer.xml,Aimer,100,True,1,73,318,Se encuentra en spotify,,Fucked,2025-02-10 01:51:14,2026-01-07 21:55:22,1,1,,,5,Archivo de audio AAC,1,file://localhost/E:/iTunes/iTunes%20Media/Music/Aimer/%E3%81%82%E3%81%AA%E3%81%9F%E3%81%AB%E5%87%BA%E4%BC%9A%E3%82%8F%E3%81%AA%E3%81%91%E3%82%8C%E3%81%B0%E3%80%9C%E5%A4%8F%E9%9B%AA%E5%86%AC%E8%8A%B1%E3%80%9C%20-%20%E6%98%9F%E5%B1%91%E3%83%93%E3%83%BC%E3%83%8A%E3%82%B9%20-%20Single/01%20%E3%81%82%E3%81%AA%E3%81%9F%E3%81%AB%E5%87%BA%E4%BC%9A%E3%82%8F%E3%81%AA%E3%81%91%E3%82%8C%E3%81%B0%E3%80%9C%E5%A4%8F%E9%9B%AA%E5%86%AC%E8%8A%B1%E3%80%9C.m4a,,,6942,427DC87709D1DD2F,2,3832757908,2025-06-14 19:58:28,,100,,2012-07-27 12:00:00,48000,14634301,,,,,,,3,16263,1,File,2012
六等星の夜 - 悲しみはオーロラに - TWINKLE TWINKLE LITTLE STAR - Single,Aimer,J-Pop,六等星の夜,5:37,,01 六等星の夜.m4a,Aimer,D:\Códigos\Musica-Analisis\files\xml\Pre_RAW\Aimer.xml,Aimer,100,True,1,72,319,Se encuentra en spotify,,飛内将大,2025-02-10 01:51:14,2026-01-07 17:13:30,1,1,,,5,Archivo de audio AAC,1,file://localhost/E:/iTunes/iTunes%20Media/Music/Aimer/%E5%85%AD%E7%AD%89%E6%98%9F%E3%81%AE%E5%A4%9C%20-%20%E6%82%B2%E3%81%97%E3%81%BF%E3%81%AF%E3%82%AA%E3%83%BC%E3%83%AD%E3%83%A9%E3%81%AB%20-%20TWINKLE%20TWINKLE%20LITT/01%20%E5%85%AD%E7%AD%89%E6%98%9F%E3%81%AE%E5%A4%9C.m4a,,,5814,5A54B57DAED823CD,3,3841213246,2025-09-20 16:40:46,,100,,2011-09-07 12:00:00,48000,13579363,,,,,,,3,16295,1,File,2011
春はゆく - marie - EP,Aimer,J-Pop,春はゆく,5:04,,01 春はゆく.m4a,Aimer,D:\Códigos\Musica-Analisis\files\xml\Pre_RAW\Aimer.xml,Aimer,100,True,1,80,313,Se encuentra en spotify,,Yuki Kajiura,2025-02-10 01:51:14,2026-01-07 21:28:16,1,1,,,5,Archivo de audio AAC,1,file://localhost/E:/iTunes/iTunes%20Media/Music/Aimer/%E6%98%A5%E3%81%AF%E3%82%86%E3%81%8F%20-%20marie%20-%20EP/01%20%E6%98%A5%E3%81%AF%E3%82%86%E3%81%8F.m4a,,,4525,8BE4C0688E89465C,2,3846408154,2025-11-19 20:42:34,,100,,2020-03-25 12:00:00,48000,12125520,,,,,,,4,16307,1,File,2020
残響散歌 - 朝が来る - EP,Aimer,J-Pop,残響散歌,3:04,,01 残響散歌.m4a,Aimer,D:\Códigos\Musica-Analisis\files\xml\Pre_RAW\Aimer.xml,Aimer,100,True,1,171,319,Se encuentra en spotify,,Masahiro Tobinai,2025-02-10 01:51:14,2026-01-07 18:45:11,1,1,,,5,Archivo de audio AAC,1,file://localhost/E:/iTunes/iTunes%20Media/Music/Aimer/%E6%AE%8B%E9%9F%BF%E6%95%A3%E6%AD%8C%20-%20%E6%9C%9D%E3%81%8C%E6%9D%A5%E3%82%8B%20-%20EP/01%20%E6%AE%8B%E9%9F%BF%E6%95%A3%E6%AD%8C.m4a,,,5814,58D608313C7EB2F6,3,3850583184,2026-01-07 04:26:24,,100,,2021-12-06 12:00:00,48000,7611765,,,,,,,6,16311,1,File,2022
茜さす-everlasting snow - EP,Aimer,J-Pop,茜さす,5:30,,01 茜さす.m4a,Aimer,D:\Códigos\Musica-Analisis\files\xml\Pre_RAW\Aimer.xml,Aimer,100,True,1,74,321,Se encuentra en spotify,,釣俊輔,2025-02-10 01:51:15,2026-01-07 21:11:11,1,1,,,5,Archivo de audio AAC,1,file://localhost/E:/iTunes/iTunes%20Media/Music/Aimer/%E8%8C%9C%E3%81%95%E3%81%99-everlasting%20snow%20-%20EP/01%20%E8%8C%9C%E3%81%95%E3%81%99.m4a,,,7665,28FE4D5552F6730C,8,3850415340,2026-01-05 05:49:00,,100,,2016-11-16 12:00:00,48000,13429569,,,,,,,6,16321,1,File,2016
Torches - EP,Aimer,J-Pop,Blind to you,4:41,,02 Blind to you.m4a,Aimer,D:\Códigos\Musica-Analisis\files\xml\Pre_RAW\Aimer.xml,Aimer,100,True,1,81,319,Se encuentra en spotify,,Masahiro Tobinai,2025-02-10 01:51:15,2026-01-07 20:36:49,1,1,,,5,Archivo de audio AAC,1,file://localhost/E:/iTunes/iTunes%20Media/Music/Aimer/Torches%20-%20EP/02%20Blind%20to%20you.m4a,,,2471,8F141B77C2A82CA0,3,3845444419,2025-11-08 17:00:19,,100,,2019-08-14 12:00:00,48000,11334466,,,,,,,5,16345,2,File,2019
broKen NIGHT - holLow wORlD - EP,Aimer,J-Pop,holLow wORlD,4:36,,02 holLow wORlD.m4a,Aimer,D:\Códigos\Musica-Analisis\files\xml\Pre_RAW\Aimer.xml,Aimer,100,True,1,127,318,Se encuentra en spotify,,岡本剛; 玉井健二;; aimerrhythm,2025-02-10 01:51:15,2026-01-07 17:42:39,1,1,,,5,Archivo de audio AAC,1,file://localhost/E:/iTunes/iTunes%20Media/Music/Aimer/broKen%20NIGHT%20-%20holLow%20wORlD%20-%20EP/02%20holLow%20wORlD.m4a,,,7653,24080E8A46CCF10B,3,3847193590,2025-11-28 22:53:10,,100,,2014-12-17 12:00:00,48000,11260286,,,,,,,8,16371,2,File,2014
春はゆく - marie - EP,Aimer,J-Pop,marie,5:07,,02 marie.m4a,Aimer,D:\Códigos\Musica-Analisis\files\xml\Pre_RAW\Aimer.xml,Aimer,100,True,1,96,313,Se encuentra en spotify,,Hiroaki Yokoyama,2025-02-10 01:51:15,2026-01-07 17:36:15,1,1,,,5,Archivo de audio AAC,1,file://localhost/E:/iTunes/iTunes%20Media/Music/Aimer/%E6%98%A5%E3%81%AF%E3%82%86%E3%81%8F%20-%20marie%20-%20EP/02%20marie.m4a,,,6412,161366DFE381A168,2,3849075242,2025-12-20 17:34:02,,100,,2020-02-23 12:00:00,48000,12224832,,,,,,,4,16385,2,File,2020
ninelie EP,Aimer,J-Pop,Through My Blood  AM ,4:04,,02 Through My Blood  AM.m4a,Aimer,D:\Códigos\Musica-Analisis\files\xml\Pre_RAW\Aimer.xml,Aimer,100,True,1,96,322,Se encuentra en spotify,,澤野弘之,2025-02-10 01:51:15,2026-01-07 17:10:24,1,1,,,5,Archivo de audio AAC,1,file://localhost/E:/iTunes/iTunes%20Media/Music/Aimer/ninelie%20EP/02%20Through%20My%20Blood%20%20AM.m4a,,,7583,FCE80D300F1E13AC,3,3845723893,2025-11-11 22:38:13,,100,,2016-05-11 12:00:00,48000,10064974,,,,,,,5,16401,2,File,2016
insane dream - us - Single,Aimer,J-Rock,us,4:36,,02 us.m4a,Aimer,D:\Códigos\Musica-Analisis\files\xml\Pre_RAW\Aimer.xml,Aimer,100,True,1,131,318,Se encuentra en spotify,,TK,2025-02-10 01:51:15,2026-01-07 18:20:07,1,1,,,5,Archivo de audio AAC,1,file://localhost/E:/iTunes/iTunes%20Media/Music/Aimer/insane%20dream%20-%20us%20-%20Single/02%20us.m4a,,,10346,4220388A84E8175C,2,3850590652,2026-01-07 06:30:52,,100,,2016-07-06 12:00:00,48000,11134703,,,,,,,3,16411,2,File,2016
Sign - EP,Aimer,J-Pop,Wren,3:07,,02 Wren.m4a,Aimer,D:\Códigos\Musica-Analisis\files\xml\Pre_RAW\Aimer.xml,Aimer,100,True,1,100,314,Se encuentra en spotify,,Kengo Minamida,2025-02-10 01:51:15,2026-01-07 18:20:40,1,1,,,5,Archivo de audio AAC,1,file://localhost/E:/iTunes/iTunes%20Media/Music/Aimer/Sign%20-%20EP/02%20Wren.m4a,,,6982,F4E434E6C5E9F3BD,1,3826290958,2025-04-01 00:35:58,,100,,2024-08-28 12:00:00,48000,7455001,,,,,,,5,16417,2,File,2024
雪の降る街-冬のダイヤモンド - Single,Aimer,J-Pop,冬のダイヤモンド,6:00,,02 冬のダイヤモンド.m4a,Aimer,D:\Códigos\Musica-Analisis\files\xml\Pre_RAW\Aimer.xml,Aimer,100,True,1,76,321,Se encuentra en spotify,,,2025-02-10 01:51:16,2026-01-07 17:26:15,1,1,,,5,Archivo de audio AAC,1,file://localhost/E:/iTunes/iTunes%20Media/Music/Aimer/%E9%9B%AA%E3%81%AE%E9%99%8D%E3%82%8B%E8%A1%97-%E5%86%AC%E3%81%AE%E3%83%80%E3%82%A4%E3%83%A4%E3%83%A2%E3%83%B3%E3%83%89%20-%20Single/02%20%E5%86%AC%E3%81%AE%E3%83%80%E3%82%A4%E3%83%A4%E3%83%A2%E3%83%B3%E3%83%89.m4a,,,7398,FC9D438BDAF16BD6,1,3833349538,2025-06-21 16:18:58,,100,,2012-02-23 12:00:00,48000,14565719,,,,,,,2,16435,2,File,2012
六等星の夜 - 悲しみはオーロラに - TWINKLE TWINKLE LITTLE STAR - Single,Aimer,J-Pop,悲しみはオーロラに,4:25,,02 悲しみはオーロラに.m4a,Aimer,D:\Códigos\Musica-Analisis\files\xml\Pre_RAW\Aimer.xml,Aimer,100,True,1,73,320,Se encuentra en spotify,,,2025-02-10 01:51:16,2026-01-07 20:07:56,1,1,,,5,Archivo de audio AAC,1,file://localhost/E:/iTunes/iTunes%20Media/Music/Aimer/%E5%85%AD%E7%AD%89%E6%98%9F%E3%81%AE%E5%A4%9C%20-%20%E6%82%B2%E3%81%97%E3%81%BF%E3%81%AF%E3%82%AA%E3%83%BC%E3%83%AD%E3%83%A9%E3%81%AB%20-%20TWINKLE%20TWINKLE%20LITT/02%20%E6%82%B2%E3%81%97%E3%81%BF%E3%81%AF%E3%82%AA%E3%83%BC%E3%83%AD%E3%83%A9%E3%81%AB.m4a,,,4917,82526D973220324C,5,3851166072,2026-01-13 22:21:12,,100,,2011-09-07 12:00:00,48000,10708178,,,,,,,3,16447,2,File,2011
RE-I AM EP,Aimer,J-Pop,星の消えた夜に,5:56,,02 星の消えた夜に.m4a,Aimer,D:\Códigos\Musica-Analisis\files\xml\Pre_RAW\Aimer.xml,Aimer,100,True,1,103,324,Se encuentra en spotify,,Aimer,2025-02-10 01:51:16,2026-01-07 18:54:41,1,1,,,5,Archivo de audio AAC,1,file://localhost/E:/iTunes/iTunes%20Media/Music/Aimer/RE-I%20AM%20EP/02%20%E6%98%9F%E3%81%AE%E6%B6%88%E3%81%88%E3%81%9F%E5%A4%9C%E3%81%AB.m4a,,,2587,8B3A1282BBAF52BF,4,3851356246,2026-01-16 03:10:46,,100,,2013-03-20 12:00:00,48000,14596700,1,2025-02-13 05:08:30,,,,,5,16449,2,File,2013
あなたに出会わなければ〜夏雪冬花〜 - 星屑ビーナス - Single,Aimer,J-Pop,星屑ビーナス,4:12,,02 星屑ビーナス.m4a,Aimer,D:\Códigos\Musica-Analisis\files\xml\Pre_RAW\Aimer.xml,Aimer,100,True,1,73,322,Se encuentra en spotify,,飛内将大,2025-02-10 01:51:16,2026-01-07 17:25:49,1,1,,,5,Archivo de audio AAC,1,file://localhost/E:/iTunes/iTunes%20Media/Music/Aimer/%E3%81%82%E3%81%AA%E3%81%9F%E3%81%AB%E5%87%BA%E4%BC%9A%E3%82%8F%E3%81%AA%E3%81%91%E3%82%8C%E3%81%B0%E3%80%9C%E5%A4%8F%E9%9B%AA%E5%86%AC%E8%8A%B1%E3%80%9C%20-%20%E6%98%9F%E5%B1%91%E3%83%93%E3%83%BC%E3%83%8A%E3%82%B9%20-%20Single/02%20%E6%98%9F%E5%B1%91%E3%83%93%E3%83%BC%E3%83%8A%E3%82%B9.m4a,,,4971,8DF421EBA4B128E8,3,3843154503,2025-10-13 03:55:03,,100,,2012-08-15 12:00:00,48000,10383090,1,2025-10-17 07:22:23,,,,,3,16451,2,File,2012
残響散歌 - 朝が来る - EP,Aimer,J-Pop,朝が来る,4:54,,02 朝が来る.m4a,Aimer,D:\Códigos\Musica-Analisis\files\xml\Pre_RAW\Aimer.xml,Aimer,100,True,1,165,317,Se encuentra en spotify,,Yuki Kajiura,2025-02-10 01:51:16,2026-01-07 19:37:24,1,1,,,5,Archivo de audio AAC,1,file://localhost/E:/iTunes/iTunes%20Media/Music/Aimer/%E6%AE%8B%E9%9F%BF%E6%95%A3%E6%AD%8C%20-%20%E6%9C%9D%E3%81%8C%E6%9D%A5%E3%82%8B%20-%20EP/02%20%E6%9C%9D%E3%81%8C%E6%9D%A5%E3%82%8B.m4a,,,5900,4ED490CC770F2B68,2,3830900458,2025-05-24 08:00:58,,100,,2022-01-10 12:00:00,48000,11948480,,,,,,,6,16453,2,File,2022
誰か、海を。 EP,Aimer,J-Pop,白昼夢,4:56,,02 白昼夢.m4a,Aimer,D:\Códigos\Musica-Analisis\files\xml\Pre_RAW\Aimer.xml,Aimer,100,True,1,82,321,Se encuentra en spotify,,飛内将大,2025-02-10 01:51:16,2026-01-07 21:17:31,1,1,,,5,Archivo de audio AAC,1,file://localhost/E:/iTunes/iTunes%20Media/Music/Aimer/%E8%AA%B0%E3%81%8B%E3%80%81%E6%B5%B7%E3%82%92%E3%80%82%20EP/02%20%E7%99%BD%E6%98%BC%E5%A4%A2.m4a,,,2941,0EFB98534C937E8A,4,3850455811,2026-01-05 17:03:31,,100,,2014-09-03 12:00:00,48000,12021588,,,,,,,8,16457,2,File,2014
Midnight Sun,Aimer,J-Pop,眠りの森,4:33,,02 眠りの森.m4a,Aimer,D:\Códigos\Musica-Analisis\files\xml\Pre_RAW\Aimer.xml,Aimer,100,True,1,126,321,Se encuentra en spotify,,飛内将大,2025-02-10 01:51:16,2026-01-07 21:48:19,1,1,,,5,Archivo de audio AAC,1,file://localhost/E:/iTunes/iTunes%20Media/Music/Aimer/Midnight%20Sun/02%20%E7%9C%A0%E3%82%8A%E3%81%AE%E6%A3%AE.m4a,,,5195,070986780A865C89,3,3834328166,2025-07-03 00:09:26,,100,,2013-08-14 12:00:00,48000,11116457,,,,,,,13,16459,2,File,2014
ONE - 花の唄 - 六等星の夜 Magic Blue ver. - EP,Aimer,J-Pop,花の唄,6:13,,02 花の唄.m4a,Aimer,D:\Códigos\Musica-Analisis\files\xml\Pre_RAW\Aimer.xml,Aimer,100,True,1,80,318,Se encuentra en spotify,,梶浦由記,2025-02-10 01:51:16,2026-01-07 19:27:16,1,1,,,5,Archivo de audio AAC,1,file://localhost/E:/iTunes/iTunes%20Media/Music/Aimer/ONE%20-%20%E8%8A%B1%E3%81%AE%E5%94%84%20-%20%E5%85%AD%E7%AD%89%E6%98%9F%E3%81%AE%E5%A4%9C%20Magic%20Blue%20ver.%20-%20EP/02%20%E8%8A%B1%E3%81%AE%E5%94%84.m4a,,,7252,846FE4DD058981C8,2,3845298454,2025-11-07 00:27:34,,100,,2017-10-11 12:00:00,48000,15007568,,,,,,,4,16465,2,File,2017
I beg you - 花びらたちのマーチ - Sailing - EP,Aimer,J-Pop,花びらたちのマーチ,3:14,,02 花びらたちのマーチ.m4a,Aimer,D:\Códigos\Musica-Analisis\files\xml\Pre_RAW\Aimer.xml,Aimer,100,True,1,105,321,Se encuentra en spotify,,飛内将大,2025-02-10 01:51:16,2026-01-07 19:36:49,1,1,,,5,Archivo de audio AAC,1,file://localhost/E:/iTunes/iTunes%20Media/Music/Aimer/I%20beg%20you%20-%20%E8%8A%B1%E3%81%B3%E3%82%89%E3%81%9F%E3%81%A1%E3%81%AE%E3%83%9E%E3%83%BC%E3%83%81%20-%20Sailing%20-%20EP/02%20%E8%8A%B1%E3%81%B3%E3%82%89%E3%81%9F%E3%81%A1%E3%81%AE%E3%83%9E%E3%83%BC%E3%83%81.m4a,,,3586,238A14337561CA08,3,3850335399,2026-01-04 07:36:39,,100,,2019-01-09 12:00:00,48000,7928501,,,,,,,5,16469,2,File,2019
SPARK-AGAIN - EP,Aimer,J-Pop,Ash flame,3:48,,03 Ash flame.m4a,Aimer,D:\Códigos\Musica-Analisis\files\xml\Pre_RAW\Aimer.xml,Aimer,100,True,1,140,319,Se encuentra en spotify,,Kazumasa Nagasawa,2025-02-10 01:51:16,2026-01-07 18:30:37,1,1,,,5,Archivo de audio AAC,1,file://localhost/E:/iTunes/iTunes%20Media/Music/Aimer/SPARK-AGAIN%20-%20EP/03%20Ash%20flame.m4a,,,7798,CBBD11AA4F460D01,4,3844363947,2025-10-27 04:52:27,,100,,2020-09-09 12:00:00,48000,9264544,,,,,,,4,16485,3,File,2020
Torches - EP,Aimer,J-Pop,Daisy,4:22,,03 Daisy.m4a,Aimer,D:\Códigos\Musica-Analisis\files\xml\Pre_RAW\Aimer.xml,Aimer,100,True,1,96,320,Se encuentra en spotify,,Rui Momota,2025-02-10 01:51:16,2026-01-07 21:40:36,1,1,,,5,Archivo de audio AAC,1,file://localhost/E:/iTunes/iTunes%20Media/Music/Aimer/Torches%20-%20EP/03%20Daisy.m4a,,,3761,7E5C7CD74ACFF81D,5,3848306178,2025-12-11 19:56:18,,100,,2019-08-14 12:00:00,48000,10620390,,,,,,,5,16493,3,File,2019
誰か、海を。 EP,Aimer with 阿部真央,J-Pop,for ロンリー,4:52,,03 for ロンリー.m4a,Aimer,D:\Códigos\Musica-Analisis\files\xml\Pre_RAW\Aimer.xml,Aimer,100,True,1,123,319,Se encuentra en spotify,,阿部真央,2025-02-10 01:51:16,2026-01-07 20:39:22,1,1,,,5,Archivo de audio AAC,1,file://localhost/E:/iTunes/iTunes%20Media/Music/Aimer/%E8%AA%B0%E3%81%8B%E3%80%81%E6%B5%B7%E3%82%92%E3%80%82%20EP/03%20for%20%E3%83%AD%E3%83%B3%E3%83%AA%E3%83%BC.m4a,,,6156,CFEF369683AC1DA8,1,3822904973,2025-02-20 20:02:53,,100,,2014-09-03 12:00:00,48000,11786734,,,,,,,8,16501,3,File,2014
春はゆく - marie - EP,Aimer,J-Pop,Run Riot,4:16,,03 Run Riot.m4a,Aimer,D:\Códigos\Musica-Analisis\files\xml\Pre_RAW\Aimer.xml,Aimer,100,True,1,172,320,Se encuentra en spotify,,Kazuma Nagasawa,2025-02-10 01:51:16,2026-01-07 20:46:01,1,1,,,5,Archivo de audio AAC,1,file://localhost/E:/iTunes/iTunes%20Media/Music/Aimer/%E6%98%A5%E3%81%AF%E3%82%86%E3%81%8F%20-%20marie%20-%20EP/03%20Run%20Riot.m4a,,,10935,3D1C2DA5EA207A22,8,3847088779,2025-11-27 17:46:19,,100,,2020-03-25 12:00:00,48000,10416592,,,,,,,4,16533,3,File,2020
I beg you - 花びらたちのマーチ - Sailing - EP,Aimer,J-Pop,Sailing,5:38,,03 Sailing.m4a,Aimer,D:\Códigos\Musica-Analisis\files\xml\Pre_RAW\Aimer.xml,Aimer,100,True,1,74,312,Se encuentra en spotify,,飛内将大,2025-02-10 01:51:16,2025-11-29 06:43:18,1,1,,,5,Archivo de audio AAC,1,file://localhost/E:/iTunes/iTunes%20Media/Music/Aimer/I%20beg%20you%20-%20%E8%8A%B1%E3%81%B3%E3%82%89%E3%81%9F%E3%81%A1%E3%81%AE%E3%83%9E%E3%83%BC%E3%83%81%20-%20Sailing%20-%20EP/03%20Sailing.m4a,,,6153,26611CD516DAA54C,3,3835876985,2025-07-20 22:23:05,,100,,2019-01-06 12:00:00,48000,13347816,,,,,,,5,16535,3,File,2019
insane dream - us - Single,Aimer,J-Rock,tone,4:47,,03 tone.m4a,Aimer,D:\Códigos\Musica-Analisis\files\xml\Pre_RAW\Aimer.xml,Aimer,100,True,1,72,322,Se encuentra en spotify,,春尾ヨシダ,2025-02-10 01:51:16,2026-01-07 20:01:52,1,1,,,5,Archivo de audio AAC,1,file://localhost/E:/iTunes/iTunes%20Media/Music/Aimer/insane%20dream%20-%20us%20-%20Single/03%20tone.m4a,,,7353,7CDEFF45E5C7D3A8,2,3839325657,2025-08-29 20:20:57,,100,,2016-07-06 12:00:00,48000,11722733,,,,,,,3,16537,3,File,2016
RE-I AM EP,Aimer,J-Pop,今日から思い出,5:06,,03 今日から思い出.m4a,Aimer,D:\Códigos\Musica-Analisis\files\xml\Pre_RAW\Aimer.xml,Aimer,100,True,1,140,317,Se encuentra en spotify,,Aimer,2025-02-10 01:51:17,2026-01-07 18:08:33,1,1,,,5,Archivo de audio AAC,1,file://localhost/E:/iTunes/iTunes%20Media/Music/Aimer/RE-I%20AM%20EP/03%20%E4%BB%8A%E6%97%A5%E3%81%8B%E3%82%89%E6%80%9D%E3%81%84%E5%87%BA.m4a,,,4960,38F3FC7C09723C85,4,3835796146,2025-07-19 23:55:46,,100,,2013-03-20 12:00:00,48000,12311930,,,,,,,5,16565,3,File,2013
DAWN,Aimer,J-Pop,Noir! Noir!,4:03,,05 Noir! Noir!.m4a,Aimer,D:\Códigos\Musica-Analisis\files\xml\Pre_RAW\Aimer.xml,Aimer,100,True,1,94,322,Se encuentra en spotify,,"DAIKI, Tamai Kenji",2025-02-10 01:51:18,2026-01-07 19:31:54,1,1,,,5,Archivo de audio AAC,1,file://localhost/E:/iTunes/iTunes%20Media/Music/Aimer/DAWN/05%20Noir!%20Noir!.m4a,,,5586,FFCFDC387D65B6CE,2,3847091851,2025-11-27 18:37:31,,100,,2015-07-29 12:00:00,48000,9907306,,,,,,,13,16727,5,File,2015
Midnight Sun,Aimer,J-Pop,AM03-00,5:58,,06 AM03-00.m4a,Aimer,D:\Códigos\Musica-Analisis\files\xml\Pre_RAW\Aimer.xml,Aimer,100,True,1,91,327,Se encuentra en spotify,,give me wallets,2025-02-10 01:51:18,2026-01-07 22:07:52,1,1,,,5,Archivo de audio AAC,1,file://localhost/E:/iTunes/iTunes%20Media/Music/Aimer/Midnight%20Sun/06%20AM03-00.m4a,,,3062,A39FDAE5278E91C9,4,3845209712,2025-11-05 23:48:32,,100,,2014-06-25 12:00:00,48000,14798543,,,,,,,13,16787,6,File,2014
DAWN,Aimer,J-Pop,AM04-00,4:32,,07 AM04-00.m4a,Aimer,D:\Códigos\Musica-Analisis\files\xml\Pre_RAW\Aimer.xml,Aimer,100,True,1,96,321,Se encuentra en spotify,,give me wallets,2025-02-10 01:51:19,2026-01-07 20:52:36,1,1,,,5,Archivo de audio AAC,1,file://localhost/E:/iTunes/iTunes%20Media/Music/Aimer/DAWN/07%20AM04-00.m4a,,,4558,1ABADDF18FDFE6C6,3,3845291025,2025-11-06 22:23:45,,100,,2015-07-29 12:00:00,48000,11062799,,,,,,,13,16851,7,File,2015
DAWN,Aimer,J-Pop,LAST STARDUST,5:18,,09 LAST STARDUST.m4a,Aimer,D:\Códigos\Musica-Analisis\files\xml\Pre_RAW\Aimer.xml,Aimer,100,True,1,122,317,Se encuentra en spotify,,飛内将大,2025-02-10 01:51:20,2026-01-07 19:49:47,1,1,,,5,Archivo de audio AAC,1,file://localhost/E:/iTunes/iTunes%20Media/Music/Aimer/DAWN/09%20LAST%20STARDUST.m4a,,,8301,0700A46F03D00647,2,3844180094,2025-10-25 00:48:14,,100,,2015-07-29 12:00:00,48000,12737089,,,,,,,13,16973,9,File,2015
BEST SELECTION 'noir',SawanoHiroyuki[nZk] feat. Aimer,Anime,s-AVE,4:36,,12 s-AVE.m4a,Aimer,D:\Códigos\Musica-Analisis\files\xml\Pre_RAW\Aimer.xml,Aimer,100,True,1,75,319,Se encuentra en spotify,,,2025-02-10 01:51:21,2026-01-07 20:34:22,1,1,,,5,Archivo de audio AAC,1,file://localhost/E:/iTunes/iTunes%20Media/Music/Aimer/BEST%20SELECTION%20'noir'/12%20s-AVE.m4a,,,7716,261296065700A1FA,6,3845297177,2025-11-07 00:06:17,,100,,2015-09-09 12:00:00,48000,11119348,,,,,,,14,17129,12,File,2015
BEST SELECTION 'blanc',Aimer,J-Pop,March of Time,4:56,,13 March of Time.m4a,Aimer,D:\Códigos\Musica-Analisis\files\xml\Pre_RAW\Aimer.xml,Aimer,100,True,1,75,318,Se encuentra en spotify,,,2025-02-10 01:51:22,2026-01-07 20:10:20,1,1,,,5,Archivo de audio AAC,1,file://localhost/E:/iTunes/iTunes%20Media/Music/Aimer/BEST%20SELECTION%20'blanc'/13%20March%20of%20Time.m4a,,,6717,5B99746C7451347B,2,3843130106,2025-10-12 21:08:26,,100,,2017-05-03 12:00:00,48000,11895554,,,,,,,14,17157,13,File,2017
BEST SELECTION 'noir',Aimer,J-Pop,zero,3:08,,14 zero.m4a,Aimer,D:\Códigos\Musica-Analisis\files\xml\Pre_RAW\Aimer.xml,Aimer,100,True,1,83,319,Se encuentra en spotify,,,2025-02-10 01:51:22,2026-01-07 19:24:30,1,1,,,5,Archivo de audio AAC,1,file://localhost/E:/iTunes/iTunes%20Media/Music/Aimer/BEST%20SELECTION%20'noir'/14%20zero.m4a,,,11586,02BD3343216BE0B9,2,3843645900,2025-10-18 20:25:00,,100,,2017-05-03 12:00:00,48000,7629325,,,,,,,14,17209,14,File,2017
星の消えた夜に,Aimer,J-Pop,ONE AND LAST,4:47,,16 ONE AND LAST.m4a,Aimer,D:\Códigos\Musica-Analisis\files\xml\Pre_RAW\Aimer.xml,Aimer,100,True,1,92,320,Se encuentra en spotify,,,2025-02-10 01:51:23,2026-01-07 18:10:57,1,1,,,5,Archivo de audio AAC,1,file://localhost/E:/iTunes/iTunes%20Media/Music/Aimer/%E6%98%9F%E3%81%AE%E6%B6%88%E3%81%88%E3%81%9F%E5%A4%9C%E3%81%AB/16%20ONE%20AND%20LAST.m4a,,,7431,27E64CFFAF16FCD2,3,3851445899,2026-01-17 04:04:59,,100,,2021-12-10 12:00:00,48000,11724792,,,,,,,23,17245,16,File,2021
SCOPE - Single,Aimer,J-Pop,やさしい舞踏会,4:54,,02 やさしい舞踏会.m4a,Aimer,D:\Códigos\Musica-Analisis\files\xml\Pre_RAW\Aimer.xml,Aimer,100,True,1,78,314,Se encuentra en spotify,,,2025-02-22 20:12:32,2026-01-07 19:22:29,1,1,,,5,Archivo de audio AAC,1,file://localhost/E:/iTunes/iTunes%20Media/Music/Aimer/SCOPE%20-%20Single/02%20%E3%82%84%E3%81%95%E3%81%97%E3%81%84%E8%88%9E%E8%B8%8F%E4%BC%9A.m4a,,,4115,F6887395D3CBFF35,7,3846771521,2025-11-24 01:38:41,,100,,2025-02-19 12:00:00,48000,11677105,,,,,,,5,19481,2,File,2025
Cocoon,Androp with Aimer,J-Rock,Memento mori,8:46,,12 Memento mori.m4a,Aimer,D:\Códigos\Musica-Analisis\files\xml\Pre_RAW\Aimer.xml,Androp,100,True,1,70,256,Se encuentra en spotify,,内澤崇仁,2025-02-23 16:26:29,2026-01-07 20:41:41,1,1,,,5,Archivo de audio AAC comprado,1,file://localhost/E:/iTunes/iTunes%20Media/Music/Androp/Cocoon/12%20Memento%20mori.m4a,,,11606,E519D55EAEE0E131,3,3841859595,2025-09-28 04:13:15,,100,,2018-03-07 08:00:00,44100,19304949,,,,,,,13,19729,12,File,2018
Sea and The Darkness,Galileo Galilei Feat. Aimer,J-Pop,ベッド,3:46,,05 ベッド.mp3,Aimer,D:\Códigos\Musica-Analisis\files\xml\Pre_RAW\Aimer.xml,Galileo Galilei,100,True,1,149,320,Se encuentra en spotify,,尾崎雄貴,2025-02-23 20:06:51,2026-01-07 17:18:24,1,1,,,5,Archivo de audio MPEG,1,file://localhost/E:/iTunes/iTunes%20Media/Music/Galileo%20Galilei/Sea%20and%20The%20Darkness/05%20%E3%83%99%E3%83%83%E3%83%89.mp3,,,8997,478546592914E718,4,3847116695,2025-11-28 01:31:35,,100,,,44100,9191363,,,,,,,16,20685,5,File,2016
太陽が昇らない世界 - A World Where the Sun Never Rises - Single,Aimer,Anime,太陽が昇らない世界 - A World Where the Sun Never Rises,2:50,,01 太陽が昇らない世界 - A World Where the Sun.mp3,Aimer,D:\Códigos\Musica-Analisis\files\xml\Pre_RAW\Aimer.xml,Aimer,100,True,1,140,256,Se encuentra en spotify,,,2025-07-19 16:37:01,2026-01-07 17:04:20,1,1,,,5,Archivo de audio MPEG,1,file://localhost/E:/iTunes/iTunes%20Media/Music/Aimer/%E5%A4%AA%E9%99%BD%E3%81%8C%E6%98%87%E3%82%89%E3%81%AA%E3%81%84%E4%B8%96%E7%95%8C%20-%20A%20World%20Where%20the%20Sun%20Never/01%20%E5%A4%AA%E9%99%BD%E3%81%8C%E6%98%87%E3%82%89%E3%81%AA%E3%81%84%E4%B8%96%E7%95%8C%20-%20A%20World%20Where%20the%20Sun.mp3,,,5992,BCF20C263548DA55,2,3843571641,2025-10-17 23:47:21,,100,,,44100,5538758,,,,,,,1,28067,1,File,2025
BUENAS NOCHES,Quevedo & Aitana,Música latina,GRAN VÍA,3:33,,04 GRAN VÍA.m4a,Aitana,D:\Códigos\Musica-Analisis\files\xml\Pre_RAW\Aitana.xml,Quevedo,100,,1,160,331,Se encuentra en spotify,,"Pedro Luis Domínguez Quevedo, Geovanny Javier Chasiloa Caza, Javier Falquet Moragues, Aitana, Andres Torres, Mauricio Rengifo & David Hernandez Garcia",2025-01-17 05:57:00,2026-01-07 22:10:50,1,1,,,5,Archivo de audio AAC,1,file://localhost/E:/iTunes/iTunes%20Media/Music/Quevedo/BUENAS%20NOCHES/04%20GRAN%20V%C3%8DA.m4a,,,4061,BD067CF5CACC1CF2,9,3847273125,2025-11-29 20:58:45,,100,,2024-11-22 12:00:00,48000,8965423,,,,,,,18,13177,4,File,2024
Enemigos - Single,Aitana & Reik,Pop en español,Enemigos,3:17,,01 Enemigos.m4a,Aitana,D:\Códigos\Musica-Analisis\files\xml\Pre_RAW\Aitana.xml,Aitana & Reik,100,,1,90,333,Se encuentra en spotify,,"Aitana, Santiago Deluchi, Chris Zadley, Germán Gonzalo Duque Molano & Felipe González Abad",2025-03-07 17:51:32,2026-01-07 19:37:37,1,1,,,5,Archivo de audio AAC,1,file://localhost/E:/iTunes/iTunes%20Media/Music/Aitana%20&%20Reik/Enemigos%20-%20Single/01%20Enemigos.m4a,,,6851,6C44EAECD4E7C783,5,3847273858,2025-11-29 21:10:58,,100,,2020-05-14 12:00:00,48000,8381023,,,,,,,1,24429,1,File,2020
Formentera - Single,Aitana & NICKI NICOLE,Pop en español,Formentera,3:26,,01 Formentera.m4a,Aitana,D:\Códigos\Musica-Analisis\files\xml\Pre_RAW\Aitana.xml,Aitana & NICKI NICOLE,100,True,1,128,330,Se encuentra en spotify,,Andrés Torres/Mauricio Rengifo/Aitana Ocaña/Nicole Denise Cucco,2025-03-07 17:51:32,2026-01-07 22:07:26,1,1,,,5,Archivo de audio AAC,1,file://localhost/E:/iTunes/iTunes%20Media/Music/Aitana%20&%20NICKI%20NICOLE/Formentera%20-%20Single/01%20Formentera.m4a,,,4362,1A9492A175A9A427,11,3850563936,2026-01-06 23:05:36,,100,,2021-12-02 12:00:00,48000,8723151,1,2025-12-23 02:52:48,,,,,1,24433,1,File,2021
Friend De Semana - Single,"Danna Paola, Luísa Sonza & Aitana",Pop en español,Friend De Semana,3:29,,01 Friend De Semana.m4a,Aitana,D:\Códigos\Musica-Analisis\files\xml\Pre_RAW\Aitana.xml,"Danna Paola, Luísa Sonza & Aitana",100,,1,93,329,Se encuentra en spotify,,"Danna Paola, Luísa Sonza, Mango, Nabález, Pedro Malaver Turbay, ARTHUR MARQUES & Aitana",2025-03-07 17:51:32,2026-01-07 19:28:11,1,1,,,5,Archivo de audio AAC,1,"file://localhost/E:/iTunes/iTunes%20Media/Music/Danna%20Paola,%20Lu%C3%ADsa%20Sonza%20&%20Aitana/Friend%20De%20Semana%20-%20Single/01%20Friend%20De%20Semana.m4a",,,7182,5A9ADF8188378F25,3,3847274656,2025-11-29 21:24:16,,100,,2020-10-29 12:00:00,48000,8732568,,,,,,,1,24435,1,File,2020
11 RAZONES,"Aitana, Álvaro Díaz & Pole",Pop en español,– (MENOS),3:08,,02 – (MENOS).m4a,Aitana,D:\Códigos\Musica-Analisis\files\xml\Pre_RAW\Aitana.xml,Aitana,100,True,1,158,327,Se encuentra en spotify,,Aitana,2025-03-07 23:32:44,2026-01-07 17:21:25,1,1,,,5,Archivo de audio AAC,1,file://localhost/E:/iTunes/iTunes%20Media/Music/Aitana/11%20RAZONES/02%20%E2%80%93%20(MENOS).m4a,,,7008,5629514FFC96FAEB,2,3847272729,2025-11-29 20:52:09,,100,,2020-12-10 12:00:00,48000,7826931,,,,,,,11,24487,2,File,2020
11 RAZONES,Aitana,Pop en español,% (DIVIDIDO),3:15,,06 % (DIVIDIDO).m4a,Aitana,D:\Códigos\Musica-Analisis\files\xml\Pre_RAW\Aitana.xml,Aitana,100,True,1,134,324,Se encuentra en spotify,,Aitana,2025-03-07 23:32:44,2026-01-07 17:22:03,1,1,,,5,Archivo de audio AAC,1,file://localhost/E:/iTunes/iTunes%20Media/Music/Aitana/11%20RAZONES/06%20%25%20(DIVIDIDO).m4a,,,8588,19CC8FF3FF81C3BA,3,3851357241,2026-01-16 03:27:21,,100,,2020-12-10 12:00:00,48000,8060344,,,,,,,11,24513,6,File,2020
SEGUNDO INTENTO - Single,Aitana,Pop,SEGUNDO INTENTO,3:11,,01 SEGUNDO INTENTO.m4a,Aitana,D:\Códigos\Musica-Analisis\files\xml\Pre_RAW\Aitana.xml,Aitana,100,True,1,158,326,Se encuentra en spotify,,"Aitana, Nicolás Cotton & Carolina Isabel Colón Juarbe",2025-03-07 23:35:27,2026-01-07 20:08:44,1,1,,,5,Archivo de audio AAC,1,file://localhost/E:/iTunes/iTunes%20Media/Music/Aitana/SEGUNDO%20INTENTO%20-%20Single/01%20SEGUNDO%20INTENTO.m4a,,,5007,29E19C826DB7E845,3,3847275981,2025-11-29 21:46:21,,100,,2025-01-23 12:00:00,48000,7908241,,,,,,,1,24563,1,File,2025
Mon Amour (Remix) - Single,zzoilo & Aitana,Pop en español,Mon Amour (Remix),3:00,,01 Mon Amour (Remix).m4a,Aitana,D:\Códigos\Musica-Analisis\files\xml\Pre_RAW\Aitana.xml,zzoilo & Aitana,100,True,1,116,335,Se encuentra en spotify,,"Zoilo Tuñón Rosa, Víctor Galindo Bovea & Aitana",2025-03-07 23:38:38,2026-01-07 17:09:22,1,1,,,5,Archivo de audio AAC,1,file://localhost/E:/iTunes/iTunes%20Media/Music/zzoilo%20&%20Aitana/Mon%20Amour%20(Remix)%20-%20Single/01%20Mon%20Amour%20(Remix).m4a,,,3139,AFE3E7CB343E2CC1,3,3847273305,2025-11-29 21:01:45,,100,,2021-08-18 12:00:00,48000,7636882,,,,,,,1,24591,1,File,2021
Lo Malo - Single,Aitana & Ana Guerra,Pop en español,Lo Malo,3:00,,01 Lo Malo.m4a,Aitana,D:\Códigos\Musica-Analisis\files\xml\Pre_RAW\Aitana.xml,Aitana & Ana Guerra,100,True,1,95,331,Se encuentra en spotify,,Will Simms & Morgan,2025-03-07 23:39:19,2026-01-07 18:24:29,1,1,,,5,Archivo de audio AAC,1,file://localhost/E:/iTunes/iTunes%20Media/Music/Aitana%20&%20Ana%20Guerra/Lo%20Malo%20-%20Single/01%20Lo%20Malo.m4a,,,3869,016C3603641A9F85,2,3847275181,2025-11-29 21:33:01,,100,,2018-01-01 12:00:00,48000,7619742,,,,,,,1,24601,1,File,2018
Nada Sale Mal - Single,Aitana,Pop,Nada Sale Mal,3:09,,01 Nada Sale Mal.m4a,Aitana,D:\Códigos\Musica-Analisis\files\xml\Pre_RAW\Aitana.xml,Aitana,100,True,1,74,331,Se encuentra en spotify,,"Aitana, Luis Salazar, Andy Clay & Maye Osorio",2025-03-07 23:39:19,2026-01-07 21:43:46,1,1,,,5,Archivo de audio AAC,1,file://localhost/E:/iTunes/iTunes%20Media/Music/Aitana/Nada%20Sale%20Mal%20-%20Single/01%20Nada%20Sale%20Mal.m4a,,,3000,465A367303F9758C,4,3850416186,2026-01-05 06:03:06,,100,,2019-05-17 12:00:00,48000,7951579,,,,,,,1,24605,1,File,2019
Teléfono - Single,Aitana,Pop,Teléfono,2:43,,01 Teléfono.m4a,Aitana,D:\Códigos\Musica-Analisis\files\xml\Pre_RAW\Aitana.xml,Aitana,100,True,1,86,328,Se encuentra en spotify,,"Aitana, Mauricio Rengifo & Andrés Torres",2025-03-07 23:39:19,2026-01-07 18:56:41,1,1,,,5,Archivo de audio AAC,1,file://localhost/E:/iTunes/iTunes%20Media/Music/Aitana/Tel%C3%A9fono%20-%20Single/01%20Tel%C3%A9fono.m4a,,,3158,F2315139D54BA3DA,2,3847276341,2025-11-29 21:52:21,,100,,2018-01-01 12:00:00,48000,6855230,,,,,,,1,24615,1,File,2018
Tráiler - EP,Aitana,Pop,Mejor Que Tú,3:11,,03 Mejor Que Tú.m4a,Aitana,D:\Códigos\Musica-Analisis\files\xml\Pre_RAW\Aitana.xml,Aitana,100,True,1,89,332,Se encuentra en spotify,,"Eva Ruiz, Germán Gonzalo Duque Molano, Felipe González Abad & Pedro Malaver Turbay",2025-03-07 23:39:42,2026-01-07 21:26:21,1,1,,,5,Archivo de audio AAC,1,file://localhost/E:/iTunes/iTunes%20Media/Music/Aitana/Tr%C3%A1iler%20-%20EP/03%20Mejor%20Que%20T%C3%BA.m4a,,,3004,147C213D02F83D09,2,3847275558,2025-11-29 21:39:18,,100,,2018-11-30 12:00:00,48000,8109545,,,,,,,5,24625,3,File,2018
Alpha,Aitana,Dance,Ella Bailaba,2:46,,06 Ella Bailaba.m4a,Aitana,D:\Códigos\Musica-Analisis\files\xml\Pre_RAW\Aitana.xml,Aitana,100,True,1,122,329,Se encuentra en spotify,,"Aitana, Mauricio Rengifo & Andres Torres",2025-03-07 23:39:42,2026-01-07 21:28:11,1,1,,,5,Archivo de audio AAC,1,file://localhost/E:/iTunes/iTunes%20Media/Music/Aitana/Alpha/06%20Ella%20Bailaba.m4a,,,5171,BFA81818D3240881,3,3850462235,2026-01-05 18:50:35,,100,,2023-09-21 12:00:00,48000,6931340,,,,,,,15,24635,6,File,2023
6 DE FEBRERO - Single,Aitana,Pop en español,6 DE FEBRERO,2:55,,01 6 DE FEBRERO.mp3,Aitana,D:\Códigos\Musica-Analisis\files\xml\Pre_RAW\Aitana.xml,Aitana,100,,1,117,256,Se encuentra en spotify,,Andrés Torres,2025-05-12 15:42:55,2026-01-07 18:59:03,1,1,,,5,Archivo de audio MPEG,1,file://localhost/E:/iTunes/iTunes%20Media/Music/Aitana/6%20DE%20FEBRERO%20-%20Single/01%206%20DE%20FEBRERO.mp3,,,5389,43F56139035B2444,5,3847272013,2025-11-29 20:40:13,,100,,,44100,5702828,,,,,,,1,25853,1,File,2025
CUARTO AZUL,Aitana & Fangoria,Pop en español,LA CHICA PERFECTA,3:11,,19 LA CHICA PERFECTA.mp3,Aitana,D:\Códigos\Musica-Analisis\files\xml\Pre_RAW\Aitana.xml,Aitana,100,,1,152,256,Se encuentra en spotify,,"Aitana, Fangoria",2025-06-04 03:08:28,2026-01-13 22:49:07,1,1,,,5,Archivo de audio MPEG,1,file://localhost/E:/iTunes/iTunes%20Media/Music/Aitana/CUARTO%20AZUL/19%20LA%20CHICA%20PERFECTA.mp3,,,5756,81B69D789C8EB167,8,3851359481,2026-01-16 04:04:41,,100,,,44100,6197802,,,,,,CHICA PERFECTA,19,26845,19,File,2025
CUARTO AZUL,Aitana & Ela Taubert,Pop en español,¿PARA QUÉ VOLVER ,2:21,,04 ¿PARA QUÉ VOLVER.mp3,Aitana,D:\Códigos\Musica-Analisis\files\xml\Pre_RAW\Aitana.xml,Aitana,100,,1,96,256,Se encuentra en spotify,,,2025-06-04 03:08:30,2026-01-13 22:50:30,1,1,,,5,Archivo de audio MPEG,1,file://localhost/E:/iTunes/iTunes%20Media/Music/Aitana/CUARTO%20AZUL/04%20%C2%BFPARA%20QU%C3%89%20VOLVER.mp3,,,4535,726ABFE9DA72C018,4,3847274799,2025-11-29 21:26:39,,100,,,44100,4597583,,,,,,,19,26863,4,File,2025
CUARTO AZUL,Aitana,Pop en español,CUARTO AZUL,3:20,,05 CUARTO AZUL.mp3,Aitana,D:\Códigos\Musica-Analisis\files\xml\Pre_RAW\Aitana.xml,Aitana,100,,1,72,256,Se encuentra en spotify,,,2025-06-04 03:08:30,2026-01-07 21:57:06,1,1,,,5,Archivo de audio MPEG,1,file://localhost/E:/iTunes/iTunes%20Media/Music/Aitana/CUARTO%20AZUL/05%20CUARTO%20AZUL.mp3,,,3406,6371E01C245EE94A,5,3850319098,2026-01-04 03:04:58,,100,,,44100,6482792,,,,,,,19,26865,5,File,2025
CUARTO AZUL,Aitana,Pop en español,MÚSICA EN EL CIELO,3:50,,09 MÚSICA EN EL CIELO.mp3,Aitana,D:\Códigos\Musica-Analisis\files\xml\Pre_RAW\Aitana.xml,Aitana,100,,1,75,256,Se encuentra en spotify,,,2025-06-04 03:08:31,2026-01-07 18:54:33,1,1,,,5,Archivo de audio MPEG,1,file://localhost/E:/iTunes/iTunes%20Media/Music/Aitana/CUARTO%20AZUL/09%20M%C3%9ASICA%20EN%20EL%20CIELO.mp3,,,2253,354200B70849E8DF,10,3847275789,2025-11-29 21:43:09,,100,,,44100,7433979,1,2025-12-20 16:20:04,,,,,19,26881,9,File,2025
CUARTO AZUL,Aitana,Pop en español,CONEXIÓN PSÍQUICA,3:40,,14 CONEXIÓN PSÍQUICA.mp3,Aitana,D:\Códigos\Musica-Analisis\files\xml\Pre_RAW\Aitana.xml,Aitana,100,,1,145,256,Se encuentra en spotify,,Aitana,2025-06-04 03:08:32,2026-01-07 20:21:44,1,1,,,5,Archivo de audio MPEG,1,file://localhost/E:/iTunes/iTunes%20Media/Music/Aitana/CUARTO%20AZUL/14%20CONEXI%C3%93N%20PS%C3%8DQUICA.mp3,,,4811,1B9513FE81550C89,4,3847272387,2025-11-29 20:46:27,,100,,,44100,7102335,,,,,,,19,26901,14,File,2025
CUARTO AZUL,Aitana,Pop en español,SUPERESTRELLA,3:03,,15 SUPERESTRELLA.mp3,Aitana,D:\Códigos\Musica-Analisis\files\xml\Pre_RAW\Aitana.xml,Aitana,100,,1,136,256,Se encuentra en spotify,,Nicolás Cotton,2025-06-04 03:08:32,2025-11-29 07:01:02,1,1,,,5,Archivo de audio MPEG,1,file://localhost/E:/iTunes/iTunes%20Media/Music/Aitana/CUARTO%20AZUL/15%20SUPERESTRELLA.mp3,,,5263,B22D7B29D35B5ECA,4,3847275366,2025-11-29 21:36:06,,100,,,44100,5938479,,,,,,,19,26903,15,File,2025
CUARTO AZUL,Aitana & Kenia Os,Pop en español,EX EX EX,3:01,,16 EX EX EX.mp3,Aitana,D:\Códigos\Musica-Analisis\files\xml\Pre_RAW\Aitana.xml,Aitana,100,,1,122,256,Se encuentra en spotify,,,2025-06-04 03:08:32,2026-01-13 22:50:04,1,1,,,5,Archivo de audio MPEG,1,file://localhost/E:/iTunes/iTunes%20Media/Music/Aitana/CUARTO%20AZUL/16%20EX%20EX%20EX.mp3,,,4197,C6F942636B74CBC9,7,3850457037,2026-01-05 17:23:57,,100,,,44100,5875241,,,,,,,19,26905,16,File,2025
CUARTO AZUL,Aitana & Danny Ocean,Pop en español,HOY ES TU CUMPLEAÑOS,3:22,,17 HOY ES TU CUMPLEAÑOS.mp3,Aitana,D:\Códigos\Musica-Analisis\files\xml\Pre_RAW\Aitana.xml,Aitana,100,,1,88,256,Se encuentra en spotify,,,2025-06-04 03:08:32,2026-01-13 22:49:40,1,1,,,5,Archivo de audio MPEG,1,file://localhost/E:/iTunes/iTunes%20Media/Music/Aitana/CUARTO%20AZUL/17%20HOY%20ES%20TU%20CUMPLEA%C3%91OS.mp3,,,3046,892A82A8783467C2,3,3847274239,2025-11-29 21:17:19,,100,,,44100,6554545,,,,,,,19,26907,17,File,2025
El Mismo Sol (Operación Triunfo 2017) - Single,Alfred García & Aitana,Pop in Spanish,El Mismo Sol (Operación Triunfo 2017),2:36,,01 El Mismo Sol (Operación Triunfo 2.m4a,Aitana,D:\Códigos\Musica-Analisis\files\xml\Pre_RAW\Aitana.xml,Alfred García & Aitana,100,True,1,113,328,Se encuentra en spotify,,,2025-11-29 00:01:20,2026-01-07 18:18:48,1,1,,,5,Archivo de audio AAC,1,file://localhost/E:/iTunes/iTunes%20Media/Music/Alfred%20Garc%C3%ADa%20&%20Aitana/El%20Mismo%20Sol%20(Operaci%C3%B3n%20Triunfo%202017)%20-/01%20El%20Mismo%20Sol%20(Operaci%C3%B3n%20Triunfo%202.m4a,,,4063,4CB7717B70760C4E,3,3849032818,2025-12-20 05:46:58,,100,,2017-11-28 12:00:00,48000,6532769,,,Mismo Sol (Operación Triunfo 2017) - Single,,,Mismo Sol (Operación Triunfo 2017),1,33269,1,File,2017
New Rules (Operación Triunfo 2017) - Single,Aitana,Pop,New Rules (Operación Triunfo 2017),2:32,,01 New Rules (Operación Triunfo 2017.m4a,Aitana,D:\Códigos\Musica-Analisis\files\xml\Pre_RAW\Aitana.xml,Aitana,100,True,1,116,331,Se encuentra en spotify,,,2025-11-29 00:02:06,2026-01-07 21:09:20,1,1,,,5,Archivo de audio AAC,1,file://localhost/E:/iTunes/iTunes%20Media/Music/Aitana/New%20Rules%20(Operaci%C3%B3n%20Triunfo%202017)%20-%20Sin/01%20New%20Rules%20(Operaci%C3%B3n%20Triunfo%202017.m4a,,,4644,EB84FC409FBE5E0F,2,3847272166,2025-11-29 20:42:46,,100,,2017-12-12 12:00:00,48000,6412897,,,,,,,1,33279,1,File,2017
Instruction (Operación Triunfo 2017) - Single,Aitana,Pop,Instruction (Operación Triunfo 2017),2:33,,01 Instruction (Operación Triunfo 20.m4a,Aitana,D:\Códigos\Musica-Analisis\files\xml\Pre_RAW\Aitana.xml,Aitana,100,True,1,116,332,Se encuentra en spotify,,,2025-11-29 00:05:03,2026-01-07 17:45:48,1,1,,,5,Archivo de audio AAC,1,file://localhost/E:/iTunes/iTunes%20Media/Music/Aitana/Instruction%20(Operaci%C3%B3n%20Triunfo%202017)%20-%20S/01%20Instruction%20(Operaci%C3%B3n%20Triunfo%2020.m4a,,,3799,EBC69DA251EECEC0,2,3847272541,2025-11-29 20:49:01,,100,,2018-01-22 12:00:00,48000,6460096,,,,,,,1,33287,1,File,2018
Sus Canciones (Operación Triunfo 2017),Aitana,Pop,Arde,2:57,,03 Arde.m4a,Aitana,D:\Códigos\Musica-Analisis\files\xml\Pre_RAW\Aitana.xml,Aitana,100,True,1,80,314,Se encuentra en spotify,,Alba Reig Gilabert & María Peláez,2025-11-29 00:13:35,2026-01-07 21:32:22,1,1,,,5,Archivo de audio AAC,1,file://localhost/E:/iTunes/iTunes%20Media/Music/Aitana/Sus%20Canciones%20(Operaci%C3%B3n%20Triunfo%202017)/03%20Arde.m4a,,,3892,384904B486562B6C,2,3847274036,2025-11-29 21:13:56,,100,,2018-01-28 12:00:00,48000,7074874,,,,,,,19,33299,3,File,2018
Duro y Dale,Alex Soto,Pop en español,Como Quieras Quiero,3:58,,02 Como Quieras Quiero.mp3,Alex Soto,D:\Códigos\Musica-Analisis\files\xml\Pre_RAW\Alex Soto.xml,Alex Soto,100,True,1,113,256,Se encuentra en spotify,,,2024-09-26 20:47:44,2026-01-07 18:14:15,1,1,,,5,Archivo de audio MPEG,1,file://localhost/E:/iTunes/iTunes%20Media/Music/Alex%20Soto/Duro%20y%20Dale/02%20Como%20Quieras%20Quiero.mp3,,,4759,285466655E412AAA,3,3841308667,2025-09-21 19:11:07,,100,,,44100,7692187,1,2025-10-07 02:32:26,,,,,11,4913,2,File,2020
Duro y Dale,Alex Soto,Pop en español,Hombre Muerto,3:54,,07 Hombre Muerto.mp3,Alex Soto,D:\Códigos\Musica-Analisis\files\xml\Pre_RAW\Alex Soto.xml,Alex Soto,100,True,1,140,256,Se encuentra en spotify,,,2024-09-26 20:47:45,2026-01-07 20:34:03,1,1,,,5,Archivo de audio MPEG,1,file://localhost/E:/iTunes/iTunes%20Media/Music/Alex%20Soto/Duro%20y%20Dale/07%20Hombre%20Muerto.mp3,,,4116,11B081C44D081A49,3,3847259806,2025-11-29 17:16:46,,100,,,44100,7555927,,,,,,,11,4921,7,File,2020
Duro y Dale,Alex Soto,Pop en español,Esquivando Balas,3:31,,10 Esquivando Balas.mp3,Alex Soto,D:\Códigos\Musica-Analisis\files\xml\Pre_RAW\Alex Soto.xml,Alex Soto,100,True,1,68,256,Se encuentra en spotify,,,2024-09-26 20:47:45,2026-01-07 17:19:37,1,1,,,5,Archivo de audio MPEG,1,file://localhost/E:/iTunes/iTunes%20Media/Music/Alex%20Soto/Duro%20y%20Dale/10%20Esquivando%20Balas.mp3,,,6065,7BCDD5F84A977861,5,3830085978,2025-05-14 21:46:18,,100,,,44100,6820322,2,2025-07-19 23:26:48,,,,,11,4925,10,File,2020
Duro y Dale,Alex Soto,Pop en español,Gracias (Bonus Track),4:12,,11 Gracias (Bonus Track).mp3,Alex Soto,D:\Códigos\Musica-Analisis\files\xml\Pre_RAW\Alex Soto.xml,Alex Soto,100,True,1,66,256,Se encuentra en spotify,,,2024-09-26 20:47:45,2026-01-07 20:11:45,1,1,,,5,Archivo de audio MPEG,1,file://localhost/E:/iTunes/iTunes%20Media/Music/Alex%20Soto/Duro%20y%20Dale/11%20Gracias%20(Bonus%20Track).mp3,,,3873,14AE91A1E4D4EC18,6,3851154377,2026-01-13 19:06:17,,100,,,44100,8141079,,,,,,,11,4927,11,File,2020
Forma y Fondo,Alex Soto,Música latina,Ahí Es,3:12,,01 Ahí Es.mp3,Alex Soto,D:\Códigos\Musica-Analisis\files\xml\Pre_RAW\Alex Soto.xml,Alex Soto,100,True,1,84,256,Se encuentra en spotify,,,2024-09-26 20:47:45,2026-01-07 18:56:25,1,1,,,5,Archivo de audio MPEG,1,file://localhost/E:/iTunes/iTunes%20Media/Music/Alex%20Soto/Forma%20y%20Fondo/01%20Ah%C3%AD%20Es.mp3,,,3577,A0015D0A4582A2D0,9,3845293476,2025-11-06 23:04:36,,100,,,44100,6320748,,,,,,,10,4929,1,File,2023
Forma y Fondo,Alex Soto,Música latina,Tiempo y Espacio,2:42,,02 Tiempo y Espacio.mp3,Alex Soto,D:\Códigos\Musica-Analisis\files\xml\Pre_RAW\Alex Soto.xml,Alex Soto,100,True,1,84,256,Se encuentra en spotify,,,2024-09-26 20:47:45,2026-01-07 22:06:32,1,1,,,5,Archivo de audio MPEG,1,file://localhost/E:/iTunes/iTunes%20Media/Music/Alex%20Soto/Forma%20y%20Fondo/02%20Tiempo%20y%20Espacio.mp3,,,4239,59782F02A7AFD561,4,3845723648,2025-11-11 22:34:08,,100,,,44100,5352756,,,,,,,10,4931,2,File,2023
Forma y Fondo,Alex Soto,Música latina,Ese Son,3:23,,03 Ese Son.mp3,Alex Soto,D:\Códigos\Musica-Analisis\files\xml\Pre_RAW\Alex Soto.xml,Alex Soto,100,True,1,120,256,Se encuentra en spotify,,,2024-09-26 20:47:46,2026-01-07 19:16:07,1,1,,,5,Archivo de audio MPEG,1,file://localhost/E:/iTunes/iTunes%20Media/Music/Alex%20Soto/Forma%20y%20Fondo/03%20Ese%20Son.mp3,,,4060,DF2E73A7F7CE74D3,9,3850566517,2026-01-06 23:48:37,,100,,,44100,6670154,,,,,,,10,4933,3,File,2023
Un Ratito - Single,Alex Soto & Cecy Leos,Música latina,Un Ratito,2:54,,01 Un Ratito.m4a,Alex Soto,D:\Códigos\Musica-Analisis\files\xml\Pre_RAW\Alex Soto.xml,Alex Soto & Cecy Leos,100,True,1,94,338,Se encuentra en spotify,,,2025-01-17 22:38:59,2026-01-07 22:20:38,1,1,,,5,Archivo de audio AAC,1,file://localhost/E:/iTunes/iTunes%20Media/Music/Alex%20Soto%20&%20Cecy%20Leos/Un%20Ratito%20-%20Single/01%20Un%20Ratito.m4a,,,2856,FDEF794D88199C2F,2,3844076337,2025-10-23 19:58:57,,100,,2019-07-05 12:00:00,48000,7491075,,,Ratito - Single,,,Ratito,1,14437,1,File,2019
Ahorita No - Single,Alex Soto,Música latina,Ahorita No,3:01,,01 Ahorita No.m4a,Alex Soto,D:\Códigos\Musica-Analisis\files\xml\Pre_RAW\Alex Soto.xml,Alex Soto,100,True,1,106,322,Se encuentra en spotify,,,2025-01-18 07:23:28,2026-01-07 21:00:27,1,1,,,5,Archivo de audio AAC,1,file://localhost/E:/iTunes/iTunes%20Media/Music/Alex%20Soto/Ahorita%20No%20-%20Single/01%20Ahorita%20No.m4a,,,4148,8C758CC59CEBB797,5,3844692010,2025-10-31 00:00:10,,100,,2019-04-12 12:00:00,48000,7420492,,,,,,,1,14891,1,File,2019
Claro - Single,Alex Soto,Música latina,Claro,3:39,,01 Claro.m4a,Alex Soto,D:\Códigos\Musica-Analisis\files\xml\Pre_RAW\Alex Soto.xml,Alex Soto,100,True,1,99,321,Se encuentra en spotify,,,2025-01-18 07:23:28,2026-01-07 21:45:01,1,1,,,5,Archivo de audio AAC,1,file://localhost/E:/iTunes/iTunes%20Media/Music/Alex%20Soto/Claro%20-%20Single/01%20Claro.m4a,,,2586,A49C693F0400EA94,4,3845453873,2025-11-08 19:37:53,,100,,2019-02-08 12:00:00,48000,8951957,1,2025-02-19 02:12:52,,,,,1,14895,1,File,2019
Dolor de Muelas - Single,Alex Soto,Música latina,Dolor De Muelas,3:21,,01 Dolor De Muelas.m4a,Alex Soto,D:\Códigos\Musica-Analisis\files\xml\Pre_RAW\Alex Soto.xml,Alex Soto,100,True,1,112,326,Se encuentra en spotify,,,2025-01-18 07:23:28,2026-01-07 17:48:52,1,1,,,5,Archivo de audio AAC,1,file://localhost/E:/iTunes/iTunes%20Media/Music/Alex%20Soto/Dolor%20de%20Muelas%20-%20Single/01%20Dolor%20De%20Muelas.m4a,,,3084,F48BA902A5EAF9A1,6,3844007973,2025-10-23 00:59:33,,100,,2021-10-29 12:00:00,48000,8335264,,,,,,,1,14897,1,File,2021
Forever Alone - Single,Alex Soto,Música latina,Forever Alone,3:38,,01 Forever Alone.m4a,Alex Soto,D:\Códigos\Musica-Analisis\files\xml\Pre_RAW\Alex Soto.xml,Alex Soto,100,True,1,118,323,Se encuentra en spotify,,,2025-01-18 07:23:28,2026-01-07 19:45:13,1,1,,,5,Archivo de audio AAC,1,file://localhost/E:/iTunes/iTunes%20Media/Music/Alex%20Soto/Forever%20Alone%20-%20Single/01%20Forever%20Alone.m4a,,,1525,617B56E327016895,5,3843648019,2025-10-18 21:00:19,,100,,2018-02-12 12:00:00,48000,8918097,,,,,,,1,14901,1,File,2018
Mala Copa - Single,Alex Soto,Música latina,Mala Copa,3:19,,01 Mala Copa.m4a,Alex Soto,D:\Códigos\Musica-Analisis\files\xml\Pre_RAW\Alex Soto.xml,Alex Soto,100,True,1,148,328,Se encuentra en spotify,,,2025-01-18 07:23:28,2026-01-07 18:11:16,1,1,,,5,Archivo de audio AAC,1,file://localhost/E:/iTunes/iTunes%20Media/Music/Alex%20Soto/Mala%20Copa%20-%20Single/01%20Mala%20Copa.m4a,,,4575,8BB0F1C27C0D430C,6,3843557881,2025-10-17 19:58:01,,100,,2018-12-14 12:00:00,48000,8308674,,,,,,,1,14905,1,File,2018
Nadie Le Gana Al Destino - Single,Alex Soto,Música latina,Nadie Le Gana Al Destino,3:37,,01 Nadie Le Gana Al Destino.m4a,Alex Soto,D:\Códigos\Musica-Analisis\files\xml\Pre_RAW\Alex Soto.xml,Alex Soto,100,True,1,98,336,Se encuentra en spotify,,,2025-01-18 07:23:28,2026-01-07 17:17:14,1,1,,,5,Archivo de audio AAC,1,file://localhost/E:/iTunes/iTunes%20Media/Music/Alex%20Soto/Nadie%20Le%20Gana%20Al%20Destino%20-%20Single/01%20Nadie%20Le%20Gana%20Al%20Destino.m4a,,,3283,AB21EEAF5B6AE7E2,3,3847194302,2025-11-28 23:05:02,,100,,2019-02-03 12:00:00,48000,9229440,,,,,,,1,14907,1,File,2019
No Debería - Single,Alex Soto,Música latina,No Debería,3:01,,01 No Debería.m4a,Alex Soto,D:\Códigos\Musica-Analisis\files\xml\Pre_RAW\Alex Soto.xml,Alex Soto,100,True,1,106,326,Se encuentra en spotify,,,2025-01-18 07:23:28,2026-01-07 22:09:14,1,1,,,5,Archivo de audio AAC,1,file://localhost/E:/iTunes/iTunes%20Media/Music/Alex%20Soto/No%20Deber%C3%ADa%20-%20Single/01%20No%20Deber%C3%ADa.m4a,,,2672,794EBC14262E042E,1,3820996606,2025-01-29 17:56:46,,100,,2021-12-10 12:00:00,48000,7505475,,,,,,,1,14909,1,File,2021
Qué Tal - Single,Alex Soto & Griss Romero,Música latina,Qué Tal,3:52,,01 Qué Tal.m4a,Alex Soto,D:\Códigos\Musica-Analisis\files\xml\Pre_RAW\Alex Soto.xml,Alex Soto & Griss Romero,100,True,1,128,327,Se encuentra en spotify,,,2025-01-18 07:23:28,2026-01-07 17:07:36,1,1,,,5,Archivo de audio AAC,1,file://localhost/E:/iTunes/iTunes%20Media/Music/Alex%20Soto%20&%20Griss%20Romero/Qu%C3%A9%20Tal%20-%20Single/01%20Qu%C3%A9%20Tal.m4a,,,2538,AE76530492691D8A,2,3843576633,2025-10-18 01:10:33,,100,,2020-10-30 12:00:00,48000,9597367,1,2025-08-24 01:08:53,,,,,1,14913,1,File,2020
Recaídas - Single,Alex Soto,Música latina,Recaídas,3:24,,01 Recaídas.m4a,Alex Soto,D:\Códigos\Musica-Analisis\files\xml\Pre_RAW\Alex Soto.xml,Alex Soto,100,True,1,128,330,Se encuentra en spotify,,,2025-01-18 07:23:28,2026-01-07 18:28:59,1,1,,,5,Archivo de audio AAC,1,file://localhost/E:/iTunes/iTunes%20Media/Music/Alex%20Soto/Reca%C3%ADdas%20-%20Single/01%20Reca%C3%ADdas.m4a,,,2160,3E7971FDDBEFA325,5,3841341761,2025-09-22 04:22:41,,100,,2022-07-15 12:00:00,48000,8560397,,,,,,,1,14915,1,File,2022
Seré Discreto - Single,Alex Soto,Música latina,Seré Discreto,3:31,,01 Seré Discreto.m4a,Alex Soto,D:\Códigos\Musica-Analisis\files\xml\Pre_RAW\Alex Soto.xml,Alex Soto,100,True,1,104,327,Se encuentra en spotify,,,2025-01-18 07:23:28,2026-01-07 18:01:40,1,1,,,5,Archivo de audio AAC,1,file://localhost/E:/iTunes/iTunes%20Media/Music/Alex%20Soto/Ser%C3%A9%20Discreto%20-%20Single/01%20Ser%C3%A9%20Discreto.m4a,,,4216,11807EDF8138DF09,3,3834829940,2025-07-08 19:32:20,,100,,2019-11-15 12:00:00,48000,8754162,,,,,,,1,14917,1,File,2019
Qué Chingón - Single,Alex Soto,Música latina,Qué Chingón,2:50,,01 Qué Chingón.m4a,Alex Soto,D:\Códigos\Musica-Analisis\files\xml\Pre_RAW\Alex Soto.xml,Alex Soto,100,True,1,116,333,Se encuentra en spotify,,,2025-01-19 21:00:34,2026-01-07 17:16:26,1,1,,,5,Archivo de audio AAC,1,file://localhost/E:/iTunes/iTunes%20Media/Music/Alex%20Soto/Qu%C3%A9%20Ching%C3%B3n%20-%20Single/01%20Qu%C3%A9%20Ching%C3%B3n.m4a,,,3497,BBA90AF2F5F4AD17,4,3850559381,2026-01-06 21:49:41,,100,,2022-09-23 12:00:00,48000,7241670,1,2025-09-23 19:20:48,,,,,1,14925,1,File,2022
14 Febrero - Single,Alex Soto & Cyluz,Música latina,14 Febrero,3:04,,01 14 Febrero.m4a,Alex Soto,D:\Códigos\Musica-Analisis\files\xml\Pre_RAW\Alex Soto.xml,Alex Soto & Cyluz,100,True,1,80,319,Se encuentra en spotify,,,2025-02-12 17:05:01,2026-01-07 18:09:37,1,1,,,5,Archivo de audio AAC,1,file://localhost/E:/iTunes/iTunes%20Media/Music/Alex%20Soto%20&%20Cyluz/14%20Febrero%20-%20Single/01%2014%20Febrero.m4a,,,1447,52D910799B815B48,4,3837247058,2025-08-05 18:57:38,,100,,2025-02-11 12:00:00,48000,7474981,,,,,,,1,17337,1,File,2025
BEYOND,ALI feat. MaRI,J-Pop,BEYOND ,3:48,,01 BEYOND.mp3,Ali,D:\Códigos\Musica-Analisis\files\xml\Pre_RAW\Ali.xml,ALI feat. MaRI,100,True,1,89,320,Se encuentra en spotify,,,2024-12-16 23:57:21,2026-01-07 17:47:33,1,1,,,5,Archivo de audio MPEG,1,file://localhost/E:/iTunes/iTunes%20Media/Music/ALI%20feat.%20MaRI/BEYOND/01%20BEYOND.mp3,,,13180,0930037385047144,6,3841818132,2025-09-27 16:42:12,,100,,,44100,9276131,,,,,,,1,11839,1,File,2024
Professionalism,ALI feat. Hannya,Alternative & Indie,Professionalism,4:52,,01 Professionalism.mp3,Ali,D:\Códigos\Musica-Analisis\files\xml\Pre_RAW\Ali.xml,ALI feat. Hannya,100,True,1,123,320,Se encuentra en spotify,,Leo,2024-12-17 01:16:36,2026-01-07 17:47:03,1,1,,,5,Archivo de audio MPEG,1,file://localhost/E:/iTunes/iTunes%20Media/Music/ALI%20feat.%20Hannya/Professionalism/01%20Professionalism.mp3,,,15140,6335DD23AC6883D3,24,3844416324,2025-10-27 19:25:24,,100,,,44100,11746792,,,,,,,1,11841,1,File,2024
"LOVE, MUSIC AND DANCE",ALI feat. 梅田サイファー,Alternativa,FEELIN' GOOD,4:49,,01 FEELIN' GOOD.m4a,Ali,D:\Códigos\Musica-Analisis\files\xml\Pre_RAW\Ali.xml,ALI,100,True,1,110,322,Se encuentra en spotify,,,2025-01-16 04:53:31,2026-01-07 21:45:26,1,1,,,5,Archivo de audio AAC,1,"file://localhost/E:/iTunes/iTunes%20Media/Music/ALI/LOVE,%20MUSIC%20AND%20DANCE/01%20FEELIN'%20GOOD.m4a",,,14287,051BB6D6BD603720,5,3838291254,2025-08-17 21:00:54,,100,,2021-01-27 12:00:00,48000,11732940,,,,,,,7,12707,1,File,2021
"LOVE, MUSIC AND DANCE",ALI feat. J‐REXXX & RUEED,Alternativa,FIGHT DUB CLUB,4:01,,02 FIGHT DUB CLUB.m4a,Ali,D:\Códigos\Musica-Analisis\files\xml\Pre_RAW\Ali.xml,ALI,100,True,1,139,322,Se encuentra en spotify,,,2025-01-16 04:53:31,2026-01-07 19:35:39,1,1,,,5,Archivo de audio AAC,1,"file://localhost/E:/iTunes/iTunes%20Media/Music/ALI/LOVE,%20MUSIC%20AND%20DANCE/02%20FIGHT%20DUB%20CLUB.m4a",,,12079,8D6B2F80AE91C451,8,3838290654,2025-08-17 20:50:54,,100,,2021-01-13 12:00:00,48000,9780172,,,,,,,7,12713,2,File,2021
CASANOVA POSSE - EP,ALI,J-Pop,CASANOVA POSSE,4:00,,01 CASANOVA POSSE.m4a,Ali,D:\Códigos\Musica-Analisis\files\xml\Pre_RAW\Ali.xml,ALI,100,True,1,97,323,Se encuentra en spotify,,,2025-01-16 05:36:04,2026-01-07 18:48:46,1,1,,,5,Archivo de audio AAC,1,file://localhost/E:/iTunes/iTunes%20Media/Music/ALI/CASANOVA%20POSSE%20-%20EP/01%20CASANOVA%20POSSE.m4a,,,13242,8AA34F3952ADF91B,8,3844093421,2025-10-24 00:43:41,,100,,2025-01-09 12:00:00,48000,9835667,,,,,,,5,12751,1,File,2025
NEON - Single,ALI feat. The Crane,J-Pop,NEON,5:10,,01 NEON.m4a,Ali,D:\Códigos\Musica-Analisis\files\xml\Pre_RAW\Ali.xml,ALI feat. The Crane,100,True,1,123,324,Se encuentra en spotify,,,2025-01-16 05:36:04,2026-01-07 18:27:00,1,1,,,5,Archivo de audio AAC,1,file://localhost/E:/iTunes/iTunes%20Media/Music/ALI%20feat.%20The%20Crane/NEON%20-%20Single/01%20NEON.m4a,,,10679,C5DA759F0A074105,11,3847184006,2025-11-28 20:13:26,,100,,2024-12-04 12:00:00,48000,12719935,,,,,,,1,12755,1,File,2024
LOST IN PARADISE - EP,ALI feat. AKLO,Alternativa,LOST IN PARADISE (Jujutsu Kaisen Ending Theme Song),5:29,,01 LOST IN PARADISE (Jujutsu Kaisen.m4a,Ali,D:\Códigos\Musica-Analisis\files\xml\Pre_RAW\Ali.xml,ALI,100,True,1,122,324,Se encuentra en spotify,,,2025-01-16 05:36:04,2026-01-07 18:10:32,1,1,,,5,Archivo de audio AAC,1,file://localhost/E:/iTunes/iTunes%20Media/Music/ALI/LOST%20IN%20PARADISE%20-%20EP/01%20LOST%20IN%20PARADISE%20(Jujutsu%20Kaisen.m4a,,,6847,25A8EEF67DF8F2D6,8,3845457485,2025-11-08 20:38:05,,100,,2020-10-10 12:00:00,48000,13463805,,,,,,,4,12767,1,File,2020
Wild Side - EP,ALI,Hip-Hop-Rap,Wild Side,2:38,,01 Wild Side.m4a,Ali,D:\Códigos\Musica-Analisis\files\xml\Pre_RAW\Ali.xml,ALI,100,True,1,134,330,Se encuentra en spotify,,ALI,2025-01-16 05:36:04,2026-01-07 22:11:05,1,1,,,5,Archivo de audio AAC,1,file://localhost/E:/iTunes/iTunes%20Media/Music/ALI/Wild%20Side%20-%20EP/01%20Wild%20Side.m4a,,,7788,7266BB3079781945,4,3826906544,2025-04-08 02:35:44,,100,,2019-11-27 12:00:00,48000,6596109,,,,,,,4,12769,1,File,2019
LOST IN PARADISE - EP,ALI feat. J-REXXX,Alternativa,DESPERADO,5:39,,03 DESPERADO.m4a,Ali,D:\Códigos\Musica-Analisis\files\xml\Pre_RAW\Ali.xml,ALI,100,True,1,46,316,Se encuentra en spotify,,,2025-01-16 05:36:04,2026-01-07 19:37:04,1,1,,,5,Archivo de audio AAC,1,file://localhost/E:/iTunes/iTunes%20Media/Music/ALI/LOST%20IN%20PARADISE%20-%20EP/03%20DESPERADO.m4a,,,7622,4230F4BA5A41D9DE,4,3838325144,2025-08-18 06:25:44,,100,,2020-11-25 12:00:00,48000,13529725,,,,,,,4,12775,3,File,2020
BETTER DAYS - Single,ALI feat. Dos Monos,Alternativa,BETTER DAYS,5:03,,01 BETTER DAYS.m4a,Ali,D:\Códigos\Musica-Analisis\files\xml\Pre_RAW\Ali.xml,ALI feat. Dos Monos,100,True,1,108,323,Se encuentra en spotify,,,2025-01-19 21:59:55,2026-01-07 18:41:33,1,1,,,5,Archivo de audio AAC,1,file://localhost/E:/iTunes/iTunes%20Media/Music/ALI%20feat.%20Dos%20Monos/BETTER%20DAYS%20-%20Single/01%20BETTER%20DAYS.m4a,,,4482,BCEBB9D9B63EA56F,11,3851167194,2026-01-13 22:39:54,,100,,2020-10-07 12:00:00,48000,12348007,,,,,,,1,14929,1,File,2020
NEVER SAY GOODBYE - EP,ALI feat. Mummy-D,Alternativa,NEVER SAY GOODBYE,4:50,,01 NEVER SAY GOODBYE.m4a,Ali,D:\Códigos\Musica-Analisis\files\xml\Pre_RAW\Ali.xml,ALI,100,True,1,102,321,Se encuentra en spotify,,Leo Stillman & 宮田レフティリョウ,2025-01-19 21:59:55,2026-01-07 18:44:02,1,1,,,5,Archivo de audio AAC,1,file://localhost/E:/iTunes/iTunes%20Media/Music/ALI/NEVER%20SAY%20GOODBYE%20-%20EP/01%20NEVER%20SAY%20GOODBYE.m4a,,,9913,61AD40C96463E5E8,7,3838292182,2025-08-17 21:16:22,,100,,2022-10-03 12:00:00,48000,11926331,,,,,,,4,14939,1,File,2022
Temptations - Single,ALI,Alternativa,Temptations,2:49,,01 Temptations.m4a,Ali,D:\Códigos\Musica-Analisis\files\xml\Pre_RAW\Ali.xml,ALI,100,True,1,109,322,Se encuentra en spotify,,ALI,2025-01-19 21:59:55,2026-01-07 20:48:42,1,1,,,5,Archivo de audio AAC,1,file://localhost/E:/iTunes/iTunes%20Media/Music/ALI/Temptations%20-%20Single/01%20Temptations.m4a,,,9847,BDB9C305674CCFED,2,3838323617,2025-08-18 06:00:17,,100,,2019-08-28 12:00:00,48000,6879766,,,,,,,1,14955,1,File,2019
Tokyo Pharaoh - Single,ALI,Alternativa,Tokyo Pharaoh,3:33,,01 Tokyo Pharaoh.m4a,Ali,D:\Códigos\Musica-Analisis\files\xml\Pre_RAW\Ali.xml,ALI,100,True,1,121,323,Se encuentra en spotify,,ALI,2025-01-19 21:59:55,2026-01-07 20:03:58,1,1,,,5,Archivo de audio AAC,1,file://localhost/E:/iTunes/iTunes%20Media/Music/ALI/Tokyo%20Pharaoh%20-%20Single/01%20Tokyo%20Pharaoh.m4a,,,3964,68033DF27C9F9815,6,3844083889,2025-10-23 22:04:49,,100,,2019-09-24 12:00:00,48000,8696623,,,,,,,1,14957,1,File,2019
Vim - Single,ALI,R&B-Soul,Vim,5:14,,01 Vim.m4a,Ali,D:\Códigos\Musica-Analisis\files\xml\Pre_RAW\Ali.xml,ALI,100,True,1,112,324,Se encuentra en spotify,,ALI,2025-01-19 21:59:55,2026-01-07 20:22:16,1,1,,,5,Archivo de audio AAC,1,file://localhost/E:/iTunes/iTunes%20Media/Music/ALI/Vim%20-%20Single/01%20Vim.m4a,,,7971,95BE64812E5E5F77,7,3839335339,2025-08-29 23:02:19,,100,,2019-03-15 12:00:00,48000,12854853,,,,,,,1,14961,1,File,2019
INGLOURIOUS EASTERN COWBOY - EP,ALI feat. 木村昴,Alternativa,Whole Lotta Love,4:06,,02 Whole Lotta Love.m4a,Ali,D:\Códigos\Musica-Analisis\files\xml\Pre_RAW\Ali.xml,ALI,100,True,1,112,322,Se encuentra en spotify,,,2025-01-19 21:59:55,2026-01-07 21:46:18,1,1,,,5,Archivo de audio AAC,1,file://localhost/E:/iTunes/iTunes%20Media/Music/ALI/INGLOURIOUS%20EASTERN%20COWBOY%20-%20EP/02%20Whole%20Lotta%20Love.m4a,,,10567,7729F1A9C75FDB77,6,3844434797,2025-10-28 00:33:17,,100,,2022-02-23 12:00:00,48000,10170421,1,2025-02-23 23:08:42,,,,,4,14977,2,File,2022
LOVE IS KILLING ME - Single,ALI feat. eill,J-Pop,LOVE IS KILLING ME,3:29,,01 LOVE IS KILLING ME.m4a,Ali,D:\Códigos\Musica-Analisis\files\xml\Pre_RAW\Ali.xml,ALI feat. eill,100,True,1,128,323,Se encuentra en spotify,,,2025-02-22 21:02:47,2026-01-07 20:32:54,1,1,,,5,Archivo de audio AAC,1,file://localhost/E:/iTunes/iTunes%20Media/Music/ALI%20feat.%20eill/LOVE%20IS%20KILLING%20ME%20-%20Single/01%20LOVE%20IS%20KILLING%20ME.m4a,,,6830,32500A1852A93E12,9,3838325398,2025-08-18 06:29:58,,100,,2025-02-19 12:00:00,48000,8561000,1,2025-02-24 01:57:31,,,,,2,19495,1,File,2025
FLASHBACK SYNDROME - Single,ALI,J-pop,FLASHBACK SYNDROME,3:37,,01 FLASHBACK SYNDROME.mp3,Ali,D:\Códigos\Musica-Analisis\files\xml\Pre_RAW\Ali.xml,ALI,100,True,1,83,256,Se encuentra en spotify,,LEO & MOMONADY,2025-07-12 05:17:44,2026-01-07 21:03:41,1,1,,,5,Archivo de audio MPEG,1,file://localhost/E:/iTunes/iTunes%20Media/Music/ALI/FLASHBACK%20SYNDROME%20-%20Single/01%20FLASHBACK%20SYNDROME.mp3,,,19279,4EF0461BB0BB8972,8,3851436748,2026-01-17 01:32:28,,100,,,44100,7039988,,,,,,,1,28029,1,File,2025
CHOOSE LIFE - Single,ALI feat Ashley,R&B-Soul,CHOOSE LIFE,3:27,,01 CHOOSE LIFE.m4a,Ali,D:\Códigos\Musica-Analisis\files\xml\Pre_RAW\Ali.xml,ALI feat Ashley,100,True,1,110,2304,Se encuentra en spotify,,,2025-12-27 00:02:42,2026-01-07 19:40:28,1,1,,,5,Audio Apple Lossless,1,file://localhost/E:/iTunes/iTunes%20Media/Music/ALI%20feat%20Ashley/CHOOSE%20LIFE%20-%20Single/01%20CHOOSE%20LIFE.m4a,,,10374,BC8A2D5DE4C56930,1,3849617647,2025-12-27 00:14:07,,100,,2025-12-26 12:00:00,48000,48227990,,,,,,,2,33477,1,File,2025
AG! Calling,ATARASHII GAKKO!,J-Pop,Fly High,3:03,,01 Fly High.mp3,Atarashii Gakko!,D:\Códigos\Musica-Analisis\files\xml\Pre_RAW\Atarashii Gakko!.xml,ATARASHII GAKKO!,100,True,1,138,256,Se encuentra en spotify,,"ATARASHII GAKKO!, Yonkey & Yoshio Tamamura",2024-09-26 20:47:52,2026-01-07 17:33:23,1,1,,,5,Archivo de audio MPEG,1,file://localhost/E:/iTunes/iTunes%20Media/Music/ATARASHII%20GAKKO!/AG!%20Calling/01%20Fly%20High.mp3,,,6611,920E9601BF37200D,3,3845281333,2025-11-06 19:42:13,,100,,,44100,5988673,,,,,,,11,5003,1,File,2014
AG! Calling,ATARASHII GAKKO!,J-Pop,Omakase,2:46,,03 Omakase.mp3,Atarashii Gakko!,D:\Códigos\Musica-Analisis\files\xml\Pre_RAW\Atarashii Gakko!.xml,ATARASHII GAKKO!,100,True,1,118,256,Se encuentra en spotify,,"ATARASHII GAKKO!, Yonkey & Yoshio Tamamura",2024-09-26 20:47:52,2026-01-07 21:00:57,1,1,,,5,Archivo de audio MPEG,1,file://localhost/E:/iTunes/iTunes%20Media/Music/ATARASHII%20GAKKO!/AG!%20Calling/03%20Omakase.mp3,,,5127,733590119FF7A9CD,2,3847100900,2025-11-27 21:08:20,,100,,,44100,5436966,,,,,,,11,5007,3,File,2014
AG! Calling,ATARASHII GAKKO!,J-Pop,Maji Yoroshiku,2:13,,04 Maji Yoroshiku.mp3,Atarashii Gakko!,D:\Códigos\Musica-Analisis\files\xml\Pre_RAW\Atarashii Gakko!.xml,ATARASHII GAKKO!,100,True,1,78,256,Se encuentra en spotify,,"ATARASHII GAKKO!, Angus Leslie, Jessie Lauryn, Joshua Tavares, Miguel Olivera, Robert Douglas-Sola, Samuel Cox, Yonkey & Yoshio Tamamura",2024-09-26 20:47:52,2026-01-07 20:09:14,1,1,,,5,Archivo de audio MPEG,1,file://localhost/E:/iTunes/iTunes%20Media/Music/ATARASHII%20GAKKO!/AG!%20Calling/04%20Maji%20Yoroshiku.mp3,,,7928,99E472476C42904A,3,3850322447,2026-01-04 04:00:47,,100,,,44100,4383715,,,,,,,11,5009,4,File,2014
AG! Calling,ATARASHII GAKKO!,J-Pop,Essa Hoisa,2:55,,05 Essa Hoisa.mp3,Atarashii Gakko!,D:\Códigos\Musica-Analisis\files\xml\Pre_RAW\Atarashii Gakko!.xml,ATARASHII GAKKO!,100,True,1,80,256,Se encuentra en spotify,,,2024-09-26 20:47:52,2026-01-07 20:02:12,1,1,,,5,Archivo de audio MPEG,1,file://localhost/E:/iTunes/iTunes%20Media/Music/ATARASHII%20GAKKO!/AG!%20Calling/05%20Essa%20Hoisa.mp3,,,6395,277EF839CA79190D,4,3842461048,2025-10-05 03:17:28,,100,,,44100,5728704,,,,,,,11,5011,5,File,2014
AG! Calling,ATARASHII GAKKO! feat. MILLI,J-Pop,Drama,2:39,,06 Drama.mp3,Atarashii Gakko!,D:\Códigos\Musica-Analisis\files\xml\Pre_RAW\Atarashii Gakko!.xml,ATARASHII GAKKO!,100,True,1,82,256,Se encuentra en spotify,,"ATARASHII GAKKO!, Danupha Kanateerakul, Christina Galligan, Leelee, Louis Bartolini & Stephanie Poetri",2024-09-26 20:47:52,2026-01-07 17:42:15,1,1,,,5,Archivo de audio MPEG,1,file://localhost/E:/iTunes/iTunes%20Media/Music/ATARASHII%20GAKKO!/AG!%20Calling/06%20Drama.mp3,,,7858,BA25D9215F6624FF,5,3843120584,2025-10-12 18:29:44,,100,,,44100,5223818,,,,,,,11,5013,6,File,2014
AG! Calling,ATARASHII GAKKO!,J-Pop,Superhuman,3:16,,07 Superhuman.mp3,Atarashii Gakko!,D:\Códigos\Musica-Analisis\files\xml\Pre_RAW\Atarashii Gakko!.xml,ATARASHII GAKKO!,100,True,1,178,256,Se encuentra en spotify,,,2024-09-26 20:47:53,2026-01-07 21:23:20,1,1,,,5,Archivo de audio MPEG,1,file://localhost/E:/iTunes/iTunes%20Media/Music/ATARASHII%20GAKKO!/AG!%20Calling/07%20Superhuman.mp3,,,8811,8ED796CEAF8758E2,9,3847092783,2025-11-27 18:53:03,,100,,,44100,6414157,,,,,,,11,5015,7,File,2014
AG! Calling,ATARASHII GAKKO!,J-Pop,Forever Sisters,3:55,,08 Forever Sisters.mp3,Atarashii Gakko!,D:\Códigos\Musica-Analisis\files\xml\Pre_RAW\Atarashii Gakko!.xml,ATARASHII GAKKO!,100,True,1,130,256,Se encuentra en spotify,,,2024-09-26 20:47:53,2026-01-07 21:51:40,1,1,,,5,Archivo de audio MPEG,1,file://localhost/E:/iTunes/iTunes%20Media/Music/ATARASHII%20GAKKO!/AG!%20Calling/08%20Forever%20Sisters.mp3,,,5916,13981551620390F8,6,3846411773,2025-11-19 21:42:53,,100,,,44100,7667204,,,,,,,11,5017,8,File,2014
AG! Calling,ATARASHII GAKKO!,J-Pop,Arigato,2:52,,09 Arigato.mp3,Atarashii Gakko!,D:\Códigos\Musica-Analisis\files\xml\Pre_RAW\Atarashii Gakko!.xml,ATARASHII GAKKO!,100,True,1,137,256,Se encuentra en spotify,,"ATARASHII GAKKO!, Yonkey & Yoshio Tamamura",2024-09-26 20:47:53,2026-01-07 17:51:57,1,1,,,5,Archivo de audio MPEG,1,file://localhost/E:/iTunes/iTunes%20Media/Music/ATARASHII%20GAKKO!/AG!%20Calling/09%20Arigato.mp3,,,7186,41237F89B99EBBEC,4,3835794394,2025-07-19 23:26:34,,100,,,44100,5647617,1,2025-07-19 23:23:33,,,,,11,5019,9,File,2014
AG! Calling,ATARASHII GAKKO!,J-Pop,Hero Show,3:06,,10 Hero Show.mp3,Atarashii Gakko!,D:\Códigos\Musica-Analisis\files\xml\Pre_RAW\Atarashii Gakko!.xml,ATARASHII GAKKO!,100,True,1,136,256,Se encuentra en spotify,,,2024-09-26 20:47:53,2026-01-07 21:29:02,1,1,,,5,Archivo de audio MPEG,1,file://localhost/E:/iTunes/iTunes%20Media/Music/ATARASHII%20GAKKO!/AG!%20Calling/10%20Hero%20Show.mp3,,,7216,82605D004C92A942,6,3846776394,2025-11-24 02:59:54,,100,,,44100,6076446,,,,,,,11,5021,10,File,2014
Free Your Mind (Spanish Version) - Single,ATARASHII GAKKO!,J-Pop,Free Your Mind (Spanish Version),2:57,,01 Free Your Mind (Spanish Version).mp3,Atarashii Gakko!,D:\Códigos\Musica-Analisis\files\xml\Pre_RAW\Atarashii Gakko!.xml,ATARASHII GAKKO!,100,True,,115,256,Se encuentra en spotify,,"ATARASHII GAKKO!, Mark Ramos Nishita & Denise Janelle Gutierrez Mendoza",2024-09-26 20:47:53,2026-01-07 17:36:00,1,1,,,5,Archivo de audio MPEG,1,file://localhost/E:/iTunes/iTunes%20Media/Music/ATARASHII%20GAKKO!/Free%20Your%20Mind%20(Spanish%20Version)%20-%20Singl/01%20Free%20Your%20Mind%20(Spanish%20Version).mp3,,,5336,092820A641EDC2D6,4,3841211379,2025-09-20 16:09:39,,100,,,44100,5693170,1,2025-08-24 01:08:56,,,,,1,5025,1,File,2022
HANAKO - Single,ATARASHII GAKKO!,J-Pop,HANAKO,3:41,,01 HANAKO.mp3,Atarashii Gakko!,D:\Códigos\Musica-Analisis\files\xml\Pre_RAW\Atarashii Gakko!.xml,ATARASHII GAKKO!,100,True,1,124,256,Se encuentra en spotify,,ATARASHII GAKKO! & Mark Ramos Nishita,2024-09-26 20:47:54,2026-01-07 22:01:21,1,1,,,5,Archivo de audio MPEG,1,file://localhost/E:/iTunes/iTunes%20Media/Music/ATARASHII%20GAKKO!/HANAKO%20-%20Single/01%20HANAKO.mp3,,,1259,8BA8D87BCF5C51BF,3,3847090049,2025-11-27 18:07:29,,100,,,44100,8336622,,,,,,,1,5027,1,File,2022
HELLO (from The Tiger's Apprentice) - Single,ATARASHII GAKKO!,J-Pop,HELLO (from The Tiger's Apprentice),2:33,,01 HELLO (from The Tiger's Apprentic.mp3,Atarashii Gakko!,D:\Códigos\Musica-Analisis\files\xml\Pre_RAW\Atarashii Gakko!.xml,ATARASHII GAKKO!,100,True,1,161,256,Se encuentra en spotify,,"ATARASHII GAKKO!, Wendy Wei-Jo Wang, Fransisca Hall, Kevin Bard & Louis Bartollini",2024-09-26 20:47:54,2026-01-07 19:10:31,1,1,,,5,Archivo de audio MPEG,1,file://localhost/E:/iTunes/iTunes%20Media/Music/ATARASHII%20GAKKO!/HELLO%20(from%20The%20Tiger's%20Apprentice)%20-%20Si/01%20HELLO%20(from%20The%20Tiger's%20Apprentic.mp3,,,8334,61187E73CCBF2924,4,3829159433,2025-05-04 04:23:53,,100,,,44100,7641039,,,,,,,1,5029,1,File,2024
Ichijikikoku,ATARASHII GAKKO!,J-Pop,Janaindayo,2:59,,01 Janaindayo.mp3,Atarashii Gakko!,D:\Códigos\Musica-Analisis\files\xml\Pre_RAW\Atarashii Gakko!.xml,ATARASHII GAKKO!,100,True,1,100,256,Se encuentra en spotify,,jon-YAKITORY,2024-09-26 20:47:54,2026-01-07 18:34:25,1,1,,,5,Archivo de audio MPEG,1,file://localhost/E:/iTunes/iTunes%20Media/Music/ATARASHII%20GAKKO!/Ichijikikoku/01%20Janaindayo.mp3,,,9222,7783649722C3A97D,7,3845735080,2025-11-12 01:44:40,,100,,,44100,5831203,,,,,,,7,5031,1,File,2023
Ichijikikoku,ATARASHII GAKKO!,J-Pop,Seishun Wo Kirisaku Hado,3:33,,02 Seishun Wo Kirisaku Hado.mp3,Atarashii Gakko!,D:\Códigos\Musica-Analisis\files\xml\Pre_RAW\Atarashii Gakko!.xml,ATARASHII GAKKO!,100,True,1,95,256,Se encuentra en spotify,,Kenta Matsukuma,2024-09-26 20:47:54,2026-01-07 20:17:16,1,1,,,5,Archivo de audio MPEG,1,file://localhost/E:/iTunes/iTunes%20Media/Music/ATARASHII%20GAKKO!/Ichijikikoku/02%20Seishun%20Wo%20Kirisaku%20Hado.mp3,,,12637,86C222B907DA8571,2,3825841941,2025-03-26 19:52:21,,100,,,44100,6942152,,,,,,,7,5033,2,File,2023
Ichijikikoku,ATARASHII GAKKO!,J-Pop,Giri Giri,3:05,,03 Giri Giri.mp3,Atarashii Gakko!,D:\Códigos\Musica-Analisis\files\xml\Pre_RAW\Atarashii Gakko!.xml,ATARASHII GAKKO!,100,True,1,134,256,Se encuentra en spotify,,Yonkey,2024-09-26 20:47:54,2026-01-07 20:53:49,1,1,,,5,Archivo de audio MPEG,1,file://localhost/E:/iTunes/iTunes%20Media/Music/ATARASHII%20GAKKO!/Ichijikikoku/03%20Giri%20Giri.mp3,,,4925,16C243AEF4FE0C40,4,3848300301,2025-12-11 18:18:21,,100,,,44100,6024299,,,,,,,7,5035,3,File,2023
Ichijikikoku,ATARASHII GAKKO!,J-Pop,Suki Lie,3:15,,04 Suki Lie.mp3,Atarashii Gakko!,D:\Códigos\Musica-Analisis\files\xml\Pre_RAW\Atarashii Gakko!.xml,ATARASHII GAKKO!,100,True,1,89,256,Se encuentra en spotify,,Yonkey,2024-09-26 20:47:54,2026-01-07 21:51:22,1,1,,,5,Archivo de audio MPEG,1,file://localhost/E:/iTunes/iTunes%20Media/Music/ATARASHII%20GAKKO!/Ichijikikoku/04%20Suki%20Lie.mp3,,,6182,5C447254EA2FA56B,10,3846911077,2025-11-25 16:24:37,,100,,,44100,6341947,,,,,,,7,5037,4,File,2023
Koinosyadanki - Single,ATARASHII GAKKO! feat. H ZETTRIO,J-Pop,Koinosyadanki,4:20,,01 Koinosyadanki.mp3,Atarashii Gakko!,D:\Códigos\Musica-Analisis\files\xml\Pre_RAW\Atarashii Gakko!.xml,ATARASHII GAKKO! feat. H ZETTRIO,100,True,1,118,256,Se encuentra en spotify,,,2024-09-26 20:47:55,2026-01-07 17:16:39,1,1,,,5,Archivo de audio MPEG,1,file://localhost/E:/iTunes/iTunes%20Media/Music/ATARASHII%20GAKKO!%20feat.%20H%20ZETTRIO/Koinosyadanki%20-%20Single/01%20Koinosyadanki.mp3,,,4116,EE3373D82D45AA3C,3,3842458702,2025-10-05 02:38:22,,100,,,44100,8382733,,,,,,,1,5045,1,File,2018
Maningen - EP,ATARASHII GAKKO!,J-Pop,Maningen,2:51,,01 Maningen.mp3,Atarashii Gakko!,D:\Códigos\Musica-Analisis\files\xml\Pre_RAW\Atarashii Gakko!.xml,ATARASHII GAKKO!,100,True,,110,256,Se encuentra en spotify,,jon-YAKITORY,2024-09-26 20:47:57,2026-01-07 17:48:23,1,1,,,5,Archivo de audio MPEG,1,file://localhost/E:/iTunes/iTunes%20Media/Music/ATARASHII%20GAKKO!/Maningen%20-%20EP/01%20Maningen.mp3,,,15119,650E5D74F8E13764,4,3850323864,2026-01-04 04:24:24,,100,,,44100,5504191,,,,,,,5,5067,1,File,2023
NAINAINAI - Single,ATARASHII GAKKO!,J-Pop,NAINAINAI,3:13,,01 NAINAINAI.mp3,Atarashii Gakko!,D:\Códigos\Musica-Analisis\files\xml\Pre_RAW\Atarashii Gakko!.xml,ATARASHII GAKKO!,100,True,1,115,256,Se encuentra en spotify,,Yonkey & ATARASHII GAKKO!,2024-09-26 20:47:58,2026-01-07 19:34:00,1,1,,,5,Archivo de audio MPEG,1,file://localhost/E:/iTunes/iTunes%20Media/Music/ATARASHII%20GAKKO!/NAINAINAI%20-%20Single/01%20NAINAINAI.mp3,,,2476,0A4116F152273379,3,3847184200,2025-11-28 20:16:40,,100,,,44100,6276498,,,,,,,1,5077,1,File,2021
Otonablue - Single,ATARASHII GAKKO!,J-Pop,Otonablue,3:05,,01 Otonablue.mp3,Atarashii Gakko!,D:\Códigos\Musica-Analisis\files\xml\Pre_RAW\Atarashii Gakko!.xml,ATARASHII GAKKO!,100,True,1,130,256,Se encuentra en spotify,,Yonkey,2024-09-26 20:47:58,2026-01-07 19:29:31,1,1,,,5,Archivo de audio MPEG,1,file://localhost/E:/iTunes/iTunes%20Media/Music/ATARASHII%20GAKKO!/Otonablue%20-%20Single/01%20Otonablue.mp3,,,4416,B3391C959DB0C900,4,3846154096,2025-11-16 22:08:16,,100,,,44100,6044206,,,,,,,1,5081,1,File,2020
SNACKTIME - EP,ATARASHII GAKKO!,J-Pop,CANDY,2:45,,03 CANDY.mp3,Atarashii Gakko!,D:\Códigos\Musica-Analisis\files\xml\Pre_RAW\Atarashii Gakko!.xml,ATARASHII GAKKO!,100,True,1,129,256,Se encuentra en spotify,,TARASHII GAKKO! & Mark Ramos Nishita,2024-09-26 20:47:59,2026-01-07 18:26:15,1,1,,,5,Archivo de audio MPEG,1,file://localhost/E:/iTunes/iTunes%20Media/Music/ATARASHII%20GAKKO!/SNACKTIME%20-%20EP/03%20CANDY.mp3,,,3465,357D525BAD279C5D,6,3851159043,2026-01-13 20:24:03,,100,,,44100,5394944,,,,,ATARASHII GAKKO!,CANDY,5,5089,3,File,2021
SNACKTIME - EP,ATARASHII GAKKO!,J-Pop,Fantastico,2:53,,04 Fantastico.mp3,Atarashii Gakko!,D:\Códigos\Musica-Analisis\files\xml\Pre_RAW\Atarashii Gakko!.xml,ATARASHII GAKKO!,100,True,1,125,256,Se encuentra en spotify,,ATARASHII GAKKO! & Mark Ramos Nishita,2024-09-26 20:47:59,2026-01-07 18:10:57,1,1,,,5,Archivo de audio MPEG,1,file://localhost/E:/iTunes/iTunes%20Media/Music/ATARASHII%20GAKKO!/SNACKTIME%20-%20EP/04%20Fantastico.mp3,,,1961,49ED498BEFA42121,7,3850591871,2026-01-07 06:51:11,,100,,,44100,5654083,,,,,ATARASHII GAKKO!,Fantastico,5,5091,4,File,2021
The Edge - Single,ATARASHII GAKKO!,J-Pop,The Edge,2:43,,01 The Edge.mp3,Atarashii Gakko!,D:\Códigos\Musica-Analisis\files\xml\Pre_RAW\Atarashii Gakko!.xml,ATARASHII GAKKO!,100,True,1,168,256,Se encuentra en spotify,,"ATARASHII GAKKO!, Kayelee Ayers, Kianna Fleming, Louis Bartolini & William Kevany",2024-09-26 20:48:00,2025-10-17 06:57:18,1,1,,,5,Archivo de audio MPEG,1,file://localhost/E:/iTunes/iTunes%20Media/Music/ATARASHII%20GAKKO!/The%20Edge%20-%20Single/01%20The%20Edge.mp3,,,6797,CF45205199838EC7,3,3850336007,2026-01-04 07:46:47,,100,,,44100,5367433,,,Edge - Single,,,Edge,1,5095,1,File,2023
Tokyo Calling - Single,ATARASHII GAKKO!,J-Pop,Tokyo Calling,3:11,,01 Tokyo Calling.mp3,Atarashii Gakko!,D:\Códigos\Musica-Analisis\files\xml\Pre_RAW\Atarashii Gakko!.xml,ATARASHII GAKKO!,100,True,1,79,256,Se encuentra en spotify,,"ATARASHII GAKKO!, Yonkey & Yoshio Tamamura",2024-09-26 20:48:00,2026-01-07 19:47:09,1,1,,,5,Archivo de audio MPEG,1,file://localhost/E:/iTunes/iTunes%20Media/Music/ATARASHII%20GAKKO!/Tokyo%20Calling%20-%20Single/01%20Tokyo%20Calling.mp3,,,6111,1342E5DFE5998B7C,5,3844161941,2025-10-24 19:45:41,,100,,,44100,6278142,,,,,,,1,5097,1,File,2023
Toryanse - Single,ATARASHII GAKKO!,J-Pop,Toryanse,2:36,,01 Toryanse.mp3,Atarashii Gakko!,D:\Códigos\Musica-Analisis\files\xml\Pre_RAW\Atarashii Gakko!.xml,ATARASHII GAKKO!,100,True,1,150,256,Se encuentra en spotify,,"ATARASHII GAKKO!, Yonkey & Yoshio Tamamura",2024-09-26 20:48:00,2026-01-07 18:00:45,1,1,,,5,Archivo de audio MPEG,1,file://localhost/E:/iTunes/iTunes%20Media/Music/ATARASHII%20GAKKO!/Toryanse%20-%20Single/01%20Toryanse.mp3,,,5462,5CEA787047B5298F,2,3838844110,2025-08-24 06:35:10,,100,,,44100,8046321,,,,,,,1,5099,1,File,2024
Wakage Ga Itaru,ATARASHII GAKKO!,J-Pop,Koi Geba,4:13,,04 Koi Geba.mp3,Atarashii Gakko!,D:\Códigos\Musica-Analisis\files\xml\Pre_RAW\Atarashii Gakko!.xml,ATARASHII GAKKO!,100,True,1,101,256,Se encuentra en spotify,,H ZETT M & Temma Matsunaga,2024-09-26 20:48:01,2025-10-17 06:57:15,1,1,,,5,Archivo de audio MPEG,1,file://localhost/E:/iTunes/iTunes%20Media/Music/ATARASHII%20GAKKO!/Wakage%20Ga%20Itaru/04%20Koi%20Geba.mp3,,,10682,BED5FCC1037B78B1,3,3850320916,2026-01-04 03:35:16,,100,,,44100,8243061,,,,,,,11,5107,4,File,2019
WOO! GO! - Single,ATARASHII GAKKO!,J-Pop,WOO! GO!,3:19,,01 WOO! GO!.mp3,Atarashii Gakko!,D:\Códigos\Musica-Analisis\files\xml\Pre_RAW\Atarashii Gakko!.xml,ATARASHII GAKKO!,100,True,1,80,256,Se encuentra en spotify,,ATARASHII GAKKO! & Yonkey,2024-09-26 20:48:02,2026-01-07 18:07:52,1,1,,,5,Archivo de audio MPEG,1,file://localhost/E:/iTunes/iTunes%20Media/Music/ATARASHII%20GAKKO!/WOO!%20GO!%20-%20Single/01%20WOO!%20GO!.mp3,,,3848,7E4586B363F73869,7,3850583379,2026-01-07 04:29:39,,100,,,44100,6598581,,,,,,,1,5117,1,File,2022
恋文 - Single,ATARASHII GAKKO!,J-Pop,恋文,4:00,,01 恋文.m4a,Atarashii Gakko!,D:\Códigos\Musica-Analisis\files\xml\Pre_RAW\Atarashii Gakko!.xml,ATARASHII GAKKO!,100,True,1,85,325,Se encuentra en spotify,,,2025-01-18 05:43:23,2026-01-07 19:24:37,1,1,,,5,Archivo de audio AAC,1,file://localhost/E:/iTunes/iTunes%20Media/Music/ATARASHII%20GAKKO!/%E6%81%8B%E6%96%87%20-%20Single/01%20%E6%81%8B%E6%96%87.m4a,,,5105,2BCD0BA8094D5979,5,3850404052,2026-01-05 02:40:52,,100,,2020-05-22 12:00:00,48000,9873204,,,,,,,1,14827,1,File,2020
Pineapple Kryptonite - Single,ATARASHII GAKKO!,J-Pop,Pineapple Kryptonite,3:15,,01 Pineapple Kryptonite.m4a,Atarashii Gakko!,D:\Códigos\Musica-Analisis\files\xml\Pre_RAW\Atarashii Gakko!.xml,ATARASHII GAKKO!,100,True,1,139,322,Se encuentra en spotify,,ATARASHII GAKKO! & Mark Ramos Nishita,2025-01-18 05:45:16,2026-01-07 19:23:45,1,1,,,5,Archivo de audio AAC,1,file://localhost/E:/iTunes/iTunes%20Media/Music/ATARASHII%20GAKKO!/Pineapple%20Kryptonite%20-%20Single/01%20Pineapple%20Kryptonite.m4a,,,4414,F4F369360C1AAEB4,3,3838822115,2025-08-24 00:28:35,,100,,2021-09-21 12:00:00,48000,8054723,,,,,,,1,14829,1,File,2021
Change - Single,ATARASHII GAKKO!,J-Pop,Change,3:11,,01 Change.m4a,Atarashii Gakko!,D:\Códigos\Musica-Analisis\files\xml\Pre_RAW\Atarashii Gakko!.xml,ATARASHII GAKKO!,100,True,1,158,327,Se encuentra en spotify,,,2025-01-18 05:47:47,2026-01-07 20:16:46,1,1,,,5,Archivo de audio AAC,1,file://localhost/E:/iTunes/iTunes%20Media/Music/ATARASHII%20GAKKO!/Change%20-%20Single/01%20Change.m4a,,,4405,6E33338B1ACA509E,6,3844235271,2025-10-25 16:07:51,,100,,2024-07-19 12:00:00,48000,7959078,,,,,,,1,14831,1,File,2024
Narani Narani - Single,Balming Tiger feat. ATARASHII GAKKO!,K-pop,Narani Narani,3:44,,01 Narani Narani.mp3,Atarashii Gakko!,D:\Códigos\Musica-Analisis\files\xml\Pre_RAW\Atarashii Gakko!.xml,Balming Tiger feat. ATARASHII GAKKO!,100,True,1,128,256,Se encuentra en spotify,,,2025-06-28 08:50:59,2026-01-07 17:55:28,1,1,,,5,Archivo de audio MPEG,1,file://localhost/E:/iTunes/iTunes%20Media/Music/Balming%20Tiger%20feat.%20ATARASHII%20GAKKO!/Narani%20Narani%20-%20Single/01%20Narani%20Narani.mp3,,,6708,65039628A9C28514,2,3838486148,2025-08-20 03:09:08,,100,,,44100,7250922,,,,,,,1,27893,1,File,2025
Go Wild - Miyao - Single,ATARASHII GAKKO!,Pop,Go Wild,2:44,,01 Go Wild.m4a,Atarashii Gakko!,D:\Códigos\Musica-Analisis\files\xml\Pre_RAW\Atarashii Gakko!.xml,ATARASHII GAKKO!,100,True,1,149,327,Se encuentra en spotify,,,2025-12-08 16:11:52,2026-01-07 18:19:22,1,1,,,5,Archivo de audio AAC,1,file://localhost/E:/iTunes/iTunes%20Media/Music/ATARASHII%20GAKKO!/Go%20Wild%20-%20Miyao%20-%20Single/01%20Go%20Wild.m4a,,,7682,864E6AA73349E139,1,3848058172,2025-12-08 23:02:52,,100,,2025-12-05 12:00:00,48000,6794249,,,,,,,2,33305,1,File,2025
"Sailor, Sail On - Single",ATARASHII GAKKO!,J-pop,"Sailor, Sail On",4:08,,"01 Sailor, Sail On.m4a",Atarashii Gakko!,D:\Códigos\Musica-Analisis\files\xml\Pre_RAW\Atarashii Gakko!.xml,ATARASHII GAKKO!,100,True,1,158,2304,Se encuentra en spotify,,,2025-12-22 17:34:58,2026-01-07 19:51:28,1,1,,,5,Audio Apple Lossless,1,"file://localhost/E:/iTunes/iTunes%20Media/Music/ATARASHII%20GAKKO!/Sailor,%20Sail%20On%20-%20Single/01%20Sailor,%20Sail%20On.m4a",,,4869,7BC75316ED21D8DD,2,3850572961,2026-01-07 01:36:01,,100,,2025-12-19 12:00:00,48000,54911626,,,,,,,1,33459,1,File,2025
BABYMETAL,BABYMETAL,J-Rock,Megitsune,4:07,,02 Megitsune.mp3,Babymetal,D:\Códigos\Musica-Analisis\files\xml\Pre_RAW\Babymetal.xml,BABYMETAL,100,True,1,142,256,Se encuentra en spotify,,KITSUNE OF METAL GOD,2024-09-26 20:48:09,2026-01-07 19:40:07,1,1,,,5,Archivo de audio MPEG,1,file://localhost/E:/iTunes/iTunes%20Media/Music/BABYMETAL/BABYMETAL/02%20Megitsune.mp3,,,16415,0EA5383CA701AEA7,6,3850411879,2026-01-05 04:51:19,,100,,,44100,8037015,,,,,BABYMETAL,Megitsune,15,5167,2,File,2014
BABYMETAL,BABYMETAL,J-Rock,Gimme Chocolate!!,3:50,,03 Gimme Chocolate!!.mp3,Babymetal,D:\Códigos\Musica-Analisis\files\xml\Pre_RAW\Babymetal.xml,BABYMETAL,100,True,1,110,256,Se encuentra en spotify,,TAKESHI UEDA,2024-09-26 20:48:09,2026-01-07 21:56:16,1,1,,,5,Archivo de audio MPEG,1,file://localhost/E:/iTunes/iTunes%20Media/Music/BABYMETAL/BABYMETAL/03%20Gimme%20Chocolate!!.mp3,,,14791,127DAE6A5C87279F,6,3843149386,2025-10-13 02:29:46,,100,,,44100,7490100,1,2025-10-04 19:02:22,,,,,15,5169,3,File,2014
BABYMETAL,BABYMETAL,J-Rock,Iine!,4:08,,04 Iine!.mp3,Babymetal,D:\Códigos\Musica-Analisis\files\xml\Pre_RAW\Babymetal.xml,BABYMETAL,100,True,1,160,256,Se encuentra en spotify,,Mish-Mosh,2024-09-26 20:48:09,2026-01-07 18:12:30,1,1,,,5,Archivo de audio MPEG,1,file://localhost/E:/iTunes/iTunes%20Media/Music/BABYMETAL/BABYMETAL/04%20Iine!.mp3,,,17533,790B8354D4E2143C,4,3851345000,2026-01-16 00:03:20,,100,,,44100,8050989,,,,,,,15,5171,4,File,2014
BABYMETAL,BABYMETAL,J-Rock,Headbangeeeeerrrrr!!!!!,4:00,,12 Headbangeeeeerrrrr!!!!!.mp3,Babymetal,D:\Códigos\Musica-Analisis\files\xml\Pre_RAW\Babymetal.xml,BABYMETAL,100,True,1,93,256,Se encuentra en spotify,,Kitsune,2024-09-26 20:48:10,2026-01-07 17:02:36,1,1,,,5,Archivo de audio MPEG,1,file://localhost/E:/iTunes/iTunes%20Media/Music/BABYMETAL/BABYMETAL/12%20Headbangeeeeerrrrr!!!!!.mp3,,,19040,53827769F246082E,3,3843151436,2025-10-13 03:03:56,,100,,,44100,7816600,,,,,,,15,5187,12,File,2014
BABYMETAL,BABYMETAL,J-Rock,"Ijime, Dame, Zettai",6:05,,"13 Ijime, Dame, Zettai.mp3",Babymetal,D:\Códigos\Musica-Analisis\files\xml\Pre_RAW\Babymetal.xml,BABYMETAL,100,True,1,160,256,Se encuentra en spotify,,"TSUBOMETAL, KxBxMETAL & TAKEMETAL",2024-09-26 20:48:11,2026-01-07 18:38:18,1,1,,,5,Archivo de audio MPEG,1,"file://localhost/E:/iTunes/iTunes%20Media/Music/BABYMETAL/BABYMETAL/13%20Ijime,%20Dame,%20Zettai.mp3",,,20604,7C3250B71CCC0A9C,5,3844417562,2025-10-27 19:46:02,,100,,,44100,11800340,,,,,,,15,5189,13,File,2014
METAL GALAXY,BABYMETAL feat. Joakim Broden,J-Metal,Oh! MAJINAI,3:12,,05 Oh! MAJINAI.mp3,Babymetal,D:\Códigos\Musica-Analisis\files\xml\Pre_RAW\Babymetal.xml,BABYMETAL,100,True,1,142,256,Se encuentra en spotify,,RYU-METAL,2024-09-26 20:48:19,2026-01-07 21:23:08,1,1,,,5,Archivo de audio MPEG,1,file://localhost/E:/iTunes/iTunes%20Media/Music/BABYMETAL/METAL%20GALAXY/05%20Oh!%20MAJINAI.mp3,,,16518,EB91A88EB6C2401B,1,3827236675,2025-04-11 22:17:55,,100,,,44100,6280445,,,,,,,14,5251,5,File,2019
METAL GALAXY,BABYMETAL feat. Tim Henson & Scott Lepage,J-Metal,Brand New Day,4:08,,06 Brand New Day.mp3,Babymetal,D:\Códigos\Musica-Analisis\files\xml\Pre_RAW\Babymetal.xml,BABYMETAL,100,True,1,105,256,Se encuentra en spotify,,MEG,2024-09-26 20:48:19,2026-01-07 21:08:44,1,1,,,5,Archivo de audio MPEG,1,file://localhost/E:/iTunes/iTunes%20Media/Music/BABYMETAL/METAL%20GALAXY/06%20Brand%20New%20Day.mp3,,,11790,2A5236C0E0BD3627,3,3838820717,2025-08-24 00:05:17,,100,,,44100,8065981,,,,,,,14,5253,6,File,2019
METAL GALAXY,BABYMETAL,J-Metal,Night Night Burn!,3:40,,07 Night Night Burn!.mp3,Babymetal,D:\Códigos\Musica-Analisis\files\xml\Pre_RAW\Babymetal.xml,BABYMETAL,100,True,1,138,256,Se encuentra en spotify,,"NORiMETAL, Hola-METAL",2024-09-26 20:48:19,2026-01-07 20:12:25,1,1,,,5,Archivo de audio MPEG,1,file://localhost/E:/iTunes/iTunes%20Media/Music/BABYMETAL/METAL%20GALAXY/07%20Night%20Night%20Burn!.mp3,,,19597,39CD325084972651,3,3844175364,2025-10-24 23:29:24,,100,,,44100,7179836,,,,,,,14,5255,7,File,2019
METAL GALAXY,BABYMETAL feat. Alissa White-Gluz,J-Metal,Distortion,3:04,,09 Distortion.mp3,Babymetal,D:\Códigos\Musica-Analisis\files\xml\Pre_RAW\Babymetal.xml,BABYMETAL,100,True,1,98,256,Se encuentra en spotify,,TAKEMETAL,2024-09-26 20:48:19,2026-01-07 18:43:44,1,1,,,5,Archivo de audio MPEG,1,file://localhost/E:/iTunes/iTunes%20Media/Music/BABYMETAL/METAL%20GALAXY/09%20Distortion.mp3,,,17690,4D3F9A93A89BCF44,1,3823757016,2025-03-02 16:43:36,,100,,,44100,6016298,,,,,,,14,5259,9,File,2019
METAL GALAXY,BABYMETAL feat. F.HERO,J-Metal,PA PA YA!!,3:55,,10 PA PA YA!!.mp3,Babymetal,D:\Códigos\Musica-Analisis\files\xml\Pre_RAW\Babymetal.xml,BABYMETAL,100,True,1,158,256,Se encuentra en spotify,,SIAMMETAL,2024-09-26 20:48:20,2026-01-07 17:52:51,1,1,,,5,Archivo de audio MPEG,1,file://localhost/E:/iTunes/iTunes%20Media/Music/BABYMETAL/METAL%20GALAXY/10%20PA%20PA%20YA!!.mp3,,,22233,97E5F9E55738E04B,4,3851344115,2026-01-15 23:48:35,,100,,,44100,7642149,,,,,,,14,5261,10,File,2019
METAL GALAXY,BABYMETAL,J-Metal,Kagerou,3:30,,11 Kagerou.mp3,Babymetal,D:\Códigos\Musica-Analisis\files\xml\Pre_RAW\Babymetal.xml,BABYMETAL,100,True,1,98,256,Se encuentra en spotify,,"Yuyoyuppe, MK-METAL",2024-09-26 20:48:20,2026-01-07 20:55:31,1,1,,,5,Archivo de audio MPEG,1,file://localhost/E:/iTunes/iTunes%20Media/Music/BABYMETAL/METAL%20GALAXY/11%20Kagerou.mp3,,,16313,BB2F2E2A7205E93A,6,3839863768,2025-09-05 01:49:28,,100,,,44100,6858876,,,,,,,14,5263,11,File,2019
METAL GALAXY,BABYMETAL,J-Metal,Starlight,3:37,,12 Starlight.mp3,Babymetal,D:\Códigos\Musica-Analisis\files\xml\Pre_RAW\Babymetal.xml,BABYMETAL,100,True,1,142,256,Se encuentra en spotify,,MEG,2024-09-26 20:48:20,2026-01-07 21:03:43,1,1,,,5,Archivo de audio MPEG,1,file://localhost/E:/iTunes/iTunes%20Media/Music/BABYMETAL/METAL%20GALAXY/12%20Starlight.mp3,,,15986,03E0295A9DCD9DA7,3,3835882571,2025-07-20 23:56:11,,100,,,44100,7080472,1,2025-01-26 22:13:07,,,,,14,5265,12,File,2019
Metal Resistance,BABYMETAL,J-Metal,KARATE,4:23,,02 KARATE.mp3,Babymetal,D:\Códigos\Musica-Analisis\files\xml\Pre_RAW\Babymetal.xml,BABYMETAL,100,True,1,180,256,Se encuentra en spotify,,Yuyoyuppe,2024-09-26 20:48:21,2026-01-07 19:56:17,1,1,,,5,Archivo de audio MPEG,1,file://localhost/E:/iTunes/iTunes%20Media/Music/BABYMETAL/Metal%20Resistance/02%20KARATE.mp3,,,16147,6A04E0F3639E4244,4,3850412826,2026-01-05 05:07:06,,100,,,44100,8539201,1,2025-10-03 00:57:37,,,,,12,5273,2,File,2016
Metal Resistance,BABYMETAL,J-Metal,YAVA!,3:48,,04 YAVA!.mp3,Babymetal,D:\Códigos\Musica-Analisis\files\xml\Pre_RAW\Babymetal.xml,BABYMETAL,100,True,1,96,256,Se encuentra en spotify,,"NAKAMETAL, MK-METAL & KxBxMETAL",2024-09-26 20:48:21,2026-01-07 19:33:55,1,1,,,5,Archivo de audio MPEG,1,file://localhost/E:/iTunes/iTunes%20Media/Music/BABYMETAL/Metal%20Resistance/04%20YAVA!.mp3,,,17201,8E4DB30E205FA80F,3,3848303086,2025-12-11 19:04:46,,100,,,44100,7439974,,,,,,,12,5277,4,File,2016
Metal Resistance,BABYMETAL,J-Metal,"No Rain, No Rainbow",4:50,,"10 No Rain, No Rainbow.mp3",Babymetal,D:\Códigos\Musica-Analisis\files\xml\Pre_RAW\Babymetal.xml,BABYMETAL,100,True,1,79,256,Se encuentra en spotify,,"YOSHIFU-METAL, MK-METAL & NAKAMETAL",2024-09-26 20:48:22,2026-01-07 18:43:38,1,1,,,5,Archivo de audio MPEG,1,"file://localhost/E:/iTunes/iTunes%20Media/Music/BABYMETAL/Metal%20Resistance/10%20No%20Rain,%20No%20Rainbow.mp3",,,9953,8B8EA2C42BBEA000,6,3840726754,2025-09-15 01:32:34,,100,,,44100,9411643,1,2025-09-21 01:02:21,,,,,12,5289,10,File,2016
METALI!!- Single,BABYMETAL feat. Tom Morello,J-Metal,METALI!!,3:28,,01 METALI!!.mp3,Babymetal,D:\Códigos\Musica-Analisis\files\xml\Pre_RAW\Babymetal.xml,BABYMETAL feat. Tom Morello,100,True,1,100,256,Se encuentra en spotify,,"METAL-NIKI, RYU-METAL, NORIMETAL & MEGMETAL",2024-09-26 20:48:23,2026-01-07 19:02:58,1,1,,,5,Archivo de audio MPEG,1,file://localhost/E:/iTunes/iTunes%20Media/Music/BABYMETAL%20feat.%20Tom%20Morello/METALI!!-%20Single/01%20METALI!!.mp3,,,12723,83BED9E822A1FD32,3,3844173125,2025-10-24 22:52:05,,100,,,44100,6875902,,,,,,,1,5295,1,File,2023
THE OTHER ONE,BABYMETAL,J-Metal,METAL KINGDOM,5:51,,01 METAL KINGDOM.mp3,Babymetal,D:\Códigos\Musica-Analisis\files\xml\Pre_RAW\Babymetal.xml,BABYMETAL,100,True,1,135,256,Se encuentra en spotify,,KITSUNE of METAL GOD,2024-09-26 20:48:24,2026-01-07 20:07:35,1,1,,,5,Archivo de audio MPEG,1,file://localhost/E:/iTunes/iTunes%20Media/Music/BABYMETAL/THE%20OTHER%20ONE/01%20METAL%20KINGDOM.mp3,,,12281,C731F26DA42959DA,4,3851358580,2026-01-16 03:49:40,,100,,,44100,11396166,,,OTHER ONE,,,,10,5297,1,File,2023
THE OTHER ONE,BABYMETAL,J-Metal,MAYA,3:23,,04 MAYA.mp3,Babymetal,D:\Códigos\Musica-Analisis\files\xml\Pre_RAW\Babymetal.xml,BABYMETAL,100,True,1,128,256,Se encuentra en spotify,,MAYAMETAL,2024-09-26 20:48:24,2026-01-07 17:35:36,1,1,,,5,Archivo de audio MPEG,1,file://localhost/E:/iTunes/iTunes%20Media/Music/BABYMETAL/THE%20OTHER%20ONE/04%20MAYA.mp3,,,9452,405459FFFDC55870,2,3848393718,2025-12-12 20:15:18,,100,,,44100,6660942,,,OTHER ONE,,,,10,5303,4,File,2023
THE OTHER ONE,BABYMETAL,J-Metal,Time Wave,4:50,,05 Time Wave.mp3,Babymetal,D:\Códigos\Musica-Analisis\files\xml\Pre_RAW\Babymetal.xml,BABYMETAL,100,True,1,140,256,Se encuentra en spotify,,MK-METAL,2024-09-26 20:48:24,2026-01-07 17:47:11,1,1,,,5,Archivo de audio MPEG,1,file://localhost/E:/iTunes/iTunes%20Media/Music/BABYMETAL/THE%20OTHER%20ONE/05%20Time%20Wave.mp3,,,8905,58742F7DC5D966B2,7,3851168129,2026-01-13 22:55:29,,100,,,44100,9435360,,,OTHER ONE,,,,10,5305,5,File,2023
THE OTHER ONE,BABYMETAL,J-Metal,METALIZM,3:34,,07 METALIZM.mp3,Babymetal,D:\Códigos\Musica-Analisis\files\xml\Pre_RAW\Babymetal.xml,BABYMETAL,100,True,1,107,256,Se encuentra en spotify,,Metalian,2024-09-26 20:48:25,2026-01-07 20:17:08,1,1,,,5,Archivo de audio MPEG,1,file://localhost/E:/iTunes/iTunes%20Media/Music/BABYMETAL/THE%20OTHER%20ONE/07%20METALIZM.mp3,,,4198,F1340C1D2B319CB5,6,3850325106,2026-01-04 04:45:06,,100,,,44100,7001605,,,OTHER ONE,,,,10,5309,7,File,2023
THE OTHER ONE,BABYMETAL,J-Metal,Light and Darkness,4:04,,09 Light and Darkness.mp3,Babymetal,D:\Códigos\Musica-Analisis\files\xml\Pre_RAW\Babymetal.xml,BABYMETAL,100,True,1,128,256,Se encuentra en spotify,,"MK-METAL, TAKEMETAL & tatsuoMETAL",2024-09-26 20:48:25,2026-01-07 21:19:54,1,1,,,5,Archivo de audio MPEG,1,file://localhost/E:/iTunes/iTunes%20Media/Music/BABYMETAL/THE%20OTHER%20ONE/09%20Light%20and%20Darkness.mp3,,,13585,8746ADCAEC43C6F2,8,3850496761,2026-01-06 04:26:01,,100,,,44100,7968332,,,OTHER ONE,,,,10,5313,9,File,2023
RATATATA - Single,BABYMETAL & Electric Callboy,J-Metal,RATATATA,3:36,,01 RATATATA.mp3,Babymetal,D:\Códigos\Musica-Analisis\files\xml\Pre_RAW\Babymetal.xml,BABYMETAL & Electric Callboy,100,True,1,140,256,Se encuentra en spotify,,"NORIMETAL, Kevin Ratajczak, Nico Sallach, Pascal Schillo & Daniel Haniß",2024-09-26 20:48:25,2026-01-07 21:23:59,1,1,,,5,Archivo de audio MPEG,1,file://localhost/E:/iTunes/iTunes%20Media/Music/BABYMETAL%20&%20Electric%20Callboy/RATATATA%20-%20Single/01%20RATATATA.mp3,,,4993,3B8B24DB69DC87EC,3,3850589900,2026-01-07 06:18:20,,100,,,44100,7030414,,,,,,,1,5317,1,File,2024
Leave It All Behind - Single,"F.HERO, Bodyslam & BABYMETAL",Rock,Leave It All Behind,4:07,,01 Leave It All Behind.mp3,Babymetal,D:\Códigos\Musica-Analisis\files\xml\Pre_RAW\Babymetal.xml,"F.HERO, Bodyslam & BABYMETAL",100,True,1,142,256,Se encuentra en spotify,,"Thitiwat Rongthong, Nattawut Srimhok & SIAMMETAL",2024-09-26 20:50:02,2026-01-07 17:58:08,1,1,,,5,Archivo de audio MPEG,1,"file://localhost/E:/iTunes/iTunes%20Media/Music/F.HERO,%20Bodyslam%20&%20BABYMETAL/Leave%20It%20All%20Behind%20-%20Single/01%20Leave%20It%20All%20Behind.mp3",,,12312,295A3AE5ADDE2012,4,3844410221,2025-10-27 17:43:41,,100,,,44100,10030599,,,,,,,1,6395,1,File,2024
POST HUMAN- SURVIVAL HORROR,Bring Me The Horizon feat. BABYMETAL,Hard rock,Kingslayer,3:40,,06 Kingslayer.m4a,Babymetal,D:\Códigos\Musica-Analisis\files\xml\Pre_RAW\Babymetal.xml,Bring Me The Horizon,100,True,1,93,323,Se encuentra en spotify,,"Oliver Sykes, Jordan Fish & MK-METAL",2025-01-18 05:24:38,2026-01-07 20:51:02,1,1,,,5,Archivo de audio AAC,1,file://localhost/E:/iTunes/iTunes%20Media/Music/Bring%20Me%20The%20Horizon/POST%20HUMAN-%20SURVIVAL%20HORROR/06%20Kingslayer.m4a,,,12115,7C7FE1F664AF6367,6,3844410965,2025-10-27 17:56:05,,100,,2020-10-30 12:00:00,48000,9089792,,,,,,,9,14801,6,File,2020
Bekhauf - Single,Bloodywood feat. BABYMETAL,Metal,Bekhauf,3:48,,01 Bekhauf.m4a,Babymetal,D:\Códigos\Musica-Analisis\files\xml\Pre_RAW\Babymetal.xml,Bloodywood feat. BABYMETAL,100,True,1,180,320,Se encuentra en spotify,,,2025-01-18 05:33:16,2026-01-07 21:22:42,1,1,,,5,Archivo de audio AAC,1,file://localhost/E:/iTunes/iTunes%20Media/Music/Bloodywood%20feat.%20BABYMETAL/Bekhauf%20-%20Single/01%20Bekhauf.m4a,,,10353,25829F39FD2D2589,4,3851357463,2026-01-16 03:31:03,,100,,2024-12-06 12:00:00,48000,9295705,,,,,,,1,14815,1,File,2024
BxMxC - Single,BABYMETAL,J-Metal,BxMxC,3:03,,01 BxMxC.m4a,Babymetal,D:\Códigos\Musica-Analisis\files\xml\Pre_RAW\Babymetal.xml,BABYMETAL,100,True,1,150,324,Se encuentra en spotify,,"MEGMETAL, METAL CYPHER",2025-01-18 05:33:16,2026-01-07 16:59:41,1,1,,,5,Archivo de audio AAC,1,file://localhost/E:/iTunes/iTunes%20Media/Music/BABYMETAL/BxMxC%20-%20Single/01%20BxMxC.m4a,,,8659,6145E2D3CE5A4CFD,3,3835794196,2025-07-19 23:23:16,,100,,2020-10-09 12:00:00,48000,7587887,1,2025-09-28 04:50:38,,,,,1,14817,1,File,2020
from me to u - Single,BABYMETAL & Poppy,J-Rock,from me to u,3:24,,01 from me to u.m4a,Babymetal,D:\Códigos\Musica-Analisis\files\xml\Pre_RAW\Babymetal.xml,BABYMETAL & Poppy,100,True,1,100,321,Se encuentra en spotify,,"MK-METAL, Jordan Fish & Moriah Rose Pereira",2025-04-05 02:16:55,2026-01-07 20:31:41,1,1,,,5,Archivo de audio AAC,1,file://localhost/E:/iTunes/iTunes%20Media/Music/BABYMETAL%20&%20Poppy/from%20me%20to%20u%20-%20Single/01%20from%20me%20to%20u.m4a,,,10908,079F9AFC18EF0FB2,3,3834501933,2025-07-05 00:25:33,,100,,2025-04-04 12:00:00,48000,8455797,,,,,,,1,24863,1,File,2025
METAL FORTH,BABYMETAL & Bloodywood,Hard rock,Kon! Kon!,3:55,,04 Kon! Kon!.mp3,Babymetal,D:\Códigos\Musica-Analisis\files\xml\Pre_RAW\Babymetal.xml,BABYMETAL,100,,1,107,256,Se encuentra en spotify,,"MK-METAL, RYU-METAL, Karan Katiyar, Jayant Bhadula & Raoul Kerr",2025-07-12 05:17:44,2026-01-07 19:03:16,1,1,,,5,Archivo de audio MPEG,1,file://localhost/E:/iTunes/iTunes%20Media/Music/BABYMETAL/METAL%20FORTH/04%20Kon!%20Kon!.mp3,,,11733,15E61CF1D65A6518,2,3846156001,2025-11-16 22:40:01,,100,,,44100,7724997,,,,,,,10,28013,4,File,2025
METAL FORTH,BABYMETAL,Hard rock,Algorism,3:37,,08 Algorism.mp3,Babymetal,D:\Códigos\Musica-Analisis\files\xml\Pre_RAW\Babymetal.xml,BABYMETAL,100,,1,100,256,Se encuentra en spotify,,ALGO-METAL & NORIMETAL,2025-08-12 22:13:06,2026-01-07 19:59:33,1,1,,,5,Archivo de audio MPEG,1,file://localhost/E:/iTunes/iTunes%20Media/Music/BABYMETAL/METAL%20FORTH/08%20Algorism.mp3,,,13451,ACABA48236864DFB,3,3850575933,2026-01-07 02:25:33,,100,,,44100,7148477,,,,,,,10,28301,8,File,2025
METAL FORTH,BABYMETAL & Polyphia,Hard rock,Sunset Kiss,3:33,,06 Sunset Kiss.mp3,Babymetal,D:\Códigos\Musica-Analisis\files\xml\Pre_RAW\Babymetal.xml,BABYMETAL,100,,1,120,256,Se encuentra en spotify,,MK-METAL & MEGMETAL,2025-08-12 22:13:07,2026-01-07 20:03:51,1,1,,,5,Archivo de audio MPEG,1,file://localhost/E:/iTunes/iTunes%20Media/Music/BABYMETAL/METAL%20FORTH/06%20Sunset%20Kiss.mp3,,,9188,7384B15E930D09BB,1,3846490446,2025-11-20 19:34:06,,100,,,44100,7017820,,,,,,,10,28311,6,File,2025
Kasuka na Hana- (OP Theme to Hell's Paradise- Jigokuraku Season 2)  - Single,Tatsuya Kitani feat. BABYMETAL,Alternative,Kasuka na Hana- (OP Theme to Hell's Paradise- Jigokuraku Season 2),3:07,,1-01 Kasuka na Hana- (OP Theme to He.m4a,Babymetal,D:\Códigos\Musica-Analisis\files\xml\Pre_RAW\Babymetal.xml,Tatsuya Kitani feat. BABYMETAL,100,True,1,92,2304,Se encuentra en spotify,,,2026-01-13 03:42:49,2026-01-13 16:46:31,,1,,,5,Audio Apple Lossless,1,file://localhost/E:/iTunes/iTunes%20Media/Music/Tatsuya%20Kitani%20feat.%20BABYMETAL/Kasuka%20na%20Hana-%20(OP%20Theme%20to%20Hell's%20Para/1-01%20Kasuka%20na%20Hana-%20(OP%20Theme%20to%20He.m4a,,,13144,2A93D491B6FEBF93,17,3851339326,2026-01-15 22:28:46,,100,,2026-01-12 12:00:00,48000,44557650,1,2026-01-13 18:49:00,,,,,,34391,1,File,2026
CONCRETE JUNGLE [THE OST],Bad Omens,Metal,EVEN,2:58,,06 EVEN.mp3,Bad Omens,D:\Códigos\Musica-Analisis\files\xml\Pre_RAW\Bad Omens.xml,Bad Omens,100,True,1,96,256,Se encuentra en spotify,,Noah Sebastian,2024-09-26 20:48:28,2026-01-07 21:04:52,1,1,,,5,Archivo de audio MPEG,1,file://localhost/E:/iTunes/iTunes%20Media/Music/Bad%20Omens/CONCRETE%20JUNGLE%20%5BTHE%20OST%5D/06%20EVEN.mp3,,,1274,3B2A3CF6C316BC04,6,3846062169,2025-11-15 20:36:09,,100,,,44100,5785729,,,,,,,26,5345,6,File,2024
Finding God Before God Finds Me (Deluxe),Bad Omens,Metal,Kingdom Of Cards,4:21,,01 Kingdom Of Cards.mp3,Bad Omens,D:\Códigos\Musica-Analisis\files\xml\Pre_RAW\Bad Omens.xml,Bad Omens,100,True,1,105,256,Se encuentra en spotify,,Bad Omens,2024-09-26 20:48:30,2026-01-07 20:10:38,1,1,,,5,Archivo de audio MPEG,1,file://localhost/E:/iTunes/iTunes%20Media/Music/Bad%20Omens/Finding%20God%20Before%20God%20Finds%20Me%20(Deluxe)/01%20Kingdom%20Of%20Cards.mp3,,,6342,28B7659B2E455299,11,3844361509,2025-10-27 04:11:49,,100,,,44100,8437013,,,,,,,13,5369,1,File,2020
Finding God Before God Finds Me (Deluxe),Bad Omens,Metal,Careful What You Wish For,4:32,,03 Careful What You Wish For.mp3,Bad Omens,D:\Códigos\Musica-Analisis\files\xml\Pre_RAW\Bad Omens.xml,Bad Omens,100,True,1,73,256,Se encuentra en spotify,,Joakim Karlsson & Noah Sebastian,2024-09-26 20:48:31,2026-01-07 19:42:01,1,1,,,5,Archivo de audio MPEG,1,file://localhost/E:/iTunes/iTunes%20Media/Music/Bad%20Omens/Finding%20God%20Before%20God%20Finds%20Me%20(Deluxe)/03%20Careful%20What%20You%20Wish%20For.mp3,,,11066,A2BD7F424487B3F6,5,3847270511,2025-11-29 20:15:11,,100,,,44100,8795631,,,,,,,13,5373,3,File,2020
Finding God Before God Finds Me (Deluxe),Bad Omens,Metal,Said & Done,3:24,,08 Said & Done.mp3,Bad Omens,D:\Códigos\Musica-Analisis\files\xml\Pre_RAW\Bad Omens.xml,Bad Omens,100,True,1,135,256,Se encuentra en spotify,,Bad Omens,2024-09-26 20:48:31,2026-01-07 18:55:28,1,1,,,5,Archivo de audio MPEG,1,file://localhost/E:/iTunes/iTunes%20Media/Music/Bad%20Omens/Finding%20God%20Before%20God%20Finds%20Me%20(Deluxe)/08%20Said%20&%20Done.mp3,,,11081,97154F59B70CD0EB,3,3846768060,2025-11-24 00:41:00,,100,,,44100,6621393,,,,,,,13,5383,8,File,2020
Finding God Before God Finds Me (Deluxe),Bad Omens,Metal,Burning Out,4:25,,09 Burning Out.mp3,Bad Omens,D:\Códigos\Musica-Analisis\files\xml\Pre_RAW\Bad Omens.xml,Bad Omens,100,True,1,168,256,Se encuentra en spotify,,Bad Omens,2024-09-26 20:48:32,2026-01-07 20:35:25,1,1,,,5,Archivo de audio MPEG,1,file://localhost/E:/iTunes/iTunes%20Media/Music/Bad%20Omens/Finding%20God%20Before%20God%20Finds%20Me%20(Deluxe)/09%20Burning%20Out.mp3,,,11418,239CE9E42BE57D11,4,3849075695,2025-12-20 17:41:35,,100,,,44100,8559623,,,,,,,13,5385,9,File,2020
Finding God Before God Finds Me (Deluxe),Bad Omens,Metal,Never Know,3:33,,11 Never Know.mp3,Bad Omens,D:\Códigos\Musica-Analisis\files\xml\Pre_RAW\Bad Omens.xml,Bad Omens,100,True,1,152,256,Se encuentra en spotify,,Bad Omens,2024-09-26 20:48:32,2026-01-07 20:09:30,1,1,,,5,Archivo de audio MPEG,1,file://localhost/E:/iTunes/iTunes%20Media/Music/Bad%20Omens/Finding%20God%20Before%20God%20Finds%20Me%20(Deluxe)/11%20Never%20Know.mp3,,,10136,0802CD29CA8B899E,4,3845731716,2025-11-12 00:48:36,,100,,,44100,6908949,,,,,,,13,5389,11,File,2020
Finding God Before God Finds Me (Deluxe),Bad Omens,Metal,Come Undone,4:21,,13 Come Undone.mp3,Bad Omens,D:\Códigos\Musica-Analisis\files\xml\Pre_RAW\Bad Omens.xml,Bad Omens,100,True,1,87,256,Se encuentra en spotify,,Bad Omens,2024-09-26 20:48:33,2026-01-07 20:14:28,1,1,,,5,Archivo de audio MPEG,1,file://localhost/E:/iTunes/iTunes%20Media/Music/Bad%20Omens/Finding%20God%20Before%20God%20Finds%20Me%20(Deluxe)/13%20Come%20Undone.mp3,,,6922,A676A5CBD7B9FDB7,3,3845717687,2025-11-11 20:54:47,,100,,,44100,8430321,,,,,,,13,5393,13,File,2020
THE DEATH OF PEACE OF MIND,Bad Omens,Metal,CONCRETE JUNGLE,3:40,,01 CONCRETE JUNGLE.mp3,Bad Omens,D:\Códigos\Musica-Analisis\files\xml\Pre_RAW\Bad Omens.xml,Bad Omens,100,True,1,92,256,Se encuentra en spotify,,Joakim Karlsson & Noah Sebastian,2024-09-26 20:48:34,2026-01-07 21:39:34,1,1,,,5,Archivo de audio MPEG,1,file://localhost/E:/iTunes/iTunes%20Media/Music/Bad%20Omens/THE%20DEATH%20OF%20PEACE%20OF%20MIND/01%20CONCRETE%20JUNGLE.mp3,,,5660,9D8A82096D817FA3,5,3842209236,2025-10-02 05:20:36,,100,,,44100,7160715,,,DEATH OF PEACE OF MIND,,Bad Omens,CONCRETE JUNGLE,15,5409,1,File,2022
THE DEATH OF PEACE OF MIND,Bad Omens,Metal,Nowhere To Go,4:06,,02 Nowhere To Go.mp3,Bad Omens,D:\Códigos\Musica-Analisis\files\xml\Pre_RAW\Bad Omens.xml,Bad Omens,100,True,1,87,256,Se encuentra en spotify,,Joakim Karlsson & Noah Sebastian,2024-09-26 20:48:34,2026-01-07 21:51:14,1,1,,,5,Archivo de audio MPEG,1,file://localhost/E:/iTunes/iTunes%20Media/Music/Bad%20Omens/THE%20DEATH%20OF%20PEACE%20OF%20MIND/02%20Nowhere%20To%20Go.mp3,,,9795,D30BD5B1565D73FF,7,3850566318,2026-01-06 23:45:18,,100,,,44100,8001391,,,DEATH OF PEACE OF MIND,,,,15,5411,2,File,2022
THE DEATH OF PEACE OF MIND,Bad Omens,Metal,Take Me First,3:19,,03 Take Me First.mp3,Bad Omens,D:\Códigos\Musica-Analisis\files\xml\Pre_RAW\Bad Omens.xml,Bad Omens,100,True,1,82,256,Se encuentra en spotify,,"Erik Ron, Joakim Karlsson & Noah Sebastian",2024-09-26 20:48:35,2026-01-07 20:22:53,1,1,,,5,Archivo de audio MPEG,1,file://localhost/E:/iTunes/iTunes%20Media/Music/Bad%20Omens/THE%20DEATH%20OF%20PEACE%20OF%20MIND/03%20Take%20Me%20First.mp3,,,8289,BFB9544AD795A73F,7,3850472580,2026-01-05 21:43:00,,100,,,44100,6494387,1,2025-10-03 01:11:12,DEATH OF PEACE OF MIND,,,,15,5413,3,File,2022
THE DEATH OF PEACE OF MIND,Bad Omens,Metal,THE DEATH OF PEACE OF MIND,4:01,,04 THE DEATH OF PEACE OF MIND.mp3,Bad Omens,D:\Códigos\Musica-Analisis\files\xml\Pre_RAW\Bad Omens.xml,Bad Omens,100,True,1,78,256,Se encuentra en spotify,,Noah Sebastian & Joakim Karlsson,2024-09-26 20:48:35,2026-01-07 19:13:58,1,1,,,5,Archivo de audio MPEG,1,file://localhost/E:/iTunes/iTunes%20Media/Music/Bad%20Omens/THE%20DEATH%20OF%20PEACE%20OF%20MIND/04%20THE%20DEATH%20OF%20PEACE%20OF%20MIND.mp3,,,6166,C889197D77BCE237,6,3846785115,2025-11-24 05:25:15,,100,,,44100,7832706,,,DEATH OF PEACE OF MIND,,,DEATH OF PEACE OF MIND,15,5415,4,File,2022
THE DEATH OF PEACE OF MIND,Bad Omens,Metal,What It Cost,1:43,,05 What It Cost.mp3,Bad Omens,D:\Códigos\Musica-Analisis\files\xml\Pre_RAW\Bad Omens.xml,Bad Omens,100,True,1,155,256,Se encuentra en spotify,,Joakim Karlsson & Noah Sebastian,2024-09-26 20:48:35,2026-01-07 18:43:17,1,1,,,5,Archivo de audio MPEG,1,file://localhost/E:/iTunes/iTunes%20Media/Music/Bad%20Omens/THE%20DEATH%20OF%20PEACE%20OF%20MIND/05%20What%20It%20Cost.mp3,,,3769,8F20AE574C31F557,3,3851329745,2026-01-15 19:49:05,,100,,,44100,3424154,,,DEATH OF PEACE OF MIND,,Bad Omens,What It Cost,15,5417,5,File,2022
THE DEATH OF PEACE OF MIND,Bad Omens,Metal,Like A Villain,3:30,,06 Like A Villain.mp3,Bad Omens,D:\Códigos\Musica-Analisis\files\xml\Pre_RAW\Bad Omens.xml,Bad Omens,100,True,1,78,256,Se encuentra en spotify,,Noah Sebastian & Joakim Karlsson,2024-09-26 20:48:35,2026-01-07 21:42:09,1,1,,,5,Archivo de audio MPEG,1,file://localhost/E:/iTunes/iTunes%20Media/Music/Bad%20Omens/THE%20DEATH%20OF%20PEACE%20OF%20MIND/06%20Like%20A%20Villain.mp3,,,7661,74A46E8D5B0DC932,3,3846779791,2025-11-24 03:56:31,,100,,,44100,6846310,,,DEATH OF PEACE OF MIND,,,,15,5419,6,File,2022
THE DEATH OF PEACE OF MIND,Bad Omens,Metal,bad decisions,4:21,,07 bad decisions.mp3,Bad Omens,D:\Códigos\Musica-Analisis\files\xml\Pre_RAW\Bad Omens.xml,Bad Omens,100,True,1,45,256,Se encuentra en spotify,,Joakim Karlsson & Noah Sebastian,2024-09-26 20:48:35,2026-01-07 19:19:25,1,1,,,5,Archivo de audio MPEG,1,file://localhost/E:/iTunes/iTunes%20Media/Music/Bad%20Omens/THE%20DEATH%20OF%20PEACE%20OF%20MIND/07%20bad%20decisions.mp3,,,3142,0F115B4B6B5B33A2,3,3842281883,2025-10-03 01:31:23,,100,,,44100,8469662,,,DEATH OF PEACE OF MIND,,,,15,5421,7,File,2022
THE DEATH OF PEACE OF MIND,Bad Omens,Metal,Just Pretend,3:24,,08 Just Pretend.mp3,Bad Omens,D:\Códigos\Musica-Analisis\files\xml\Pre_RAW\Bad Omens.xml,Bad Omens,100,True,1,140,256,Se encuentra en spotify,,Joakim Karlsson & Noah Sebastian,2024-09-26 20:48:35,2026-01-07 21:34:11,1,1,,,5,Archivo de audio MPEG,1,file://localhost/E:/iTunes/iTunes%20Media/Music/Bad%20Omens/THE%20DEATH%20OF%20PEACE%20OF%20MIND/08%20Just%20Pretend.mp3,,,7408,21E3C033C6C18C69,8,3846908509,2025-11-25 15:41:49,,100,,,44100,6654047,,,DEATH OF PEACE OF MIND,,,,15,5423,8,File,2022
THE DEATH OF PEACE OF MIND,Bad Omens,Metal,The Grey,4:06,,09 The Grey.mp3,Bad Omens,D:\Códigos\Musica-Analisis\files\xml\Pre_RAW\Bad Omens.xml,Bad Omens,100,True,1,95,256,Se encuentra en spotify,,Noah Sebastian & Joakim Karlsson,2024-09-26 20:48:36,2026-01-07 21:54:29,1,1,,,5,Archivo de audio MPEG,1,file://localhost/E:/iTunes/iTunes%20Media/Music/Bad%20Omens/THE%20DEATH%20OF%20PEACE%20OF%20MIND/09%20The%20Grey.mp3,,,8984,F7CEA3E389748747,3,3844690749,2025-10-30 23:39:09,,100,,,44100,7986497,,,DEATH OF PEACE OF MIND,,,Grey,15,5425,9,File,2022
THE DEATH OF PEACE OF MIND,Bad Omens,Metal,Who are you ,3:37,,10 Who are you.mp3,Bad Omens,D:\Códigos\Musica-Analisis\files\xml\Pre_RAW\Bad Omens.xml,Bad Omens,100,True,1,90,256,Se encuentra en spotify,,"Michael Taylor, Joakim Karlsson & Noah Sebastian",2024-09-26 20:48:36,2026-01-07 17:59:25,1,1,,,5,Archivo de audio MPEG,1,file://localhost/E:/iTunes/iTunes%20Media/Music/Bad%20Omens/THE%20DEATH%20OF%20PEACE%20OF%20MIND/10%20Who%20are%20you.mp3,,,3081,EF6D48EF5F6E85CC,5,3850335618,2026-01-04 07:40:18,,100,,,44100,7059468,,,DEATH OF PEACE OF MIND,,,,15,5427,10,File,2022
THE DEATH OF PEACE OF MIND,Bad Omens,Metal,Somebody else.,3:56,,11 Somebody else..mp3,Bad Omens,D:\Códigos\Musica-Analisis\files\xml\Pre_RAW\Bad Omens.xml,Bad Omens,100,True,1,90,256,Se encuentra en spotify,,Joakim Karlsson & Noah Sebastian,2024-09-26 20:48:36,2026-01-07 21:51:43,1,1,,,5,Archivo de audio MPEG,1,file://localhost/E:/iTunes/iTunes%20Media/Music/Bad%20Omens/THE%20DEATH%20OF%20PEACE%20OF%20MIND/11%20Somebody%20else..mp3,,,3807,1F2F33FF92346AF0,7,3846411538,2025-11-19 21:38:58,,100,,,44100,7679721,,,DEATH OF PEACE OF MIND,,,,15,5429,11,File,2022
THE DEATH OF PEACE OF MIND,Bad Omens,Metal,IDWT$,3:23,,12 IDWT$.mp3,Bad Omens,D:\Códigos\Musica-Analisis\files\xml\Pre_RAW\Bad Omens.xml,Bad Omens,100,True,1,110,256,Se encuentra en spotify,,Joakim Karlsson & Noah Sebastian,2024-09-26 20:48:36,2026-01-07 21:21:07,1,1,,,5,Archivo de audio MPEG,1,file://localhost/E:/iTunes/iTunes%20Media/Music/Bad%20Omens/THE%20DEATH%20OF%20PEACE%20OF%20MIND/12%20IDWT$.mp3,,,7950,76E310A727EF4154,5,3840727133,2025-09-15 01:38:53,,100,,,44100,6598870,1,2025-10-03 00:45:42,DEATH OF PEACE OF MIND,,,,15,5431,12,File,2022
THE DEATH OF PEACE OF MIND,Bad Omens,Metal,Miracle,3:45,,15 Miracle.mp3,Bad Omens,D:\Códigos\Musica-Analisis\files\xml\Pre_RAW\Bad Omens.xml,Bad Omens,100,True,1,120,256,Se encuentra en spotify,,Joakim Karlsson & Noah Sebastian,2024-09-26 20:48:37,2026-01-07 17:48:14,1,1,,,5,Archivo de audio MPEG,1,file://localhost/E:/iTunes/iTunes%20Media/Music/Bad%20Omens/THE%20DEATH%20OF%20PEACE%20OF%20MIND/15%20Miracle.mp3,,,3975,74C635345F49BFD8,7,3850483272,2026-01-06 00:41:12,,100,,,44100,7304565,,,DEATH OF PEACE OF MIND,,,,15,5437,15,File,2022
CONCRETE JUNGLE [THE OST],Bad Omens & ERRA,Metal,ANYTHING   HUMAN,3:55,,08 ANYTHING   HUMAN.mp3,Bad Omens,D:\Códigos\Musica-Analisis\files\xml\Pre_RAW\Bad Omens.xml,Bad Omens,100,True,1,173,256,Se encuentra en spotify,,"Noah Sebastian, Joakim Karlsson, Michael Taylor, Jesse Cash & Dan Braunstein",2024-09-26 20:48:37,2026-01-07 18:29:53,1,1,,,5,Archivo de audio MPEG,1,file://localhost/E:/iTunes/iTunes%20Media/Music/Bad%20Omens/CONCRETE%20JUNGLE%20%5BTHE%20OST%5D/08%20ANYTHING%20%20%20HUMAN.mp3,,,10889,10EF7BB0EA1978F9,4,3837252082,2025-08-05 20:21:22,,100,,,44100,7604707,,,,,,,26,5443,8,File,2024
CONCRETE JUNGLE [THE OST],Bad Omens & iRis.EXE,Metal,NERVOUS SYSTEM,3:20,,10 NERVOUS SYSTEM.mp3,Bad Omens,D:\Códigos\Musica-Analisis\files\xml\Pre_RAW\Bad Omens.xml,Bad Omens,100,True,1,130,256,Se encuentra en spotify,,Noah Sebastian,2024-09-26 20:48:37,2026-01-07 22:10:35,1,1,,,5,Archivo de audio MPEG,1,file://localhost/E:/iTunes/iTunes%20Media/Music/Bad%20Omens/CONCRETE%20JUNGLE%20%5BTHE%20OST%5D/10%20NERVOUS%20SYSTEM.mp3,,,5503,43F8C4144800CC67,2,3820174951,2025-01-20 05:42:31,,100,,,44100,6501297,,,,,,,26,5445,10,File,2024
CONCRETE JUNGLE [THE OST],Bad Omens & Poppy,Metal,V.A.N,4:34,,02 V.A.N.mp3,Bad Omens,D:\Códigos\Musica-Analisis\files\xml\Pre_RAW\Bad Omens.xml,Bad Omens,100,True,1,102,256,Se encuentra en spotify,,"Noah Sebastian, Joakim Karlsson & Michael Taylor",2024-09-26 20:48:37,2026-01-07 17:39:17,1,1,,,5,Archivo de audio MPEG,1,file://localhost/E:/iTunes/iTunes%20Media/Music/Bad%20Omens/CONCRETE%20JUNGLE%20%5BTHE%20OST%5D/02%20V.A.N.mp3,,,6827,3D124AFFCFC84894,5,3850563012,2026-01-06 22:50:12,,100,,,44100,8853559,,,,,,,26,5447,2,File,2024
CONCRETE JUNGLE [THE OST],"Bad Omens, HEALTH & Swarm",Metal,THE DRAIN,3:45,,03 THE DRAIN.mp3,Bad Omens,D:\Códigos\Musica-Analisis\files\xml\Pre_RAW\Bad Omens.xml,Bad Omens,100,True,1,100,256,Se encuentra en spotify,,"Noah Sebastian, Joakim Karlsson, Michael Taylor, John Famiglietti, Jake Duszik, Brandon Caroll & Ajay Battacharyya",2024-09-26 20:48:39,2026-01-07 17:26:29,1,1,,,5,Archivo de audio MPEG,1,file://localhost/E:/iTunes/iTunes%20Media/Music/Bad%20Omens/CONCRETE%20JUNGLE%20%5BTHE%20OST%5D/03%20THE%20DRAIN.mp3,,,6546,CF57883B8BA3BFB3,3,3835860126,2025-07-20 17:42:06,,100,,,44100,7304621,,,,,,DRAIN,26,5461,3,File,2024
For Keeps,Too Close To Touch & Bad Omens,Rock,Novocaine,4:55,,01 Novocaine.m4a,Bad Omens,D:\Códigos\Musica-Analisis\files\xml\Pre_RAW\Bad Omens.xml,Too Close To Touch,100,True,1,145,319,Se encuentra en spotify,,"Kenneth Downey, Mason Marble, Charles Kallaghan & Noah Sebastian",2025-01-16 03:54:24,2026-01-07 19:30:05,1,1,,,5,Archivo de audio AAC,1,file://localhost/E:/iTunes/iTunes%20Media/Music/Too%20Close%20To%20Touch/For%20Keeps/01%20Novocaine.m4a,,,9244,72E60DDEB69BE558,2,3835607122,2025-07-17 19:25:22,,100,,2024-03-05 12:00:00,48000,12093682,,,,,,,8,12107,1,File,2024
Glass Houses - Single,Bad Omens,Metal,Glass Houses,4:00,,01 Glass Houses.m4a,Bad Omens,D:\Códigos\Musica-Analisis\files\xml\Pre_RAW\Bad Omens.xml,Bad Omens,100,True,1,115,317,Se encuentra en spotify,,Bad Omens,2025-01-18 05:08:21,2026-01-07 18:17:05,1,1,,,5,Archivo de audio AAC,1,file://localhost/E:/iTunes/iTunes%20Media/Music/Bad%20Omens/Glass%20Houses%20-%20Single/01%20Glass%20Houses.m4a,,,12409,A2C5E0D49DCABB12,6,3850574018,2026-01-07 01:53:38,,100,,2016-01-29 12:00:00,48000,9683571,,,,,,,1,14783,1,File,2016
Limits - Single,Bad Omens,Metal,Limits,3:27,,01 Limits.m4a,Bad Omens,D:\Códigos\Musica-Analisis\files\xml\Pre_RAW\Bad Omens.xml,Bad Omens,100,True,1,103,321,Se encuentra en spotify,,Erik Ron & Noah Sebastian,2025-01-18 05:08:21,2026-01-07 17:01:04,1,1,,,5,Archivo de audio AAC,1,file://localhost/E:/iTunes/iTunes%20Media/Music/Bad%20Omens/Limits%20-%20Single/01%20Limits.m4a,,,9255,60CF1717F4007B71,4,3850329163,2026-01-04 05:52:43,,100,,2020-01-17 12:00:00,48000,8432786,,,,,,,2,14785,1,File,2020
Specter - Single,Bad Omens,Metal,Specter,4:34,,01 Specter.mp3,Bad Omens,D:\Códigos\Musica-Analisis\files\xml\Pre_RAW\Bad Omens.xml,Bad Omens,100,True,1,90,256,Se encuentra en spotify,,"Noah Sebastian, Joakim Karlsson & Michael Taylor",2025-08-12 22:13:07,2026-01-07 19:24:05,1,1,,,5,Archivo de audio MPEG,1,file://localhost/E:/iTunes/iTunes%20Media/Music/Bad%20Omens/Specter%20-%20Single/01%20Specter.mp3,,,6038,FCCC741A52F4A3FA,10,3851158153,2026-01-13 20:09:13,,100,,,44100,8814467,,,,,,,1,28307,1,File,2025
Impose - Single,Bad Omens,Metal,Impose,4:23,,01 Impose.mp3,Bad Omens,D:\Códigos\Musica-Analisis\files\xml\Pre_RAW\Bad Omens.xml,Bad Omens,100,True,1,81,256,Se encuentra en spotify,,"Noah Sebastian, Joakim Karlsson & Michael Taylor",2025-09-13 06:55:31,2026-01-07 20:53:13,1,1,,,5,Archivo de audio MPEG,1,file://localhost/E:/iTunes/iTunes%20Media/Music/Bad%20Omens/Impose%20-%20Single/01%20Impose.mp3,,,4828,57BAAC217748238F,2,3850414370,2026-01-05 05:32:50,,100,,,44100,8456355,,,,,,,2,28939,1,File,2025
Dying To Love - Single,Bad Omens,Metal,Dying To Love,4:17,,01 Dying To Love.m4a,Bad Omens,D:\Códigos\Musica-Analisis\files\xml\Pre_RAW\Bad Omens.xml,Bad Omens,100,True,1,145,321,Se encuentra en spotify,,"Noah Sebastian, Joakim Karlsson & Michael Taylor",2025-10-23 05:33:41,2026-01-07 20:13:55,1,1,,,5,Archivo de audio AAC,1,file://localhost/E:/iTunes/iTunes%20Media/Music/Bad%20Omens/Dying%20To%20Love%20-%20Single/01%20Dying%20To%20Love.m4a,,,7525,B9B03BF8E30A8C3D,4,3846487647,2025-11-20 18:47:27,,100,,2025-10-22 12:00:00,48000,10422393,,,,,,,3,33035,1,File,2025
Left For Good - Single,Bad Omens,Metal,Left For Good,3:53,,01 Left For Good.m4a,Bad Omens,D:\Códigos\Musica-Analisis\files\xml\Pre_RAW\Bad Omens.xml,Bad Omens,100,True,1,85,325,Se encuentra en spotify,,"Noah Sebastian, Joakim Karlsson & Michael Taylor",2025-11-20 19:41:19,2026-01-07 17:20:07,1,1,,,5,Archivo de audio AAC,1,file://localhost/E:/iTunes/iTunes%20Media/Music/Bad%20Omens/Left%20For%20Good%20-%20Single/01%20Left%20For%20Good.m4a,,,6323,4EE619BB8FECCC1A,1,3846491122,2025-11-20 19:45:22,,100,,2025-11-18 12:00:00,48000,9623923,,,,,,,4,33205,1,File,2025
Dulce Beat,Belanova,Músicas del mundo,Niño,3:31,,01 Niño.mp3,Belanova,D:\Códigos\Musica-Analisis\files\xml\Pre_RAW\Belanova.xml,Belanova,100,True,1,75,256,Se encuentra en spotify,,"Cachorro López/Denisse Guerrero/Huerta, Edgar A./Ricardo Arreola",2024-09-26 20:48:41,2026-01-07 19:15:01,1,1,,,5,Archivo de audio MPEG,1,file://localhost/E:/iTunes/iTunes%20Media/Music/Belanova/Dulce%20Beat/01%20Ni%C3%B1o.mp3,,,4784,1FF62AE5101F15F5,4,3837338302,2025-08-06 20:18:22,,100,,,44100,6848356,,,,,,,11,5491,1,File,2005
Dulce Beat,Belanova,Músicas del mundo,Rosa Pastel,3:06,,02 Rosa Pastel.mp3,Belanova,D:\Códigos\Musica-Analisis\files\xml\Pre_RAW\Belanova.xml,Belanova,100,True,1,128,256,Se encuentra en spotify,,"Cachorro López/Denisse Guerrero/Huerta, Edgar A./Ricardo Arreola",2024-09-26 20:48:41,2026-01-07 19:03:49,1,1,,,5,Archivo de audio MPEG,1,file://localhost/E:/iTunes/iTunes%20Media/Music/Belanova/Dulce%20Beat/02%20Rosa%20Pastel.mp3,,,2770,501A3BC984FB032D,3,3831996531,2025-06-06 00:28:51,,100,,,44100,6036679,,,,,,,11,5493,2,File,2005
Dulce Beat,Belanova,Músicas del mundo,Miedo,3:36,,05 Miedo.mp3,Belanova,D:\Códigos\Musica-Analisis\files\xml\Pre_RAW\Belanova.xml,Belanova,100,True,1,150,256,Se encuentra en spotify,,"Cachorro López/Denisse Guerrero/Huerta, Edgar A./Ricardo Arreola",2024-09-26 20:48:41,2026-01-07 16:52:06,1,1,,,5,Archivo de audio MPEG,1,file://localhost/E:/iTunes/iTunes%20Media/Music/Belanova/Dulce%20Beat/05%20Miedo.mp3,,,4494,E76F911569BD0411,4,3851446110,2026-01-17 04:08:30,,100,,,44100,7000487,,,,,,,11,5499,5,File,2005
Dulce Beat,Belanova,Músicas del mundo,Por Ti,3:36,,07 Por Ti.mp3,Belanova,D:\Códigos\Musica-Analisis\files\xml\Pre_RAW\Belanova.xml,Belanova,100,True,1,138,256,Se encuentra en spotify,,"Cachorro López/Denisse Guerrero/Huerta, Edgar A./Ricardo Arreola",2024-09-26 20:48:42,2026-01-07 19:59:29,1,1,,,5,Archivo de audio MPEG,1,file://localhost/E:/iTunes/iTunes%20Media/Music/Belanova/Dulce%20Beat/07%20Por%20Ti.mp3,,,4228,2035DA9345110AA1,3,3844091255,2025-10-24 00:07:35,,100,,,44100,7009683,,,,,,,11,5503,7,File,2005
Dulce Beat,Belanova,Músicas del mundo,Me Pregunto,3:07,,09 Me Pregunto.mp3,Belanova,D:\Códigos\Musica-Analisis\files\xml\Pre_RAW\Belanova.xml,Belanova,100,True,1,125,256,Se encuentra en spotify,,"Cachorro López/Denisse Guerrero/Huerta, Edgar A./Ricardo Arreola",2024-09-26 20:48:42,2026-01-07 22:02:28,1,1,,,5,Archivo de audio MPEG,1,file://localhost/E:/iTunes/iTunes%20Media/Music/Belanova/Dulce%20Beat/09%20Me%20Pregunto.mp3,,,2988,592DC192913E64DF,2,3839946731,2025-09-06 00:52:11,,100,,,44100,6089342,,,,,,,11,5507,9,File,2005
Fantasía Pop,Belanova,Pop en español,Baila Mi Corazón,3:35,,01 Baila Mi Corazón.mp3,Belanova,D:\Códigos\Musica-Analisis\files\xml\Pre_RAW\Belanova.xml,Belanova,100,True,1,132,256,Se encuentra en spotify,,"Denisse Guerrero, Edgar Huerta & Ricardo Arreola",2024-09-26 20:48:43,2026-01-07 20:11:01,1,1,,,5,Archivo de audio MPEG,1,file://localhost/E:/iTunes/iTunes%20Media/Music/Belanova/Fantas%C3%ADa%20Pop/01%20Baila%20Mi%20Coraz%C3%B3n.mp3,,,6012,D19343DF9DFAE6AC,8,3851342309,2026-01-15 23:18:29,,100,,,44100,7005970,,,,,,,11,5513,1,File,2007
Fantasía Pop,Belanova,Pop en español,"One, Two, Three, GO!",2:44,,"02 One, Two, Three, GO!.mp3",Belanova,D:\Códigos\Musica-Analisis\files\xml\Pre_RAW\Belanova.xml,Belanova,100,True,1,75,256,Se encuentra en spotify,,"Denisse Guerrero, Edgar Huerta & Ricardo Arreola",2024-09-26 20:48:43,2026-01-07 18:45:52,1,1,,,5,Archivo de audio MPEG,1,"file://localhost/E:/iTunes/iTunes%20Media/Music/Belanova/Fantas%C3%ADa%20Pop/02%20One,%20Two,%20Three,%20GO!.mp3",,,11998,F6FFCE92527D765A,5,3845980968,2025-11-14 22:02:48,,100,,,44100,5368391,,,,,,,11,5515,2,File,2007
Fantasía Pop,Belanova,Pop en español,Paso el Tiempo,3:27,,05 Paso el Tiempo.mp3,Belanova,D:\Códigos\Musica-Analisis\files\xml\Pre_RAW\Belanova.xml,Belanova,100,True,1,139,256,Se encuentra en spotify,,C. López/D. Guerrero/E. Huerta/R. Arreola,2024-09-26 20:48:43,2026-01-07 18:40:17,1,1,,,5,Archivo de audio MPEG,1,file://localhost/E:/iTunes/iTunes%20Media/Music/Belanova/Fantas%C3%ADa%20Pop/05%20Paso%20el%20Tiempo.mp3,,,8672,E256D576CB575AC3,3,3850496155,2026-01-06 04:15:55,,100,,,44100,6730932,,,,,,,11,5521,5,File,2007
Fantasía Pop,Belanova,Pop en español,Cada Que...,3:43,,07 Cada Que....mp3,Belanova,D:\Códigos\Musica-Analisis\files\xml\Pre_RAW\Belanova.xml,Belanova,100,True,1,135,256,Se encuentra en spotify,,D. Guerrero/E. Huerta/R. Arreola,2024-09-26 20:48:44,2026-01-07 20:18:21,1,1,,,5,Archivo de audio MPEG,1,file://localhost/E:/iTunes/iTunes%20Media/Music/Belanova/Fantas%C3%ADa%20Pop/07%20Cada%20Que....mp3,,,8557,943D42135D3B4F97,3,3837438439,2025-08-08 00:07:19,,100,,,44100,7260901,1,2025-06-17 05:21:57,,,,,11,5525,7,File,2007
Fantasía Pop,Belanova,Pop en español,Bye Bye,2:24,,09 Bye Bye.mp3,Belanova,D:\Códigos\Musica-Analisis\files\xml\Pre_RAW\Belanova.xml,Belanova,100,True,1,84,256,Se encuentra en spotify,,C. López/D. Guerrero/E. Huerta/R. Arreola,2024-09-26 20:48:44,2026-01-07 19:17:47,1,1,,,5,Archivo de audio MPEG,1,file://localhost/E:/iTunes/iTunes%20Media/Music/Belanova/Fantas%C3%ADa%20Pop/09%20Bye%20Bye.mp3,,,11190,D4A9730F143ED20F,3,3850577019,2026-01-07 02:43:39,,100,,,44100,4713854,,,,,,,11,5529,9,File,2007
Sueño Electro I,Belanova,Pop en español,Chica Robot,3:23,,02 Chica Robot.mp3,Belanova,D:\Códigos\Musica-Analisis\files\xml\Pre_RAW\Belanova.xml,Belanova,100,True,1,140,256,Se encuentra en spotify,,Denisse Guerrero,2024-09-26 20:48:44,2026-01-07 22:08:39,1,1,,,5,Archivo de audio MPEG,1,file://localhost/E:/iTunes/iTunes%20Media/Music/Belanova/Sue%C3%B1o%20Electro%20I/02%20Chica%20Robot.mp3,,,5512,EE7264238638FFF8,4,3850536349,2026-01-06 15:25:49,,100,,,44100,6617530,,,,,,,10,5537,2,File,2010
Sueño Electro I,Belanova,Pop en español,No Me Voy a Morir,4:03,,04 No Me Voy a Morir.mp3,Belanova,D:\Códigos\Musica-Analisis\files\xml\Pre_RAW\Belanova.xml,Belanova,100,True,1,144,256,Se encuentra en spotify,,"Denisse Guerrero, Edgar Huerta & Ricardo Arreola",2024-09-26 20:48:45,2026-01-07 17:09:06,1,1,,,5,Archivo de audio MPEG,1,file://localhost/E:/iTunes/iTunes%20Media/Music/Belanova/Sue%C3%B1o%20Electro%20I/04%20No%20Me%20Voy%20a%20Morir.mp3,,,6706,0EA19029C4C8E7CD,3,3842463064,2025-10-05 03:51:04,,100,,,44100,7878937,,,,,,,10,5541,4,File,2010
Sueño Electro I,Belanova,Pop en español,Tic - Toc,4:14,,07 Tic - Toc.mp3,Belanova,D:\Códigos\Musica-Analisis\files\xml\Pre_RAW\Belanova.xml,Belanova,100,True,1,132,256,Se encuentra en spotify,,Denisse Guerrero,2024-09-26 20:48:45,2026-01-07 19:16:19,1,1,,,5,Archivo de audio MPEG,1,file://localhost/E:/iTunes/iTunes%20Media/Music/Belanova/Sue%C3%B1o%20Electro%20I/07%20Tic%20-%20Toc.mp3,,,7796,8B5486800B4840C3,4,3850565615,2026-01-06 23:33:35,,100,,,44100,8238374,,,,,,,10,5547,7,File,2010
Sueño Electro I,Belanova,Pop en español,Necio,4:06,,09 Necio.mp3,Belanova,D:\Códigos\Musica-Analisis\files\xml\Pre_RAW\Belanova.xml,Belanova,100,True,1,133,256,Se encuentra en spotify,,"Denisse Guerrero, Edgar Huerta & Ricardo Arreola",2024-09-26 20:48:46,2026-01-07 18:40:49,1,1,,,5,Archivo de audio MPEG,1,file://localhost/E:/iTunes/iTunes%20Media/Music/Belanova/Sue%C3%B1o%20Electro%20I/09%20Necio.mp3,,,7469,6A9E281E35788A76,2,3837408607,2025-08-07 15:50:07,,100,,,44100,7977563,,,,,,,10,5551,9,File,2010
Sueño Electro II,Belanova,Pop en español,Flash Eléctrico,3:30,,02 Flash Eléctrico.mp3,Belanova,D:\Códigos\Musica-Analisis\files\xml\Pre_RAW\Belanova.xml,Belanova,100,True,1,133,256,Se encuentra en spotify,,"Denisse Guerrero, Edgar Huerta, Ricardo Arreola & Armando Avila",2024-09-26 20:48:46,2025-10-17 06:56:58,1,1,,,5,Archivo de audio MPEG,1,file://localhost/E:/iTunes/iTunes%20Media/Music/Belanova/Sue%C3%B1o%20Electro%20II/02%20Flash%20El%C3%A9ctrico.mp3,,,6323,73BEF4AD63EB3BA5,2,3830949585,2025-05-24 21:39:45,,100,,,44100,6890240,,,,,,,11,5557,2,File,2011
Viaje Al Centro Del Corazón,Belanova,Pop en español,Nada Es Igual,3:16,,01 Nada Es Igual.mp3,Belanova,D:\Códigos\Musica-Analisis\files\xml\Pre_RAW\Belanova.xml,Belanova,100,True,1,135,256,Se encuentra en spotify,,"Oskar Nyman, Joel Isaksson, Denisse Guerrero, Ricardo Arreola & Edgar Huerta",2024-09-26 20:48:48,2026-01-07 21:18:01,1,1,,,5,Archivo de audio MPEG,1,file://localhost/E:/iTunes/iTunes%20Media/Music/Belanova/Viaje%20Al%20Centro%20Del%20Coraz%C3%B3n/01%20Nada%20Es%20Igual.mp3,,,1624,895FC41054A5D350,6,3850574442,2026-01-07 02:00:42,,100,,,44100,6433440,,,,,,,10,5577,1,File,2018
Viaje Al Centro Del Corazón,Belanova,Pop en español,En Tu Mirada,3:38,,02 En Tu Mirada.mp3,Belanova,D:\Códigos\Musica-Analisis\files\xml\Pre_RAW\Belanova.xml,Belanova,100,True,1,124,256,Se encuentra en spotify,,"Denisse Guerrero, Ricardo Arreola, Edgar Huerta & Chetes",2024-09-26 20:48:48,2026-01-07 17:45:42,1,1,,,5,Archivo de audio MPEG,1,file://localhost/E:/iTunes/iTunes%20Media/Music/Belanova/Viaje%20Al%20Centro%20Del%20Coraz%C3%B3n/02%20En%20Tu%20Mirada.mp3,,,1554,C0D38B3E3E194374,6,3851871723,2026-01-22 02:22:03,,100,,,44100,7135611,,,,,,,10,5579,2,File,2018
Viaje Al Centro Del Corazón,Belanova,Pop en español,Hoy Que No Estás,3:54,,03 Hoy Que No Estás.mp3,Belanova,D:\Códigos\Musica-Analisis\files\xml\Pre_RAW\Belanova.xml,Belanova,100,True,1,126,256,Se encuentra en spotify,,"Oskar Nyman, Joel Isaksson, Denisse Guerrero, Ricardo Arreola, Edgar Huerta & Sebastian Jacome",2024-09-26 20:48:48,2026-01-07 20:00:37,1,1,,,5,Archivo de audio MPEG,1,file://localhost/E:/iTunes/iTunes%20Media/Music/Belanova/Viaje%20Al%20Centro%20Del%20Coraz%C3%B3n/03%20Hoy%20Que%20No%20Est%C3%A1s.mp3,,,1392,E65851A6981AFF1D,3,3835771366,2025-07-19 17:02:46,,100,,,44100,7653067,,,,,,,10,5581,3,File,2018
Viaje Al Centro Del Corazón,Belanova,Pop en español,Mil Poemas,3:46,,04 Mil Poemas.mp3,Belanova,D:\Códigos\Musica-Analisis\files\xml\Pre_RAW\Belanova.xml,Belanova,100,True,1,128,256,Se encuentra en spotify,,"Denisse Guerrero, Edgar Huerta, Ricardo Arreola & Chetes",2024-09-26 20:48:49,2026-01-07 20:21:38,1,1,,,5,Archivo de audio MPEG,1,file://localhost/E:/iTunes/iTunes%20Media/Music/Belanova/Viaje%20Al%20Centro%20Del%20Coraz%C3%B3n/04%20Mil%20Poemas.mp3,,,2067,5EA3AA5C1B8B06B0,5,3843637157,2025-10-18 17:59:17,,100,,,44100,7384712,,,,,,,10,5583,4,File,2018
Viaje Al Centro Del Corazón,Belanova,Pop en español,Eres Mío,3:44,,05 Eres Mío.mp3,Belanova,D:\Códigos\Musica-Analisis\files\xml\Pre_RAW\Belanova.xml,Belanova,100,True,1,108,256,Se encuentra en spotify,,"Denisse Guerrero, Ricardo Arreola & Edgar Huerta",2024-09-26 20:48:49,2026-01-07 21:02:25,1,1,,,5,Archivo de audio MPEG,1,file://localhost/E:/iTunes/iTunes%20Media/Music/Belanova/Viaje%20Al%20Centro%20Del%20Coraz%C3%B3n/05%20Eres%20M%C3%ADo.mp3,,,1005,2633364B9142867E,8,3846911500,2025-11-25 16:31:40,,100,,,44100,7331223,,,,,,,10,5585,5,File,2018
Viaje Al Centro Del Corazón,Belanova,Pop en español,Cásate Conmigo,3:28,,06 Cásate Conmigo.mp3,Belanova,D:\Códigos\Musica-Analisis\files\xml\Pre_RAW\Belanova.xml,Belanova,100,True,1,90,256,Se encuentra en spotify,,"Denisse Guerrero, Edgar Huerta, Ricardo Arreola & Claudia Brant",2024-09-26 20:48:49,2026-01-07 17:57:28,1,1,,,5,Archivo de audio MPEG,1,file://localhost/E:/iTunes/iTunes%20Media/Music/Belanova/Viaje%20Al%20Centro%20Del%20Coraz%C3%B3n/06%20C%C3%A1sate%20Conmigo.mp3,,,2200,26FDC7247DAF0BAA,6,3843139087,2025-10-12 23:38:07,,100,,,44100,6828848,,,,,,,10,5587,6,File,2016
Viaje Al Centro Del Corazón,Belanova,Pop en español,Polaroid,3:17,,07 Polaroid.mp3,Belanova,D:\Códigos\Musica-Analisis\files\xml\Pre_RAW\Belanova.xml,Belanova,100,True,1,132,256,Se encuentra en spotify,,"Oskar Nyman, Joel Isaksson, Denisse Guerrero, Ricardo Arreola & Edgar Huerta",2024-09-26 20:48:49,2026-01-07 21:37:06,1,1,,,5,Archivo de audio MPEG,1,file://localhost/E:/iTunes/iTunes%20Media/Music/Belanova/Viaje%20Al%20Centro%20Del%20Coraz%C3%B3n/07%20Polaroid.mp3,,,1717,723717EFEEB5FBC4,4,3850591021,2026-01-07 06:37:01,,100,,,44100,6448482,,,,,,,10,5589,7,File,2018
Viaje Al Centro Del Corazón,Belanova,Pop en español,Dentro de Mí,3:51,,08 Dentro de Mí.mp3,Belanova,D:\Códigos\Musica-Analisis\files\xml\Pre_RAW\Belanova.xml,Belanova,100,True,1,98,256,Se encuentra en spotify,,"Denisse Guerrero, Edgar Huerta & Ricardo Arreola",2024-09-26 20:48:49,2026-01-07 18:13:12,1,1,,,5,Archivo de audio MPEG,1,file://localhost/E:/iTunes/iTunes%20Media/Music/Belanova/Viaje%20Al%20Centro%20Del%20Coraz%C3%B3n/08%20Dentro%20de%20M%C3%AD.mp3,,,1244,B0CA9A2032DAE10B,9,3843151196,2025-10-13 02:59:56,,100,,,44100,7562780,2,2025-01-16 01:13:21,,,,,10,5591,8,File,2018
Viaje Al Centro Del Corazón,Belanova,Pop en español,Maldita Soledad,4:03,,09 Maldita Soledad.mp3,Belanova,D:\Códigos\Musica-Analisis\files\xml\Pre_RAW\Belanova.xml,Belanova,100,True,1,75,256,Se encuentra en spotify,,"Denisse Guerrero, Edgar Huerta & Ricardo Arreola",2024-09-26 20:48:49,2026-01-07 16:54:09,1,1,,,5,Archivo de audio MPEG,1,file://localhost/E:/iTunes/iTunes%20Media/Music/Belanova/Viaje%20Al%20Centro%20Del%20Coraz%C3%B3n/09%20Maldita%20Soledad.mp3,,,1824,6571E98CF71876B4,5,3829914655,2025-05-12 22:10:55,,100,,,44100,7936423,,,,,,,10,5593,9,File,2018
Viaje Al Centro Del Corazón,Belanova,Pop en español,Esta Vez,3:01,,10 Esta Vez.mp3,Belanova,D:\Códigos\Musica-Analisis\files\xml\Pre_RAW\Belanova.xml,Belanova,100,True,1,124,256,Se encuentra en spotify,,"Denisse Guerrero, Ricardo Arreola & Edgar Huerta",2024-09-26 20:48:50,2026-01-07 20:33:05,1,1,,,5,Archivo de audio MPEG,1,file://localhost/E:/iTunes/iTunes%20Media/Music/Belanova/Viaje%20Al%20Centro%20Del%20Coraz%C3%B3n/10%20Esta%20Vez.mp3,,,1636,2D693F0C943CD755,7,3851355173,2026-01-16 02:52:53,,100,,,44100,5962814,,,,,,,10,5595,10,File,2018
No Estás Aquí - Single,Mr. Pig feat. Belanova,Pop en español,No Estás Aquí,3:31,,01 No Estás Aquí.m4a,Belanova,D:\Códigos\Musica-Analisis\files\xml\Pre_RAW\Belanova.xml,Mr. Pig feat. Belanova,100,True,1,127,332,Se encuentra en spotify,,,2025-01-17 17:05:38,2026-01-07 19:36:21,1,1,,,5,Archivo de audio AAC,1,file://localhost/E:/iTunes/iTunes%20Media/Music/Mr.%20Pig%20feat.%20Belanova/No%20Est%C3%A1s%20Aqu%C3%AD%20-%20Single/01%20No%20Est%C3%A1s%20Aqu%C3%AD.m4a,,,3438,C59F7193E466B5D5,8,3844238171,2025-10-25 16:56:11,,100,,2017-01-27 12:00:00,48000,8891270,,,,,,,1,13847,1,File,2017
Cocktail,Belanova,Pop,Barco de Papel,4:42,,01 Barco de Papel.m4a,Belanova,D:\Códigos\Musica-Analisis\files\xml\Pre_RAW\Belanova.xml,Belanova,100,True,1,124,328,Se encuentra en spotify,,Alex Midi Ortega,2025-02-18 18:23:40,2026-01-07 17:31:04,1,1,,,5,Archivo de audio AAC,1,file://localhost/E:/iTunes/iTunes%20Media/Music/Belanova/Cocktail/01%20Barco%20de%20Papel.m4a,,,4150,60CEACB76C189E9B,3,3851314585,2026-01-15 15:36:25,,100,,2003-01-01 12:00:00,48000,11719843,,,,,,,10,18221,1,File,2003
Cocktail,Belanova,Pop,Suele Pasar,3:04,,09 Suele Pasar.m4a,Belanova,D:\Códigos\Musica-Analisis\files\xml\Pre_RAW\Belanova.xml,Belanova,100,True,1,125,331,Se encuentra en spotify,,Belanova,2025-02-18 18:23:44,2026-01-07 17:04:37,1,1,,,5,Archivo de audio AAC,1,file://localhost/E:/iTunes/iTunes%20Media/Music/Belanova/Cocktail/09%20Suele%20Pasar.m4a,,,2688,32F202EC862AB11E,5,3850581258,2026-01-07 03:54:18,,100,,2003-01-01 12:00:00,48000,7745770,,,,,,,10,19087,9,File,2003
Lección de Vuelo,Aleks Syntek & Belanova,Pop en español,Laberinto,4:17,,07 Laberinto.m4a,Belanova,D:\Códigos\Musica-Analisis\files\xml\Pre_RAW\Belanova.xml,Aleks Syntek,100,,1,130,324,Se encuentra en spotify,,Aleks Syntek,2025-02-23 06:30:08,2026-01-07 17:18:34,1,1,,,5,Archivo de audio AAC,1,file://localhost/E:/iTunes/iTunes%20Media/Music/Aleks%20Syntek/Lecci%C3%B3n%20de%20Vuelo/07%20Laberinto.m4a,,,3217,F8A61E801147E40D,5,3845445276,2025-11-08 17:14:36,,100,,2007-01-01 12:00:00,48000,10534981,,,,,,,16,19515,7,File,2007
Phoenix- Single,FPX & Chrissy Costanza,Pop,Phoenix,3:53,,01 Phoenix.mp3,Chrissy Costanza,D:\Códigos\Musica-Analisis\files\xml\Pre_RAW\Chrissy Costanza.xml,FPX & Chrissy Costanza,100,True,1,86,256,Se encuentra en spotify,,,2024-09-26 20:50:11,2026-01-07 18:59:08,1,1,,,5,Archivo de audio MPEG,1,file://localhost/E:/iTunes/iTunes%20Media/Music/FPX%20&%20Chrissy%20Costanza/Phoenix-%20Single/01%20Phoenix.mp3,,,7484,E97AE6C94D4FEB42,12,3851444047,2026-01-17 03:34:07,,100,,,44100,7539544,,,Phoenix- Single,,FPX & Chrissy Costanza,Phoenix,1,6493,1,File,2020
Caught It - Single,"VOILÀ, Chrissy Costanza & Against The Current",Rock,Caught It,2:57,,01 Caught It.mp3,Chrissy Costanza,D:\Códigos\Musica-Analisis\files\xml\Pre_RAW\Chrissy Costanza.xml,"VOILÀ, Chrissy Costanza & Against The Current",100,True,1,140,256,Se encuentra en spotify,,"Chrissy Costanza, Gus Ross & Luke Eisner",2024-09-26 21:03:27,2026-01-07 19:04:47,1,1,,,5,Archivo de audio MPEG,1,"file://localhost/E:/iTunes/iTunes%20Media/Music/VOIL%C3%80,%20Chrissy%20Costanza%20&%20Against%20The%20Cu/Caught%20It%20-%20Single/01%20Caught%20It.mp3",,,9798,1C8BE9B4A3408DBA,9,3850325454,2026-01-04 04:50:54,,100,,,44100,5722904,,,,,,,1,11559,1,File,2024
Perfect Crime - Single,Chrissy Costanza,Rock,Perfect Crime,2:41,,01 Perfect Crime.m4a,Chrissy Costanza,D:\Códigos\Musica-Analisis\files\xml\Pre_RAW\Chrissy Costanza.xml,Chrissy Costanza,100,True,1,160,326,Se encuentra en spotify,,"Chrissy Costanza, Gus Ross, Luke Eisner & Hosu Yoon",2025-01-16 03:54:20,2026-01-07 18:58:03,1,1,,,5,Archivo de audio AAC,1,file://localhost/E:/iTunes/iTunes%20Media/Music/Chrissy%20Costanza/Perfect%20Crime%20-%20Single/01%20Perfect%20Crime.m4a,,,7812,279E87AA62118813,3,3849626784,2025-12-27 02:46:24,,100,,2024-11-15 12:00:00,48000,6626368,,,,,,,1,12079,1,File,2024
SUICIDAL THOUGHTS (NO ONE'S HOME) - Single,"Ryan Oakes, Chrissy Costanza & Against The Current",Hip-Hop-Rap,SUICIDAL THOUGHTS (NO ONE'S HOME),2:45,,01 SUICIDAL THOUGHTS (NO ONE'S HOME).m4a,Chrissy Costanza,D:\Códigos\Musica-Analisis\files\xml\Pre_RAW\Chrissy Costanza.xml,"Ryan Oakes, Chrissy Costanza & Against The Current",100,True,1,92,332,Se encuentra en spotify,,,2025-01-16 03:54:24,2026-01-07 20:49:51,1,1,,,5,Archivo de audio AAC,1,"file://localhost/E:/iTunes/iTunes%20Media/Music/Ryan%20Oakes,%20Chrissy%20Costanza%20&%20Against%20T/SUICIDAL%20THOUGHTS%20(NO%20ONE'S%20HOME)%20-%20Sing/01%20SUICIDAL%20THOUGHTS%20(NO%20ONE'S%20HOME).m4a",,,5038,590B0BBA7711E401,4,3844170789,2025-10-24 22:13:09,,100,,2024-11-01 12:00:00,48000,6987989,,,,,,,2,12113,1,File,2024
Nosebleeds- Encore,"MisterWives, Against The Current & Chrissy Costanza",Alternativa,Out Of Your Mind,2:37,,1-02 Out Of Your Mind.m4a,Chrissy Costanza,D:\Códigos\Musica-Analisis\files\xml\Pre_RAW\Chrissy Costanza.xml,MisterWives,100,True,1,166,329,Se encuentra en spotify,,"Mandy Lee, Etienne Bowler, Sean Van Vleet & Lyndsey Gerd Gunnulfsen",2025-01-18 05:58:11,2026-01-07 17:34:53,2,1,,,5,Archivo de audio AAC,1,file://localhost/E:/iTunes/iTunes%20Media/Music/MisterWives/Nosebleeds-%20Encore/1-02%20Out%20Of%20Your%20Mind.m4a,,,8572,FA5560BB390EB702,6,3850556341,2026-01-06 20:59:01,,100,,2024-07-26 12:00:00,48000,6593672,,,,,,,17,14839,2,File,2024
Barely Breathing - Single,From Ashes to New feat. Against The Current & Chrissy Costanza,Hard rock,Barely Breathing,3:10,,01 Barely Breathing.m4a,Chrissy Costanza,D:\Códigos\Musica-Analisis\files\xml\Pre_RAW\Chrissy Costanza.xml,From Ashes to New,100,True,1,100,321,Se encuentra en spotify,,,2025-01-18 06:09:18,2026-01-07 16:56:00,1,1,,,5,Archivo de audio AAC,1,file://localhost/E:/iTunes/iTunes%20Media/Music/From%20Ashes%20to%20New/Barely%20Breathing%20-%20Single/01%20Barely%20Breathing.m4a,,,8021,B5E91EA563A0BCE4,8,3846401766,2025-11-19 18:56:06,,100,,2023-07-28 12:00:00,48000,7782514,1,2025-06-23 23:13:41,,,,,1,14841,1,File,2023
ERRØR BØY,LiL Lotus & Against The Current feat. Chrissy Costanza,Rock,Romantic Disaster,2:37,,02 Romantic Disaster.m4a,Chrissy Costanza,D:\Códigos\Musica-Analisis\files\xml\Pre_RAW\Chrissy Costanza.xml,LiL Lotus & Against The Current feat. Chrissy Costanza,100,True,1,125,325,Se encuentra en spotify,,"John Villagran, John Feldmann, Aaron Puckett & Christina Costanza",2025-01-18 06:09:19,2026-01-07 21:32:00,1,1,,,5,Archivo de audio AAC,1,file://localhost/E:/iTunes/iTunes%20Media/Music/LiL%20Lotus%20&%20Against%20The%20Current%20feat.%20Ch/ERR%C3%98R%20B%C3%98Y/02%20Romantic%20Disaster.m4a,,,4529,B88B2A6FB142240D,2,3842424076,2025-10-04 17:01:16,,100,,2021-08-20 12:00:00,48000,6515780,,,,,,,12,14845,2,File,2021
VII,Chrissy Costanza,Rock,"But, What If I Fly ",3:20,,"01 But, What If I Fly.m4a",Chrissy Costanza,D:\Códigos\Musica-Analisis\files\xml\Pre_RAW\Chrissy Costanza.xml,Chrissy Costanza,100,,1,83,321,Se encuentra en spotify,,"Chrissy Costanza, Gus Ross, Luke Eisner & Hosu Yoon",2025-02-10 01:51:11,2026-01-07 21:40:43,1,1,,,5,Archivo de audio AAC,1,"file://localhost/E:/iTunes/iTunes%20Media/Music/Chrissy%20Costanza/VII/01%20But,%20What%20If%20I%20Fly.m4a",,,4463,1FC4F9108D9C9FC0,5,3849625704,2025-12-27 02:28:24,,100,,2024-10-09 12:00:00,48000,8130718,,,,,,,7,16085,1,File,2024
VII,Chrissy Costanza & VOILÀ,Rock,7 Minutes in Hell,3:06,,02 7 Minutes in Hell.m4a,Chrissy Costanza,D:\Códigos\Musica-Analisis\files\xml\Pre_RAW\Chrissy Costanza.xml,Chrissy Costanza,100,,1,82,320,Se encuentra en spotify,,"Chrissy Costanza, Luke Eisner, Gus Ross & Hosu",2025-02-10 01:51:15,2026-01-07 17:58:01,1,1,,,5,Archivo de audio AAC,1,file://localhost/E:/iTunes/iTunes%20Media/Music/Chrissy%20Costanza/VII/02%207%20Minutes%20in%20Hell.m4a,,,7194,D1F5BBBB23AFCED1,7,3849071201,2025-12-20 16:26:41,,100,,2024-07-19 12:00:00,48000,7538845,,,,,,,7,16335,2,File,2024
VII,Chrissy Costanza,Rock,Pick Your Poison,2:52,,03 Pick Your Poison.m4a,Chrissy Costanza,D:\Códigos\Musica-Analisis\files\xml\Pre_RAW\Chrissy Costanza.xml,Chrissy Costanza,100,,1,90,323,Se encuentra en spotify,,"Chrissy Costanza, Gus Ross, Luke Eisner & Hosu Yoon",2025-02-10 01:51:16,2026-01-07 21:33:43,1,1,,,5,Archivo de audio AAC,1,file://localhost/E:/iTunes/iTunes%20Media/Music/Chrissy%20Costanza/VII/03%20Pick%20Your%20Poison.m4a,,,6955,2CDAC9A50A34D5E6,3,3849625876,2025-12-27 02:31:16,,100,,2024-10-09 12:00:00,48000,7034264,,,,,,,7,16527,3,File,2024
VII,Chrissy Costanza,Rock,You’d Be Right,2:49,,05 You_d Be Right.m4a,Chrissy Costanza,D:\Códigos\Musica-Analisis\files\xml\Pre_RAW\Chrissy Costanza.xml,Chrissy Costanza,100,,1,68,326,Se encuentra en spotify,,"Chrissy Costanza, Gus Ross, Luke Eisner & Hosu Yoon",2025-02-10 01:51:18,2026-01-07 17:39:46,1,1,,,5,Archivo de audio AAC,1,file://localhost/E:/iTunes/iTunes%20Media/Music/Chrissy%20Costanza/VII/05%20You_d%20Be%20Right.m4a,,,3955,526955CF5AABA187,3,3849626233,2025-12-27 02:37:13,,100,,2024-10-09 12:00:00,48000,6963230,,,,,,,7,16747,5,File,2024
VII,Chrissy Costanza,Rock,Some Like It Hot,2:43,,06 Some Like It Hot.m4a,Chrissy Costanza,D:\Códigos\Musica-Analisis\files\xml\Pre_RAW\Chrissy Costanza.xml,Chrissy Costanza,100,,1,140,322,Se encuentra en spotify,,"Chrissy Costanza, Gus Ross, Luke Eisner & Hosu Yoon",2025-02-10 01:51:18,2026-01-07 21:24:52,1,1,,,5,Archivo de audio AAC,1,file://localhost/E:/iTunes/iTunes%20Media/Music/Chrissy%20Costanza/VII/06%20Some%20Like%20It%20Hot.m4a,,,7154,D4430F5B3D76B5B2,2,3849626396,2025-12-27 02:39:56,,100,,2024-10-09 12:00:00,48000,6655686,,,,,,,7,16819,6,File,2024
Phoenix - Single,"League of Legends Music, Cailin Russo & Chrissy Costanza",Alternativa,Phoenix,3:17,,01 Phoenix.m4a,Chrissy Costanza,D:\Códigos\Musica-Analisis\files\xml\Pre_RAW\Chrissy Costanza.xml,"League of Legends Music, Cailin Russo & Chrissy Costanza",100,True,1,84,318,Se encuentra en spotify,,"Edouard Brenneisen, Stephen Aiello & Alex Seaver",2025-10-02 05:13:57,2026-01-07 21:09:14,1,1,,,5,Archivo de audio AAC,1,"file://localhost/E:/iTunes/iTunes%20Media/Music/League%20of%20Legends%20Music,%20Cailin%20Russo%20&/Phoenix%20-%20Single/01%20Phoenix.m4a",,,4461,0802DCF896FA40E5,3,3849625508,2025-12-27 02:25:08,,100,,2019-10-02 12:00:00,48000,7974568,,,,,,,1,29443,1,File,2019
Rope - Single,Chrissy Costanza,Rock,Rope,3:30,,01 Rope.m4a,Chrissy Costanza,D:\Códigos\Musica-Analisis\files\xml\Pre_RAW\Chrissy Costanza.xml,Chrissy Costanza,100,True,1,160,321,Se encuentra en spotify,,Josh Gilbert & Chrissy Costanza,2025-10-10 04:46:50,2026-01-07 20:11:47,1,1,,,5,Archivo de audio AAC,1,file://localhost/E:/iTunes/iTunes%20Media/Music/Chrissy%20Costanza/Rope%20-%20Single/01%20Rope.m4a,,,11231,8727F1A1240ED39D,5,3851872791,2026-01-22 02:39:51,,100,,,48000,8530035,,,,,,,1,32703,1,File,2025
X (VII Deluxe),Chrissy Costanza,Rock,Weather,3:05,,10 Weather.m4a,Chrissy Costanza,D:\Códigos\Musica-Analisis\files\xml\Pre_RAW\Chrissy Costanza.xml,Chrissy Costanza,100,True,1,137,321,Se encuentra en spotify,,Chrissy Costanza & Josh Gilbert,2025-10-31 17:32:11,2026-01-07 17:14:52,1,1,,,5,Archivo de audio AAC,1,file://localhost/E:/iTunes/iTunes%20Media/Music/Chrissy%20Costanza/X%20(VII%20Deluxe)/10%20Weather.m4a,,,10356,75948F479C53BEA6,3,3849627177,2025-12-27 02:52:57,,100,,2025-10-31 12:00:00,48000,7542484,,,,,,,11,33165,10,File,2025
Ado's Utattemita Album,Ado,J-Pop,Aishite Aishite Aishite,4:18,,03 Aishite Aishite Aishite.mp3,Concierto_ Ado WORLD TOUR 2025 Hibana,D:\Códigos\Musica-Analisis\files\xml\Pre_RAW\Concierto_ Ado WORLD TOUR 2025 Hibana.xml,Ado,100,,1,115,256,Se encuentra en spotify,,Kikuo,2024-09-26 20:47:06,2026-01-07 21:41:06,1,1,,,5,Archivo de audio MPEG,1,file://localhost/E:/iTunes/iTunes%20Media/Music/Ado/Ado's%20Utattemita%20Album/03%20Aishite%20Aishite%20Aishite.mp3,,,11299,1677AC31F75FA944,6,3842283880,2025-10-03 02:04:40,,100,,,44100,8356864,,,,,,,10,4505,3,File,2023
MIRROR - Single,Ado,J-Pop,MIRROR,2:58,,01 MIRROR.mp3,Concierto_ Ado WORLD TOUR 2025 Hibana,D:\Códigos\Musica-Analisis\files\xml\Pre_RAW\Concierto_ Ado WORLD TOUR 2025 Hibana.xml,Ado,100,,1,89,256,Se encuentra en spotify,,CHINOZO,2024-09-26 20:47:07,2026-01-07 20:36:44,1,1,,,5,Archivo de audio MPEG,1,file://localhost/E:/iTunes/iTunes%20Media/Music/Ado/MIRROR%20-%20Single/01%20MIRROR.mp3,,,4960,3972EB07B7D1409E,9,3851874200,2026-01-22 03:03:20,,100,,,44100,5816637,,,,,,,1,4521,1,File,2024
Value - Single,Ado,J-Pop,Value,3:05,,01 Value.mp3,Concierto_ Ado WORLD TOUR 2025 Hibana,D:\Códigos\Musica-Analisis\files\xml\Pre_RAW\Concierto_ Ado WORLD TOUR 2025 Hibana.xml,Ado,100,,1,80,256,Se encuentra en spotify,,ポリスピカデリー,2024-09-26 20:47:07,2025-10-17 06:58:07,1,1,,,5,Archivo de audio MPEG,1,file://localhost/E:/iTunes/iTunes%20Media/Music/Ado/Value%20-%20Single/01%20Value.mp3,,,7385,4512D3B966F86D9F,3,3830722036,2025-05-22 06:27:16,,100,,,44100,5967774,,,,,,,1,4523,1,File,2024
Episode X,Ado,J-Pop,Episode X,3:23,,01 Episode X.mp3,Concierto_ Ado WORLD TOUR 2025 Hibana,D:\Códigos\Musica-Analisis\files\xml\Pre_RAW\Concierto_ Ado WORLD TOUR 2025 Hibana.xml,Ado,100,,1,87,320,Se encuentra en spotify,,,2025-01-15 21:39:34,2026-01-07 19:57:54,1,1,,,5,Archivo de audio MPEG,1,file://localhost/E:/iTunes/iTunes%20Media/Music/Ado/Episode%20X/01%20Episode%20X.mp3,,,18617,A483D3609EFB06F5,6,3846402617,2025-11-19 19:10:17,,100,,,44100,8534720,,,,,,,1,11903,1,File,2024
ウタの歌 ONE PIECE FILM RED,Ado,J-Pop,逆光,3:57,,03 逆光.mp3,Concierto_ Ado WORLD TOUR 2025 Hibana,D:\Códigos\Musica-Analisis\files\xml\Pre_RAW\Concierto_ Ado WORLD TOUR 2025 Hibana.xml,Ado,100,,1,145,320,,,Ado,2025-01-15 22:34:11,2026-01-07 17:22:31,1,1,,,5,Archivo de audio MPEG,1,file://localhost/E:/iTunes/iTunes%20Media/Music/Ado/%E3%82%A6%E3%82%BF%E3%81%AE%E6%AD%8C%20ONE%20PIECE%20FILM%20RED/03%20%E9%80%86%E5%85%89.mp3,,,11924,433BF3737CB8D38A,4,3825847357,2025-03-26 21:22:37,,20,,,44100,11667359,,,,,,,8,11911,3,File,2022
ウタの歌 ONE PIECE FILM RED,Ado,J-Pop,ウタカタララバイ,2:53,,04 ウタカタララバイ.mp3,Concierto_ Ado WORLD TOUR 2025 Hibana,D:\Códigos\Musica-Analisis\files\xml\Pre_RAW\Concierto_ Ado WORLD TOUR 2025 Hibana.xml,Ado,100,,1,134,320,Se encuentra en spotify,,Ado,2025-01-15 22:34:11,2026-01-07 22:00:18,1,1,,,5,Archivo de audio MPEG,1,file://localhost/E:/iTunes/iTunes%20Media/Music/Ado/%E3%82%A6%E3%82%BF%E3%81%AE%E6%AD%8C%20ONE%20PIECE%20FILM%20RED/04%20%E3%82%A6%E3%82%BF%E3%82%AB%E3%82%BF%E3%83%A9%E3%83%A9%E3%83%90%E3%82%A4.mp3,,,13325,8357CC4DAE134B36,4,3837409387,2025-08-07 16:03:07,,100,,,44100,9094832,,,,,,,8,11913,4,File,2022
ルル,Ado,J-Pop,ルル,3:17,,01 ルル.mp3,Concierto_ Ado WORLD TOUR 2025 Hibana,D:\Códigos\Musica-Analisis\files\xml\Pre_RAW\Concierto_ Ado WORLD TOUR 2025 Hibana.xml,Ado,100,,1,132,320,Se encuentra en spotify,,Ado,2025-01-15 23:20:52,2026-01-07 17:41:44,1,1,,,5,Archivo de audio MPEG,1,file://localhost/E:/iTunes/iTunes%20Media/Music/Ado/%E3%83%AB%E3%83%AB/01%20%E3%83%AB%E3%83%AB.mp3,,,18321,98A7D3E8A3A1C685,5,3837410350,2025-08-07 16:19:10,,100,,,44100,8086939,,,,,,,1,11951,1,File,2024
唱,Ado,J-Pop,唱,3:09,,01 唱.mp3,Concierto_ Ado WORLD TOUR 2025 Hibana,D:\Códigos\Musica-Analisis\files\xml\Pre_RAW\Concierto_ Ado WORLD TOUR 2025 Hibana.xml,Ado,100,,1,132,320,Se encuentra en spotify,,Giga & TeddyLoid,2025-01-15 23:20:52,2026-01-07 20:51:03,1,1,,,5,Archivo de audio MPEG,1,file://localhost/E:/iTunes/iTunes%20Media/Music/Ado/%E5%94%B1/01%20%E5%94%B1.mp3,,,22203,A35CF35D9E9E35B1,3,3847088523,2025-11-27 17:42:03,,100,,,44100,7806068,,,,,,,1,11953,1,File,2023
踊,Ado,Pop,踊,3:28,,01 踊.mp3,Concierto_ Ado WORLD TOUR 2025 Hibana,D:\Códigos\Musica-Analisis\files\xml\Pre_RAW\Concierto_ Ado WORLD TOUR 2025 Hibana.xml,Ado,100,,1,128,320,Se encuentra en spotify,,TeddyLoid/Giga,2025-01-15 23:30:49,2026-01-07 17:53:23,1,1,,,5,Archivo de audio MPEG,1,file://localhost/E:/iTunes/iTunes%20Media/Music/Ado/%E8%B8%8A/01%20%E8%B8%8A.mp3,,,19595,AC221A2E464EA1FD,6,3844162748,2025-10-24 19:59:08,,100,,,44100,8505125,1,2025-02-17 23:43:31,,,,,1,11979,1,File,2021
Elf - Single,Ado,J-Pop,Elf,4:20,,01 Elf.m4a,Concierto_ Ado WORLD TOUR 2025 Hibana,D:\Códigos\Musica-Analisis\files\xml\Pre_RAW\Concierto_ Ado WORLD TOUR 2025 Hibana.xml,Ado,100,,1,80,320,Se encuentra en spotify,,みゆはん,2025-01-25 15:28:14,2026-01-07 20:10:02,1,1,,,5,Archivo de audio AAC,1,file://localhost/E:/iTunes/iTunes%20Media/Music/Ado/Elf%20-%20Single/01%20Elf.m4a,,,7891,D78BC250584D00A4,15,3849352103,2025-12-23 22:28:23,,100,,2025-01-24 12:00:00,48000,10621215,1,2026-01-13 18:53:09,,,,,1,15443,1,File,2025
Ado's Best Adobum,Ado,J-Pop,Lucky Bruto,3:29,,2-15 Lucky Bruto.m4a,Concierto_ Ado WORLD TOUR 2025 Hibana,D:\Códigos\Musica-Analisis\files\xml\Pre_RAW\Concierto_ Ado WORLD TOUR 2025 Hibana.xml,Ado,,,1,99,319,,,Hiiragi Kirai,2025-04-12 04:23:37,2026-01-07 17:45:06,2,2,,,5,Archivo de audio AAC,1,file://localhost/E:/iTunes/iTunes%20Media/Music/Ado/Ado's%20Best%20Adobum/2-15%20Lucky%20Bruto.m4a,,,9068,CD0AFFF7A934AC00,1,3846495410,2025-11-20 20:56:50,,,,2022-01-26 12:00:00,48000,8508661,,,,,,,20,24945,15,File,2022
Ado's Best Adobum,Ado,J-Pop,ROCKSTAR,3:43,,1-16 ROCKSTAR.m4a,Concierto_ Ado WORLD TOUR 2025 Hibana,D:\Códigos\Musica-Analisis\files\xml\Pre_RAW\Concierto_ Ado WORLD TOUR 2025 Hibana.xml,Ado,,,1,105,322,,,jon-YAKITORY,2025-04-12 04:23:37,2026-01-07 18:57:28,2,1,,,5,Archivo de audio AAC,1,file://localhost/E:/iTunes/iTunes%20Media/Music/Ado/Ado's%20Best%20Adobum/1-16%20ROCKSTAR.m4a,,,12656,E98AA9E696C02695,1,3830724545,2025-05-22 07:09:05,,,,2025-04-09 12:00:00,48000,9136909,,,,,,,20,24949,16,File,2025
Gira Gira - Single,Ado,J-Pop,Gira Gira,4:36,,01 Gira Gira.mp3,Concierto_ Ado WORLD TOUR 2025 Hibana,D:\Códigos\Musica-Analisis\files\xml\Pre_RAW\Concierto_ Ado WORLD TOUR 2025 Hibana.xml,Ado,,,1,96,256,,,Teniwoha,2025-05-19 19:37:30,2026-01-07 18:16:04,1,1,,,5,Archivo de audio MPEG,1,file://localhost/E:/iTunes/iTunes%20Media/Music/Ado/Gira%20Gira%20-%20Single/01%20Gira%20Gira.mp3,,,8486,4AA4AED50DC31F4F,1,3830707083,2025-05-22 02:18:03,,,,,44100,8929622,,,,,,,1,26693,1,File,2021
Readymade - Single,Ado,J-Pop,Readymade,4:04,,01 Readymade.mp3,Concierto_ Ado WORLD TOUR 2025 Hibana,D:\Códigos\Musica-Analisis\files\xml\Pre_RAW\Concierto_ Ado WORLD TOUR 2025 Hibana.xml,Ado,100,True,1,98,256,Se encuentra en spotify,,Three,2025-05-19 19:37:30,2026-01-07 17:58:28,1,1,,,5,Archivo de audio MPEG,1,file://localhost/E:/iTunes/iTunes%20Media/Music/Ado/Readymade%20-%20Single/01%20Readymade.mp3,,,12870,2254D861FEE4A652,6,3844361048,2025-10-27 04:04:08,,100,,,44100,7913989,,,,,,,2,26697,1,File,2020
Usseewa - Single,Ado,J-Pop,Usseewa,3:25,,01 Usseewa.mp3,Concierto_ Ado WORLD TOUR 2025 Hibana,D:\Códigos\Musica-Analisis\files\xml\Pre_RAW\Concierto_ Ado WORLD TOUR 2025 Hibana.xml,Ado,100,True,1,89,256,Se encuentra en spotify,,syudou,2025-05-19 19:37:31,2026-01-07 17:32:57,1,1,,,5,Archivo de audio MPEG,1,file://localhost/E:/iTunes/iTunes%20Media/Music/Ado/Usseewa%20-%20Single/01%20Usseewa.mp3,,,15693,8A49777E64A94DF6,2,3837415005,2025-08-07 17:36:45,,100,,,44100,6629992,,,,,,,1,26701,1,File,2020
New Genesis (UTA from ONE PIECE FILM RED) - Single,Ado,J-Pop,New Genesis (UTA from ONE PIECE FILM RED),3:48,,01 New Genesis (UTA from ONE PIECE F.mp3,Concierto_ Ado WORLD TOUR 2025 Hibana,D:\Códigos\Musica-Analisis\files\xml\Pre_RAW\Concierto_ Ado WORLD TOUR 2025 Hibana.xml,Ado,100,True,1,175,256,Se encuentra en spotify,,Yasutaka Nakata,2025-05-19 19:52:31,2026-01-07 20:32:56,1,1,,,5,Archivo de audio MPEG,1,file://localhost/E:/iTunes/iTunes%20Media/Music/Ado/New%20Genesis%20(UTA%20from%20ONE%20PIECE%20FILM%20RED/01%20New%20Genesis%20(UTA%20from%20ONE%20PIECE%20F.mp3,,,9817,1BCD05E10D1F3950,4,3842203282,2025-10-02 03:41:22,,100,,,44100,7413394,,,,,,,1,26727,1,File,2022
Kura Kura - Single,Ado,J-Pop,Kura Kura,3:11,,01 Kura Kura.mp3,Concierto_ Ado WORLD TOUR 2025 Hibana,D:\Códigos\Musica-Analisis\files\xml\Pre_RAW\Concierto_ Ado WORLD TOUR 2025 Hibana.xml,Ado,100,True,1,94,256,Se encuentra en spotify,,meiyo,2025-05-19 19:54:43,2026-01-07 18:21:37,1,1,,,5,Archivo de audio MPEG,1,file://localhost/E:/iTunes/iTunes%20Media/Music/Ado/Kura%20Kura%20-%20Single/01%20Kura%20Kura.mp3,,,8562,014D28E55CB2A348,4,3850495440,2026-01-06 04:04:00,,100,,,44100,6227229,,,,,,,1,26733,1,File,2023
Charles - Single,Ado,J-Pop,Charles,3:44,,01 Charles.mp3,Concierto_ Ado WORLD TOUR 2025 Hibana,D:\Códigos\Musica-Analisis\files\xml\Pre_RAW\Concierto_ Ado WORLD TOUR 2025 Hibana.xml,Ado,100,True,1,148,256,Se encuentra en spotify,,,2025-05-19 19:54:43,2026-01-07 20:02:44,1,1,,,5,Archivo de audio MPEG,1,file://localhost/E:/iTunes/iTunes%20Media/Music/Ado/Charles%20-%20Single/01%20Charles.mp3,,,15054,7D07CBDD59A8CDF1,5,3849284217,2025-12-23 03:36:57,,100,,,44100,7276878,,,,,,,1,26737,1,File,2025
Stay Gold (From 'BEYBLADE X') - Single,Jax Jones & Ado,Dance,Stay Gold (From 'Beyblade X'),3:26,,01 Stay Gold (From 'Beyblade X').mp3,Concierto_ Ado WORLD TOUR 2025 Hibana,D:\Códigos\Musica-Analisis\files\xml\Pre_RAW\Concierto_ Ado WORLD TOUR 2025 Hibana.xml,Jax Jones & Ado,100,True,1,140,256,Se encuentra en spotify,,"Timucin Lam, Frank Nobel, HighT & Emma Bertilsson",2025-06-16 18:37:00,2026-01-07 17:37:37,1,1,,,5,Archivo de audio MPEG,1,file://localhost/E:/iTunes/iTunes%20Media/Music/Jax%20Jones%20&%20Ado/Stay%20Gold%20(From%20'BEYBLADE%20X')%20-%20Single/01%20Stay%20Gold%20(From%20'Beyblade%20X').mp3,,,10821,5FE169911FB401BB,9,3851408425,2026-01-16 17:40:25,,100,,,44100,6683260,,,,,,,1,27001,1,File,2025
Tetris (Motion Picture Soundtrack),aespa,Soundtrack,Hold On Tight,2:29,,05 Hold On Tight.m4a,Concierto_ Aespa SYNK Parallel Line - CDMX 2025,D:\Códigos\Musica-Analisis\files\xml\Pre_RAW\Concierto_ Aespa SYNK Parallel Line - CDMX 2025.xml,aespa,100,True,1,120,325,Se encuentra en spotify,,"Aaron Hibell, Boy Matthews, Dave Labrel, Georgia Ku, MarV Music, Niles Edwin Roberts & Philip Von Boch Scully",2025-01-17 19:04:24,2025-11-29 04:01:30,1,1,,,5,Archivo de audio AAC,1,file://localhost/E:/iTunes/iTunes%20Media/Music/aespa/Tetris%20(Motion%20Picture%20Soundtrack)/05%20Hold%20On%20Tight.m4a,,,4480,AFD93940FDC3E33B,5,3851869129,2026-01-22 01:38:49,,100,,2023-03-31 12:00:00,48000,7304238,,,,,,,15,14285,5,File,2023
Drama - The 4th Mini Album,aespa,K-pop,Drama,3:35,,01 Drama.m4a,Concierto_ Aespa SYNK Parallel Line - CDMX 2025,D:\Códigos\Musica-Analisis\files\xml\Pre_RAW\Concierto_ Aespa SYNK Parallel Line - CDMX 2025.xml,aespa,100,True,1,66,326,Se encuentra en spotify,,"Charlotte Wilson, EJAE, No Identity & Waker",2025-02-07 04:32:26,2026-01-07 17:10:35,1,1,,,5,Archivo de audio AAC,1,file://localhost/E:/iTunes/iTunes%20Media/Music/aespa/Drama%20-%20The%204th%20Mini%20Album/01%20Drama.m4a,,,11863,E0C73B9D2D9175B8,5,3845207264,2025-11-05 23:07:44,,100,,2023-11-10 12:00:00,48000,8880695,,,,,,,7,15505,1,File,2023
Armageddon - The 1st Album,aespa,K-pop,Supernova,2:58,,01 Supernova.m4a,Concierto_ Aespa SYNK Parallel Line - CDMX 2025,D:\Códigos\Musica-Analisis\files\xml\Pre_RAW\Concierto_ Aespa SYNK Parallel Line - CDMX 2025.xml,aespa,100,True,1,120,328,Se encuentra en spotify,,"Kenzie, Paris Alexa & Dwayne ""Dem Jointz"" Abernathy Jr.",2025-02-07 04:32:26,2026-01-07 18:21:57,1,1,,,5,Archivo de audio AAC,1,file://localhost/E:/iTunes/iTunes%20Media/Music/aespa/Armageddon%20-%20The%201st%20Album/01%20Supernova.m4a,,,6765,4CBB12B0054D2568,4,3827229385,2025-04-11 20:16:25,,100,,2024-05-13 12:00:00,48000,7463527,,,,,,,10,15509,1,File,2024
SYNK - PARALLEL LINE - Special Digital Single - EP,aespa,K-pop,UP (KARINA Solo),2:46,,01 UP (KARINA Solo).m4a,Concierto_ Aespa SYNK Parallel Line - CDMX 2025,D:\Códigos\Musica-Analisis\files\xml\Pre_RAW\Concierto_ Aespa SYNK Parallel Line - CDMX 2025.xml,aespa,100,True,1,99,335,,,"Slow Rabbit, Morgan Connie Smith, Taneisha Jackson, Sofia Quinn, PXPILLON, Emma-Lee Andersson, BB Elliot, Stella Jones",2025-02-07 04:32:26,2026-01-07 20:56:01,1,1,,,5,Archivo de audio AAC,1,file://localhost/E:/iTunes/iTunes%20Media/Music/aespa/SYNK%20-%20PARALLEL%20LINE%20-%20Special%20Digital%20S/01%20UP%20(KARINA%20Solo).m4a,,,4309,572ED13A500BA1C6,2,3821800213,2025-02-08 01:10:13,,,,2024-10-09 12:00:00,48000,7083879,,,,,,,4,15511,1,File,2024
Whiplash - The 5th Mini Album - EP,aespa,K-pop,Whiplash,3:03,,01 Whiplash.m4a,Concierto_ Aespa SYNK Parallel Line - CDMX 2025,D:\Códigos\Musica-Analisis\files\xml\Pre_RAW\Concierto_ Aespa SYNK Parallel Line - CDMX 2025.xml,aespa,100,True,1,126,333,Se encuentra en spotify,,"Marcus ""MarcLo"" Lomax, Neil Ormandy, Rosina ""Soaky Siren"" Russell, Lewis Jankel & Leslie",2025-02-07 04:32:26,2026-01-07 17:49:07,1,1,,,5,Archivo de audio AAC,1,file://localhost/E:/iTunes/iTunes%20Media/Music/aespa/Whiplash%20-%20The%205th%20Mini%20Album%20-%20EP/01%20Whiplash.m4a,,,6499,21F4D5901C6DA7F8,4,3839677960,2025-09-02 22:12:40,,100,,2024-10-21 12:00:00,48000,7745936,,,,,,,6,15513,1,File,2024
Armageddon - The 1st Album,aespa,K-pop,Armageddon,3:16,,02 Armageddon.m4a,Concierto_ Aespa SYNK Parallel Line - CDMX 2025,D:\Códigos\Musica-Analisis\files\xml\Pre_RAW\Concierto_ Aespa SYNK Parallel Line - CDMX 2025.xml,aespa,100,True,1,92,325,,,"No Identity, Bang Hye Hyun, EJAE, SUMIN & Waker",2025-02-07 04:32:26,2026-01-07 17:06:07,1,1,,,5,Archivo de audio AAC,1,file://localhost/E:/iTunes/iTunes%20Media/Music/aespa/Armageddon%20-%20The%201st%20Album/02%20Armageddon.m4a,,,10309,C4215CB69FE09A24,3,3843153337,2025-10-13 03:35:37,,,,2024-05-27 12:00:00,48000,8161884,,,,,,,10,15515,2,File,2024
SYNK - PARALLEL LINE - Special Digital Single - EP,aespa,K-pop,Dopamine (GISELLE Solo),3:14,,02 Dopamine (GISELLE Solo).m4a,Concierto_ Aespa SYNK Parallel Line - CDMX 2025,D:\Códigos\Musica-Analisis\files\xml\Pre_RAW\Concierto_ Aespa SYNK Parallel Line - CDMX 2025.xml,aespa,100,True,1,71,323,,,Shintaro Yasuda & GISELLE & Pau Cerrilla & Paige Garabito,2025-02-07 04:32:26,2026-01-07 20:37:40,1,1,,,5,Archivo de audio AAC,1,file://localhost/E:/iTunes/iTunes%20Media/Music/aespa/SYNK%20-%20PARALLEL%20LINE%20-%20Special%20Digital%20S/02%20Dopamine%20(GISELLE%20Solo).m4a,,,3187,3BB069755C49BD42,2,3821800047,2025-02-08 01:07:27,,,,2024-10-09 12:00:00,48000,7987098,,,,,,,4,15517,2,File,2024
SYNK - PARALLEL LINE - Special Digital Single - EP,aespa,K-pop,Bored! (NINGNING Solo),2:51,,03 Bored! (NINGNING Solo).m4a,Concierto_ Aespa SYNK Parallel Line - CDMX 2025,D:\Códigos\Musica-Analisis\files\xml\Pre_RAW\Concierto_ Aespa SYNK Parallel Line - CDMX 2025.xml,aespa,100,True,1,78,327,,,Hilda Stenmalm/Bård Bonsaksen/Dom Rivinius/TMM,2025-02-07 04:32:26,2026-01-07 22:10:17,1,1,,,5,Archivo de audio AAC,1,file://localhost/E:/iTunes/iTunes%20Media/Music/aespa/SYNK%20-%20PARALLEL%20LINE%20-%20Special%20Digital%20S/03%20Bored!%20(NINGNING%20Solo).m4a,,,6321,8B25DB6F7CEFAE55,3,3829944396,2025-05-13 06:26:36,,,,2024-10-09 12:00:00,48000,7119387,,,,,,,4,15525,3,File,2024
Whiplash - The 5th Mini Album - EP,aespa,K-pop,"Flights, Not Feelings",3:01,,"03 Flights, Not Feelings.m4a",Concierto_ Aespa SYNK Parallel Line - CDMX 2025,D:\Códigos\Musica-Analisis\files\xml\Pre_RAW\Concierto_ Aespa SYNK Parallel Line - CDMX 2025.xml,aespa,100,True,1,92,323,,,"HONEY NOISE, Brown Panda, Frankie Day, Chanti & LEE HYEYUM",2025-02-07 04:32:26,2026-01-07 19:31:56,1,1,,,5,Archivo de audio AAC,1,"file://localhost/E:/iTunes/iTunes%20Media/Music/aespa/Whiplash%20-%20The%205th%20Mini%20Album%20-%20EP/03%20Flights,%20Not%20Feelings.m4a",,,5583,B978D082F330513D,2,3821799650,2025-02-08 01:00:50,,,,2024-10-21 12:00:00,48000,7438610,,,,,,,6,15529,3,File,2024
Armageddon - The 1st Album,aespa,K-pop,Set The Tone,3:22,,03 Set The Tone.m4a,Concierto_ Aespa SYNK Parallel Line - CDMX 2025,D:\Códigos\Musica-Analisis\files\xml\Pre_RAW\Concierto_ Aespa SYNK Parallel Line - CDMX 2025.xml,aespa,100,True,1,99,329,,,"Cho Yun Kyoung, Ludwig Lindell, Daniel Caesar & Ylva Dimberg",2025-02-07 04:32:27,2026-01-07 20:34:11,1,1,,,5,Archivo de audio AAC,1,file://localhost/E:/iTunes/iTunes%20Media/Music/aespa/Armageddon%20-%20The%201st%20Album/03%20Set%20The%20Tone.m4a,,,6075,51A3F125E6626081,2,3821801990,2025-02-08 01:39:50,,,,2024-05-27 12:00:00,48000,8504105,,,,,,,10,15533,3,File,2024
Armageddon - The 1st Album,aespa,K-pop,Mine,3:13,,04 Mine.m4a,Concierto_ Aespa SYNK Parallel Line - CDMX 2025,D:\Códigos\Musica-Analisis\files\xml\Pre_RAW\Concierto_ Aespa SYNK Parallel Line - CDMX 2025.xml,aespa,100,True,1,73,326,,,"Mike Daley, Mitchell Owens, Lee Eunhwa, Nicole “Kole” Cohen & Adrian Mckinnon",2025-02-07 04:32:27,2026-01-07 18:28:05,1,1,,,5,Archivo de audio AAC,1,file://localhost/E:/iTunes/iTunes%20Media/Music/aespa/Armageddon%20-%20The%201st%20Album/04%20Mine.m4a,,,4404,713C9E0E5FE571D3,3,3843142069,2025-10-13 00:27:49,,,,2024-05-27 12:00:00,48000,8055345,,,,,,,10,15539,4,File,2024
Whiplash - The 5th Mini Album - EP,aespa,K-pop,Pink Hoodie,2:26,,04 Pink Hoodie.m4a,Concierto_ Aespa SYNK Parallel Line - CDMX 2025,D:\Códigos\Musica-Analisis\files\xml\Pre_RAW\Concierto_ Aespa SYNK Parallel Line - CDMX 2025.xml,aespa,100,True,1,100,331,,,Didrik Thott,2025-02-07 04:32:27,2026-01-07 21:48:32,1,1,,,5,Archivo de audio AAC,1,file://localhost/E:/iTunes/iTunes%20Media/Music/aespa/Whiplash%20-%20The%205th%20Mini%20Album%20-%20EP/04%20Pink%20Hoodie.m4a,,,5317,66E355FE2865640D,2,3821800928,2025-02-08 01:22:08,,,,2024-10-21 12:00:00,48000,6139757,,,,,,,6,15541,4,File,2024
SYNK - PARALLEL LINE - Special Digital Single - EP,aespa,K-pop,Spark (WINTER Solo),3:21,,04 Spark (WINTER Solo).m4a,Concierto_ Aespa SYNK Parallel Line - CDMX 2025,D:\Códigos\Musica-Analisis\files\xml\Pre_RAW\Concierto_ Aespa SYNK Parallel Line - CDMX 2025.xml,aespa,100,True,1,126,322,Se encuentra en spotify,,WINTER/R.Tee/VACK/NOYEAH,2025-02-07 04:32:27,2026-01-07 20:21:21,1,1,,,5,Archivo de audio AAC,1,file://localhost/E:/iTunes/iTunes%20Media/Music/aespa/SYNK%20-%20PARALLEL%20LINE%20-%20Special%20Digital%20S/04%20Spark%20(WINTER%20Solo).m4a,,,7115,F6640B6838113C95,6,3851864344,2026-01-22 00:19:04,,100,,2024-10-09 12:00:00,48000,8246327,,,,,,,4,15543,4,File,2024
Whiplash - The 5th Mini Album - EP,aespa,K-pop,Just Another Girl,3:04,,06 Just Another Girl.m4a,Concierto_ Aespa SYNK Parallel Line - CDMX 2025,D:\Códigos\Musica-Analisis\files\xml\Pre_RAW\Concierto_ Aespa SYNK Parallel Line - CDMX 2025.xml,aespa,100,True,1,89,325,,,"Fabian Torsson, Moa “Cazzi Opeia” Carlebecker, Ellen Berg, Nermin Harambasic & 이스란 (Seu Ran Lee)",2025-02-07 04:32:27,2026-01-07 21:32:44,1,1,,,5,Archivo de audio AAC,1,file://localhost/E:/iTunes/iTunes%20Media/Music/aespa/Whiplash%20-%20The%205th%20Mini%20Album%20-%20EP/06%20Just%20Another%20Girl.m4a,,,6093,263B23C292516EF5,2,3821802707,2025-02-08 01:51:47,,,,2024-10-21 12:00:00,48000,7587607,,,,,,,6,15555,6,File,2024
Girls - The 2nd Mini Album (Apple Music Edition),aespa,K-Pop,Life's Too Short (English Version),2:58,,06 Life's Too Short (English Version.m4a,Concierto_ Aespa SYNK Parallel Line - CDMX 2025,D:\Códigos\Musica-Analisis\files\xml\Pre_RAW\Concierto_ Aespa SYNK Parallel Line - CDMX 2025.xml,aespa,100,True,1,85,325,,,"Becky Hill, Sam Klempner & Uzoechi Emenike",2025-02-07 04:32:27,2026-01-07 22:19:45,1,1,,,5,Archivo de audio AAC,1,file://localhost/E:/iTunes/iTunes%20Media/Music/aespa/Girls%20-%20The%202nd%20Mini%20Album%20(Apple%20Music/06%20Life's%20Too%20Short%20(English%20Version.m4a,,,7882,17A0D2B24DB4132D,2,3821802885,2025-02-08 01:54:45,,,,2022-06-13 12:00:00,48000,7356724,,,,,,,9,15557,6,File,2022
Drama - The 4th Mini Album,aespa,K-Pop,Better Things,3:23,,07 Better Things.m4a,Concierto_ Aespa SYNK Parallel Line - CDMX 2025,D:\Códigos\Musica-Analisis\files\xml\Pre_RAW\Concierto_ Aespa SYNK Parallel Line - CDMX 2025.xml,aespa,100,True,1,115,335,,,Leroy Clampitt & Rachel Keen,2025-02-07 04:32:27,2026-01-07 18:43:20,1,1,,,5,Archivo de audio AAC,1,file://localhost/E:/iTunes/iTunes%20Media/Music/aespa/Drama%20-%20The%204th%20Mini%20Album/07%20Better%20Things.m4a,,,3664,7A98E92DA1275585,2,3821799853,2025-02-08 01:04:13,,,,2023-08-18 12:00:00,48000,8608982,,,,,,,7,15561,7,File,2023
Girls - The 2nd Mini Album (Apple Music Edition),aespa,K-Pop,Black Mamba,2:54,,07 Black Mamba.m4a,Concierto_ Aespa SYNK Parallel Line - CDMX 2025,D:\Códigos\Musica-Analisis\files\xml\Pre_RAW\Concierto_ Aespa SYNK Parallel Line - CDMX 2025.xml,aespa,100,True,1,90,329,Se encuentra en spotify,,"YOO YOUNG JIN, Omega, Ella Isaacson, Gabriela Geneva, Jordan Reyes, Shaun Lopez & Scott Chesak",2025-02-07 04:32:27,2026-01-07 20:42:23,1,1,,,5,Archivo de audio AAC,1,file://localhost/E:/iTunes/iTunes%20Media/Music/aespa/Girls%20-%20The%202nd%20Mini%20Album%20(Apple%20Music/07%20Black%20Mamba.m4a,,,9955,E8F5A4CAEC4233C2,4,3848997396,2025-12-19 19:56:36,,100,,2020-11-17 12:00:00,48000,7289032,1,2025-02-07 17:42:35,,,,,9,15563,7,File,2020
Armageddon - The 1st Album,aespa,K-pop,Live My Life,2:39,,09 Live My Life.m4a,Concierto_ Aespa SYNK Parallel Line - CDMX 2025,D:\Códigos\Musica-Analisis\files\xml\Pre_RAW\Concierto_ Aespa SYNK Parallel Line - CDMX 2025.xml,aespa,100,True,1,137,323,,,"Edvard Erfjord, Leslie, Sophia Brenan & Nick Hahn",2025-02-07 04:32:27,2026-01-07 19:45:32,1,1,,,5,Archivo de audio AAC,1,file://localhost/E:/iTunes/iTunes%20Media/Music/aespa/Armageddon%20-%20The%201st%20Album/09%20Live%20My%20Life.m4a,,,7992,7D8AEA43429D442C,2,3821801236,2025-02-08 01:27:16,,,,2024-05-27 12:00:00,48000,6591522,,,,,,,10,15573,9,File,2024
Next Level - Single,aespa,K-pop,Next Level,3:41,,01 Next Level.m4a,Concierto_ Aespa SYNK Parallel Line - CDMX 2025,D:\Códigos\Musica-Analisis\files\xml\Pre_RAW\Concierto_ Aespa SYNK Parallel Line - CDMX 2025.xml,aespa,,,1,109,334,,,"Mario Marchetti, Adam McInnis, YOO YOUNG JIN & Sophie Curtis",2025-02-07 04:45:37,2026-01-07 17:10:35,1,1,,,5,Archivo de audio AAC,1,file://localhost/E:/iTunes/iTunes%20Media/Music/aespa/Next%20Level%20-%20Single/01%20Next%20Level.m4a,,,9286,98CDE73488EA9FB7,2,3821802211,2025-02-08 01:43:31,,,,2021-05-17 12:00:00,48000,9447676,,,,,,,1,15575,1,File,2021
MY WORLD - The 3rd Mini Album - EP,aespa,K-pop,Spicy,3:17,,02 Spicy.m4a,Concierto_ Aespa SYNK Parallel Line - CDMX 2025,D:\Códigos\Musica-Analisis\files\xml\Pre_RAW\Concierto_ Aespa SYNK Parallel Line - CDMX 2025.xml,aespa,100,True,1,115,331,,,Emily Yeonseo Kim,2025-02-07 04:45:37,2026-01-07 19:17:49,1,1,,,5,Archivo de audio AAC,1,file://localhost/E:/iTunes/iTunes%20Media/Music/aespa/MY%20WORLD%20-%20The%203rd%20Mini%20Album%20-%20EP/02%20Spicy.m4a,,,11955,152A7B099C9D309F,2,3821800782,2025-02-08 01:19:42,,,,2023-05-08 12:00:00,48000,8284382,,,,,,,6,15581,2,File,2023
MY WORLD - The 3rd Mini Album - EP,aespa,K-pop,Salty & Sweet,3:21,,03 Salty & Sweet.m4a,Concierto_ Aespa SYNK Parallel Line - CDMX 2025,D:\Códigos\Musica-Analisis\files\xml\Pre_RAW\Concierto_ Aespa SYNK Parallel Line - CDMX 2025.xml,aespa,100,True,1,103,325,Se encuentra en spotify,,"Anne Judith Wik, JINBYJIN & Moa “Cazzi Opeia” Carlebecker",2025-02-07 04:45:37,2026-01-07 17:07:37,1,1,,,5,Archivo de audio AAC,1,file://localhost/E:/iTunes/iTunes%20Media/Music/aespa/MY%20WORLD%20-%20The%203rd%20Mini%20Album%20-%20EP/03%20Salty%20&%20Sweet.m4a,,,4651,7E8DC1545B150C44,7,3841224886,2025-09-20 19:54:46,,100,,2023-05-02 12:00:00,48000,8340886,,,,,,,6,15583,3,File,2023
Die Trying - Single,aespa & TOKiMONSTA,K-Pop,Die Trying,2:55,,01 Die Trying.m4a,Concierto_ Aespa SYNK Parallel Line - CDMX 2025,D:\Códigos\Musica-Analisis\files\xml\Pre_RAW\Concierto_ Aespa SYNK Parallel Line - CDMX 2025.xml,aespa,,,1,145,323,,,"TOKiMONSTA, Marlowe & Zach Sorgen",2025-02-07 04:50:03,2026-01-07 17:11:44,1,1,,,5,Archivo de audio AAC,1,file://localhost/E:/iTunes/iTunes%20Media/Music/aespa/Die%20Trying%20-%20Single/01%20Die%20Trying.m4a,,,2935,E6C42CB92B742F0B,2,3821799468,2025-02-08 00:57:48,,,,2024-04-05 12:00:00,48000,7170250,,,,,,,1,15591,1,File,2024
"Pokémon 2023 (Original TV Series Soundtrack, Korea) - EP",aespa,K-Pop,We Go,3:08,,01 We Go.m4a,Concierto_ Aespa SYNK Parallel Line - CDMX 2025,D:\Códigos\Musica-Analisis\files\xml\Pre_RAW\Concierto_ Aespa SYNK Parallel Line - CDMX 2025.xml,,,,1,157,325,,True,,2025-02-07 04:57:12,2026-01-07 21:40:32,1,1,,,5,Archivo de audio AAC,1,file://localhost/E:/iTunes/iTunes%20Media/Music/Compilations/Pok%C3%A9mon%202023%20(Original%20TV%20Series%20Soundtr/01%20We%20Go.m4a,,,13597,1DCB86B0B9276581,2,3821801425,2025-02-08 01:30:25,,,,2023-08-23 12:00:00,48000,7791005,,,,,,,4,15593,1,File,2023
Done - Single,nævis,K-pop,Done,2:59,,01 Done.m4a,Concierto_ Aespa SYNK Parallel Line - CDMX 2025,D:\Códigos\Musica-Analisis\files\xml\Pre_RAW\Concierto_ Aespa SYNK Parallel Line - CDMX 2025.xml,nævis,,,1,160,321,,,"Alma Goodman, Jens Duvsjö & Klara Elias",2025-02-07 04:59:28,2026-01-07 20:15:11,1,1,,,5,Archivo de audio AAC,1,file://localhost/E:/iTunes/iTunes%20Media/Music/n%C3%A6vis/Done%20-%20Single/01%20Done.m4a,,,4759,B38EB50E96987009,2,3821801604,2025-02-08 01:33:24,,,,2024-09-10 12:00:00,48000,7680387,,,,,,,1,15601,1,File,2024
Savage - The 1st Mini Album - EP,aespa,K-pop,aenergy,2:27,,01 aenergy.m4a,Concierto_ Aespa SYNK Parallel Line - CDMX 2025,D:\Códigos\Musica-Analisis\files\xml\Pre_RAW\Concierto_ Aespa SYNK Parallel Line - CDMX 2025.xml,aespa,100,True,1,106,330,Se encuentra en spotify,,"Kill Dave, Pat Morrissey, Jess Corazza & YOO YOUNG JIN",2025-02-07 05:09:38,2026-01-07 16:59:31,1,1,,,5,Archivo de audio AAC,1,file://localhost/E:/iTunes/iTunes%20Media/Music/aespa/Savage%20-%20The%201st%20Mini%20Album%20-%20EP/01%20aenergy.m4a,,,15884,A81CB74F40AAB59D,7,3850470075,2026-01-05 21:01:15,,100,,2021-10-05 12:00:00,48000,6238645,1,2025-02-07 19:01:13,,,,,6,15603,1,File,2021
'good guy' - Single,Against The Current,Alternativa,'good guy',3:28,,01 'good guy'.mp3,Concierto_ Against The Current Nightmares & Daydreams - CDMX 2023,D:\Códigos\Musica-Analisis\files\xml\Pre_RAW\Concierto_ Against The Current Nightmares & Daydreams - CDMX 2023.xml,Against The Current,100,True,1,156,256,Se encuentra en spotify,,"Cassandra Ströberg, Chrissy Costanza, Dan Gow & Will Ferri",2024-09-26 20:47:08,2026-01-07 19:30:52,1,1,,,5,Archivo de audio MPEG,1,file://localhost/E:/iTunes/iTunes%20Media/Music/Against%20The%20Current/'good%20guy'%20-%20Single/01%20'good%20guy'.mp3,,,11210,9093C84040942D2C,9,3850556966,2026-01-06 21:09:26,,100,,,44100,7036804,,,,,,,1,4527,1,File,2023
blindfolded - Single,Against The Current,Rock,blindfolded,3:19,,01 blindfolded.mp3,Concierto_ Against The Current Nightmares & Daydreams - CDMX 2023,D:\Códigos\Musica-Analisis\files\xml\Pre_RAW\Concierto_ Against The Current Nightmares & Daydreams - CDMX 2023.xml,Against The Current,100,True,1,142,256,Se encuentra en spotify,,"Chrissy Costanza, Kristoffer Eriksson, Cassandra Ströberg, Dan Gow, Will Ferri & Salvatore Sam Guiana",2024-09-26 20:47:08,2026-01-07 19:10:09,1,1,,,5,Archivo de audio MPEG,1,file://localhost/E:/iTunes/iTunes%20Media/Music/Against%20The%20Current/blindfolded%20-%20Single/01%20blindfolded.mp3,,,14326,F24CFC7F5C967491,3,3843135042,2025-10-12 22:30:42,,100,,,44100,6484077,,,,,,,1,4533,1,File,2022
fever,Against The Current,Alternativa,that won't save us,3:21,,01 that won't save us.mp3,Concierto_ Against The Current Nightmares & Daydreams - CDMX 2023,D:\Códigos\Musica-Analisis\files\xml\Pre_RAW\Concierto_ Against The Current Nightmares & Daydreams - CDMX 2023.xml,Against The Current,100,True,1,78,256,Se encuentra en spotify,,"Chrissy Costanza, Will Ferri, Dan Gow & Matt Squire",2024-09-26 20:47:08,2026-01-07 22:16:34,1,1,,,5,Archivo de audio MPEG,1,file://localhost/E:/iTunes/iTunes%20Media/Music/Against%20The%20Current/fever/01%20that%20won't%20save%20us.mp3,,,7592,967CDCD199FF2446,3,3845702407,2025-11-11 16:40:07,,100,,,44100,6556003,,,,,,,7,4535,1,File,2020
fever,Against The Current,Alternativa,weapon,3:17,,02 weapon.mp3,Concierto_ Against The Current Nightmares & Daydreams - CDMX 2023,D:\Códigos\Musica-Analisis\files\xml\Pre_RAW\Concierto_ Against The Current Nightmares & Daydreams - CDMX 2023.xml,Against The Current,100,True,1,90,256,,,"Chrissy Costanza, Dan Gow, Matt Squire & Will Ferri",2024-09-26 20:47:08,2026-01-07 20:46:34,1,1,,,5,Archivo de audio MPEG,1,file://localhost/E:/iTunes/iTunes%20Media/Music/Against%20The%20Current/fever/02%20weapon.mp3,,,8528,5FF4CC6536961D37,1,3846495437,2025-11-20 20:57:17,,,,,44100,6437291,,,,,,,7,4537,2,File,2021
fever,Against The Current,Alternativa,jump,2:40,,04 jump.mp3,Concierto_ Against The Current Nightmares & Daydreams - CDMX 2023,D:\Códigos\Musica-Analisis\files\xml\Pre_RAW\Concierto_ Against The Current Nightmares & Daydreams - CDMX 2023.xml,Against The Current,100,True,1,85,256,Se encuentra en spotify,,Christina Costanza,2024-09-26 20:47:09,2026-01-07 20:12:23,1,1,,,5,Archivo de audio MPEG,1,file://localhost/E:/iTunes/iTunes%20Media/Music/Against%20The%20Current/fever/04%20jump.mp3,,,7236,5E2B17CE2B821D44,4,3842204560,2025-10-02 04:02:40,,100,,,44100,5256136,,,,,,,7,4539,4,File,2021
fever,Against The Current,Alternativa,lullaby,3:38,,07 lullaby.mp3,Concierto_ Against The Current Nightmares & Daydreams - CDMX 2023,D:\Códigos\Musica-Analisis\files\xml\Pre_RAW\Concierto_ Against The Current Nightmares & Daydreams - CDMX 2023.xml,Against The Current,100,True,1,108,256,Se encuentra en spotify,,"Christina Costanza, Jordan Fish & Oli Sykes",2024-09-26 20:47:09,2026-01-07 20:22:23,1,1,,,5,Archivo de audio MPEG,1,file://localhost/E:/iTunes/iTunes%20Media/Music/Against%20The%20Current/fever/07%20lullaby.mp3,,,5728,CCBD9CC5C989569E,4,3845706103,2025-11-11 17:41:43,,100,,,44100,7109368,,,,,,,7,4545,7,File,2021
Gravity - EP,Against The Current,Alternativa,Gravity,3:42,,01 Gravity.mp3,Concierto_ Against The Current Nightmares & Daydreams - CDMX 2023,D:\Códigos\Musica-Analisis\files\xml\Pre_RAW\Concierto_ Against The Current Nightmares & Daydreams - CDMX 2023.xml,Against The Current,100,True,,140,256,Se encuentra en spotify,,"Daniel Gow, Chrissy Costanza & Will Ferri",2024-09-26 20:47:10,2026-01-07 17:00:44,1,1,,,5,Archivo de audio MPEG,1,file://localhost/E:/iTunes/iTunes%20Media/Music/Against%20The%20Current/Gravity%20-%20EP/01%20Gravity.mp3,,,6696,4326044C24EFF692,5,3843573555,2025-10-18 00:19:15,,100,,,44100,7118354,,,,,,,6,4559,1,File,2015
Gravity - EP,Against The Current,Alternativa,Paralyzed,3:16,,04 Paralyzed.mp3,Concierto_ Against The Current Nightmares & Daydreams - CDMX 2023,D:\Códigos\Musica-Analisis\files\xml\Pre_RAW\Concierto_ Against The Current Nightmares & Daydreams - CDMX 2023.xml,Against The Current,100,True,1,132,256,Se encuentra en spotify,,"Daniel Gow, Chrissy Costanza & Will Ferri",2024-09-26 20:47:10,2026-01-07 21:09:17,1,1,,,5,Archivo de audio MPEG,1,file://localhost/E:/iTunes/iTunes%20Media/Music/Against%20The%20Current/Gravity%20-%20EP/04%20Paralyzed.mp3,,,10355,A7737DEA6B18D794,5,3851448931,2026-01-17 04:55:31,,100,,,44100,6317085,,,,,,,6,4563,4,File,2015
In Our Bones,Against The Current,Alternativa,Running with the Wild Things,3:42,,01 Running with the Wild Things.mp3,Concierto_ Against The Current Nightmares & Daydreams - CDMX 2023,D:\Códigos\Musica-Analisis\files\xml\Pre_RAW\Concierto_ Against The Current Nightmares & Daydreams - CDMX 2023.xml,Against The Current,100,True,1,160,256,Se encuentra en spotify,,Audra Mae,2024-09-26 20:47:11,2026-01-07 18:25:48,1,1,,,5,Archivo de audio MPEG,1,file://localhost/E:/iTunes/iTunes%20Media/Music/Against%20The%20Current/In%20Our%20Bones/01%20Running%20with%20the%20Wild%20Things.mp3,,,13140,FC76FA08D4059720,2,3823261431,2025-02-24 23:03:51,,100,,,44100,7197644,,,,,,,12,4569,1,File,2016
In Our Bones,Against The Current,Alternativa,Chasing Ghosts,3:29,,03 Chasing Ghosts.mp3,Concierto_ Against The Current Nightmares & Daydreams - CDMX 2023,D:\Códigos\Musica-Analisis\files\xml\Pre_RAW\Concierto_ Against The Current Nightmares & Daydreams - CDMX 2023.xml,Against The Current,100,True,1,104,256,Se encuentra en spotify,,Chrissy Costanza/Will Ferri/Dan Gow/Nick Long/Tom Schleiter,2024-09-26 20:47:11,2026-01-07 20:18:08,1,1,,,5,Archivo de audio MPEG,1,file://localhost/E:/iTunes/iTunes%20Media/Music/Against%20The%20Current/In%20Our%20Bones/03%20Chasing%20Ghosts.mp3,,,7816,A0C92CED8D1F967C,3,3850474598,2026-01-05 22:16:38,,100,,,44100,6773820,,,,,,,12,4573,3,File,2016
In Our Bones,Against The Current,Alternativa,Wasteland,3:25,,09 Wasteland.mp3,Concierto_ Against The Current Nightmares & Daydreams - CDMX 2023,D:\Códigos\Musica-Analisis\files\xml\Pre_RAW\Concierto_ Against The Current Nightmares & Daydreams - CDMX 2023.xml,Against The Current,100,True,1,99,256,Se encuentra en spotify,,"Andrew Goldstein, Nolan Sipe",2024-09-26 20:47:12,2026-01-07 21:33:21,1,1,,,5,Archivo de audio MPEG,1,file://localhost/E:/iTunes/iTunes%20Media/Music/Against%20The%20Current/In%20Our%20Bones/09%20Wasteland.mp3,,,10059,DD2EAB1CC652397B,3,3834830351,2025-07-08 19:39:11,,100,,,44100,6645919,,,,,,,12,4585,9,File,2016
Infinity - EP,Against The Current,Alternativa,Another You (Another Way),3:23,,04 Another You (Another Way).mp3,Concierto_ Against The Current Nightmares & Daydreams - CDMX 2023,D:\Códigos\Musica-Analisis\files\xml\Pre_RAW\Concierto_ Against The Current Nightmares & Daydreams - CDMX 2023.xml,Against The Current,100,True,1,135,256,Se encuentra en spotify,,"Dan Gow, Will Ferri & Chrissy Costanza",2024-09-26 20:47:14,2026-01-07 21:03:33,1,1,,,5,Archivo de audio MPEG,1,file://localhost/E:/iTunes/iTunes%20Media/Music/Against%20The%20Current/Infinity%20-%20EP/04%20Another%20You%20(Another%20Way).mp3,,,13666,501FFF842A07DE56,4,3849186864,2025-12-22 00:34:24,,100,,,44100,6621259,,,,,,,5,4609,4,File,2014
Past Lives,Against The Current,Alternativa,Strangers Again,3:42,,01 Strangers Again.mp3,Concierto_ Against The Current Nightmares & Daydreams - CDMX 2023,D:\Códigos\Musica-Analisis\files\xml\Pre_RAW\Concierto_ Against The Current Nightmares & Daydreams - CDMX 2023.xml,Against The Current,100,True,1,90,256,Se encuentra en spotify,,"Andrew Goldstein, Christina Costanza, Daniel Gow, Nick Long & William Ferri",2024-09-26 20:47:15,2026-01-07 19:08:55,1,1,,,5,Archivo de audio MPEG,1,file://localhost/E:/iTunes/iTunes%20Media/Music/Against%20The%20Current/Past%20Lives/01%20Strangers%20Again.mp3,,,5607,819AE41489A9CF45,6,3840220993,2025-09-09 05:03:13,,100,,,44100,7285795,,,,,,,11,4613,1,File,2018
Past Lives,Against The Current,Alternativa,Voices,3:24,,05 Voices.mp3,Concierto_ Against The Current Nightmares & Daydreams - CDMX 2023,D:\Códigos\Musica-Analisis\files\xml\Pre_RAW\Concierto_ Against The Current Nightmares & Daydreams - CDMX 2023.xml,Against The Current,100,True,1,105,256,Se encuentra en spotify,,"Andrew Goldstein, Christina Costanza, Daniel Gow, Jesse Saint John Geller, Sarah Hudson & William Ferri",2024-09-26 20:47:15,2026-01-07 20:58:37,1,1,,,5,Archivo de audio MPEG,1,file://localhost/E:/iTunes/iTunes%20Media/Music/Against%20The%20Current/Past%20Lives/05%20Voices.mp3,,,6868,00F3DC12F13A6040,4,3850556586,2026-01-06 21:03:06,,100,,,44100,6702315,,,,,,,11,4621,5,File,2018
silent stranger - Single,Against The Current,Rock,silent stranger,3:29,,01 silent stranger.mp3,Concierto_ Against The Current Nightmares & Daydreams - CDMX 2023,D:\Códigos\Musica-Analisis\files\xml\Pre_RAW\Concierto_ Against The Current Nightmares & Daydreams - CDMX 2023.xml,Against The Current,100,True,1,76,256,Se encuentra en spotify,,"Chrissy Costanza, Jon Lundin, Dan Gow & Will Ferri",2024-09-26 20:47:16,2026-01-07 18:41:23,1,1,,,5,Archivo de audio MPEG,1,file://localhost/E:/iTunes/iTunes%20Media/Music/Against%20The%20Current/silent%20stranger%20-%20Single/01%20silent%20stranger.mp3,,,11228,6210F8F281F9650C,7,3850557365,2026-01-06 21:16:05,,100,,,44100,6949763,,,,,,,1,4635,1,File,2023
Wildfire - Single,Against The Current,Alternativa,Wildfire,2:46,,01 Wildfire.mp3,Concierto_ Against The Current Nightmares & Daydreams - CDMX 2023,D:\Códigos\Musica-Analisis\files\xml\Pre_RAW\Concierto_ Against The Current Nightmares & Daydreams - CDMX 2023.xml,Against The Current,100,True,1,121,256,Se encuentra en spotify,,Alex Seaver & Chrissy Costanza,2024-09-26 20:47:17,2026-01-07 21:56:21,1,1,,,5,Archivo de audio MPEG,1,file://localhost/E:/iTunes/iTunes%20Media/Music/Against%20The%20Current/Wildfire%20-%20Single/01%20Wildfire.mp3,,,6575,4584A3AB5783E950,3,3843572484,2025-10-18 00:01:24,,100,,,44100,5403717,,,Wildfire - Single,,Against The Current,Wildfire,2,4643,1,File,2022
fever,Against The Current & guardin,Alternativa,again&again,3:16,,03 again&again.mp3,Concierto_ Against The Current Nightmares & Daydreams - CDMX 2023,D:\Códigos\Musica-Analisis\files\xml\Pre_RAW\Concierto_ Against The Current Nightmares & Daydreams - CDMX 2023.xml,Against The Current,100,True,1,168,256,,,"Chrissy Costanza, Dan Gow, Jon Lundin, Justin Courtney Pierre, Nicholas Kerr-Carpenter, Sam DeRosa & Will Ferri",2024-09-26 20:47:17,2026-01-07 20:31:43,1,1,,,5,Archivo de audio MPEG,1,file://localhost/E:/iTunes/iTunes%20Media/Music/Against%20The%20Current/fever/03%20again&again.mp3,,,5748,A156D00CB95744D8,1,3832784295,2025-06-15 03:18:15,,,,,44100,6404096,,,fever,,Against The Current & guardin,again&again,7,4647,3,File,2021
Legends Never Die - Single,League of Legends & Against The Current,Alternativa,Legends Never Die,3:55,,01 Legends Never Die.mp3,Concierto_ Against The Current Nightmares & Daydreams - CDMX 2023,D:\Códigos\Musica-Analisis\files\xml\Pre_RAW\Concierto_ Against The Current Nightmares & Daydreams - CDMX 2023.xml,League of Legends & Against The Current,100,True,1,140,256,Se encuentra en spotify,,"Sebastien Najand, Justin Tranter & Alex Seaver",2024-09-26 20:53:01,2026-01-07 20:50:55,1,1,,,5,Archivo de audio MPEG,1,file://localhost/E:/iTunes/iTunes%20Media/Music/League%20of%20Legends%20&%20Against%20The%20Current/Legends%20Never%20Die%20-%20Single/01%20Legends%20Never%20Die.mp3,,,5763,C6A4F0A6A51B113E,4,3850557939,2026-01-06 21:25:39,,100,,,44100,7588222,,,,,,,1,7565,1,File,2017
Almost Forgot - Single,Against The Current,Alternativa,Almost Forgot,3:28,,01 Almost Forgot.m4a,Concierto_ Against The Current Nightmares & Daydreams - CDMX 2023,D:\Códigos\Musica-Analisis\files\xml\Pre_RAW\Concierto_ Against The Current Nightmares & Daydreams - CDMX 2023.xml,Against The Current,,,1,104,334,,,"Andrew Goldstein, Brittany M. Amaradio, Christina Costanza, Daniel Gow, Stephanie Jones & William Ferri",2025-01-18 01:05:33,2026-01-07 20:41:00,1,1,,,5,Archivo de audio AAC,1,file://localhost/E:/iTunes/iTunes%20Media/Music/Against%20The%20Current/Almost%20Forgot%20-%20Single/01%20Almost%20Forgot.m4a,,,4136,A6457D723F51E7C4,1,3846495434,2025-11-20 20:57:14,,,,2018-05-11 12:00:00,48000,8798463,,,,,,,1,14599,1,File,2018
AG! Calling,ATARASHII GAKKO!,J-Pop,Fly High,3:03,,01 Fly High.mp3,Concierto_ Atarashii Gakko! World Tour Part II - CDMX 2024,D:\Códigos\Musica-Analisis\files\xml\Pre_RAW\Concierto_ Atarashii Gakko! World Tour Part II - CDMX 2024.xml,ATARASHII GAKKO!,100,True,1,138,256,Se encuentra en spotify,,"ATARASHII GAKKO!, Yonkey & Yoshio Tamamura",2024-09-26 20:47:52,2026-01-07 17:33:23,1,1,,,5,Archivo de audio MPEG,1,file://localhost/E:/iTunes/iTunes%20Media/Music/ATARASHII%20GAKKO!/AG!%20Calling/01%20Fly%20High.mp3,,,6611,920E9601BF37200D,3,3845281333,2025-11-06 19:42:13,,100,,,44100,5988673,,,,,,,11,5003,1,File,2014
AG! Calling,ATARASHII GAKKO!,J-Pop,Omakase,2:46,,03 Omakase.mp3,Concierto_ Atarashii Gakko! World Tour Part II - CDMX 2024,D:\Códigos\Musica-Analisis\files\xml\Pre_RAW\Concierto_ Atarashii Gakko! World Tour Part II - CDMX 2024.xml,ATARASHII GAKKO!,100,True,1,118,256,Se encuentra en spotify,,"ATARASHII GAKKO!, Yonkey & Yoshio Tamamura",2024-09-26 20:47:52,2026-01-07 21:00:57,1,1,,,5,Archivo de audio MPEG,1,file://localhost/E:/iTunes/iTunes%20Media/Music/ATARASHII%20GAKKO!/AG!%20Calling/03%20Omakase.mp3,,,5127,733590119FF7A9CD,2,3847100900,2025-11-27 21:08:20,,100,,,44100,5436966,,,,,,,11,5007,3,File,2014
AG! Calling,ATARASHII GAKKO!,J-Pop,Maji Yoroshiku,2:13,,04 Maji Yoroshiku.mp3,Concierto_ Atarashii Gakko! World Tour Part II - CDMX 2024,D:\Códigos\Musica-Analisis\files\xml\Pre_RAW\Concierto_ Atarashii Gakko! World Tour Part II - CDMX 2024.xml,ATARASHII GAKKO!,100,True,1,78,256,Se encuentra en spotify,,"ATARASHII GAKKO!, Angus Leslie, Jessie Lauryn, Joshua Tavares, Miguel Olivera, Robert Douglas-Sola, Samuel Cox, Yonkey & Yoshio Tamamura",2024-09-26 20:47:52,2026-01-07 20:09:14,1,1,,,5,Archivo de audio MPEG,1,file://localhost/E:/iTunes/iTunes%20Media/Music/ATARASHII%20GAKKO!/AG!%20Calling/04%20Maji%20Yoroshiku.mp3,,,7928,99E472476C42904A,3,3850322447,2026-01-04 04:00:47,,100,,,44100,4383715,,,,,,,11,5009,4,File,2014
AG! Calling,ATARASHII GAKKO!,J-Pop,Essa Hoisa,2:55,,05 Essa Hoisa.mp3,Concierto_ Atarashii Gakko! World Tour Part II - CDMX 2024,D:\Códigos\Musica-Analisis\files\xml\Pre_RAW\Concierto_ Atarashii Gakko! World Tour Part II - CDMX 2024.xml,ATARASHII GAKKO!,100,True,1,80,256,Se encuentra en spotify,,,2024-09-26 20:47:52,2026-01-07 20:02:12,1,1,,,5,Archivo de audio MPEG,1,file://localhost/E:/iTunes/iTunes%20Media/Music/ATARASHII%20GAKKO!/AG!%20Calling/05%20Essa%20Hoisa.mp3,,,6395,277EF839CA79190D,4,3842461048,2025-10-05 03:17:28,,100,,,44100,5728704,,,,,,,11,5011,5,File,2014
AG! Calling,ATARASHII GAKKO!,J-Pop,Forever Sisters,3:55,,08 Forever Sisters.mp3,Concierto_ Atarashii Gakko! World Tour Part II - CDMX 2024,D:\Códigos\Musica-Analisis\files\xml\Pre_RAW\Concierto_ Atarashii Gakko! World Tour Part II - CDMX 2024.xml,ATARASHII GAKKO!,100,True,1,130,256,Se encuentra en spotify,,,2024-09-26 20:47:53,2026-01-07 21:51:40,1,1,,,5,Archivo de audio MPEG,1,file://localhost/E:/iTunes/iTunes%20Media/Music/ATARASHII%20GAKKO!/AG!%20Calling/08%20Forever%20Sisters.mp3,,,5916,13981551620390F8,6,3846411773,2025-11-19 21:42:53,,100,,,44100,7667204,,,,,,,11,5017,8,File,2014
AG! Calling,ATARASHII GAKKO!,J-Pop,Arigato,2:52,,09 Arigato.mp3,Concierto_ Atarashii Gakko! World Tour Part II - CDMX 2024,D:\Códigos\Musica-Analisis\files\xml\Pre_RAW\Concierto_ Atarashii Gakko! World Tour Part II - CDMX 2024.xml,ATARASHII GAKKO!,100,True,1,137,256,Se encuentra en spotify,,"ATARASHII GAKKO!, Yonkey & Yoshio Tamamura",2024-09-26 20:47:53,2026-01-07 17:51:57,1,1,,,5,Archivo de audio MPEG,1,file://localhost/E:/iTunes/iTunes%20Media/Music/ATARASHII%20GAKKO!/AG!%20Calling/09%20Arigato.mp3,,,7186,41237F89B99EBBEC,4,3835794394,2025-07-19 23:26:34,,100,,,44100,5647617,1,2025-07-19 23:23:33,,,,,11,5019,9,File,2014
Free Your Mind (Spanish Version) - Single,ATARASHII GAKKO!,J-Pop,Free Your Mind (Spanish Version),2:57,,01 Free Your Mind (Spanish Version).mp3,Concierto_ Atarashii Gakko! World Tour Part II - CDMX 2024,D:\Códigos\Musica-Analisis\files\xml\Pre_RAW\Concierto_ Atarashii Gakko! World Tour Part II - CDMX 2024.xml,ATARASHII GAKKO!,100,True,,115,256,Se encuentra en spotify,,"ATARASHII GAKKO!, Mark Ramos Nishita & Denise Janelle Gutierrez Mendoza",2024-09-26 20:47:53,2026-01-07 17:36:00,1,1,,,5,Archivo de audio MPEG,1,file://localhost/E:/iTunes/iTunes%20Media/Music/ATARASHII%20GAKKO!/Free%20Your%20Mind%20(Spanish%20Version)%20-%20Singl/01%20Free%20Your%20Mind%20(Spanish%20Version).mp3,,,5336,092820A641EDC2D6,4,3841211379,2025-09-20 16:09:39,,100,,,44100,5693170,1,2025-08-24 01:08:56,,,,,1,5025,1,File,2022
Ichijikikoku,ATARASHII GAKKO!,J-Pop,Giri Giri,3:05,,03 Giri Giri.mp3,Concierto_ Atarashii Gakko! World Tour Part II - CDMX 2024,D:\Códigos\Musica-Analisis\files\xml\Pre_RAW\Concierto_ Atarashii Gakko! World Tour Part II - CDMX 2024.xml,ATARASHII GAKKO!,100,True,1,134,256,Se encuentra en spotify,,Yonkey,2024-09-26 20:47:54,2026-01-07 20:53:49,1,1,,,5,Archivo de audio MPEG,1,file://localhost/E:/iTunes/iTunes%20Media/Music/ATARASHII%20GAKKO!/Ichijikikoku/03%20Giri%20Giri.mp3,,,4925,16C243AEF4FE0C40,4,3848300301,2025-12-11 18:18:21,,100,,,44100,6024299,,,,,,,7,5035,3,File,2023
Ichijikikoku,ATARASHII GAKKO!,J-Pop,Suki Lie,3:15,,04 Suki Lie.mp3,Concierto_ Atarashii Gakko! World Tour Part II - CDMX 2024,D:\Códigos\Musica-Analisis\files\xml\Pre_RAW\Concierto_ Atarashii Gakko! World Tour Part II - CDMX 2024.xml,ATARASHII GAKKO!,100,True,1,89,256,Se encuentra en spotify,,Yonkey,2024-09-26 20:47:54,2026-01-07 21:51:22,1,1,,,5,Archivo de audio MPEG,1,file://localhost/E:/iTunes/iTunes%20Media/Music/ATARASHII%20GAKKO!/Ichijikikoku/04%20Suki%20Lie.mp3,,,6182,5C447254EA2FA56B,10,3846911077,2025-11-25 16:24:37,,100,,,44100,6341947,,,,,,,7,5037,4,File,2023
Maenarawanai,ATARASHII GAKKO!,J-Pop,Saisyu Jinrui,4:19,,09 Saisyu Jinrui.mp3,Concierto_ Atarashii Gakko! World Tour Part II - CDMX 2024,D:\Códigos\Musica-Analisis\files\xml\Pre_RAW\Concierto_ Atarashii Gakko! World Tour Part II - CDMX 2024.xml,ATARASHII GAKKO!,,,1,96,256,,,H ZETT M & Momorurugyaban,2024-09-26 20:47:57,2026-01-07 21:55:54,1,1,,,5,Archivo de audio MPEG,1,file://localhost/E:/iTunes/iTunes%20Media/Music/ATARASHII%20GAKKO!/Maenarawanai/09%20Saisyu%20Jinrui.mp3,,,15852,38EB05C89CA499C3,1,3846495635,2025-11-20 21:00:35,,,,,44100,8403970,,,,,,,10,5063,9,File,2018
Maningen - EP,ATARASHII GAKKO!,J-Pop,"Que Sera, Sera",3:37,,"03 Que Sera, Sera.mp3",Concierto_ Atarashii Gakko! World Tour Part II - CDMX 2024,D:\Códigos\Musica-Analisis\files\xml\Pre_RAW\Concierto_ Atarashii Gakko! World Tour Part II - CDMX 2024.xml,ATARASHII GAKKO!,100,True,1,136,256,,,Yonkey,2024-09-26 20:47:58,2026-01-07 18:06:34,1,1,,,5,Archivo de audio MPEG,1,"file://localhost/E:/iTunes/iTunes%20Media/Music/ATARASHII%20GAKKO!/Maningen%20-%20EP/03%20Que%20Sera,%20Sera.mp3",,,7468,AC52FD40A452BADE,1,3846495635,2025-11-20 21:00:35,,,,,44100,7009943,,,,,,,5,5071,3,File,2023
NAINAINAI - Single,ATARASHII GAKKO!,J-Pop,NAINAINAI,3:13,,01 NAINAINAI.mp3,Concierto_ Atarashii Gakko! World Tour Part II - CDMX 2024,D:\Códigos\Musica-Analisis\files\xml\Pre_RAW\Concierto_ Atarashii Gakko! World Tour Part II - CDMX 2024.xml,ATARASHII GAKKO!,100,True,1,115,256,Se encuentra en spotify,,Yonkey & ATARASHII GAKKO!,2024-09-26 20:47:58,2026-01-07 19:34:00,1,1,,,5,Archivo de audio MPEG,1,file://localhost/E:/iTunes/iTunes%20Media/Music/ATARASHII%20GAKKO!/NAINAINAI%20-%20Single/01%20NAINAINAI.mp3,,,2476,0A4116F152273379,3,3847184200,2025-11-28 20:16:40,,100,,,44100,6276498,,,,,,,1,5077,1,File,2021
Otonablue - Single,ATARASHII GAKKO!,J-Pop,Otonablue,3:05,,01 Otonablue.mp3,Concierto_ Atarashii Gakko! World Tour Part II - CDMX 2024,D:\Códigos\Musica-Analisis\files\xml\Pre_RAW\Concierto_ Atarashii Gakko! World Tour Part II - CDMX 2024.xml,ATARASHII GAKKO!,100,True,1,130,256,Se encuentra en spotify,,Yonkey,2024-09-26 20:47:58,2026-01-07 19:29:31,1,1,,,5,Archivo de audio MPEG,1,file://localhost/E:/iTunes/iTunes%20Media/Music/ATARASHII%20GAKKO!/Otonablue%20-%20Single/01%20Otonablue.mp3,,,4416,B3391C959DB0C900,4,3846154096,2025-11-16 22:08:16,,100,,,44100,6044206,,,,,,,1,5081,1,File,2020
SNACKTIME - EP,ATARASHII GAKKO!,J-Pop,CANDY,2:45,,03 CANDY.mp3,Concierto_ Atarashii Gakko! World Tour Part II - CDMX 2024,D:\Códigos\Musica-Analisis\files\xml\Pre_RAW\Concierto_ Atarashii Gakko! World Tour Part II - CDMX 2024.xml,ATARASHII GAKKO!,100,True,1,129,256,Se encuentra en spotify,,TARASHII GAKKO! & Mark Ramos Nishita,2024-09-26 20:47:59,2026-01-07 18:26:15,1,1,,,5,Archivo de audio MPEG,1,file://localhost/E:/iTunes/iTunes%20Media/Music/ATARASHII%20GAKKO!/SNACKTIME%20-%20EP/03%20CANDY.mp3,,,3465,357D525BAD279C5D,6,3851159043,2026-01-13 20:24:03,,100,,,44100,5394944,,,,,ATARASHII GAKKO!,CANDY,5,5089,3,File,2021
Tokyo Calling - Single,ATARASHII GAKKO!,J-Pop,Tokyo Calling,3:11,,01 Tokyo Calling.mp3,Concierto_ Atarashii Gakko! World Tour Part II - CDMX 2024,D:\Códigos\Musica-Analisis\files\xml\Pre_RAW\Concierto_ Atarashii Gakko! World Tour Part II - CDMX 2024.xml,ATARASHII GAKKO!,100,True,1,79,256,Se encuentra en spotify,,"ATARASHII GAKKO!, Yonkey & Yoshio Tamamura",2024-09-26 20:48:00,2026-01-07 19:47:09,1,1,,,5,Archivo de audio MPEG,1,file://localhost/E:/iTunes/iTunes%20Media/Music/ATARASHII%20GAKKO!/Tokyo%20Calling%20-%20Single/01%20Tokyo%20Calling.mp3,,,6111,1342E5DFE5998B7C,5,3844161941,2025-10-24 19:45:41,,100,,,44100,6278142,,,,,,,1,5097,1,File,2023
Toryanse - Single,ATARASHII GAKKO!,J-Pop,Toryanse,2:36,,01 Toryanse.mp3,Concierto_ Atarashii Gakko! World Tour Part II - CDMX 2024,D:\Códigos\Musica-Analisis\files\xml\Pre_RAW\Concierto_ Atarashii Gakko! World Tour Part II - CDMX 2024.xml,ATARASHII GAKKO!,100,True,1,150,256,Se encuentra en spotify,,"ATARASHII GAKKO!, Yonkey & Yoshio Tamamura",2024-09-26 20:48:00,2026-01-07 18:00:45,1,1,,,5,Archivo de audio MPEG,1,file://localhost/E:/iTunes/iTunes%20Media/Music/ATARASHII%20GAKKO!/Toryanse%20-%20Single/01%20Toryanse.mp3,,,5462,5CEA787047B5298F,2,3838844110,2025-08-24 06:35:10,,100,,,44100,8046321,,,,,,,1,5099,1,File,2024
WOO! GO! - Single,ATARASHII GAKKO!,J-Pop,WOO! GO!,3:19,,01 WOO! GO!.mp3,Concierto_ Atarashii Gakko! World Tour Part II - CDMX 2024,D:\Códigos\Musica-Analisis\files\xml\Pre_RAW\Concierto_ Atarashii Gakko! World Tour Part II - CDMX 2024.xml,ATARASHII GAKKO!,100,True,1,80,256,Se encuentra en spotify,,ATARASHII GAKKO! & Yonkey,2024-09-26 20:48:02,2026-01-07 18:07:52,1,1,,,5,Archivo de audio MPEG,1,file://localhost/E:/iTunes/iTunes%20Media/Music/ATARASHII%20GAKKO!/WOO!%20GO!%20-%20Single/01%20WOO!%20GO!.mp3,,,3848,7E4586B363F73869,7,3850583379,2026-01-07 04:29:39,,100,,,44100,6598581,,,,,,,1,5117,1,File,2022
恋文 - Single,ATARASHII GAKKO!,J-Pop,恋文,4:00,,01 恋文.m4a,Concierto_ Atarashii Gakko! World Tour Part II - CDMX 2024,D:\Códigos\Musica-Analisis\files\xml\Pre_RAW\Concierto_ Atarashii Gakko! World Tour Part II - CDMX 2024.xml,ATARASHII GAKKO!,100,True,1,85,325,Se encuentra en spotify,,,2025-01-18 05:43:23,2026-01-07 19:24:37,1,1,,,5,Archivo de audio AAC,1,file://localhost/E:/iTunes/iTunes%20Media/Music/ATARASHII%20GAKKO!/%E6%81%8B%E6%96%87%20-%20Single/01%20%E6%81%8B%E6%96%87.m4a,,,5105,2BCD0BA8094D5979,5,3850404052,2026-01-05 02:40:52,,100,,2020-05-22 12:00:00,48000,9873204,,,,,,,1,14827,1,File,2020
Pineapple Kryptonite - Single,ATARASHII GAKKO!,J-Pop,Pineapple Kryptonite,3:15,,01 Pineapple Kryptonite.m4a,Concierto_ Atarashii Gakko! World Tour Part II - CDMX 2024,D:\Códigos\Musica-Analisis\files\xml\Pre_RAW\Concierto_ Atarashii Gakko! World Tour Part II - CDMX 2024.xml,ATARASHII GAKKO!,100,True,1,139,322,Se encuentra en spotify,,ATARASHII GAKKO! & Mark Ramos Nishita,2025-01-18 05:45:16,2026-01-07 19:23:45,1,1,,,5,Archivo de audio AAC,1,file://localhost/E:/iTunes/iTunes%20Media/Music/ATARASHII%20GAKKO!/Pineapple%20Kryptonite%20-%20Single/01%20Pineapple%20Kryptonite.m4a,,,4414,F4F369360C1AAEB4,3,3838822115,2025-08-24 00:28:35,,100,,2021-09-21 12:00:00,48000,8054723,,,,,,,1,14829,1,File,2021
Change - Single,ATARASHII GAKKO!,J-Pop,Change,3:11,,01 Change.m4a,Concierto_ Atarashii Gakko! World Tour Part II - CDMX 2024,D:\Códigos\Musica-Analisis\files\xml\Pre_RAW\Concierto_ Atarashii Gakko! World Tour Part II - CDMX 2024.xml,ATARASHII GAKKO!,100,True,1,158,327,Se encuentra en spotify,,,2025-01-18 05:47:47,2026-01-07 20:16:46,1,1,,,5,Archivo de audio AAC,1,file://localhost/E:/iTunes/iTunes%20Media/Music/ATARASHII%20GAKKO!/Change%20-%20Single/01%20Change.m4a,,,4405,6E33338B1ACA509E,6,3844235271,2025-10-25 16:07:51,,100,,2024-07-19 12:00:00,48000,7959078,,,,,,,1,14831,1,File,2024
BABYMETAL,BABYMETAL,J-Rock,BABYMETAL DEATH,5:46,,01 BABYMETAL DEATH.mp3,Concierto_ Babymetal Wold Tour 2025-2026,D:\Códigos\Musica-Analisis\files\xml\Pre_RAW\Concierto_ Babymetal Wold Tour 2025-2026.xml,BABYMETAL,100,True,1,43,256,,,KITSUNE of METAL GOD,2024-09-26 20:48:08,2026-01-07 17:21:06,1,1,,,5,Archivo de audio MPEG,1,file://localhost/E:/iTunes/iTunes%20Media/Music/BABYMETAL/BABYMETAL/01%20BABYMETAL%20DEATH.mp3,,,11919,C2AFB8D73B561C19,1,3846495664,2025-11-20 21:01:04,,,,,44100,11189036,,,,,,,15,5165,1,File,2014
BABYMETAL,BABYMETAL,J-Rock,Gimme Chocolate!!,3:50,,03 Gimme Chocolate!!.mp3,Concierto_ Babymetal Wold Tour 2025-2026,D:\Códigos\Musica-Analisis\files\xml\Pre_RAW\Concierto_ Babymetal Wold Tour 2025-2026.xml,BABYMETAL,100,True,1,110,256,Se encuentra en spotify,,TAKESHI UEDA,2024-09-26 20:48:09,2026-01-07 21:56:16,1,1,,,5,Archivo de audio MPEG,1,file://localhost/E:/iTunes/iTunes%20Media/Music/BABYMETAL/BABYMETAL/03%20Gimme%20Chocolate!!.mp3,,,14791,127DAE6A5C87279F,6,3843149386,2025-10-13 02:29:46,,100,,,44100,7490100,1,2025-10-04 19:02:22,,,,,15,5169,3,File,2014
BABYMETAL,BABYMETAL,J-Rock,Headbangeeeeerrrrr!!!!!,4:00,,12 Headbangeeeeerrrrr!!!!!.mp3,Concierto_ Babymetal Wold Tour 2025-2026,D:\Códigos\Musica-Analisis\files\xml\Pre_RAW\Concierto_ Babymetal Wold Tour 2025-2026.xml,BABYMETAL,100,True,1,93,256,Se encuentra en spotify,,Kitsune,2024-09-26 20:48:10,2026-01-07 17:02:36,1,1,,,5,Archivo de audio MPEG,1,file://localhost/E:/iTunes/iTunes%20Media/Music/BABYMETAL/BABYMETAL/12%20Headbangeeeeerrrrr!!!!!.mp3,,,19040,53827769F246082E,3,3843151436,2025-10-13 03:03:56,,100,,,44100,7816600,,,,,,,15,5187,12,File,2014
BABYMETAL,BABYMETAL,J-Rock,Road of Resistance,5:18,,14 Road of Resistance.mp3,Concierto_ Babymetal Wold Tour 2025-2026,D:\Códigos\Musica-Analisis\files\xml\Pre_RAW\Concierto_ Babymetal Wold Tour 2025-2026.xml,BABYMETAL,100,True,1,103,256,,,作詞：KITSUNE of METAL GOD､MK-METAL､KxBxMETAL / 作曲：Mish-Mosh､NORiMETAL､KYT-METAL,2024-09-26 20:48:11,2026-01-07 21:42:58,1,1,,,5,Archivo de audio MPEG,1,file://localhost/E:/iTunes/iTunes%20Media/Music/BABYMETAL/BABYMETAL/14%20Road%20of%20Resistance.mp3,,,18245,4057FFE767AD03C9,1,3846495672,2025-11-20 21:01:12,,,,,44100,10299323,,,,,,,15,5191,14,File,2014
METAL GALAXY,BABYMETAL feat. Alissa White-Gluz,J-Metal,Distortion,3:04,,09 Distortion.mp3,Concierto_ Babymetal Wold Tour 2025-2026,D:\Códigos\Musica-Analisis\files\xml\Pre_RAW\Concierto_ Babymetal Wold Tour 2025-2026.xml,BABYMETAL,100,True,1,98,256,Se encuentra en spotify,,TAKEMETAL,2024-09-26 20:48:19,2026-01-07 18:43:44,1,1,,,5,Archivo de audio MPEG,1,file://localhost/E:/iTunes/iTunes%20Media/Music/BABYMETAL/METAL%20GALAXY/09%20Distortion.mp3,,,17690,4D3F9A93A89BCF44,1,3823757016,2025-03-02 16:43:36,,100,,,44100,6016298,,,,,,,14,5259,9,File,2019
METAL GALAXY,BABYMETAL feat. F.HERO,J-Metal,PA PA YA!!,3:55,,10 PA PA YA!!.mp3,Concierto_ Babymetal Wold Tour 2025-2026,D:\Códigos\Musica-Analisis\files\xml\Pre_RAW\Concierto_ Babymetal Wold Tour 2025-2026.xml,BABYMETAL,100,True,1,158,256,Se encuentra en spotify,,SIAMMETAL,2024-09-26 20:48:20,2026-01-07 17:52:51,1,1,,,5,Archivo de audio MPEG,1,file://localhost/E:/iTunes/iTunes%20Media/Music/BABYMETAL/METAL%20GALAXY/10%20PA%20PA%20YA!!.mp3,,,22233,97E5F9E55738E04B,4,3851344115,2026-01-15 23:48:35,,100,,,44100,7642149,,,,,,,14,5261,10,File,2019
Metal Resistance,BABYMETAL,J-Metal,KARATE,4:23,,02 KARATE.mp3,Concierto_ Babymetal Wold Tour 2025-2026,D:\Códigos\Musica-Analisis\files\xml\Pre_RAW\Concierto_ Babymetal Wold Tour 2025-2026.xml,BABYMETAL,100,True,1,180,256,Se encuentra en spotify,,Yuyoyuppe,2024-09-26 20:48:21,2026-01-07 19:56:17,1,1,,,5,Archivo de audio MPEG,1,file://localhost/E:/iTunes/iTunes%20Media/Music/BABYMETAL/Metal%20Resistance/02%20KARATE.mp3,,,16147,6A04E0F3639E4244,4,3850412826,2026-01-05 05:07:06,,100,,,44100,8539201,1,2025-10-03 00:57:37,,,,,12,5273,2,File,2016
METAL FORTH,BABYMETAL & Poppy,Rock,from me to u,3:24,,01 from me to u.mp3,Concierto_ Babymetal Wold Tour 2025-2026,D:\Códigos\Musica-Analisis\files\xml\Pre_RAW\Concierto_ Babymetal Wold Tour 2025-2026.xml,BABYMETAL,100,,1,100,256,,,"MK-METAL, Jordan Fish & Moriah Rose Pereira",2025-05-28 18:13:39,2026-01-07 21:06:00,1,1,,,5,Archivo de audio MPEG,1,file://localhost/E:/iTunes/iTunes%20Media/Music/BABYMETAL/METAL%20FORTH/01%20from%20me%20to%20u.mp3,,,13375,09B545FFDD31AB33,1,3846408358,2025-11-19 20:45:58,,20,,,44100,6746643,,,,,,,10,26835,1,File,2025
METAL FORTH,BABYMETAL & Electric Callboy,Rock,RATATATA,3:37,,02 RATATATA.mp3,Concierto_ Babymetal Wold Tour 2025-2026,D:\Códigos\Musica-Analisis\files\xml\Pre_RAW\Concierto_ Babymetal Wold Tour 2025-2026.xml,BABYMETAL,100,,1,140,256,,,"MK-METAL, NORIMETAL, Kevin Ratajczak, Nico Sallach, Pascal Schillo & Daniel Haniß",2025-05-28 18:13:39,2026-01-07 19:40:57,1,1,,,5,Archivo de audio MPEG,1,file://localhost/E:/iTunes/iTunes%20Media/Music/BABYMETAL/METAL%20FORTH/02%20RATATATA.mp3,,,7732,C0E88164F52230F6,1,3846495695,2025-11-20 21:01:35,,20,,,44100,7151243,,,,,,,10,26837,2,File,2025
METAL FORTH,BABYMETAL & Slaughter to Prevail,Rock,Song 3,3:34,,03 Song 3.mp3,Concierto_ Babymetal Wold Tour 2025-2026,D:\Códigos\Musica-Analisis\files\xml\Pre_RAW\Concierto_ Babymetal Wold Tour 2025-2026.xml,BABYMETAL,100,,1,100,256,,,"333-METAL, TAKEMETAL, tatsuoMETAL, SHIKOLAI, Aleksandr Igorevish, Jack Simmons & Nikita Korzhov",2025-05-28 18:13:40,2026-01-07 18:38:17,1,1,,,5,Archivo de audio MPEG,1,file://localhost/E:/iTunes/iTunes%20Media/Music/BABYMETAL/METAL%20FORTH/03%20Song%203.mp3,,,16174,BA878862F4A99F25,1,3846495696,2025-11-20 21:01:36,,20,,,44100,7052420,,,,,,,10,26839,3,File,2025
METAL FORTH,BABYMETAL & Tom Morello,Rock,METALI!!,3:28,,09 METALI!!.mp3,Concierto_ Babymetal Wold Tour 2025-2026,D:\Códigos\Musica-Analisis\files\xml\Pre_RAW\Concierto_ Babymetal Wold Tour 2025-2026.xml,BABYMETAL,100,,1,100,256,,,Babymetal;Tom Morello,2025-05-28 18:13:40,2026-01-07 20:44:33,1,1,,,5,Archivo de audio MPEG,1,file://localhost/E:/iTunes/iTunes%20Media/Music/BABYMETAL/METAL%20FORTH/09%20METALI!!.mp3,,,10519,1AE0B8229139F9D8,1,3846495698,2025-11-20 21:01:38,,20,,,44100,6860247,,,,,,,10,26841,9,File,2025
METAL FORTH,BABYMETAL & Bloodywood,Hard rock,Kon! Kon!,3:55,,04 Kon! Kon!.mp3,Concierto_ Babymetal Wold Tour 2025-2026,D:\Códigos\Musica-Analisis\files\xml\Pre_RAW\Concierto_ Babymetal Wold Tour 2025-2026.xml,BABYMETAL,100,,1,107,256,Se encuentra en spotify,,"MK-METAL, RYU-METAL, Karan Katiyar, Jayant Bhadula & Raoul Kerr",2025-07-12 05:17:44,2026-01-07 19:03:16,1,1,,,5,Archivo de audio MPEG,1,file://localhost/E:/iTunes/iTunes%20Media/Music/BABYMETAL/METAL%20FORTH/04%20Kon!%20Kon!.mp3,,,11733,15E61CF1D65A6518,2,3846156001,2025-11-16 22:40:01,,100,,,44100,7724997,,,,,,,10,28013,4,File,2025
METAL FORTH,BABYMETAL & Spiritbox,Hard rock,My Queen,3:20,,07 My Queen.mp3,Concierto_ Babymetal Wold Tour 2025-2026,D:\Códigos\Musica-Analisis\files\xml\Pre_RAW\Concierto_ Babymetal Wold Tour 2025-2026.xml,BABYMETAL,100,,1,120,256,,,"TAKEMETAL, Q-METAL, Drew Fulk, Zakk Cervini, Mike Stringer & Courtney LaPlante",2025-08-12 22:13:06,2026-01-07 22:08:13,1,1,,,5,Archivo de audio MPEG,1,file://localhost/E:/iTunes/iTunes%20Media/Music/BABYMETAL/METAL%20FORTH/07%20My%20Queen.mp3,,,14087,F1709FD7A585CA49,1,3846495697,2025-11-20 21:01:37,,20,,,44100,6623429,,,,,,,10,28303,7,File,2025
METAL FORTH,BABYMETAL,Hard rock,KxAxWxAxIxI,2:35,,05 KxAxWxAxIxI.mp3,Concierto_ Babymetal Wold Tour 2025-2026,D:\Códigos\Musica-Analisis\files\xml\Pre_RAW\Concierto_ Babymetal Wold Tour 2025-2026.xml,BABYMETAL,100,,1,75,256,,,METAL CYPHER & Daidai,2025-08-12 22:13:07,2026-01-07 21:31:07,1,1,,,5,Archivo de audio MPEG,1,file://localhost/E:/iTunes/iTunes%20Media/Music/BABYMETAL/METAL%20FORTH/05%20KxAxWxAxIxI.mp3,,,5795,ACBBE7B35CD131F5,1,3846495672,2025-11-20 21:01:12,,20,,,44100,5181782,,,,,,,10,28309,5,File,2025
METAL FORTH,BABYMETAL & Polyphia,Hard rock,Sunset Kiss,3:33,,06 Sunset Kiss.mp3,Concierto_ Babymetal Wold Tour 2025-2026,D:\Códigos\Musica-Analisis\files\xml\Pre_RAW\Concierto_ Babymetal Wold Tour 2025-2026.xml,BABYMETAL,100,,1,120,256,Se encuentra en spotify,,MK-METAL & MEGMETAL,2025-08-12 22:13:07,2026-01-07 20:03:51,1,1,,,5,Archivo de audio MPEG,1,file://localhost/E:/iTunes/iTunes%20Media/Music/BABYMETAL/METAL%20FORTH/06%20Sunset%20Kiss.mp3,,,9188,7384B15E930D09BB,1,3846490446,2025-11-20 19:34:06,,100,,,44100,7017820,,,,,,,10,28311,6,File,2025
BORN PINK,BLACKPINK,K-Pop,Pink Venom,3:07,,01 Pink Venom.mp3,Concierto_ BlackPink Born Pink World Tour - CDMX 2023,D:\Códigos\Musica-Analisis\files\xml\Pre_RAW\Concierto_ BlackPink Born Pink World Tour - CDMX 2023.xml,BLACKPINK,100,True,1,90,256,Se encuentra en spotify,,"Teddy, 24, R. Tee & Ido",2024-09-26 20:49:02,2026-01-07 19:39:18,1,1,,,5,Archivo de audio MPEG,1,file://localhost/E:/iTunes/iTunes%20Media/Music/BLACKPINK/BORN%20PINK/01%20Pink%20Venom.mp3,,,3673,5CE4CD3BC2C27AB6,2,3838190245,2025-08-16 16:57:25,,100,,,44100,6015936,,,,,,,8,5729,1,File,2022
BORN PINK,BLACKPINK,K-Pop,Shut Down,2:56,,02 Shut Down.mp3,Concierto_ BlackPink Born Pink World Tour - CDMX 2023,D:\Códigos\Musica-Analisis\files\xml\Pre_RAW\Concierto_ BlackPink Born Pink World Tour - CDMX 2023.xml,BLACKPINK,100,True,1,110,256,Se encuentra en spotify,,Teddy & 24,2024-09-26 20:49:02,2026-01-07 21:21:02,1,1,,,5,Archivo de audio MPEG,1,file://localhost/E:/iTunes/iTunes%20Media/Music/BLACKPINK/BORN%20PINK/02%20Shut%20Down.mp3,,,4383,DA4C698239D7F3E9,2,3850476335,2026-01-05 22:45:35,,100,,,44100,5661506,,,,,,,8,5731,2,File,2022
BORN PINK,BLACKPINK,K-Pop,Typa Girl,2:59,,03 Typa Girl.mp3,Concierto_ BlackPink Born Pink World Tour - CDMX 2023,D:\Códigos\Musica-Analisis\files\xml\Pre_RAW\Concierto_ BlackPink Born Pink World Tour - CDMX 2023.xml,BLACKPINK,100,True,1,66,256,Se encuentra en spotify,,Bekuh Boom & Dominsuk,2024-09-26 20:49:02,2026-01-07 20:49:16,1,1,,,5,Archivo de audio MPEG,1,file://localhost/E:/iTunes/iTunes%20Media/Music/BLACKPINK/BORN%20PINK/03%20Typa%20Girl.mp3,,,3154,EA7ED58FD487CFE3,3,3830154798,2025-05-15 16:53:18,,100,,,44100,5766831,,,,,,,8,5733,3,File,2022
BORN PINK,BLACKPINK,K-Pop,Hard to Love,2:42,,05 Hard to Love.mp3,Concierto_ BlackPink Born Pink World Tour - CDMX 2023,D:\Códigos\Musica-Analisis\files\xml\Pre_RAW\Concierto_ BlackPink Born Pink World Tour - CDMX 2023.xml,BLACKPINK,100,True,1,105,256,Se encuentra en spotify,,"24, Bianca Atterberry, Freddy Wexler, Max Wolfgang, R.Tee, Teddy Park",2024-09-26 20:49:02,2026-01-07 21:53:28,1,1,,,5,Archivo de audio MPEG,1,file://localhost/E:/iTunes/iTunes%20Media/Music/BLACKPINK/BORN%20PINK/05%20Hard%20to%20Love.mp3,,,5350,DC6B09AE6C5DD8AE,5,3851357796,2026-01-16 03:36:36,,100,,,44100,5235190,,,,,,,8,5737,5,File,2022
BORN PINK,BLACKPINK,K-Pop,Tally,3:04,,07 Tally.mp3,Concierto_ BlackPink Born Pink World Tour - CDMX 2023,D:\Códigos\Musica-Analisis\files\xml\Pre_RAW\Concierto_ BlackPink Born Pink World Tour - CDMX 2023.xml,BLACKPINK,100,True,1,65,256,,,"Nat Dunn, David Phelan, Alex Oriet, Brian Lee, Soraya Lapread & 24",2024-09-26 20:49:02,2026-01-07 20:56:10,1,1,,,5,Archivo de audio MPEG,1,file://localhost/E:/iTunes/iTunes%20Media/Music/BLACKPINK/BORN%20PINK/07%20Tally.mp3,,,5331,8C4EA1324293504C,,,,,,,,44100,5928995,,,,,,,8,5741,7,File,2022
THE ALBUM,BLACKPINK,K-Pop,How You Like That,3:01,,01 How You Like That.mp3,Concierto_ BlackPink Born Pink World Tour - CDMX 2023,D:\Códigos\Musica-Analisis\files\xml\Pre_RAW\Concierto_ BlackPink Born Pink World Tour - CDMX 2023.xml,BLACKPINK,100,True,1,130,256,Se encuentra en spotify,,"24, R. Tee, Danny Chung & Teddy",2024-09-26 20:49:03,2026-01-07 18:01:23,1,1,,,5,Archivo de audio MPEG,1,file://localhost/E:/iTunes/iTunes%20Media/Music/BLACKPINK/THE%20ALBUM/01%20How%20You%20Like%20That.mp3,,,5032,197AEC18CE2BCDC2,6,3850590829,2026-01-07 06:33:49,,100,,,44100,5847913,1,2025-10-02 02:07:35,,,,,8,5745,1,File,2020
THE ALBUM,BLACKPINK,K-Pop,Pretty Savage,3:19,,03 Pretty Savage.mp3,Concierto_ BlackPink Born Pink World Tour - CDMX 2023,D:\Códigos\Musica-Analisis\files\xml\Pre_RAW\Concierto_ BlackPink Born Pink World Tour - CDMX 2023.xml,BLACKPINK,100,True,1,76,256,Se encuentra en spotify,,"Teddy, Loren, Vince, Danny Chung, R. Tee & Bekuh Boom",2024-09-26 20:49:03,2026-01-07 21:58:27,1,1,,,5,Archivo de audio MPEG,1,file://localhost/E:/iTunes/iTunes%20Media/Music/BLACKPINK/THE%20ALBUM/03%20Pretty%20Savage.mp3,,,3120,7F691E42A38AA615,6,3851864538,2026-01-22 00:22:18,,100,,,44100,6428872,,,,,,,8,5747,3,File,2020
THE ALBUM,BLACKPINK,K-Pop,Lovesick Girls,3:12,,05 Lovesick Girls.mp3,Concierto_ BlackPink Born Pink World Tour - CDMX 2023,D:\Códigos\Musica-Analisis\files\xml\Pre_RAW\Concierto_ BlackPink Born Pink World Tour - CDMX 2023.xml,BLACKPINK,100,True,1,128,256,,,"Teddy, Loren, Ji-Soo, JENNIE, Danny Chung, 24, Brian Lee, Leah Haywood, R. Tee & David Guetta",2024-09-26 20:49:03,2026-01-07 21:57:03,1,1,,,5,Archivo de audio MPEG,1,file://localhost/E:/iTunes/iTunes%20Media/Music/BLACKPINK/THE%20ALBUM/05%20Lovesick%20Girls.mp3,,,5328,3CADED8ECA9BFB5D,1,3848920660,2025-12-18 22:37:40,,,,,44100,6225745,,,,,,,8,5751,5,File,2020
THE ALBUM,BLACKPINK,K-Pop,Crazy Over You,2:42,,06 Crazy Over You.mp3,Concierto_ BlackPink Born Pink World Tour - CDMX 2023,D:\Códigos\Musica-Analisis\files\xml\Pre_RAW\Concierto_ BlackPink Born Pink World Tour - CDMX 2023.xml,BLACKPINK,100,True,1,115,256,,,"Teddy, Bekuh Boom, Danny Chung, 24, R. Tee & FUTURE BOUNCE",2024-09-26 20:49:03,2026-01-07 21:45:23,1,1,,,5,Archivo de audio MPEG,1,file://localhost/E:/iTunes/iTunes%20Media/Music/BLACKPINK/THE%20ALBUM/06%20Crazy%20Over%20You.mp3,,,4490,709C477E1021C248,,,,,,,,44100,5239361,,,,,,,8,5753,6,File,2020
ME - Single,JISOO,K-pop,FLOWER,2:53,,01 FLOWER.m4a,Concierto_ BlackPink Born Pink World Tour - CDMX 2023,D:\Códigos\Musica-Analisis\files\xml\Pre_RAW\Concierto_ BlackPink Born Pink World Tour - CDMX 2023.xml,JISOO,100,True,1,124,322,Se encuentra en spotify,,24,2025-01-17 18:32:37,2026-01-07 19:28:32,1,1,,,5,Archivo de audio AAC,1,file://localhost/E:/iTunes/iTunes%20Media/Music/JISOO/ME%20-%20Single/01%20FLOWER.m4a,,,2644,6130EF48ED76DC7A,4,3850567612,2026-01-07 00:06:52,,100,,2023-03-31 12:00:00,48000,7056482,,,,,,,2,14155,1,File,2023
BLACKPINK - EP,BLACKPINK,J-Pop,BOOMBAYAH,4:01,,01 BOOMBAYAH.m4a,Concierto_ BlackPink Born Pink World Tour - CDMX 2023,D:\Códigos\Musica-Analisis\files\xml\Pre_RAW\Concierto_ BlackPink Born Pink World Tour - CDMX 2023.xml,BLACKPINK,100,True,1,125,325,Se encuentra en spotify,,TEDDY/Rebecca Johnson & TEDDY/Rebecca Johnson/SUNNY BOY,2025-02-07 06:05:05,2026-01-07 18:51:39,1,1,,,5,Archivo de audio AAC,1,file://localhost/E:/iTunes/iTunes%20Media/Music/BLACKPINK/BLACKPINK%20-%20EP/01%20BOOMBAYAH.m4a,,,8820,8CA7D9DA140B4493,3,3838845873,2025-08-24 07:04:33,,100,,2017-08-29 12:00:00,48000,9906471,,,,,,,6,15633,1,File,2017
BLACKPINK - EP,BLACKPINK,J-Pop,WHISTLE,3:32,,02 WHISTLE.m4a,Concierto_ BlackPink Born Pink World Tour - CDMX 2023,D:\Códigos\Musica-Analisis\files\xml\Pre_RAW\Concierto_ BlackPink Born Pink World Tour - CDMX 2023.xml,BLACKPINK,100,True,1,103,331,,,TEDDY/FUTURE BOUNCE/Rebecca Johnson & TEDDY/Rebecca Johnson/SUNNY BOY,2025-02-07 06:05:05,2026-01-07 18:48:48,1,1,,,5,Archivo de audio AAC,1,file://localhost/E:/iTunes/iTunes%20Media/Music/BLACKPINK/BLACKPINK%20-%20EP/02%20WHISTLE.m4a,,,4505,C4E7A4E920BE809D,1,3848901131,2025-12-18 17:12:11,,,,2017-08-29 12:00:00,48000,8870680,,,,,,,6,15635,2,File,2017
BLACKPINK - EP,BLACKPINK,J-Pop,STAY,3:51,,04 STAY.m4a,Concierto_ BlackPink Born Pink World Tour - CDMX 2023,D:\Códigos\Musica-Analisis\files\xml\Pre_RAW\Concierto_ BlackPink Born Pink World Tour - CDMX 2023.xml,BLACKPINK,100,True,1,88,327,,,,2025-02-07 06:05:05,2026-01-07 19:23:48,1,1,,,5,Archivo de audio AAC,1,file://localhost/E:/iTunes/iTunes%20Media/Music/BLACKPINK/BLACKPINK%20-%20EP/04%20STAY.m4a,,,3107,2EEB61D30B82576E,1,3831368918,2025-05-29 18:08:38,,,,2017-08-29 12:00:00,48000,9538731,,,,,,,6,15639,4,File,2017
BLACKPINK - EP,BLACKPINK,J-Pop,AS IF IT'S YOUR LAST,3:32,,05 AS IF IT'S YOUR LAST.m4a,Concierto_ BlackPink Born Pink World Tour - CDMX 2023,D:\Códigos\Musica-Analisis\files\xml\Pre_RAW\Concierto_ BlackPink Born Pink World Tour - CDMX 2023.xml,BLACKPINK,100,True,1,125,326,,,TEDDY/FUTURE BOUNCE/Lydia Paek & TEDDY/BrotherSu/CHOICE37/SUNNY BOY,2025-02-07 06:05:05,2026-01-07 19:47:22,1,1,,,5,Archivo de audio AAC,1,file://localhost/E:/iTunes/iTunes%20Media/Music/BLACKPINK/BLACKPINK%20-%20EP/05%20AS%20IF%20IT'S%20YOUR%20LAST.m4a,,,8958,23C134EFF12A3E62,,,,,,,2017-08-29 12:00:00,48000,8755209,1,2025-12-27 01:17:24,,,,,6,15641,5,File,2017
SQUARE UP - EP,BLACKPINK,K-pop,DDU-DU DDU-DU,3:31,,01 DDU-DU DDU-DU.m4a,Concierto_ BlackPink Born Pink World Tour - CDMX 2023,D:\Códigos\Musica-Analisis\files\xml\Pre_RAW\Concierto_ BlackPink Born Pink World Tour - CDMX 2023.xml,BLACKPINK,,,1,140,321,,,"Teddy, 24, R. Tee & Bekuh Boom",2025-02-07 06:12:36,2026-01-07 22:09:43,1,1,,,5,Archivo de audio AAC,1,file://localhost/E:/iTunes/iTunes%20Media/Music/BLACKPINK/SQUARE%20UP%20-%20EP/01%20DDU-DU%20DDU-DU.m4a,,,6128,B60E41C46ADAC81A,1,3830098463,2025-05-15 01:14:23,,,,2018-06-15 12:00:00,48000,8574230,,,,,,,4,15645,1,File,2018
KILL THIS LOVE - EP,BLACKPINK,K-pop,Kill This Love,3:11,,01 Kill This Love.m4a,Concierto_ BlackPink Born Pink World Tour - CDMX 2023,D:\Códigos\Musica-Analisis\files\xml\Pre_RAW\Concierto_ BlackPink Born Pink World Tour - CDMX 2023.xml,BLACKPINK,,,1,132,322,,,"Teddy, R. Tee, 24 & Bekuh Boom",2025-02-07 06:12:36,2026-01-07 17:19:32,1,1,,,5,Archivo de audio AAC,1,file://localhost/E:/iTunes/iTunes%20Media/Music/BLACKPINK/KILL%20THIS%20LOVE%20-%20EP/01%20Kill%20This%20Love.m4a,,,5946,B5EA36686250644C,1,3843125832,2025-10-12 19:57:12,,,,2019-04-04 12:00:00,48000,7853061,,,,,,,5,15647,1,File,2019
KILL THIS LOVE - EP,BLACKPINK,K-pop,Don't Know What To Do,3:21,,02 Don't Know What To Do.m4a,Concierto_ BlackPink Born Pink World Tour - CDMX 2023,D:\Códigos\Musica-Analisis\files\xml\Pre_RAW\Concierto_ BlackPink Born Pink World Tour - CDMX 2023.xml,BLACKPINK,,,1,130,322,,,"Teddy, 24, Brian Lee & Bekuh Boom",2025-02-07 06:12:36,2026-01-07 18:02:44,1,1,,,5,Archivo de audio AAC,1,file://localhost/E:/iTunes/iTunes%20Media/Music/BLACKPINK/KILL%20THIS%20LOVE%20-%20EP/02%20Don't%20Know%20What%20To%20Do.m4a,,,6336,750038F53A06865C,,,,,,,2019-04-04 12:00:00,48000,8252228,,,,,,,5,15649,2,File,2019
SQUARE UP - EP,BLACKPINK,K-pop,Forever Young,3:59,,02 Forever Young.m4a,Concierto_ BlackPink Born Pink World Tour - CDMX 2023,D:\Códigos\Musica-Analisis\files\xml\Pre_RAW\Concierto_ BlackPink Born Pink World Tour - CDMX 2023.xml,BLACKPINK,,,1,110,321,,,Teddy & FUTURE BOUNCE,2025-02-07 06:12:36,2026-01-07 17:03:27,1,1,,,5,Archivo de audio AAC,1,file://localhost/E:/iTunes/iTunes%20Media/Music/BLACKPINK/SQUARE%20UP%20-%20EP/02%20Forever%20Young.m4a,,,10375,0CA6DDF286BA7C57,,,,,,,2018-06-15 12:00:00,48000,9697008,,,,,,,4,15651,2,File,2018
JENNIE Special Single [You & Me] - Single,JENNIE,K-pop,You & Me,2:59,,01 You & Me.m4a,Concierto_ BlackPink Born Pink World Tour - CDMX 2023,D:\Códigos\Musica-Analisis\files\xml\Pre_RAW\Concierto_ BlackPink Born Pink World Tour - CDMX 2023.xml,JENNIE,,,1,112,322,,,Teddy,2025-02-07 06:21:00,2026-01-07 17:14:15,1,1,,,5,Archivo de audio AAC,1,file://localhost/E:/iTunes/iTunes%20Media/Music/JENNIE/JENNIE%20Special%20Single%20%5BYou%20&%20Me%5D%20-%20Singl/01%20You%20&%20Me.m4a,,,4733,A81C77D5DCC89C2E,1,3849604521,2025-12-26 20:35:21,,,,2023-10-06 12:00:00,48000,7341043,,,,,,,2,15663,1,File,2023
R - Single,ROSÉ,K-pop,On The Ground,2:48,,01 On The Ground.m4a,Concierto_ BlackPink Born Pink World Tour - CDMX 2023,D:\Códigos\Musica-Analisis\files\xml\Pre_RAW\Concierto_ BlackPink Born Pink World Tour - CDMX 2023.xml,ROSÉ,,,1,95,321,,,"ROSÉ, Amy Allen, Jon Bellion, Jorgen Odegard, Raul Cubina & Teddy",2025-02-07 06:21:01,2026-01-07 22:10:26,1,1,,,5,Archivo de audio AAC,1,file://localhost/E:/iTunes/iTunes%20Media/Music/ROS%C3%89/R%20-%20Single/01%20On%20The%20Ground.m4a,,,3525,DC35B06A2DA58F8F,,,,,,,2021-03-12 12:00:00,48000,6856051,,,,,,,2,15669,1,File,2021
LALISA - Single,LISA (BlackPink),K-pop,LALISA,3:20,,01 LALISA.m4a,Concierto_ BlackPink Born Pink World Tour - CDMX 2023,D:\Códigos\Musica-Analisis\files\xml\Pre_RAW\Concierto_ BlackPink Born Pink World Tour - CDMX 2023.xml,LISA (BlackPink),,,1,75,323,,,"Teddy, Bekuh Boom & 24",2025-02-07 06:23:57,2025-12-26 20:02:23,1,1,,,5,Archivo de audio AAC,1,file://localhost/E:/iTunes/iTunes%20Media/Music/LISA%20(BlackPink)/LALISA%20-%20Single/01%20LALISA.m4a,,,3423,D4627A79413F422D,1,3846496207,2025-11-20 21:10:07,,,,2021-09-10 12:00:00,48000,8283778,,,,,,,12,15673,1,File,2021
LALISA - Single,LISA (BlackPink),K-pop,MONEY,2:48,,02 MONEY.m4a,Concierto_ BlackPink Born Pink World Tour - CDMX 2023,D:\Códigos\Musica-Analisis\files\xml\Pre_RAW\Concierto_ BlackPink Born Pink World Tour - CDMX 2023.xml,LISA (BlackPink),,,1,140,321,,,"Teddy, Bekuh Boom, Vince, 24 & R. Tee",2025-02-07 06:23:57,2026-01-07 17:56:03,1,1,,,5,Archivo de audio AAC,1,file://localhost/E:/iTunes/iTunes%20Media/Music/LISA%20(BlackPink)/LALISA%20-%20Single/02%20MONEY.m4a,,,1614,D1AD2CD5682F9F7F,1,3846496208,2025-11-20 21:10:08,,,,2021-09-10 12:00:00,48000,6894292,,,,,,,12,15675,2,File,2021
Allure of the Dark - Single,DAOKO,J-Pop,Allure of the Dark,4:08,,01 Allure of the Dark.mp3,Concierto_ Daoko World Tour - CDMX 2023,D:\Códigos\Musica-Analisis\files\xml\Pre_RAW\Concierto_ Daoko World Tour - CDMX 2023.xml,DAOKO,100,True,1,158,256,Se encuentra en spotify,,,2024-09-26 20:49:18,2026-01-07 18:09:47,1,1,,,5,Archivo de audio MPEG,1,file://localhost/E:/iTunes/iTunes%20Media/Music/Daoko/Allure%20of%20the%20Dark%20-%20Single/01%20Allure%20of%20the%20Dark.mp3,,,5213,5D49D4BE00996F29,3,3847090298,2025-11-27 18:11:38,,100,,,44100,8038701,,,,,,,1,5925,1,File,2023
Anima,DAOKO,Alternativa,Ocharaketayo,4:10,,12 Ocharaketayo.mp3,Concierto_ Daoko World Tour - CDMX 2023,D:\Códigos\Musica-Analisis\files\xml\Pre_RAW\Concierto_ Daoko World Tour - CDMX 2023.xml,DAOKO,,,1,95,256,,,Daoko & pxzvc,2024-09-26 20:49:20,2026-01-07 19:04:52,1,1,,,5,Archivo de audio MPEG,1,file://localhost/E:/iTunes/iTunes%20Media/Music/DAOKO/Anima/12%20Ocharaketayo.mp3,,,1259,340D2902AF890B13,1,3846495827,2025-11-20 21:03:47,,,,,44100,8224976,,,,,,,12,5947,12,File,2020
DAOKO,DAOKO,J-Pop,Suisei,4:33,,01 Suisei.mp3,Concierto_ Daoko World Tour - CDMX 2023,D:\Códigos\Musica-Analisis\files\xml\Pre_RAW\Concierto_ Daoko World Tour - CDMX 2023.xml,DAOKO,100,True,1,100,256,Se encuentra en spotify,,"tofubeats, DAOKO & Onomatope Daiji",2024-09-26 20:49:20,2026-01-07 21:30:58,1,1,,,5,Archivo de audio MPEG,1,file://localhost/E:/iTunes/iTunes%20Media/Music/DAOKO/DAOKO/01%20Suisei.mp3,,,5334,B3B81E6625F59A71,2,3833805455,2025-06-26 22:57:35,,100,,,44100,8829257,,,,,,,12,5949,1,File,2015
DAOKO,DAOKO,J-Pop,Kakete Ageru,4:03,,02 Kakete Ageru.mp3,Concierto_ Daoko World Tour - CDMX 2023,D:\Códigos\Musica-Analisis\files\xml\Pre_RAW\Concierto_ Daoko World Tour - CDMX 2023.xml,DAOKO,100,True,1,109,256,Se encuentra en spotify,,DAOKO & 小島英也,2024-09-26 20:49:20,2026-01-07 18:08:29,1,1,,,5,Archivo de audio MPEG,1,file://localhost/E:/iTunes/iTunes%20Media/Music/DAOKO/DAOKO/02%20Kakete%20Ageru.mp3,,,4319,2C07C0AD2363F6D9,1,3819979475,2025-01-17 23:24:35,,100,,,44100,7852910,,,,,,,12,5951,2,File,2015
DAOKO,DAOKO,J-Pop,Boku,4:55,,06 Boku.mp3,Concierto_ Daoko World Tour - CDMX 2023,D:\Códigos\Musica-Analisis\files\xml\Pre_RAW\Concierto_ Daoko World Tour - CDMX 2023.xml,DAOKO,100,True,1,105,256,,,DAOKO & 小島英也,2024-09-26 20:49:21,2026-01-07 20:18:45,1,1,,,5,Archivo de audio MPEG,1,file://localhost/E:/iTunes/iTunes%20Media/Music/DAOKO/DAOKO/06%20Boku.mp3,,,3794,FC975D138C1FFC21,1,3846495828,2025-11-20 21:03:48,,,,,44100,9543965,,,,,,,12,5959,6,File,2015
ShibuyaK -SamishiiKamisama - Single,DAOKO,J-Pop,Samishii Kamisama,4:27,,02 Samishii Kamisama.mp3,Concierto_ Daoko World Tour - CDMX 2023,D:\Códigos\Musica-Analisis\files\xml\Pre_RAW\Concierto_ Daoko World Tour - CDMX 2023.xml,DAOKO,100,True,1,128,256,Se encuentra en spotify,,DAOKO & 小島英也(ORESAMA),2024-09-26 20:49:27,2026-01-07 22:19:00,1,1,,,5,Archivo de audio MPEG,1,file://localhost/E:/iTunes/iTunes%20Media/Music/DAOKO/ShibuyaK%20-SamishiiKamisama%20-%20Single/02%20Samishii%20Kamisama.mp3,,,6773,7F335E0BFA1B3EC2,4,3845206312,2025-11-05 22:51:52,,100,,,44100,8651000,,,,,,,3,6019,2,File,2015
ShibuyaK -SamishiiKamisama - Single,DAOKO,J-Pop,Yumemitetano Atashi,4:27,,03 Yumemitetano Atashi.mp3,Concierto_ Daoko World Tour - CDMX 2023,D:\Códigos\Musica-Analisis\files\xml\Pre_RAW\Concierto_ Daoko World Tour - CDMX 2023.xml,DAOKO,100,True,1,100,256,Se encuentra en spotify,,DAOKO & 小島英也(ORESAMA),2024-09-26 20:49:27,2026-01-07 17:15:46,1,1,,,5,Archivo de audio MPEG,1,file://localhost/E:/iTunes/iTunes%20Media/Music/DAOKO/ShibuyaK%20-SamishiiKamisama%20-%20Single/03%20Yumemitetano%20Atashi.mp3,,,4457,E217EC28F79998C1,3,3834310330,2025-07-02 19:12:10,,100,,,44100,8653099,,,,,,,3,6021,3,File,2015
Mad - EP,DAOKO & Yohji Igarashi,Dance,Mad,3:29,,01 Mad.mp3,Concierto_ Daoko World Tour - CDMX 2023,D:\Códigos\Musica-Analisis\files\xml\Pre_RAW\Concierto_ Daoko World Tour - CDMX 2023.xml,DAOKO & Yohji Igarashi,100,True,1,126,256,Se encuentra en spotify,,,2024-09-26 20:49:36,2026-01-07 20:39:19,1,1,,,5,Archivo de audio MPEG,1,file://localhost/E:/iTunes/iTunes%20Media/Music/DAOKO%20&%20Yohji%20Igarashi/Mad%20-%20EP/01%20Mad.mp3,,,4810,BD6CBCD429D23A88,5,3851166897,2026-01-13 22:34:57,,100,,,44100,6866962,,,,,,,4,6123,1,File,2022
Mad - EP,DAOKO & Yohji Igarashi,Dance,Spoopy,2:55,,02 Spoopy.mp3,Concierto_ Daoko World Tour - CDMX 2023,D:\Códigos\Musica-Analisis\files\xml\Pre_RAW\Concierto_ Daoko World Tour - CDMX 2023.xml,DAOKO & Yohji Igarashi,100,True,1,126,256,Se encuentra en spotify,,,2024-09-26 20:49:37,2026-01-07 19:47:02,1,1,,,5,Archivo de audio MPEG,1,file://localhost/E:/iTunes/iTunes%20Media/Music/Daoko%20&%20Yohji%20Igarashi/Mad%20-%20EP/02%20Spoopy.mp3,,,5340,D02760A78A1463FA,3,3850401816,2026-01-05 02:03:36,,100,,,44100,5778599,,,,,,,4,6125,2,File,2022
Shitekiryoko,DAOKO × 中田ヤスタカ,J-Pop,Bokurano Network,3:37,,02 Bokurano Network.mp3,Concierto_ Daoko World Tour - CDMX 2023,D:\Códigos\Musica-Analisis\files\xml\Pre_RAW\Concierto_ Daoko World Tour - CDMX 2023.xml,DAOKO,100,True,1,115,256,,,Yasutaka Nakata,2024-09-26 20:49:38,2026-01-07 21:26:47,1,1,,,5,Archivo de audio MPEG,1,file://localhost/E:/iTunes/iTunes%20Media/Music/DAOKO/Shitekiryoko/02%20Bokurano%20Network.mp3,,,9479,EC792F01DED06DDE,1,3846495838,2025-11-20 21:03:58,,,,,44100,7004951,,,,,,,10,6137,2,File,2018
Uchiagehanabi - Single,DAOKO×米津玄師,J-Pop,Uchiagehanabi,4:49,,01 Uchiagehanabi.mp3,Concierto_ Daoko World Tour - CDMX 2023,D:\Códigos\Musica-Analisis\files\xml\Pre_RAW\Concierto_ Daoko World Tour - CDMX 2023.xml,DAOKO,100,True,1,96,256,Se encuentra en spotify,,Kenshi Yonezu,2024-09-26 20:49:39,2026-01-07 19:48:00,1,1,,,5,Archivo de audio MPEG,1,file://localhost/E:/iTunes/iTunes%20Media/Music/DAOKO/Uchiagehanabi%20-%20Single/01%20Uchiagehanabi.mp3,,,5313,8CD70CE23CC22449,2,3835035332,2025-07-11 04:35:32,,100,,,44100,10402522,,,,,,,3,6145,1,File,2017
日本アニメ(ーター)見本市 「ME!ME!ME!」 - Single,日本アニメ(ーター)見本市-TeddyLoid-daoko,Anime,ME!ME!ME! pt.1,1:36,,01 ME!ME!ME! pt.1.m4a,Concierto_ Daoko World Tour - CDMX 2023,D:\Códigos\Musica-Analisis\files\xml\Pre_RAW\Concierto_ Daoko World Tour - CDMX 2023.xml,日本アニメ(ーター)見本市-TeddyLoid-daoko,,,1,125,323,,,www.eimusics.com,2025-02-07 05:47:41,2025-07-12 07:08:08,1,1,,,5,Archivo de audio AAC,1,file://localhost/E:/iTunes/iTunes%20Media/Music/%E6%97%A5%E6%9C%AC%E3%82%A2%E3%83%8B%E3%83%A1(%E3%83%BC%E3%82%BF%E3%83%BC)%E8%A6%8B%E6%9C%AC%E5%B8%82-TeddyLoid-daoko/%E6%97%A5%E6%9C%AC%E3%82%A2%E3%83%8B%E3%83%A1(%E3%83%BC%E3%82%BF%E3%83%BC)%E8%A6%8B%E6%9C%AC%E5%B8%82%20%E3%80%8CME!ME!ME!%E3%80%8D%20-%20Single/01%20ME!ME!ME!%20pt.1.m4a,,,9311,69D59298B2E56014,1,3846495839,2025-11-20 21:03:59,,,,2014-12-22 12:00:00,48000,3997378,,,,,,,3,15617,1,File,2014
日本アニメ(ーター)見本市 「ME!ME!ME!」 - Single,日本アニメ(ーター)見本市-TeddyLoid-daoko,Anime,ME!ME!ME! pt.2,1:36,,02 ME!ME!ME! pt.2.m4a,Concierto_ Daoko World Tour - CDMX 2023,D:\Códigos\Musica-Analisis\files\xml\Pre_RAW\Concierto_ Daoko World Tour - CDMX 2023.xml,日本アニメ(ーター)見本市-TeddyLoid-daoko,,,1,90,321,,,www.eimusics.com,2025-02-07 05:47:41,2026-01-07 17:29:25,1,1,,,5,Archivo de audio AAC,1,file://localhost/E:/iTunes/iTunes%20Media/Music/%E6%97%A5%E6%9C%AC%E3%82%A2%E3%83%8B%E3%83%A1(%E3%83%BC%E3%82%BF%E3%83%BC)%E8%A6%8B%E6%9C%AC%E5%B8%82-TeddyLoid-daoko/%E6%97%A5%E6%9C%AC%E3%82%A2%E3%83%8B%E3%83%A1(%E3%83%BC%E3%82%BF%E3%83%BC)%E8%A6%8B%E6%9C%AC%E5%B8%82%20%E3%80%8CME!ME!ME!%E3%80%8D%20-%20Single/02%20ME!ME!ME!%20pt.2.m4a,,,5106,C219FCA2ADE7E458,1,3846495839,2025-11-20 21:03:59,,,,2014-12-22 12:00:00,48000,3980304,,,,,,,3,15619,2,File,2014
日本アニメ(ーター)見本市 「ME!ME!ME!」 - Single,日本アニメ(ーター)見本市-TeddyLoid-daoko,Anime,ME!ME!ME! pt.3,2:38,,03 ME!ME!ME! pt.3.m4a,Concierto_ Daoko World Tour - CDMX 2023,D:\Códigos\Musica-Analisis\files\xml\Pre_RAW\Concierto_ Daoko World Tour - CDMX 2023.xml,日本アニメ(ーター)見本市-TeddyLoid-daoko,,,1,140,322,,,www.eimusics.com,2025-02-07 05:47:41,2026-01-07 18:12:43,1,1,,,5,Archivo de audio AAC,1,file://localhost/E:/iTunes/iTunes%20Media/Music/%E6%97%A5%E6%9C%AC%E3%82%A2%E3%83%8B%E3%83%A1(%E3%83%BC%E3%82%BF%E3%83%BC)%E8%A6%8B%E6%9C%AC%E5%B8%82-TeddyLoid-daoko/%E6%97%A5%E6%9C%AC%E3%82%A2%E3%83%8B%E3%83%A1(%E3%83%BC%E3%82%BF%E3%83%BC)%E8%A6%8B%E6%9C%AC%E5%B8%82%20%E3%80%8CME!ME!ME!%E3%80%8D%20-%20Single/03%20ME!ME!ME!%20pt.3.m4a,,,11636,50BAD6E521105DD7,1,3846495839,2025-11-20 21:03:59,,,,2014-12-22 12:00:00,48000,6499361,,,,,,,3,15621,3,File,2014
Pretty Guardian Sailor Moon Cosmos the Movie Theme Song Collection - EP,DAOKO,Anime,Tsuki no Hana,4:01,,01 Tsuki no Hana.m4a,Concierto_ Daoko World Tour - CDMX 2023,D:\Códigos\Musica-Analisis\files\xml\Pre_RAW\Concierto_ Daoko World Tour - CDMX 2023.xml,,,,1,130,322,,True,,2025-02-07 05:55:15,2026-01-07 17:22:06,1,1,,,5,Archivo de audio AAC,1,file://localhost/E:/iTunes/iTunes%20Media/Music/Compilations/Pretty%20Guardian%20Sailor%20Moon%20Cosmos%20the%20M/01%20Tsuki%20no%20Hana.m4a,,,6733,172C24B9960D7282,1,3846495832,2025-11-20 21:03:52,,,,2023-05-26 12:00:00,48000,9895378,,,,,,,5,15623,1,File,2023
Dance The Night (From Barbie The Album) - Single,Dua Lipa,Pop,Dance The Night (From Barbie The Album),2:56,,01 Dance The Night (From Barbie The.mp3,Concierto_ Dua Lipa Radical Optimism Tour,D:\Códigos\Musica-Analisis\files\xml\Pre_RAW\Concierto_ Dua Lipa Radical Optimism Tour.xml,Dua Lipa,100,True,1,110,256,Se encuentra en spotify,,"Andrew Wyatt, Caroline Ailin, Dua Lipa & Mark Ronson",2024-09-26 20:49:43,2026-01-07 19:53:22,1,1,,,5,Archivo de audio MPEG,1,file://localhost/E:/iTunes/iTunes%20Media/Music/Dua%20Lipa/Dance%20The%20Night%20(From%20Barbie%20The%20Album)/01%20Dance%20The%20Night%20(From%20Barbie%20The.mp3,,,5817,29B50CDE0E641CA6,3,3831057497,2025-05-26 03:38:17,,100,,,44100,5712975,,,,,,,1,6183,1,File,2023
Dua Lipa (Deluxe),Dua Lipa,Pop,Be the One,3:23,,04 Be the One.mp3,Concierto_ Dua Lipa Radical Optimism Tour,D:\Códigos\Musica-Analisis\files\xml\Pre_RAW\Concierto_ Dua Lipa Radical Optimism Tour.xml,Dua Lipa,100,True,1,87,256,,,"Digital Farm Animals, Jack Tarrant & Lucy Taylor",2024-09-26 20:49:43,2026-01-07 20:56:27,1,1,,,5,Archivo de audio MPEG,1,file://localhost/E:/iTunes/iTunes%20Media/Music/Dua%20Lipa/Dua%20Lipa%20(Deluxe)/04%20Be%20the%20One.mp3,,,7607,FDB076F434D17A3D,1,3822552360,2025-02-16 18:06:00,,,,,44100,6587989,,,,,,,17,6191,4,File,2017
Dua Lipa (Deluxe),Dua Lipa,Pop,New Rules,3:29,,10 New Rules.mp3,Concierto_ Dua Lipa Radical Optimism Tour,D:\Códigos\Musica-Analisis\files\xml\Pre_RAW\Concierto_ Dua Lipa Radical Optimism Tour.xml,Dua Lipa,100,True,1,116,256,Se encuentra en spotify,,"Caroline Ailin, Emily Warren & Ian Kirkpatrick",2024-09-26 20:49:44,2026-01-07 18:09:53,1,1,,,5,Archivo de audio MPEG,1,file://localhost/E:/iTunes/iTunes%20Media/Music/Dua%20Lipa/Dua%20Lipa%20(Deluxe)/10%20New%20Rules.mp3,,,3483,D58CD5FE24470E4E,3,3847196245,2025-11-28 23:37:25,,100,,,44100,6793625,,,,,,,17,6203,10,File,2017
Future Nostalgia,Dua Lipa,Pop,Don't Start Now,3:03,,02 Don't Start Now.mp3,Concierto_ Dua Lipa Radical Optimism Tour,D:\Códigos\Musica-Analisis\files\xml\Pre_RAW\Concierto_ Dua Lipa Radical Optimism Tour.xml,Dua Lipa,100,True,1,124,256,,,"Dua Lipa, Caroline Ailin, Emily Warren & Ian Kirkpatrick",2024-09-26 20:49:46,2026-01-07 17:30:21,1,1,,,5,Archivo de audio MPEG,1,file://localhost/E:/iTunes/iTunes%20Media/Music/Dua%20Lipa/Future%20Nostalgia/02%20Don't%20Start%20Now.mp3,,,4574,42330F57AFE15AA2,1,3822478300,2025-02-15 21:31:40,,,,,44100,5939732,,,,,,,13,6221,2,File,2020
Future Nostalgia,Dua Lipa,Pop,Physical,3:13,,04 Physical.mp3,Concierto_ Dua Lipa Radical Optimism Tour,D:\Códigos\Musica-Analisis\files\xml\Pre_RAW\Concierto_ Dua Lipa Radical Optimism Tour.xml,Dua Lipa,100,True,1,147,256,Se encuentra en spotify,,"Dua Lipa, Clarence Coffee Jr, Jason Evigan & Sarah Hudson",2024-09-26 20:49:46,2026-01-07 20:41:46,1,1,,,5,Archivo de audio MPEG,1,file://localhost/E:/iTunes/iTunes%20Media/Music/Dua%20Lipa/Future%20Nostalgia/04%20Physical.mp3,,,7813,32EDF911A6366D25,6,3850414769,2026-01-05 05:39:29,,100,,,44100,6277436,,,,,,,13,6225,4,File,2020
Future Nostalgia,Dua Lipa,Pop,Levitating,3:23,,05 Levitating.mp3,Concierto_ Dua Lipa Radical Optimism Tour,D:\Códigos\Musica-Analisis\files\xml\Pre_RAW\Concierto_ Dua Lipa Radical Optimism Tour.xml,Dua Lipa,100,True,1,103,256,Se encuentra en spotify,,"Clarence Coffee Jr., Dua Lipa, Sarah Hudson, Stephen Kozmeniuk",2024-09-26 20:49:46,2026-01-07 20:43:25,1,1,,,5,Archivo de audio MPEG,1,file://localhost/E:/iTunes/iTunes%20Media/Music/Dua%20Lipa/Future%20Nostalgia/05%20Levitating.mp3,,,9870,36492FF9B99587D3,7,3842463724,2025-10-05 04:02:04,,100,,,44100,6597422,,,,,,,13,6227,5,File,2020
Future Nostalgia,Dua Lipa,Pop,Hallucinate,3:28,,07 Hallucinate.mp3,Concierto_ Dua Lipa Radical Optimism Tour,D:\Códigos\Musica-Analisis\files\xml\Pre_RAW\Concierto_ Dua Lipa Radical Optimism Tour.xml,Dua Lipa,100,True,1,122,256,Se encuentra en spotify,,Dua Lipa,2024-09-26 20:49:47,2026-01-07 19:17:02,1,1,,,5,Archivo de audio MPEG,1,file://localhost/E:/iTunes/iTunes%20Media/Music/Dua%20Lipa/Future%20Nostalgia/07%20Hallucinate.mp3,,,6134,4A5861BCD7019F77,5,3840283800,2025-09-09 22:30:00,,100,,,44100,6746389,,,,,,,13,6231,7,File,2020
Future Nostalgia,Dua Lipa,Pop,Love Again,4:18,,08 Love Again.mp3,Concierto_ Dua Lipa Radical Optimism Tour,D:\Códigos\Musica-Analisis\files\xml\Pre_RAW\Concierto_ Dua Lipa Radical Optimism Tour.xml,Dua Lipa,100,True,1,116,256,Se encuentra en spotify,,"Chelcee Grimes, Clarence Coffee Jr, Crosby, Dua Lipa, Stephen Kozmeniuk, Wallman & Wartell",2024-09-26 20:49:47,2026-01-07 19:09:02,1,1,,,5,Archivo de audio MPEG,1,file://localhost/E:/iTunes/iTunes%20Media/Music/Dua%20Lipa/Future%20Nostalgia/08%20Love%20Again.mp3,,,6125,7D506E2F39647211,7,3844159597,2025-10-24 19:06:37,,100,,,44100,8331289,,,,,,,13,6233,8,File,2020
Future Nostalgia,Dua Lipa,Pop,Break My Heart,3:41,,09 Break My Heart.mp3,Concierto_ Dua Lipa Radical Optimism Tour,D:\Códigos\Musica-Analisis\files\xml\Pre_RAW\Concierto_ Dua Lipa Radical Optimism Tour.xml,Dua Lipa,100,True,1,113,256,Se encuentra en spotify,,"Dua Lipa, Andrew Wotman, Ali Tamposi, Stefan Johnson, Jordan K. Johnson, Andrew Farriss & Michael Hutchence",2024-09-26 20:49:47,2026-01-07 17:49:42,1,1,,,5,Archivo de audio MPEG,1,file://localhost/E:/iTunes/iTunes%20Media/Music/Dua%20Lipa/Future%20Nostalgia/09%20Break%20My%20Heart.mp3,,,7933,E4770A3556F86B23,5,3850466105,2026-01-05 19:55:05,,100,,,44100,7173546,,,,,,,13,6235,9,File,2020
Radical Optimism,Dua Lipa,Pop,End Of An Era,3:16,,01 End Of An Era.mp3,Concierto_ Dua Lipa Radical Optimism Tour,D:\Códigos\Musica-Analisis\files\xml\Pre_RAW\Concierto_ Dua Lipa Radical Optimism Tour.xml,Dua Lipa,100,True,1,117,256,Se encuentra en spotify,,"Caroline Ailin, Danny L Harle, Dua Lipa, Kevin Parker & Tobias Jesso Jr.",2024-09-26 20:49:48,2026-01-07 21:05:16,1,1,,,5,Archivo de audio MPEG,1,file://localhost/E:/iTunes/iTunes%20Media/Music/Dua%20Lipa/Radical%20Optimism/01%20End%20Of%20An%20Era.mp3,,,4927,ABB5E59A06428C58,3,3851447216,2026-01-17 04:26:56,,100,,,44100,6327106,,,Radical Optimism,,Dua Lipa,End Of An Era,11,6249,1,File,2024
Radical Optimism,Dua Lipa,Pop,Houdini,3:06,,02 Houdini.mp3,Concierto_ Dua Lipa Radical Optimism Tour,D:\Códigos\Musica-Analisis\files\xml\Pre_RAW\Concierto_ Dua Lipa Radical Optimism Tour.xml,Dua Lipa,100,True,1,117,256,,,"Caroline Ailin, Danny L Harle, Dua Lipa, Kevin Parker & Tobias Jesso Jr.",2024-09-26 20:49:49,2026-01-07 18:53:49,1,1,,,5,Archivo de audio MPEG,1,file://localhost/E:/iTunes/iTunes%20Media/Music/Dua%20Lipa/Radical%20Optimism/02%20Houdini.mp3,,,4777,F9BA923BC2C002F1,1,3846495876,2025-11-20 21:04:36,,,,,44100,5997742,,,Radical Optimism,,Dua Lipa,Houdini,11,6251,2,File,2024
Radical Optimism,Dua Lipa,Pop,Training Season,3:29,,03 Training Season.mp3,Concierto_ Dua Lipa Radical Optimism Tour,D:\Códigos\Musica-Analisis\files\xml\Pre_RAW\Concierto_ Dua Lipa Radical Optimism Tour.xml,Dua Lipa,100,True,1,123,256,,,"Caroline Ailin, Danny L Harle, Dua Lipa, Kevin Parker, Martina Sorbara, Nicholas Gale, Shaun Frank, Steve Francis Richard Mastroianni, Tobias Jesso Jr. & Yaakov Gruzman",2024-09-26 20:49:49,2026-01-07 21:34:00,1,1,,,5,Archivo de audio MPEG,1,file://localhost/E:/iTunes/iTunes%20Media/Music/Dua%20Lipa/Radical%20Optimism/03%20Training%20Season.mp3,,,6272,3C310B5056BE1BD9,4,3822589814,2025-02-17 04:30:14,,,,,44100,6751853,,,Radical Optimism,,Dua Lipa,Training Season,11,6253,3,File,2024
Radical Optimism,Dua Lipa,Pop,These Walls,3:37,,04 These Walls.mp3,Concierto_ Dua Lipa Radical Optimism Tour,D:\Códigos\Musica-Analisis\files\xml\Pre_RAW\Concierto_ Dua Lipa Radical Optimism Tour.xml,Dua Lipa,100,True,1,123,256,Se encuentra en spotify,,"Andrew Wyatt, Billy Walsh, Caroline Ailin, Danny L Harle & Dua Lipa",2024-09-26 20:49:49,2026-01-07 17:38:20,1,1,,,5,Archivo de audio MPEG,1,file://localhost/E:/iTunes/iTunes%20Media/Music/Dua%20Lipa/Radical%20Optimism/04%20These%20Walls.mp3,,,4496,1654323B95915B5C,4,3825877783,2025-03-27 05:49:43,,100,,,44100,7017566,,,Radical Optimism,,Dua Lipa,These Walls,11,6255,4,File,2024
Radical Optimism,Dua Lipa,Pop,Whatcha Doing,3:18,,05 Whatcha Doing.mp3,Concierto_ Dua Lipa Radical Optimism Tour,D:\Códigos\Musica-Analisis\files\xml\Pre_RAW\Concierto_ Dua Lipa Radical Optimism Tour.xml,Dua Lipa,100,True,1,105,256,Se encuentra en spotify,,"Ali Tamposi, Caroline Ailin, Danny L Harle, Dua Lipa & Kevin Parker",2024-09-26 20:49:49,2026-01-07 19:40:17,1,1,,,5,Archivo de audio MPEG,1,file://localhost/E:/iTunes/iTunes%20Media/Music/Dua%20Lipa/Radical%20Optimism/05%20Whatcha%20Doing.mp3,,,5895,579EB66D003C0E1C,2,3844096670,2025-10-24 01:37:50,,100,,,44100,6390631,,,Radical Optimism,,Dua Lipa,Whatcha Doing,11,6257,5,File,2024
Radical Optimism,Dua Lipa,Pop,Illusion,3:08,,07 Illusion.mp3,Concierto_ Dua Lipa Radical Optimism Tour,D:\Códigos\Musica-Analisis\files\xml\Pre_RAW\Concierto_ Dua Lipa Radical Optimism Tour.xml,Dua Lipa,100,True,1,127,256,,,"Caroline Ailin, Danny L Harle, Dua Lipa, Kevin Parker & Tobias Jesso Jr.",2024-09-26 20:49:49,2026-01-07 20:16:30,1,1,,,5,Archivo de audio MPEG,1,file://localhost/E:/iTunes/iTunes%20Media/Music/Dua%20Lipa/Radical%20Optimism/07%20Illusion.mp3,,,4975,AE246E0608A2B09D,1,3846495878,2025-11-20 21:04:38,,,,,44100,6068629,,,Radical Optimism,,Dua Lipa,Illusion,11,6261,7,File,2024
Radical Optimism,Dua Lipa,Pop,Falling Forever,3:43,,08 Falling Forever.mp3,Concierto_ Dua Lipa Radical Optimism Tour,D:\Códigos\Musica-Analisis\files\xml\Pre_RAW\Concierto_ Dua Lipa Radical Optimism Tour.xml,Dua Lipa,100,True,1,130,256,Se encuentra en spotify,,"Ali Tamposi, Caroline Ailin, Danny L Harle, Dua Lipa, Emily Warren & Ian Kirkpatrick",2024-09-26 20:49:50,2026-01-07 19:36:25,1,1,,,5,Archivo de audio MPEG,1,file://localhost/E:/iTunes/iTunes%20Media/Music/Dua%20Lipa/Radical%20Optimism/08%20Falling%20Forever.mp3,,,5021,DECC2D95D08ABC81,1,3833361288,2025-06-21 19:34:48,,100,,,44100,7187282,,,Radical Optimism,,Dua Lipa,Falling Forever,11,6263,8,File,2024
Radical Optimism,Dua Lipa,Pop,Anything For Love,2:21,,09 Anything For Love.mp3,Concierto_ Dua Lipa Radical Optimism Tour,D:\Códigos\Musica-Analisis\files\xml\Pre_RAW\Concierto_ Dua Lipa Radical Optimism Tour.xml,Dua Lipa,100,True,1,104,256,,,"Caroline Ailin, Danny L Harle, Dua Lipa, Ian Kirkpatrick, Julia Michaels & Tobias Jesso Jr.",2024-09-26 20:49:50,2026-01-07 20:09:58,1,1,,,5,Archivo de audio MPEG,1,file://localhost/E:/iTunes/iTunes%20Media/Music/Dua%20Lipa/Radical%20Optimism/09%20Anything%20For%20Love.mp3,,,1835,AAAA12E28F94A6F4,1,3846495879,2025-11-20 21:04:39,,,,,44100,4585915,,,Radical Optimism,,Dua Lipa,Anything For Love,11,6265,9,File,2024
Radical Optimism,Dua Lipa,Pop,Maria,3:07,,10 Maria.mp3,Concierto_ Dua Lipa Radical Optimism Tour,D:\Códigos\Musica-Analisis\files\xml\Pre_RAW\Concierto_ Dua Lipa Radical Optimism Tour.xml,Dua Lipa,100,True,1,127,256,Se encuentra en spotify,,"Andrew Wyatt, Caroline Ailin, Danny L Harle, Dua Lipa & Julia Michaels",2024-09-26 20:49:50,2026-01-07 21:10:50,1,1,,,5,Archivo de audio MPEG,1,file://localhost/E:/iTunes/iTunes%20Media/Music/Dua%20Lipa/Radical%20Optimism/10%20Maria.mp3,,,2961,9F0E869830225B98,5,3847187150,2025-11-28 21:05:50,,100,,,44100,6053744,,,Radical Optimism,,Dua Lipa,Maria,11,6267,10,File,2024
Radical Optimism,Dua Lipa,Pop,Happy For You,4:05,,11 Happy For You.mp3,Concierto_ Dua Lipa Radical Optimism Tour,D:\Códigos\Musica-Analisis\files\xml\Pre_RAW\Concierto_ Dua Lipa Radical Optimism Tour.xml,Dua Lipa,100,True,1,120,256,Se encuentra en spotify,,"Caroline Ailin, Danny L Harle, Dua Lipa, Kevin Parker & Tobias Jesso Jr.",2024-09-26 20:49:50,2026-01-07 20:19:38,1,1,,,5,Archivo de audio MPEG,1,file://localhost/E:/iTunes/iTunes%20Media/Music/Dua%20Lipa/Radical%20Optimism/11%20Happy%20For%20You.mp3,,,5239,D54D8240B6875888,3,3846153025,2025-11-16 21:50:25,,100,,,44100,7910336,,,Radical Optimism,,Dua Lipa,Happy For You,11,6269,11,File,2024
Electricity - Single,"Silk City, Dua Lipa feat. Diplo & Mark Ronson",Dance,Electricity,3:58,,01 Electricity.m4a,Concierto_ Dua Lipa Radical Optimism Tour,D:\Códigos\Musica-Analisis\files\xml\Pre_RAW\Concierto_ Dua Lipa Radical Optimism Tour.xml,"Silk City, Dua Lipa feat. Diplo & Mark Ronson",,,1,118,326,,,"Dua Lipa, Mark Ronson, Thomas Wesley Pentz, Diana Gordon, Romy Madley Croft, Philip Meckseper, Jacob Olofsson, Rami Dawod, Maxime Picard & Clément Picard",2025-02-17 16:09:37,2026-01-07 21:26:57,1,1,,,5,Archivo de audio AAC,1,"file://localhost/E:/iTunes/iTunes%20Media/Music/Silk%20City,%20Dua%20Lipa%20feat.%20Diplo%20&%20Mark%20R/Electricity%20-%20Single/01%20Electricity.m4a",,,3193,63979781AA72A9DF,1,3846495897,2025-11-20 21:04:57,,,,2017-06-02 12:00:00,48000,9832579,,,,,,,1,17763,1,File,2017
One Kiss - Single,"Calvin Harris, Dua Lipa",Dance,One Kiss,3:34,,01 One Kiss.m4a,Concierto_ Dua Lipa Radical Optimism Tour,D:\Códigos\Musica-Analisis\files\xml\Pre_RAW\Concierto_ Dua Lipa Radical Optimism Tour.xml,"Calvin Harris, Dua Lipa",100,True,1,124,333,Se encuentra en spotify,,"Dua Lipa, Adam Wiles & Jessie Reyez",2025-02-17 16:09:37,2026-01-07 18:55:59,1,1,,,5,Archivo de audio AAC,1,"file://localhost/E:/iTunes/iTunes%20Media/Music/Calvin%20Harris,%20Dua%20Lipa/One%20Kiss%20-%20Single/01%20One%20Kiss.m4a",,,5686,E370EF752080BB65,4,3834417597,2025-07-04 00:59:57,,100,,2018-04-06 12:00:00,48000,9091406,,,,,,,1,17831,1,File,2018
El Alma Músical de RCA- Consuelo Velázquez,Consuelo Velázquez,Baladas y boleros,Bésame Mucho (Remasterizado),4:12,,01 Bésame Mucho (Remasterizado).m4a,Concierto_ Dua Lipa Radical Optimism Tour,D:\Códigos\Musica-Analisis\files\xml\Pre_RAW\Concierto_ Dua Lipa Radical Optimism Tour.xml,,,,1,121,2304,,True,,2025-12-24 02:23:48,2026-01-07 17:21:59,1,1,,,5,Audio Apple Lossless,1,file://localhost/E:/iTunes/iTunes%20Media/Music/Compilations/El%20Alma%20M%C3%BAsical%20de%20RCA-%20Consuelo%20Vel%C3%A1zqu/01%20B%C3%A9same%20Mucho%20(Remasterizado).m4a,,,589,C48AC683BB268EC4,1,3849617428,2025-12-27 00:10:28,,,,2004-12-03 12:00:00,48000,41610105,,,Alma Músical de RCA- Consuelo Velázquez,,,,20,33473,1,File,2004
LADYBUG,LiSA,J-Pop,GL,3:00,,04 GL.m4a,Concierto_ LiSA Another Great Day,D:\Códigos\Musica-Analisis\files\xml\Pre_RAW\Concierto_ LiSA Another Great Day.xml,LiSA,100,,1,133,325,Se encuentra en spotify,,Avu Barazono,2025-01-17 18:19:47,2026-01-07 17:10:52,1,1,,,5,Archivo de audio AAC,1,file://localhost/E:/iTunes/iTunes%20Media/Music/LiSA/LADYBUG/04%20GL.m4a,,,3098,ADF648411B2F689C,5,3845733271,2025-11-12 01:14:31,,100,,2021-05-19 12:00:00,48000,7488138,,,,,,,7,13945,4,File,2021
REALiZE - Single,LiSA,Anime,REALiZE,3:10,,01 REALiZE.m4a,Concierto_ LiSA Another Great Day,D:\Códigos\Musica-Analisis\files\xml\Pre_RAW\Concierto_ LiSA Another Great Day.xml,LiSA,100,,1,75,325,Se encuentra en spotify,,,2025-01-20 22:19:52,2026-01-07 17:23:36,1,1,,,5,Archivo de audio AAC,1,file://localhost/E:/iTunes/iTunes%20Media/Music/LiSA/REALiZE%20-%20Single/01%20REALiZE.m4a,,,11216,B3B067EDB2034593,2,3833924937,2025-06-28 08:08:57,,100,,2023-06-14 12:00:00,48000,7908570,,,,,,,1,15251,1,File,2023
crossing field,LiSA,J-Pop,Crossing Field,4:09,,01 Crossing Field.mp3,Concierto_ LiSA Another Great Day,D:\Códigos\Musica-Analisis\files\xml\Pre_RAW\Concierto_ LiSA Another Great Day.xml,LiSA,100,True,1,179,320,Se encuentra en spotify,,Watanabe Shou,2025-02-23 20:25:29,2026-01-07 20:16:40,1,1,,,5,Archivo de audio MPEG,1,file://localhost/E:/iTunes/iTunes%20Media/Music/LiSA/crossing%20field/01%20Crossing%20Field.mp3,,,11372,132F562CA7FB1C4D,3,3840194196,2025-09-08 21:36:36,,100,,,44100,10052945,,,,,,,4,21201,1,File,2012
Rising Hope,LiSA,Pop/Rock,Rising Hope,4:11,,01 Rising Hope.mp3,Concierto_ LiSA Another Great Day,D:\Códigos\Musica-Analisis\files\xml\Pre_RAW\Concierto_ LiSA Another Great Day.xml,LiSA,100,True,1,95,320,Se encuentra en spotify,,Tomoya Tabuchi,2025-02-23 20:26:08,2026-01-07 17:13:30,1,1,,,5,Archivo de audio MPEG,1,file://localhost/E:/iTunes/iTunes%20Media/Music/LiSA/Rising%20Hope/01%20Rising%20Hope.mp3,,,11370,293F368093FAA56D,6,3851318685,2026-01-15 16:44:45,,100,,,44100,10121061,,,,,,,4,21265,1,File,2014
だってアタシのヒーロー。,LiSA,Anime,だってアタシのヒーロー。,3:54,,01 だってアタシのヒーロー。.mp3,Concierto_ LiSA Another Great Day,D:\Códigos\Musica-Analisis\files\xml\Pre_RAW\Concierto_ LiSA Another Great Day.xml,LiSA,,,1,95,320,,,渡辺翔,2025-02-23 20:26:38,2026-01-07 20:21:11,1,1,,,5,Archivo de audio MPEG,1,file://localhost/E:/iTunes/iTunes%20Media/Music/LiSA/%E3%81%A0%E3%81%A3%E3%81%A6%E3%82%A2%E3%82%BF%E3%82%B7%E3%81%AE%E3%83%92%E3%83%BC%E3%83%AD%E3%83%BC%E3%80%82/01%20%E3%81%A0%E3%81%A3%E3%81%A6%E3%82%A2%E3%82%BF%E3%82%B7%E3%81%AE%E3%83%92%E3%83%BC%E3%83%AD%E3%83%BC%E3%80%82.mp3,,,19682,5001D8F227EADF85,1,3833906552,2025-06-28 03:02:32,,,,,44100,9419489,,,,,,,4,21305,1,File,2017
ReawakeR - Single,LiSA feat. Felix of Stray Kids,J-Pop,ReawakeR,3:07,,01 ReawakeR.m4a,Concierto_ LiSA Another Great Day,D:\Códigos\Musica-Analisis\files\xml\Pre_RAW\Concierto_ LiSA Another Great Day.xml,LISA,100,,1,129,320,Se encuentra en spotify,,,2025-03-07 05:24:44,2026-01-07 19:45:17,1,1,,,5,Archivo de audio AAC,1,file://localhost/E:/iTunes/iTunes%20Media/Music/LISA/ReawakeR%20-%20Single/01%20ReawakeR.m4a,,,4847,7124080839A33702,5,3843560724,2025-10-17 20:45:24,,100,,2025-01-05 12:00:00,48000,7653069,,,,,,,6,24359,1,File,2025
ReawakeR - Single,LiSA,J-Pop,RED ZONE,2:57,,02 RED ZONE.m4a,Concierto_ LiSA Another Great Day,D:\Códigos\Musica-Analisis\files\xml\Pre_RAW\Concierto_ LiSA Another Great Day.xml,LISA,100,,1,122,323,Se encuentra en spotify,,,2025-03-07 05:24:44,2026-01-07 17:17:01,1,1,,,5,Archivo de audio AAC,1,file://localhost/E:/iTunes/iTunes%20Media/Music/LiSA/ReawakeR%20-%20Single/02%20RED%20ZONE.m4a,,,7251,34CDA926AEFE7720,6,3848394366,2025-12-12 20:26:06,,100,,2025-03-05 12:00:00,48000,7305691,,,,,,,6,24367,2,File,2025
LOVER'S'MiLE,LiSA,Anime,WiLD CANDY,3:55,,05 WiLD CANDY.mp3,Concierto_ LiSA Another Great Day,D:\Códigos\Musica-Analisis\files\xml\Pre_RAW\Concierto_ LiSA Another Great Day.xml,LiSA,100,True,1,142,256,,,礒崎健史,2025-06-26 15:58:27,2026-01-07 19:46:56,1,1,,,5,Archivo de audio MPEG,1,file://localhost/E:/iTunes/iTunes%20Media/Music/LiSA/LOVER'S'MiLE/05%20WiLD%20CANDY.mp3,,,15375,7EA8D647A052CE61,1,3833882174,2025-06-27 20:16:14,,,,,44100,7643445,,,,,,,13,27519,5,File,2012
ブラックボックス - Single,LiSA,J-pop,MAKE A MiRACLE,4:00,,02 MAKE A MiRACLE.mp3,Concierto_ LiSA Another Great Day,D:\Códigos\Musica-Analisis\files\xml\Pre_RAW\Concierto_ LiSA Another Great Day.xml,LiSA,100,True,1,175,256,,,,2025-06-26 15:58:57,2026-01-07 20:41:06,1,1,,,5,Archivo de audio MPEG,1,file://localhost/E:/iTunes/iTunes%20Media/Music/LiSA/%E3%83%96%E3%83%A9%E3%83%83%E3%82%AF%E3%83%9C%E3%83%83%E3%82%AF%E3%82%B9%20-%20Single/02%20MAKE%20A%20MiRACLE.mp3,,,12497,E3DFED2DEE1F5F41,1,3833926435,2025-06-28 08:33:55,,,,,44100,7771242,,,,,,,5,27713,2,File,2024
明け星 - Single,LiSA,Anime,明け星,4:29,,01 明け星.mp3,Concierto_ LiSA Another Great Day,D:\Códigos\Musica-Analisis\files\xml\Pre_RAW\Concierto_ LiSA Another Great Day.xml,LiSA,100,True,1,95,256,Se encuentra en spotify,,梶浦由記,2025-06-26 15:59:01,2026-01-07 22:08:19,1,1,,,5,Archivo de audio MPEG,1,file://localhost/E:/iTunes/iTunes%20Media/Music/LiSA/%E6%98%8E%E3%81%91%E6%98%9F%20-%20Single/01%20%E6%98%8E%E3%81%91%E6%98%9F.mp3,,,10087,A0B3928D85EDDEC4,5,3851330740,2026-01-15 20:05:40,,100,,,44100,8682190,,,,,,,1,27743,1,File,2021
QUEEN - Single,LiSA,Anime,QUEEN,3:08,,01 QUEEN.mp3,Concierto_ LiSA Another Great Day,D:\Códigos\Musica-Analisis\files\xml\Pre_RAW\Concierto_ LiSA Another Great Day.xml,LiSA,100,True,1,140,256,Se encuentra en spotify,,,2025-06-26 15:59:07,2026-01-07 18:37:18,1,1,,,5,Archivo de audio MPEG,1,file://localhost/E:/iTunes/iTunes%20Media/Music/LiSA/QUEEN%20-%20Single/01%20QUEEN.mp3,,,9749,7BE45FF8CC68B19E,4,3839942819,2025-09-05 23:46:59,,100,,,44100,6115983,,,,,,,3,27799,1,File,2024
oath sign - EP,LiSA,Anime,oath sign,4:09,,01 oath sign.mp3,Concierto_ LiSA Another Great Day,D:\Códigos\Musica-Analisis\files\xml\Pre_RAW\Concierto_ LiSA Another Great Day.xml,LiSA,100,True,1,76,256,Se encuentra en spotify,,渡辺翔,2025-06-26 15:59:09,2026-01-07 21:04:15,1,1,,,5,Archivo de audio MPEG,1,file://localhost/E:/iTunes/iTunes%20Media/Music/LiSA/oath%20sign%20-%20EP/01%20oath%20sign.mp3,,,16106,E8964F04F0208D36,3,3834414887,2025-07-04 00:14:47,,100,,,44100,8053277,,,,,,,4,27807,1,File,2011
homura - EP,LiSA,Anime,homura,4:34,,01 homura.mp3,Concierto_ LiSA Another Great Day,D:\Códigos\Musica-Analisis\files\xml\Pre_RAW\Concierto_ LiSA Another Great Day.xml,LiSA,100,True,1,76,256,Se encuentra en spotify,,Yuki Kajiura,2025-06-26 15:59:12,2026-01-07 20:36:50,1,1,,,5,Archivo de audio MPEG,1,file://localhost/E:/iTunes/iTunes%20Media/Music/LiSA/homura%20-%20EP/01%20homura.mp3,,,7522,CBAA9647ECF5CD06,4,3850583649,2026-01-07 04:34:09,,100,,,44100,8862159,,,,,,,5,27819,1,File,2020
Catch the Moment - Single,LiSA,Anime,Catch the Moment,4:42,,01 Catch the Moment.mp3,Concierto_ LiSA Another Great Day,D:\Códigos\Musica-Analisis\files\xml\Pre_RAW\Concierto_ LiSA Another Great Day.xml,LiSA,100,True,1,95,256,Se encuentra en spotify,,田淵智也,2025-06-26 15:59:18,2026-01-07 19:00:58,1,1,,,5,Archivo de audio MPEG,1,file://localhost/E:/iTunes/iTunes%20Media/Music/LiSA/Catch%20the%20Moment%20-%20Single/01%20Catch%20the%20Moment.mp3,,,17436,A5034DCF3CF1B5EB,2,3834331547,2025-07-03 01:05:47,,100,,,44100,9122131,1,2026-01-05 21:01:22,,,,,3,27839,1,File,2017
"best day,best way - EP",LiSA,Anime,"best day, best way",4:44,,"01 best day, best way.mp3",Concierto_ LiSA Another Great Day,D:\Códigos\Musica-Analisis\files\xml\Pre_RAW\Concierto_ LiSA Another Great Day.xml,LiSA,,,1,90,256,,,田淵智也,2025-06-26 15:59:18,2026-01-07 21:59:52,1,1,,,5,Archivo de audio MPEG,1,"file://localhost/E:/iTunes/iTunes%20Media/Music/LiSA/best%20day,best%20way%20-%20EP/01%20best%20day,%20best%20way.mp3",,,17004,198834FC52E80424,1,3833889455,2025-06-27 22:17:35,,,,,44100,9199840,,,,,,,4,27845,1,File,2013
赤い罠(who loves it ) - ADAMAS - EP,LiSA,Anime,ADAMAS,3:45,,02 ADAMAS.mp3,Concierto_ LiSA Another Great Day,D:\Códigos\Musica-Analisis\files\xml\Pre_RAW\Concierto_ LiSA Another Great Day.xml,LiSA,100,True,1,96,256,Se encuentra en spotify,,KAYOKO,2025-06-27 19:52:57,2026-01-07 21:18:48,1,1,,,5,Archivo de audio MPEG,1,file://localhost/E:/iTunes/iTunes%20Media/Music/LiSA/%E8%B5%A4%E3%81%84%E7%BD%A0(who%20loves%20it%20)%20-%20ADAMAS%20-%20EP/02%20ADAMAS.mp3,,,16142,6766ABD1313FB0CF,3,3850402911,2026-01-05 02:21:51,,100,,,44100,7278507,,,,,,,4,27857,2,File,2018
紅蓮華 - EP,LiSA,Anime,紅蓮華,3:58,,01 紅蓮華.mp3,Concierto_ LiSA Another Great Day,D:\Códigos\Musica-Analisis\files\xml\Pre_RAW\Concierto_ LiSA Another Great Day.xml,LiSA,100,True,1,135,256,Se encuentra en spotify,,草野華余子,2025-06-27 20:09:35,2026-01-07 20:58:29,1,1,,,5,Archivo de audio MPEG,1,file://localhost/E:/iTunes/iTunes%20Media/Music/LiSA/%E7%B4%85%E8%93%AE%E8%8F%AF%20-%20EP/01%20%E7%B4%85%E8%93%AE%E8%8F%AF.mp3,,,13157,8C667F3828478355,3,3837852799,2025-08-12 19:13:19,,100,,,44100,7712311,,,,,,,4,27871,1,File,2019
unlasting - EP,LiSA,Anime,unlasting,4:57,,01 unlasting.mp3,Concierto_ LiSA Another Great Day,D:\Códigos\Musica-Analisis\files\xml\Pre_RAW\Concierto_ LiSA Another Great Day.xml,LiSA,100,True,1,113,256,Se encuentra en spotify,,Kayoko Kusano,2025-06-27 20:44:58,2026-01-07 20:50:04,1,1,,,5,Archivo de audio MPEG,1,file://localhost/E:/iTunes/iTunes%20Media/Music/LiSA/unlasting%20-%20EP/01%20unlasting.mp3,,,5729,967CBA0C1BDC3BB1,4,3845206809,2025-11-05 23:00:09,,100,,,44100,9582421,,,,,,,6,27883,1,File,2019
Do or Die - Single,ナノ,J-Rock,Do or Die,3:42,,01 Do or Die.mp3,Concierto_ Nano World Tour 2025 - CDMX 2025,D:\Códigos\Musica-Analisis\files\xml\Pre_RAW\Concierto_ Nano World Tour 2025 - CDMX 2025.xml,ナノ,100,True,1,140,256,Se encuentra en spotify,,,2024-09-26 20:54:17,2026-01-07 17:37:58,1,1,,,5,Archivo de audio MPEG,1,file://localhost/E:/iTunes/iTunes%20Media/Music/%E3%83%8A%E3%83%8E/Do%20or%20Die%20-%20Single/01%20Do%20or%20Die.mp3,,,4312,641859DF2BB6050E,1,3821781602,2025-02-07 20:00:02,,100,,,44100,8087527,,,,,,,1,8289,1,File,2024
Dreamcatcher (nano Ver.) - Single,ナノ,Anime,Dreamcatcher,3:37,,01 Dreamcatcher.mp3,Concierto_ Nano World Tour 2025 - CDMX 2025,D:\Códigos\Musica-Analisis\files\xml\Pre_RAW\Concierto_ Nano World Tour 2025 - CDMX 2025.xml,ナノ,100,True,1,90,256,Se encuentra en spotify,,ウエスト グラウンド & ナノ,2024-09-26 20:54:18,2026-01-07 19:33:30,1,1,,,5,Archivo de audio MPEG,1,file://localhost/E:/iTunes/iTunes%20Media/Music/%E3%83%8A%E3%83%8E/Dreamcatcher%20(nano%20Ver.)%20-%20Single/01%20Dreamcatcher.mp3,,,11203,ACAE4C5FACE0258D,4,3843581105,2025-10-18 02:25:05,,100,,,44100,7078960,,,,,,,2,8301,1,File,2016
Infinity≠Zero - Sable (nano Ver.) - Single,ナノ,Anime,Sable,3:49,,02 Sable.mp3,Concierto_ Nano World Tour 2025 - CDMX 2025,D:\Códigos\Musica-Analisis\files\xml\Pre_RAW\Concierto_ Nano World Tour 2025 - CDMX 2025.xml,ナノ,100,True,1,100,256,Se encuentra en spotify,,WEST GROUND,2024-09-26 20:54:19,2026-01-07 19:14:31,1,1,,,5,Archivo de audio MPEG,1,file://localhost/E:/iTunes/iTunes%20Media/Music/%E3%83%8A%E3%83%8E/Infinity%E2%89%A0Zero%20-%20Sable%20(nano%20Ver.)%20-%20Sing/02%20Sable.mp3,,,12248,151CF429DC074A98,4,3850591246,2026-01-07 06:40:46,,100,,,44100,7443099,,,,,,,3,8313,2,File,2014
Lost In Gray - Single,ナノ,J-Rock,Lost In Gray,3:28,,01 Lost In Gray.mp3,Concierto_ Nano World Tour 2025 - CDMX 2025,D:\Códigos\Musica-Analisis\files\xml\Pre_RAW\Concierto_ Nano World Tour 2025 - CDMX 2025.xml,ナノ,100,True,1,164,256,Se encuentra en spotify,,,2024-09-26 20:54:20,2026-01-07 18:49:16,1,1,,,5,Archivo de audio MPEG,1,file://localhost/E:/iTunes/iTunes%20Media/Music/%E3%83%8A%E3%83%8E/Lost%20In%20Gray%20-%20Single/01%20Lost%20In%20Gray.mp3,,,11052,D6E065A35F9A62CB,7,3847092262,2025-11-27 18:44:22,,100,,,44100,6779413,,,,,,,1,8321,1,File,2024
N,ナノ,Anime,Nevereverland,4:46,,04 Nevereverland.mp3,Concierto_ Nano World Tour 2025 - CDMX 2025,D:\Códigos\Musica-Analisis\files\xml\Pre_RAW\Concierto_ Nano World Tour 2025 - CDMX 2025.xml,ナノ,100,True,1,103,256,Se encuentra en spotify,,,2024-09-26 20:54:22,2026-01-07 20:32:51,1,1,,,5,Archivo de audio MPEG,1,file://localhost/E:/iTunes/iTunes%20Media/Music/%E3%83%8A%E3%83%8E/N/04%20Nevereverland.mp3,,,10114,C774EEC278A68601,5,3822908222,2025-02-20 20:57:02,,100,,,44100,9276371,,,,,,,13,8335,4,File,2013
nano's Remixes,ナノ,Anime,Freedom Is Yours,4:27,,01 Freedom Is Yours.mp3,Concierto_ Nano World Tour 2025 - CDMX 2025,D:\Códigos\Musica-Analisis\files\xml\Pre_RAW\Concierto_ Nano World Tour 2025 - CDMX 2025.xml,ナノ,100,True,1,130,256,Se encuentra en spotify,,,2024-09-26 20:54:24,2026-01-07 19:39:02,1,1,,,5,Archivo de audio MPEG,1,file://localhost/E:/iTunes/iTunes%20Media/Music/%E3%83%8A%E3%83%8E/nano's%20Remixes/01%20Freedom%20Is%20Yours.mp3,,,13242,2DD754C6FC119FB7,5,3837783519,2025-08-11 23:58:39,,100,,,44100,8679111,,,,,,,7,8355,1,File,2016
Nanoir,ナノ,J-Pop,Hysteria,4:10,,02 Hysteria.mp3,Concierto_ Nano World Tour 2025 - CDMX 2025,D:\Códigos\Musica-Analisis\files\xml\Pre_RAW\Concierto_ Nano World Tour 2025 - CDMX 2025.xml,ナノ,100,True,1,105,256,Se encuentra en spotify,,,2024-09-26 20:54:25,2026-01-07 19:21:08,1,1,,,5,Archivo de audio MPEG,1,file://localhost/E:/iTunes/iTunes%20Media/Music/%E3%83%8A%E3%83%8E/Nanoir/02%20Hysteria.mp3,,,10646,87F91C1B458EDD69,3,3842207803,2025-10-02 04:56:43,,100,,,44100,8091742,,,,,,,12,8371,2,File,2012
"No Pain, No Game  nano ver.  - Single",ナノ,Anime,"No Pain, No Game",3:22,,"01 No Pain, No Game.mp3",Concierto_ Nano World Tour 2025 - CDMX 2025,D:\Códigos\Musica-Analisis\files\xml\Pre_RAW\Concierto_ Nano World Tour 2025 - CDMX 2025.xml,ナノ,100,True,1,95,256,Se encuentra en spotify,,Tsukamoto Kem,2024-09-26 20:54:28,2026-01-07 17:17:38,1,1,,,5,Archivo de audio MPEG,1,"file://localhost/E:/iTunes/iTunes%20Media/Music/%E3%83%8A%E3%83%8E/No%20Pain,%20No%20Game%20%20nano%20ver.%20%20-%20Single/01%20No%20Pain,%20No%20Game.mp3",,,16903,ED9C9C1477DCCF11,7,3845650689,2025-11-11 02:18:09,,100,,,44100,6555955,1,2026-01-04 04:41:30,,,,,2,8393,1,File,2012
Noixe,ナノ,Anime,Fight Song,3:28,,1-02 Fight Song.mp3,Concierto_ Nano World Tour 2025 - CDMX 2025,D:\Códigos\Musica-Analisis\files\xml\Pre_RAW\Concierto_ Nano World Tour 2025 - CDMX 2025.xml,ナノ,100,True,1,91,256,Se encuentra en spotify,,,2024-09-26 20:54:29,2026-01-07 21:31:13,2,1,,,5,Archivo de audio MPEG,1,file://localhost/E:/iTunes/iTunes%20Media/Music/%E3%83%8A%E3%83%8E/Noixe/1-02%20Fight%20Song.mp3,,,11810,C2B0948747EBF28A,5,3821780252,2025-02-07 19:37:32,,100,,,44100,6748748,,,,,,,10,8405,2,File,2023
Oblivion - Single,ナノ,J-Rock,Oblivion,3:24,,01 Oblivion.mp3,Concierto_ Nano World Tour 2025 - CDMX 2025,D:\Códigos\Musica-Analisis\files\xml\Pre_RAW\Concierto_ Nano World Tour 2025 - CDMX 2025.xml,ナノ,100,True,1,89,256,Se encuentra en spotify,,,2024-09-26 20:54:31,2026-01-07 21:25:24,1,1,,,5,Archivo de audio MPEG,1,file://localhost/E:/iTunes/iTunes%20Media/Music/%E3%83%8A%E3%83%8E/Oblivion%20-%20Single/01%20Oblivion.mp3,,,7773,7E94CC03E6A7E1BE,3,3844433248,2025-10-28 00:07:28,,100,,,44100,6690530,,,,,,,1,8429,1,File,2024
Savior of Song (Arpeggio of Blue Steel Ver.) - Single,ナノ feat. MY FIRST STORY,Anime,Savior of Song,4:06,,01 Savior of Song.mp3,Concierto_ Nano World Tour 2025 - CDMX 2025,D:\Códigos\Musica-Analisis\files\xml\Pre_RAW\Concierto_ Nano World Tour 2025 - CDMX 2025.xml,ナノ,100,True,1,96,256,Se encuentra en spotify,,MY FIRST STORY,2024-09-26 20:54:37,2026-01-07 20:55:57,1,1,,,5,Archivo de audio MPEG,1,file://localhost/E:/iTunes/iTunes%20Media/Music/%E3%83%8A%E3%83%8E/Savior%20of%20Song%20(Arpeggio%20of%20Blue%20Steel%20V/01%20Savior%20of%20Song.mp3,,,10992,AAE20A6756CC5BBB,6,3832011228,2025-06-06 04:33:48,,100,,,44100,7988138,,,,,,,2,8473,1,File,2013
1-3の純情な感情 - Single,FLOW,J-Rock,1-3の純情な感情,3:53,,01 1-3の純情な感情.m4a,Concierto_ Nano World Tour 2025 - CDMX 2025,D:\Códigos\Musica-Analisis\files\xml\Pre_RAW\Concierto_ Nano World Tour 2025 - CDMX 2025.xml,FLOW,100,True,1,155,319,Se encuentra en spotify,,,2025-02-07 16:10:50,2026-01-07 18:34:28,1,1,,,5,Archivo de audio AAC,1,file://localhost/E:/iTunes/iTunes%20Media/Music/FLOW/1-3%E3%81%AE%E7%B4%94%E6%83%85%E3%81%AA%E6%84%9F%E6%83%85%20-%20Single/01%201-3%E3%81%AE%E7%B4%94%E6%83%85%E3%81%AA%E6%84%9F%E6%83%85.m4a,,,9691,9B79C2C9F73F7819,7,3843651663,2025-10-18 22:01:03,,100,,2011-03-09 12:00:00,48000,9459950,,,,,,,2,15853,1,File,2011
Ambitions,ONE OK ROCK,J-Pop,We are,4:15,,04 We are.m4a,Concierto_ One Ok Rock DETOX Tour,D:\Códigos\Musica-Analisis\files\xml\Pre_RAW\Concierto_ One Ok Rock DETOX Tour.xml,ONE OK ROCK,100,True,1,148,2304,Se encuentra en spotify,,"TORU, Colin Brittain, Taka, Nick Long, TORU, Nick Long, Colin Brittain & Taka",2024-09-26 20:55:25,2026-01-07 17:34:11,1,1,,,5,Audio Apple Lossless,1,file://localhost/E:/iTunes/iTunes%20Media/Music/ONE%20OK%20ROCK/Ambitions/04%20We%20are.m4a,,,10083,09BC54F31A8E4EF1,2,3845721968,2025-11-11 22:06:08,,100,,,48000,58002235,,,,,,,14,8597,4,File,2017
Eye of the Storm,ONE OK ROCK,J-Rock,Stand Out Fit In,3:34,,02 Stand Out Fit In.m4a,Concierto_ One Ok Rock DETOX Tour,D:\Códigos\Musica-Analisis\files\xml\Pre_RAW\Concierto_ One Ok Rock DETOX Tour.xml,ONE OK ROCK,100,True,1,126,1536,Se encuentra en spotify,,"Derek Fuhrmann, Jamil Kazmi, Liam O'Donnell & Taka",2024-09-26 20:56:12,2026-01-07 20:23:10,1,1,,,5,Audio Apple Lossless,1,file://localhost/E:/iTunes/iTunes%20Media/Music/ONE%20OK%20ROCK/Eye%20of%20the%20Storm/02%20Stand%20Out%20Fit%20In.m4a,,,6884,87789B50413D659F,5,3851316100,2026-01-15 16:01:40,,100,,,48000,30120699,,,,,,,13,8685,2,File,2019
Luxury Disease,ONE OK ROCK,J-Pop,Save Yourself,3:17,,01 Save Yourself.m4a,Concierto_ One Ok Rock DETOX Tour,D:\Códigos\Musica-Analisis\files\xml\Pre_RAW\Concierto_ One Ok Rock DETOX Tour.xml,ONE OK ROCK,100,True,1,165,2304,Se encuentra en spotify,,"Andrew DeCaro, Charles Roberts Nelsen, Derek Tyler Carter, Kyle Buckley, Luis SHNDO Martinez, Rob Cavallo, Sasha Sirota, Taka & Toru",2024-09-26 20:56:48,2026-01-07 22:03:19,1,1,,,5,Audio Apple Lossless,1,file://localhost/E:/iTunes/iTunes%20Media/Music/ONE%20OK%20ROCK/Luxury%20Disease/01%20Save%20Yourself.m4a,,,10694,E8B80F300BD4CA31,10,3847098152,2025-11-27 20:22:32,,100,,,48000,46124315,,,,,,,15,8765,1,File,2022
Luxury Disease,ONE OK ROCK,J-Pop,Let Me Let You Go,3:00,,05 Let Me Let You Go.m4a,Concierto_ One Ok Rock DETOX Tour,D:\Códigos\Musica-Analisis\files\xml\Pre_RAW\Concierto_ One Ok Rock DETOX Tour.xml,ONE OK ROCK,100,True,1,96,2304,Se encuentra en spotify,,"Ashton Irwin, Colin Brittian, Elisha Noll, Madison Simmen & Taka",2024-09-26 20:56:53,2026-01-07 17:54:09,1,1,,,5,Audio Apple Lossless,1,file://localhost/E:/iTunes/iTunes%20Media/Music/ONE%20OK%20ROCK/Luxury%20Disease/05%20Let%20Me%20Let%20You%20Go.m4a,,,8898,DAA70A95728720EC,4,3850324192,2026-01-04 04:29:52,,100,,,48000,41954477,,,,,,,15,8773,5,File,2022
Luxury Disease,ONE OK ROCK,J-Pop,Renegades,4:04,,10 Renegades.m4a,Concierto_ One Ok Rock DETOX Tour,D:\Códigos\Musica-Analisis\files\xml\Pre_RAW\Concierto_ One Ok Rock DETOX Tour.xml,ONE OK ROCK,100,True,1,154,2304,,,"David Pramik, Ed Sheeran, Janee 'Jin Jin' Bennett, Masato Hayakawa & Taka",2024-09-26 20:57:03,2025-11-29 06:18:15,1,1,,,5,Audio Apple Lossless,1,file://localhost/E:/iTunes/iTunes%20Media/Music/ONE%20OK%20ROCK/Luxury%20Disease/10%20Renegades.m4a,,,6870,CC5AFB5F5E885CD8,1,3846496371,2025-11-20 21:12:51,,,,,48000,55499526,,,,,,,15,8783,10,File,2022
Make It Out Alive,ONE OK ROCK,J-Rock,Make It Out Alive,3:29,,01 Make It Out Alive.m4a,Concierto_ One Ok Rock DETOX Tour,D:\Códigos\Musica-Analisis\files\xml\Pre_RAW\Concierto_ One Ok Rock DETOX Tour.xml,ONE OK ROCK,100,True,1,137,2304,Se encuentra en spotify,,Kane Churko,2024-09-26 20:57:23,2026-01-07 19:35:24,1,1,,,5,Audio Apple Lossless,1,file://localhost/E:/iTunes/iTunes%20Media/Music/ONE%20OK%20ROCK/Make%20It%20Out%20Alive/01%20Make%20It%20Out%20Alive.m4a,,,13208,2425D4C501B9A05F,3,3846785749,2025-11-24 05:35:49,,100,,,48000,50671172,1,2025-10-28 00:04:03,,,,,1,8821,1,File,2023
Niche Syndrome,ONE OK ROCK,J-Rock,Wherever You Are,4:55,,09 Wherever You Are.m4a,Concierto_ One Ok Rock DETOX Tour,D:\Códigos\Musica-Analisis\files\xml\Pre_RAW\Concierto_ One Ok Rock DETOX Tour.xml,ONE OK ROCK,100,True,1,87,1536,,,TAKA,2024-09-26 20:57:36,2026-01-07 20:21:57,1,1,,,5,Audio Apple Lossless,1,file://localhost/E:/iTunes/iTunes%20Media/Music/ONE%20OK%20ROCK/Niche%20Syndrome/09%20Wherever%20You%20Are.m4a,,,10418,BE98C380FFCCDB3D,1,3829947137,2025-05-13 07:12:17,,,,,48000,37579695,2,2025-01-16 01:25:06,,,ONE OK ROCK,Wherever You Are,13,8849,9,File,2010
人生×僕=,ONE OK ROCK,J-Pop,The Beginning,4:52,,04 The Beginning.m4a,Concierto_ One Ok Rock DETOX Tour,D:\Códigos\Musica-Analisis\files\xml\Pre_RAW\Concierto_ One Ok Rock DETOX Tour.xml,ONE OK ROCK,100,True,1,182,1536,Se encuentra en spotify,,TAKA,2024-09-26 20:58:07,2026-01-07 17:25:47,1,1,,,5,Audio Apple Lossless,1,file://localhost/E:/iTunes/iTunes%20Media/Music/ONE%20OK%20ROCK/%E4%BA%BA%E7%94%9F%C3%97%E5%83%95=/04%20The%20Beginning.m4a,,,16216,B7DD5A8158C1C6C5,2,3840281644,2025-09-09 21:54:04,,100,,,48000,42711937,,,,,,Beginning,13,8925,4,File,2013
DETOX - International Version,ONE OK ROCK,J-Rock,The Pilot </3,3:51,,11 The Pilot __3.m4a,Concierto_ One Ok Rock DETOX Tour,D:\Códigos\Musica-Analisis\files\xml\Pre_RAW\Concierto_ One Ok Rock DETOX Tour.xml,ONE OK ROCK,100,,1,105,256,Se encuentra en spotify,,"Derek Tyler Carter, Jin Jin, Pete Nappi & Taka.",2025-02-20 19:00:55,2026-01-07 17:25:38,1,1,,,5,Archivo de audio AAC comprado,1,file://localhost/E:/iTunes/iTunes%20Media/Music/ONE%20OK%20ROCK/DETOX%20-%20International%20Version/11%20The%20Pilot%20__3.m4a,,,9316,1914552567CFB1EA,5,3842280899,2025-10-03 01:14:59,True,100,,,44100,8275200,,,,,ONE OK ROCK,Pilot </3,11,19435,11,File,2025
DETOX - International Version,ONE OK ROCK,J-Rock,Tiny Pieces,3:34,,07 Tiny Pieces.m4a,Concierto_ One Ok Rock DETOX Tour,D:\Códigos\Musica-Analisis\files\xml\Pre_RAW\Concierto_ One Ok Rock DETOX Tour.xml,ONE OK ROCK,100,,1,74,256,Se encuentra en spotify,,"Dan Lancaster, Derek Tyler Carter, Sasha Sirota & Taka.",2025-02-20 19:00:55,2026-01-07 17:29:07,1,1,,,5,Archivo de audio AAC comprado,1,file://localhost/E:/iTunes/iTunes%20Media/Music/ONE%20OK%20ROCK/DETOX%20-%20International%20Version/07%20Tiny%20Pieces.m4a,,,6602,C60E5A94BF2FB9CA,4,3847116910,2025-11-28 01:35:10,True,100,,,44100,7676935,,,,,ONE OK ROCK,Tiny Pieces,11,19437,7,File,2025
DETOX - International Version,ONE OK ROCK feat. CHICO CARLITO and Paledusk,J-Rock,C.U.R.I.O.S.I.T.Y.,3:08,,10 C.U.R.I.O.S.I.T.Y..m4a,Concierto_ One Ok Rock DETOX Tour,D:\Códigos\Musica-Analisis\files\xml\Pre_RAW\Concierto_ One Ok Rock DETOX Tour.xml,ONE OK ROCK,100,,1,86,256,Se encuentra en spotify,,"CHICO CARLITO, Dai Dai, David Pramik, Derek Tyler Carter, Dru Decarro, Jamil Kazmi, Kaito, Ryota, Soma Genda, Taka., Tenma Tai, Tomoya & Toru",2025-02-20 19:00:55,2026-01-07 21:56:47,1,1,,,5,Archivo de audio AAC comprado,1,file://localhost/E:/iTunes/iTunes%20Media/Music/ONE%20OK%20ROCK/DETOX%20-%20International%20Version/10%20C.U.R.I.O.S.I.T.Y..m4a,,,13102,3304C270DEF258A6,7,3840606766,2025-09-13 16:12:46,True,100,,,44100,7023533,,,,,,,11,19443,10,File,2025
DETOX - International Version,ONE OK ROCK,J-Rock,+Matter,3:52,,09 +Matter.m4a,Concierto_ One Ok Rock DETOX Tour,D:\Códigos\Musica-Analisis\files\xml\Pre_RAW\Concierto_ One Ok Rock DETOX Tour.xml,ONE OK ROCK,100,,1,135,256,Se encuentra en spotify,,"Dai Dai, Derek Tyler Carter, Jason Aalon, Pete Nappi & Taka.",2025-02-20 18:43:57,2026-01-07 18:06:37,1,1,,,5,Archivo de audio AAC comprado,1,file://localhost/E:/iTunes/iTunes%20Media/Music/ONE%20OK%20ROCK/DETOX%20-%20International%20Version/09%20+Matter.m4a,,,10568,F02A298EA5A11EBF,5,3847200114,2025-11-29 00:41:54,True,100,,2024-12-06 12:00:00,44100,8640171,,,,,ONE OK ROCK,+Matter,11,19445,9,File,2024
DETOX - International Version,ONE OK ROCK,J-Rock,NASTY,3:23,,01 NASTY.m4a,Concierto_ One Ok Rock DETOX Tour,D:\Códigos\Musica-Analisis\files\xml\Pre_RAW\Concierto_ One Ok Rock DETOX Tour.xml,ONE OK ROCK,100,,1,78,256,Se encuentra en spotify,,"Derek Tyler Carter, Robert Phipps, Taka. & Will IDAP",2025-02-20 19:00:55,2026-01-07 16:58:01,1,1,,,5,Archivo de audio AAC comprado,1,file://localhost/E:/iTunes/iTunes%20Media/Music/ONE%20OK%20ROCK/DETOX%20-%20International%20Version/01%20NASTY.m4a,,,9113,F65DA209B3E7D5EE,12,3851163862,2026-01-13 21:44:22,True,100,,,44100,7505004,,,,,ONE OK ROCK,NASTY,11,19449,1,File,2025
DETOX - International Version,ONE OK ROCK,J-Rock,Delusion:All,3:04,,04 Delusion_All.m4a,Concierto_ One Ok Rock DETOX Tour,D:\Códigos\Musica-Analisis\files\xml\Pre_RAW\Concierto_ One Ok Rock DETOX Tour.xml,ONE OK ROCK,100,,1,109,256,Se encuentra en spotify,,"Dan Lancaster, Derek Tyler Carter, Jason Aalon & Taka.",2025-02-20 18:43:57,2026-01-07 18:42:54,1,1,,True,5,Archivo de audio AAC comprado,1,file://localhost/E:/iTunes/iTunes%20Media/Music/ONE%20OK%20ROCK/DETOX%20-%20International%20Version/04%20Delusion_All.m4a,,,11033,0586CF2A187DF5B2,9,3848998997,2025-12-19 20:23:17,True,100,,2024-07-12 12:00:00,44100,7221331,1,2026-01-13 18:49:17,,,ONE OK ROCK,Delusion:All,11,19451,4,File,2024
DETOX - International Version,ONE OK ROCK,J-Rock,Tropical Therapy,3:28,,03 Tropical Therapy.m4a,Concierto_ One Ok Rock DETOX Tour,D:\Códigos\Musica-Analisis\files\xml\Pre_RAW\Concierto_ One Ok Rock DETOX Tour.xml,ONE OK ROCK,100,,1,80,256,Se encuentra en spotify,,"Derek Tyler Carter, Jin Jin, Pete Nappi & Taka.",2025-02-20 19:00:55,2026-01-07 21:35:37,1,1,,,5,Archivo de audio AAC comprado,1,file://localhost/E:/iTunes/iTunes%20Media/Music/ONE%20OK%20ROCK/DETOX%20-%20International%20Version/03%20Tropical%20Therapy.m4a,,,8990,5A4D4C2F234881A5,6,3839942338,2025-09-05 23:38:58,True,100,,,44100,7509272,1,2025-02-20 23:09:09,,,ONE OK ROCK,Tropical Therapy,11,19453,3,File,2025
DETOX,ONE OK ROCK,J-Pop,Dystopia,3:09,,02 Dystopia.m4a,Concierto_ One Ok Rock DETOX Tour,D:\Códigos\Musica-Analisis\files\xml\Pre_RAW\Concierto_ One Ok Rock DETOX Tour.xml,ONE OK ROCK,100,True,1,89,64,Se encuentra en spotify,,"Derek Tyler Carter, Elijah Noll, Jin Jin, Pete Nappi & Taka.",2025-02-21 00:15:09,2026-01-07 20:23:53,1,1,,,5,Archivo de audio AAC,1,file://localhost/E:/iTunes/iTunes%20Media/Music/ONE%20OK%20ROCK/DETOX/02%20Dystopia.m4a,,,10764,0EAE4CC2FC922D20,2,3824220915,2025-03-08 01:35:15,,100,,,44100,1981522,1,2025-02-22 22:50:44,,,,,11,19461,2,File,2025
DETOX,ONE OK ROCK,J-Pop,Puppets Can't Control You,3:14,,06 Puppets Can't Control You.m4a,Concierto_ One Ok Rock DETOX Tour,D:\Códigos\Musica-Analisis\files\xml\Pre_RAW\Concierto_ One Ok Rock DETOX Tour.xml,ONE OK ROCK,100,True,1,90,64,Se encuentra en spotify,,"Dai Dai, Derek Tyler Carter, Dru Decarro, GIANNI TAYLOR & Taka.",2025-02-21 00:15:09,2026-01-07 20:59:35,1,1,,,5,Archivo de audio AAC,1,file://localhost/E:/iTunes/iTunes%20Media/Music/ONE%20OK%20ROCK/DETOX/06%20Puppets%20Can't%20Control%20You.m4a,,,10747,8BC40589A9C2F5D6,23,3851866538,2026-01-22 00:55:38,,100,,,44100,2019340,1,2026-01-22 00:52:25,,,,,11,19469,6,File,2025
35xxxv,ONE OK ROCK,J-Pop,Heartache,4:24,,06 Heartache.m4a,Concierto_ One Ok Rock Luxury Disease Japan Tour 2023,D:\Códigos\Musica-Analisis\files\xml\Pre_RAW\Concierto_ One Ok Rock Luxury Disease Japan Tour 2023.xml,ONE OK ROCK,100,True,1,72,2304,,,TakaA. Lanni,2024-09-26 20:54:52,2026-01-07 20:29:27,1,1,,,5,Audio Apple Lossless,1,file://localhost/E:/iTunes/iTunes%20Media/Music/ONE%20OK%20ROCK/35xxxv/06%20Heartache.m4a,,,6285,ABD3AE81D6B0FEEF,1,3846496394,2025-11-20 21:13:14,,,,,48000,60566297,,,,,,,13,8545,6,File,2015
Ambitions,ONE OK ROCK,J-Pop,We are,4:15,,04 We are.m4a,Concierto_ One Ok Rock Luxury Disease Japan Tour 2023,D:\Códigos\Musica-Analisis\files\xml\Pre_RAW\Concierto_ One Ok Rock Luxury Disease Japan Tour 2023.xml,ONE OK ROCK,100,True,1,148,2304,Se encuentra en spotify,,"TORU, Colin Brittain, Taka, Nick Long, TORU, Nick Long, Colin Brittain & Taka",2024-09-26 20:55:25,2026-01-07 17:34:11,1,1,,,5,Audio Apple Lossless,1,file://localhost/E:/iTunes/iTunes%20Media/Music/ONE%20OK%20ROCK/Ambitions/04%20We%20are.m4a,,,10083,09BC54F31A8E4EF1,2,3845721968,2025-11-11 22:06:08,,100,,,48000,58002235,,,,,,,14,8597,4,File,2017
Eye of the Storm,ONE OK ROCK,J-Rock,Stand Out Fit In,3:34,,02 Stand Out Fit In.m4a,Concierto_ One Ok Rock Luxury Disease Japan Tour 2023,D:\Códigos\Musica-Analisis\files\xml\Pre_RAW\Concierto_ One Ok Rock Luxury Disease Japan Tour 2023.xml,ONE OK ROCK,100,True,1,126,1536,Se encuentra en spotify,,"Derek Fuhrmann, Jamil Kazmi, Liam O'Donnell & Taka",2024-09-26 20:56:12,2026-01-07 20:23:10,1,1,,,5,Audio Apple Lossless,1,file://localhost/E:/iTunes/iTunes%20Media/Music/ONE%20OK%20ROCK/Eye%20of%20the%20Storm/02%20Stand%20Out%20Fit%20In.m4a,,,6884,87789B50413D659F,5,3851316100,2026-01-15 16:01:40,,100,,,48000,30120699,,,,,,,13,8685,2,File,2019
Eye of the Storm,ONE OK ROCK,J-Rock,Wasted Nights,3:44,,06 Wasted Nights.m4a,Concierto_ One Ok Rock Luxury Disease Japan Tour 2023,D:\Códigos\Musica-Analisis\files\xml\Pre_RAW\Concierto_ One Ok Rock Luxury Disease Japan Tour 2023.xml,ONE OK ROCK,100,True,1,125,1536,,,"Jamil Kazmi, Janee Bennett, Pete Nappi & Takahiro Moriuchi",2024-09-26 20:56:22,2026-01-07 17:15:05,1,1,,,5,Audio Apple Lossless,1,file://localhost/E:/iTunes/iTunes%20Media/Music/ONE%20OK%20ROCK/Eye%20of%20the%20Storm/06%20Wasted%20Nights.m4a,,,6759,66FDE53A5FC10103,2,3849286502,2025-12-23 04:15:02,,,,,48000,30011351,,,,,,,13,8701,6,File,2019
Luxury Disease,ONE OK ROCK,J-Pop,Save Yourself,3:17,,01 Save Yourself.m4a,Concierto_ One Ok Rock Luxury Disease Japan Tour 2023,D:\Códigos\Musica-Analisis\files\xml\Pre_RAW\Concierto_ One Ok Rock Luxury Disease Japan Tour 2023.xml,ONE OK ROCK,100,True,1,165,2304,Se encuentra en spotify,,"Andrew DeCaro, Charles Roberts Nelsen, Derek Tyler Carter, Kyle Buckley, Luis SHNDO Martinez, Rob Cavallo, Sasha Sirota, Taka & Toru",2024-09-26 20:56:48,2026-01-07 22:03:19,1,1,,,5,Audio Apple Lossless,1,file://localhost/E:/iTunes/iTunes%20Media/Music/ONE%20OK%20ROCK/Luxury%20Disease/01%20Save%20Yourself.m4a,,,10694,E8B80F300BD4CA31,10,3847098152,2025-11-27 20:22:32,,100,,,48000,46124315,,,,,,,15,8765,1,File,2022
Luxury Disease,ONE OK ROCK,J-Pop,Neon,3:04,,02 Neon.m4a,Concierto_ One Ok Rock Luxury Disease Japan Tour 2023,D:\Códigos\Musica-Analisis\files\xml\Pre_RAW\Concierto_ One Ok Rock Luxury Disease Japan Tour 2023.xml,ONE OK ROCK,100,True,1,137,2304,Se encuentra en spotify,,"Brendon Urie, Charles Roberts Nelsen, Derek Tyler Carter, Jake Sinclair, Kyle Buckley, Mike Viola, Rob Cavallo, Taka & Toru",2024-09-26 20:56:49,2026-01-07 17:08:37,1,1,,,5,Audio Apple Lossless,1,file://localhost/E:/iTunes/iTunes%20Media/Music/ONE%20OK%20ROCK/Luxury%20Disease/02%20Neon.m4a,,,9177,A332BFFD44961C60,2,3844607901,2025-10-30 00:38:21,,100,,,48000,42356362,,,,,,,15,8767,2,File,2022
Luxury Disease,ONE OK ROCK,J-Pop,Vandalize,3:14,,03 Vandalize.m4a,Concierto_ One Ok Rock Luxury Disease Japan Tour 2023,D:\Códigos\Musica-Analisis\files\xml\Pre_RAW\Concierto_ One Ok Rock Luxury Disease Japan Tour 2023.xml,ONE OK ROCK,100,True,1,134,2304,Se encuentra en spotify,,"Andrew DeCaro, Derek Tyler Carter, Rob Cavallo, Sasha Sirota & Taka",2024-09-26 20:56:50,2026-01-07 22:16:09,1,1,,,5,Audio Apple Lossless,1,file://localhost/E:/iTunes/iTunes%20Media/Music/ONE%20OK%20ROCK/Luxury%20Disease/03%20Vandalize.m4a,,,6217,9A1D531022364225,6,3851866112,2026-01-22 00:48:32,,100,,,48000,43460731,1,2026-01-22 00:52:17,,,,,15,8769,3,File,2022
Luxury Disease,ONE OK ROCK,J-Pop,When They Turn the Lights On,3:27,,04 When They Turn the Lights On.m4a,Concierto_ One Ok Rock Luxury Disease Japan Tour 2023,D:\Códigos\Musica-Analisis\files\xml\Pre_RAW\Concierto_ One Ok Rock Luxury Disease Japan Tour 2023.xml,ONE OK ROCK,100,True,1,78,2304,,,"Christopher J. Baran, Derek Tyler Carter, Jake Sinclair, Rob Cavallo, Sasha Sirota & Taka",2024-09-26 20:56:52,2026-01-07 18:07:30,1,1,,,5,Audio Apple Lossless,1,file://localhost/E:/iTunes/iTunes%20Media/Music/ONE%20OK%20ROCK/Luxury%20Disease/04%20When%20They%20Turn%20the%20Lights%20On.m4a,,,6115,5A2E7CFCA0E4AED5,1,3829992300,2025-05-13 19:45:00,,,,,48000,46216105,,,,,,,15,8771,4,File,2022
Luxury Disease,ONE OK ROCK,J-Pop,Let Me Let You Go,3:00,,05 Let Me Let You Go.m4a,Concierto_ One Ok Rock Luxury Disease Japan Tour 2023,D:\Códigos\Musica-Analisis\files\xml\Pre_RAW\Concierto_ One Ok Rock Luxury Disease Japan Tour 2023.xml,ONE OK ROCK,100,True,1,96,2304,Se encuentra en spotify,,"Ashton Irwin, Colin Brittian, Elisha Noll, Madison Simmen & Taka",2024-09-26 20:56:53,2026-01-07 17:54:09,1,1,,,5,Audio Apple Lossless,1,file://localhost/E:/iTunes/iTunes%20Media/Music/ONE%20OK%20ROCK/Luxury%20Disease/05%20Let%20Me%20Let%20You%20Go.m4a,,,8898,DAA70A95728720EC,4,3850324192,2026-01-04 04:29:52,,100,,,48000,41954477,,,,,,,15,8773,5,File,2022
Luxury Disease,ONE OK ROCK,J-Pop,So Far Gone,3:35,,06 So Far Gone.m4a,Concierto_ One Ok Rock Luxury Disease Japan Tour 2023,D:\Códigos\Musica-Analisis\files\xml\Pre_RAW\Concierto_ One Ok Rock Luxury Disease Japan Tour 2023.xml,ONE OK ROCK,100,True,1,83,2304,Se encuentra en spotify,,"David Pramik, Derek Tyler Carter, Griff Clawson, Rob Cavallo, Taka & Toru",2024-09-26 20:56:54,2026-01-07 21:27:02,1,1,,,5,Audio Apple Lossless,1,file://localhost/E:/iTunes/iTunes%20Media/Music/ONE%20OK%20ROCK/Luxury%20Disease/06%20So%20Far%20Gone.m4a,,,5437,76F3E7341D6481E3,4,3847088995,2025-11-27 17:49:55,,100,,,48000,48345847,,,,,,,15,8775,6,File,2022
Luxury Disease,ONE OK ROCK,J-Pop,Mad World,3:02,,08 Mad World.m4a,Concierto_ One Ok Rock Luxury Disease Japan Tour 2023,D:\Códigos\Musica-Analisis\files\xml\Pre_RAW\Concierto_ One Ok Rock Luxury Disease Japan Tour 2023.xml,ONE OK ROCK,100,True,1,80,2304,Se encuentra en spotify,,"Jordan Benjamin, Pete Nappi, Taka & Toru",2024-09-26 20:56:56,2026-01-07 21:44:21,1,1,,,5,Audio Apple Lossless,1,file://localhost/E:/iTunes/iTunes%20Media/Music/ONE%20OK%20ROCK/Luxury%20Disease/08%20Mad%20World.m4a,,,6332,5969DA1F4E054489,3,3839863951,2025-09-05 01:52:31,,100,,,48000,40634409,,,,,,,15,8779,8,File,2022
Luxury Disease,ONE OK ROCK,J-Pop,Renegades,4:04,,10 Renegades.m4a,Concierto_ One Ok Rock Luxury Disease Japan Tour 2023,D:\Códigos\Musica-Analisis\files\xml\Pre_RAW\Concierto_ One Ok Rock Luxury Disease Japan Tour 2023.xml,ONE OK ROCK,100,True,1,154,2304,,,"David Pramik, Ed Sheeran, Janee 'Jin Jin' Bennett, Masato Hayakawa & Taka",2024-09-26 20:57:03,2025-11-29 06:18:15,1,1,,,5,Audio Apple Lossless,1,file://localhost/E:/iTunes/iTunes%20Media/Music/ONE%20OK%20ROCK/Luxury%20Disease/10%20Renegades.m4a,,,6870,CC5AFB5F5E885CD8,1,3846496371,2025-11-20 21:12:51,,,,,48000,55499526,,,,,,,15,8783,10,File,2022
Luxury Disease,ONE OK ROCK,J-Pop,Your Tears are Mine,4:16,,12 Your Tears are Mine.m4a,Concierto_ One Ok Rock Luxury Disease Japan Tour 2023,D:\Códigos\Musica-Analisis\files\xml\Pre_RAW\Concierto_ One Ok Rock Luxury Disease Japan Tour 2023.xml,ONE OK ROCK,100,True,1,170,2304,Se encuentra en spotify,,"Andrew DeCaro, Jake Sinclair, King Aventurina Dorothea, Nick Long, Rob Cavallo & Taka",2024-09-26 20:57:04,2026-01-07 20:19:45,1,1,,,5,Audio Apple Lossless,1,file://localhost/E:/iTunes/iTunes%20Media/Music/ONE%20OK%20ROCK/Luxury%20Disease/12%20Your%20Tears%20are%20Mine.m4a,,,8661,3C133074B7FB1776,3,3845281855,2025-11-06 19:50:55,,100,,,48000,57257517,,,,,,,15,8787,12,File,2022
Luxury Disease,ONE OK ROCK,J-Pop,Wonder,3:47,,13 Wonder.m4a,Concierto_ One Ok Rock Luxury Disease Japan Tour 2023,D:\Códigos\Musica-Analisis\files\xml\Pre_RAW\Concierto_ One Ok Rock Luxury Disease Japan Tour 2023.xml,ONE OK ROCK,100,True,1,160,2304,,,"David Pramik, Janee""Jin Jin""Bennett, Masato Hayakawa, Taka & Toru",2024-09-26 20:57:04,2026-01-07 17:38:49,1,1,,,5,Audio Apple Lossless,1,file://localhost/E:/iTunes/iTunes%20Media/Music/ONE%20OK%20ROCK/Luxury%20Disease/13%20Wonder.m4a,,,10032,569E52A1F94E29D5,1,3829989565,2025-05-13 18:59:25,,,,,48000,53698318,,,,,,,15,8789,13,File,2022
Luxury Disease,ONE OK ROCK feat.藤原聡 (Official髭男dism),J-Pop,Gravity,3:11,,15 Gravity.m4a,Concierto_ One Ok Rock Luxury Disease Japan Tour 2023,D:\Códigos\Musica-Analisis\files\xml\Pre_RAW\Concierto_ One Ok Rock Luxury Disease Japan Tour 2023.xml,ONE OK ROCK,100,True,1,97,2304,Se encuentra en spotify,,,2024-09-26 20:57:06,2026-01-07 18:33:04,1,1,,,5,Audio Apple Lossless,1,file://localhost/E:/iTunes/iTunes%20Media/Music/ONE%20OK%20ROCK/Luxury%20Disease/15%20Gravity.m4a,,,6643,E7A3FD60B51951A9,5,3843567751,2025-10-17 22:42:31,,100,,,48000,42844748,,,,,,,15,8793,15,File,2022
Niche Syndrome,ONE OK ROCK,J-Rock,Kanzen Kankaku Dreamer,4:12,,03 Kanzen Kankaku Dreamer.m4a,Concierto_ One Ok Rock Luxury Disease Japan Tour 2023,D:\Códigos\Musica-Analisis\files\xml\Pre_RAW\Concierto_ One Ok Rock Luxury Disease Japan Tour 2023.xml,ONE OK ROCK,100,True,1,95,1536,Se encuentra en spotify,,,2024-09-26 20:57:29,2026-01-07 18:27:33,1,1,,,5,Audio Apple Lossless,1,file://localhost/E:/iTunes/iTunes%20Media/Music/ONE%20OK%20ROCK/Niche%20Syndrome/03%20Kanzen%20Kankaku%20Dreamer.m4a,,,16335,683B665EE2B69965,3,3848308604,2025-12-11 20:36:44,,100,,,48000,38389186,,,,,ONE OK ROCK,Kanzen Kankaku Dreamer,13,8837,3,File,2010
ZEITAKUBYOU,ONE OK ROCK,J-Pop,KAGEROU,4:08,,06 KAGEROU.m4a,Concierto_ One Ok Rock Luxury Disease Japan Tour 2023,D:\Códigos\Musica-Analisis\files\xml\Pre_RAW\Concierto_ One Ok Rock Luxury Disease Japan Tour 2023.xml,ONE OK ROCK,100,True,1,160,1536,Se encuentra en spotify,,,2024-09-26 20:57:57,2026-01-07 18:53:02,1,1,,,5,Audio Apple Lossless,1,file://localhost/E:/iTunes/iTunes%20Media/Music/ONE%20OK%20ROCK/ZEITAKUBYOU/06%20KAGEROU.m4a,,,5619,6C720655E86D678F,6,3846413091,2025-11-19 22:04:51,,100,,2007-11-21 12:00:00,48000,30566561,,,,,,,11,8899,6,File,2007
人生×僕=,ONE OK ROCK,J-Pop,The Beginning,4:52,,04 The Beginning.m4a,Concierto_ One Ok Rock Luxury Disease Japan Tour 2023,D:\Códigos\Musica-Analisis\files\xml\Pre_RAW\Concierto_ One Ok Rock Luxury Disease Japan Tour 2023.xml,ONE OK ROCK,100,True,1,182,1536,Se encuentra en spotify,,TAKA,2024-09-26 20:58:07,2026-01-07 17:25:47,1,1,,,5,Audio Apple Lossless,1,file://localhost/E:/iTunes/iTunes%20Media/Music/ONE%20OK%20ROCK/%E4%BA%BA%E7%94%9F%C3%97%E5%83%95=/04%20The%20Beginning.m4a,,,16216,B7DD5A8158C1C6C5,2,3840281644,2025-09-09 21:54:04,,100,,,48000,42711937,,,,,,Beginning,13,8925,4,File,2013
人生×僕=,ONE OK ROCK,J-Pop,Clock Strikes,3:55,,05 Clock Strikes.m4a,Concierto_ One Ok Rock Luxury Disease Japan Tour 2023,D:\Códigos\Musica-Analisis\files\xml\Pre_RAW\Concierto_ One Ok Rock Luxury Disease Japan Tour 2023.xml,ONE OK ROCK,100,True,1,96,1536,Se encuentra en spotify,,"Toru, Taka",2024-09-26 20:58:08,2026-01-07 19:58:59,1,1,,,5,Audio Apple Lossless,1,file://localhost/E:/iTunes/iTunes%20Media/Music/ONE%20OK%20ROCK/%E4%BA%BA%E7%94%9F%C3%97%E5%83%95=/05%20Clock%20Strikes.m4a,,,8444,BADA35336B3F2C2B,1,3832686531,2025-06-14 00:08:51,,100,,,48000,31767434,,,,,,,13,8927,5,File,2013
人生×僕=,ONE OK ROCK,J-Pop,Deeper Deeper,3:36,,11 Deeper Deeper.m4a,Concierto_ One Ok Rock Luxury Disease Japan Tour 2023,D:\Códigos\Musica-Analisis\files\xml\Pre_RAW\Concierto_ One Ok Rock Luxury Disease Japan Tour 2023.xml,ONE OK ROCK,100,True,1,159,1536,Se encuentra en spotify,,"Tomoya,Ryota",2024-09-26 20:58:12,2026-01-07 22:01:02,1,1,,,5,Audio Apple Lossless,1,file://localhost/E:/iTunes/iTunes%20Media/Music/ONE%20OK%20ROCK/%E4%BA%BA%E7%94%9F%C3%97%E5%83%95=/11%20Deeper%20Deeper.m4a,,,12472,87FB105D281FE9E3,2,3837437412,2025-08-07 23:50:12,,100,,,48000,30689749,,,,,,,13,8937,11,File,2013
人生×僕=,ONE OK ROCK,J-Pop,the same as...,16:15,,13 the same as....m4a,Concierto_ One Ok Rock Luxury Disease Japan Tour 2023,D:\Códigos\Musica-Analisis\files\xml\Pre_RAW\Concierto_ One Ok Rock Luxury Disease Japan Tour 2023.xml,ONE OK ROCK,100,True,1,81,1536,Se encuentra en spotify,,TAKA,2024-09-26 20:58:16,2026-01-07 21:29:36,1,1,,,5,Audio Apple Lossless,1,file://localhost/E:/iTunes/iTunes%20Media/Music/ONE%20OK%20ROCK/%E4%BA%BA%E7%94%9F%C3%97%E5%83%95=/13%20the%20same%20as....m4a,,,4059,9497893C7534F728,3,3827261443,2025-04-12 05:10:43,,100,,,48000,92414505,,,,,,same as...,13,8941,13,File,2013
残響リファレンス,ONE OK ROCK,J-Pop,アンサイズニア,3:39,,03 アンサイズニア.m4a,Concierto_ One Ok Rock Luxury Disease Japan Tour 2023,D:\Códigos\Musica-Analisis\files\xml\Pre_RAW\Concierto_ One Ok Rock Luxury Disease Japan Tour 2023.xml,ONE OK ROCK,100,True,1,94,1536,Se encuentra en spotify,,ONE OK ROCK,2024-09-26 20:58:22,2026-01-07 20:41:50,1,1,,,5,Audio Apple Lossless,1,file://localhost/E:/iTunes/iTunes%20Media/Music/ONE%20OK%20ROCK/%E6%AE%8B%E9%9F%BF%E3%83%AA%E3%83%95%E3%82%A1%E3%83%AC%E3%83%B3%E3%82%B9/03%20%E3%82%A2%E3%83%B3%E3%82%B5%E3%82%A4%E3%82%BA%E3%83%8B%E3%82%A2.m4a,,,16228,184BF8C34E904AD4,5,3844432106,2025-10-27 23:48:26,,100,,,48000,31091259,,,,,,,11,8957,3,File,2011
残響リファレンス,ONE OK ROCK,J-Pop,キミシダイ列車,8:13,,11 キミシダイ列車.m4a,Concierto_ One Ok Rock Luxury Disease Japan Tour 2023,D:\Códigos\Musica-Analisis\files\xml\Pre_RAW\Concierto_ One Ok Rock Luxury Disease Japan Tour 2023.xml,ONE OK ROCK,100,True,1,170,1536,Se encuentra en spotify,,ONE OK ROCK,2024-09-26 20:58:32,2026-01-07 17:04:20,1,1,,,5,Audio Apple Lossless,1,file://localhost/E:/iTunes/iTunes%20Media/Music/ONE%20OK%20ROCK/%E6%AE%8B%E9%9F%BF%E3%83%AA%E3%83%95%E3%82%A1%E3%83%AC%E3%83%B3%E3%82%B9/11%20%E3%82%AD%E3%83%9F%E3%82%B7%E3%83%80%E3%82%A4%E5%88%97%E8%BB%8A.m4a,,,10615,79E419AC083444E4,3,3850537087,2026-01-06 15:38:07,,100,,,48000,47586472,,,,,,,11,8973,11,File,2011
35xxxv,ONE OK ROCK,J-Pop,Mighty Long Fall,4:03,,05 Mighty Long Fall.m4a,Concierto_ One Ok Rock USA - South America - Europe Tour 2014,D:\Códigos\Musica-Analisis\files\xml\Pre_RAW\Concierto_ One Ok Rock USA - South America - Europe Tour 2014.xml,ONE OK ROCK,100,True,1,79,2304,Se encuentra en spotify,,ONE OK ROCKJ. Feldmann,2024-09-26 20:54:50,2026-01-07 21:08:12,1,1,,,5,Audio Apple Lossless,1,file://localhost/E:/iTunes/iTunes%20Media/Music/ONE%20OK%20ROCK/35xxxv/05%20Mighty%20Long%20Fall.m4a,,,11223,01AC9A146D06972E,5,3837425964,2025-08-07 20:39:24,,100,,,48000,58946093,,,,,,,13,8543,5,File,2015
35xxxv,ONE OK ROCK,J-Pop,Decision,3:44,,08 Decision.m4a,Concierto_ One Ok Rock USA - South America - Europe Tour 2014,D:\Códigos\Musica-Analisis\files\xml\Pre_RAW\Concierto_ One Ok Rock USA - South America - Europe Tour 2014.xml,ONE OK ROCK,100,True,1,80,2304,,,J. Feldmann,2024-09-26 20:54:55,2026-01-07 17:22:12,1,1,,,5,Audio Apple Lossless,1,file://localhost/E:/iTunes/iTunes%20Media/Music/ONE%20OK%20ROCK/35xxxv/08%20Decision.m4a,,,9095,0E58942A8561B17A,1,3829921622,2025-05-13 00:07:02,,,,,48000,52511992,,,,,,,13,8549,8,File,2015
35xxxv,ONE OK ROCK,J-Pop,Stuck in the middle,3:32,,12 Stuck in the middle.m4a,Concierto_ One Ok Rock USA - South America - Europe Tour 2014,D:\Códigos\Musica-Analisis\files\xml\Pre_RAW\Concierto_ One Ok Rock USA - South America - Europe Tour 2014.xml,ONE OK ROCK,100,True,1,95,2304,Se encuentra en spotify,,J. Feldmann,2024-09-26 20:54:59,2026-01-07 22:08:37,1,1,,,5,Audio Apple Lossless,1,file://localhost/E:/iTunes/iTunes%20Media/Music/ONE%20OK%20ROCK/35xxxv/12%20Stuck%20in%20the%20middle.m4a,,,15583,D93B663B81DCD0A0,5,3851154788,2026-01-13 19:13:08,,100,,,48000,51900322,1,2025-10-03 02:11:42,,,,,13,8557,12,File,2015
Niche Syndrome,ONE OK ROCK,J-Rock,Wherever You Are,4:55,,09 Wherever You Are.m4a,Concierto_ One Ok Rock USA - South America - Europe Tour 2014,D:\Códigos\Musica-Analisis\files\xml\Pre_RAW\Concierto_ One Ok Rock USA - South America - Europe Tour 2014.xml,ONE OK ROCK,100,True,1,87,1536,,,TAKA,2024-09-26 20:57:36,2026-01-07 20:21:57,1,1,,,5,Audio Apple Lossless,1,file://localhost/E:/iTunes/iTunes%20Media/Music/ONE%20OK%20ROCK/Niche%20Syndrome/09%20Wherever%20You%20Are.m4a,,,10418,BE98C380FFCCDB3D,1,3829947137,2025-05-13 07:12:17,,,,,48000,37579695,2,2025-01-16 01:25:06,,,ONE OK ROCK,Wherever You Are,13,8849,9,File,2010
人生×僕=,ONE OK ROCK,J-Pop,The Beginning,4:52,,04 The Beginning.m4a,Concierto_ One Ok Rock USA - South America - Europe Tour 2014,D:\Códigos\Musica-Analisis\files\xml\Pre_RAW\Concierto_ One Ok Rock USA - South America - Europe Tour 2014.xml,ONE OK ROCK,100,True,1,182,1536,Se encuentra en spotify,,TAKA,2024-09-26 20:58:07,2026-01-07 17:25:47,1,1,,,5,Audio Apple Lossless,1,file://localhost/E:/iTunes/iTunes%20Media/Music/ONE%20OK%20ROCK/%E4%BA%BA%E7%94%9F%C3%97%E5%83%95=/04%20The%20Beginning.m4a,,,16216,B7DD5A8158C1C6C5,2,3840281644,2025-09-09 21:54:04,,100,,,48000,42711937,,,,,,Beginning,13,8925,4,File,2013
人生×僕=,ONE OK ROCK,J-Pop,Clock Strikes,3:55,,05 Clock Strikes.m4a,Concierto_ One Ok Rock USA - South America - Europe Tour 2014,D:\Códigos\Musica-Analisis\files\xml\Pre_RAW\Concierto_ One Ok Rock USA - South America - Europe Tour 2014.xml,ONE OK ROCK,100,True,1,96,1536,Se encuentra en spotify,,"Toru, Taka",2024-09-26 20:58:08,2026-01-07 19:58:59,1,1,,,5,Audio Apple Lossless,1,file://localhost/E:/iTunes/iTunes%20Media/Music/ONE%20OK%20ROCK/%E4%BA%BA%E7%94%9F%C3%97%E5%83%95=/05%20Clock%20Strikes.m4a,,,8444,BADA35336B3F2C2B,1,3832686531,2025-06-14 00:08:51,,100,,,48000,31767434,,,,,,,13,8927,5,File,2013
人生×僕=,ONE OK ROCK,J-Pop,Be the light,5:38,,06 Be the light.m4a,Concierto_ One Ok Rock USA - South America - Europe Tour 2014,D:\Códigos\Musica-Analisis\files\xml\Pre_RAW\Concierto_ One Ok Rock USA - South America - Europe Tour 2014.xml,ONE OK ROCK,100,True,1,82,1536,,,TAKA,2024-09-26 20:58:09,2026-01-07 17:01:44,1,1,,,5,Audio Apple Lossless,1,file://localhost/E:/iTunes/iTunes%20Media/Music/ONE%20OK%20ROCK/%E4%BA%BA%E7%94%9F%C3%97%E5%83%95=/06%20Be%20the%20light.m4a,,,8550,D4A108BAB4D30A03,1,3843122434,2025-10-12 19:00:34,,,,,48000,48633526,,,,,,,13,8929,6,File,2013
人生×僕=,ONE OK ROCK,J-Pop,Nothing Helps,4:46,,07 Nothing Helps.m4a,Concierto_ One Ok Rock USA - South America - Europe Tour 2014,D:\Códigos\Musica-Analisis\files\xml\Pre_RAW\Concierto_ One Ok Rock USA - South America - Europe Tour 2014.xml,ONE OK ROCK,100,True,1,91,1536,Se encuentra en spotify,,ONE OK ROCK,2024-09-26 20:58:10,2026-01-07 17:09:06,1,1,,,5,Audio Apple Lossless,1,file://localhost/E:/iTunes/iTunes%20Media/Music/ONE%20OK%20ROCK/%E4%BA%BA%E7%94%9F%C3%97%E5%83%95=/07%20Nothing%20Helps.m4a,,,9576,F89A888444B2C092,4,3850320442,2026-01-04 03:27:22,,100,,,48000,40273165,,,,,,,13,8931,7,File,2013
人生×僕=,ONE OK ROCK,J-Pop,Deeper Deeper,3:36,,11 Deeper Deeper.m4a,Concierto_ One Ok Rock USA - South America - Europe Tour 2014,D:\Códigos\Musica-Analisis\files\xml\Pre_RAW\Concierto_ One Ok Rock USA - South America - Europe Tour 2014.xml,ONE OK ROCK,100,True,1,159,1536,Se encuentra en spotify,,"Tomoya,Ryota",2024-09-26 20:58:12,2026-01-07 22:01:02,1,1,,,5,Audio Apple Lossless,1,file://localhost/E:/iTunes/iTunes%20Media/Music/ONE%20OK%20ROCK/%E4%BA%BA%E7%94%9F%C3%97%E5%83%95=/11%20Deeper%20Deeper.m4a,,,12472,87FB105D281FE9E3,2,3837437412,2025-08-07 23:50:12,,100,,,48000,30689749,,,,,,,13,8937,11,File,2013
残響リファレンス,ONE OK ROCK,J-Pop,NO SCARED,3:39,,04 NO SCARED.m4a,Concierto_ One Ok Rock USA - South America - Europe Tour 2014,D:\Códigos\Musica-Analisis\files\xml\Pre_RAW\Concierto_ One Ok Rock USA - South America - Europe Tour 2014.xml,ONE OK ROCK,100,True,1,93,1536,Se encuentra en spotify,,ONE OK ROCK,2024-09-26 20:58:22,2026-01-07 17:27:05,1,1,,,5,Audio Apple Lossless,1,file://localhost/E:/iTunes/iTunes%20Media/Music/ONE%20OK%20ROCK/%E6%AE%8B%E9%9F%BF%E3%83%AA%E3%83%95%E3%82%A1%E3%83%AC%E3%83%B3%E3%82%B9/04%20NO%20SCARED.m4a,,,11794,2B59F418A2BE2AFF,4,3843651883,2025-10-18 22:04:43,,100,,,48000,31892861,,,,,,,11,8959,4,File,2011
残響リファレンス,ONE OK ROCK,J-Pop,Re:make,3:24,,08 Re_make.m4a,Concierto_ One Ok Rock USA - South America - Europe Tour 2014,D:\Códigos\Musica-Analisis\files\xml\Pre_RAW\Concierto_ One Ok Rock USA - South America - Europe Tour 2014.xml,ONE OK ROCK,100,True,1,172,1536,Se encuentra en spotify,,ONE OK ROCK,2024-09-26 20:58:26,2026-01-07 21:40:48,1,1,,,5,Audio Apple Lossless,1,file://localhost/E:/iTunes/iTunes%20Media/Music/ONE%20OK%20ROCK/%E6%AE%8B%E9%9F%BF%E3%83%AA%E3%83%95%E3%82%A1%E3%83%AC%E3%83%B3%E3%82%B9/08%20Re_make.m4a,,,15890,5C842E555ADF0540,5,3847186223,2025-11-28 20:50:23,,100,,,48000,29658423,1,2025-09-05 23:22:35,,,,,11,8967,8,File,2011
#333 (Edición Deluxe),Paty Cantú,Pop en español,Mariposas,2:59,,01 Mariposas.mp3,Concierto_ Paty Cantú Feliz Breakup Tour - CDMX 2023,D:\Códigos\Musica-Analisis\files\xml\Pre_RAW\Concierto_ Paty Cantú Feliz Breakup Tour - CDMX 2023.xml,Paty Cantú,100,True,1,98,256,,,Paty Cantú & Ángela Dávalos,2024-09-26 20:58:32,2026-01-07 19:44:09,1,1,,,5,Archivo de audio MPEG,1,file://localhost/E:/iTunes/iTunes%20Media/Music/Paty%20Cant%C3%BA/%23333%20(Edici%C3%B3n%20Deluxe)/01%20Mariposas.mp3,,,4564,8CA04BF282EC2EC9,1,3846496432,2025-11-20 21:13:52,,,,,44100,5789893,,,,,,,29,8977,1,File,2018
#333 (Edición Deluxe),Paty Cantú,Pop en español,Vuelve A Respirar,4:07,,05 Vuelve A Respirar.mp3,Concierto_ Paty Cantú Feliz Breakup Tour - CDMX 2023,D:\Códigos\Musica-Analisis\files\xml\Pre_RAW\Concierto_ Paty Cantú Feliz Breakup Tour - CDMX 2023.xml,Paty Cantú,100,True,1,120,256,Se encuentra en spotify,,Paty Cantú & Ángela Dávalos,2024-09-26 20:58:32,2026-01-07 21:41:40,1,1,,,5,Archivo de audio MPEG,1,file://localhost/E:/iTunes/iTunes%20Media/Music/Paty%20Cant%C3%BA/%23333%20(Edici%C3%B3n%20Deluxe)/05%20Vuelve%20A%20Respirar.mp3,,,4323,E6EFE26C70B27B10,9,3850591489,2026-01-07 06:44:49,,100,,,44100,7967468,,,,,,,29,8981,5,File,2018
#333 (Edición Deluxe),Paty Cantú,Pop en español,"Amor, Amor, Amor",3:46,,"06 Amor, Amor, Amor.mp3",Concierto_ Paty Cantú Feliz Breakup Tour - CDMX 2023,D:\Códigos\Musica-Analisis\files\xml\Pre_RAW\Concierto_ Paty Cantú Feliz Breakup Tour - CDMX 2023.xml,Paty Cantú,100,True,1,148,256,,,"Paty Cantú, Ángela Dávalos, Daniel Volpe, Eric Palmqwist & Thomas Lipp",2024-09-26 20:58:32,2026-01-07 19:51:35,1,1,,,5,Archivo de audio MPEG,1,"file://localhost/E:/iTunes/iTunes%20Media/Music/Paty%20Cant%C3%BA/%23333%20(Edici%C3%B3n%20Deluxe)/06%20Amor,%20Amor,%20Amor.mp3",,,4507,A8BD7B4BB53B43B1,1,3846496433,2025-11-20 21:13:53,,,,,44100,7286193,,,,,,,29,8983,6,File,2016
#333 (Edición Deluxe),Paty Cantú,Pop en español,Valiente,4:15,,07 Valiente.mp3,Concierto_ Paty Cantú Feliz Breakup Tour - CDMX 2023,D:\Códigos\Musica-Analisis\files\xml\Pre_RAW\Concierto_ Paty Cantú Feliz Breakup Tour - CDMX 2023.xml,Paty Cantú,100,True,1,87,256,,,"Patricia Cantu, Angela Dávalos, Eric Palmqwist & Mats Hedstrom",2024-09-26 20:58:32,2025-07-12 06:27:55,1,1,,,5,Archivo de audio MPEG,1,file://localhost/E:/iTunes/iTunes%20Media/Music/Paty%20Cant%C3%BA/%23333%20(Edici%C3%B3n%20Deluxe)/07%20Valiente.mp3,,,3238,ECE47FEE0A41D2CC,1,3823507859,2025-02-27 19:30:59,,,,,44100,8223250,,,,,,,29,8985,7,File,2015
#333 (Edición Deluxe),Paty Cantú,Pop en español,Rompo Contigo,3:45,,08 Rompo Contigo.mp3,Concierto_ Paty Cantú Feliz Breakup Tour - CDMX 2023,D:\Códigos\Musica-Analisis\files\xml\Pre_RAW\Concierto_ Paty Cantú Feliz Breakup Tour - CDMX 2023.xml,Paty Cantú,100,True,1,132,256,,,Patricia Cantu & Angela Dávalos,2024-09-26 20:58:32,2026-01-07 22:07:53,1,1,,,5,Archivo de audio MPEG,1,file://localhost/E:/iTunes/iTunes%20Media/Music/Paty%20Cant%C3%BA/%23333%20(Edici%C3%B3n%20Deluxe)/08%20Rompo%20Contigo.mp3,,,4223,A6C97684CB02EA2D,1,3843155976,2025-10-13 04:19:36,,,,,44100,7257769,,,,,,,29,8987,8,File,2016
#333 (Edición Deluxe),Paty Cantú,Pop en español,Cuervo,4:07,,09 Cuervo.mp3,Concierto_ Paty Cantú Feliz Breakup Tour - CDMX 2023,D:\Códigos\Musica-Analisis\files\xml\Pre_RAW\Concierto_ Paty Cantú Feliz Breakup Tour - CDMX 2023.xml,Paty Cantú,100,True,1,80,256,Se encuentra en spotify,,Paty Cantú & Ángela Dávalos,2024-09-26 20:58:32,2026-01-07 17:11:36,1,1,,,5,Archivo de audio MPEG,1,file://localhost/E:/iTunes/iTunes%20Media/Music/Paty%20Cant%C3%BA/%23333%20(Edici%C3%B3n%20Deluxe)/09%20Cuervo.mp3,,,7801,F6DE186CF62B3EED,3,3826360986,2025-04-01 20:03:06,,100,,,44100,7966621,,,,,,,29,8989,9,File,2018
#333 (Edición Deluxe),Paty Cantú feat. Alejandro Sanz,Pop en español,Cuenta Pendiente,3:12,,11 Cuenta Pendiente.mp3,Concierto_ Paty Cantú Feliz Breakup Tour - CDMX 2023,D:\Códigos\Musica-Analisis\files\xml\Pre_RAW\Concierto_ Paty Cantú Feliz Breakup Tour - CDMX 2023.xml,Paty Cantú,100,True,1,82,256,,,#Shark Dj® 2019 Y Hugo®.....La Unica Marca Que Revoluciona El Mercado De La Pirateria En Mexico!!,2024-09-26 20:58:32,2026-01-07 18:04:22,1,1,,,5,Archivo de audio MPEG,1,file://localhost/E:/iTunes/iTunes%20Media/Music/Paty%20Cant%C3%BA/%23333%20(Edici%C3%B3n%20Deluxe)/11%20Cuenta%20Pendiente.mp3,,,3593,E6698460EEDB3018,2,3821357092,2025-02-02 22:04:52,,,,,44100,6197852,,,,,,,29,8991,11,File,2018
Afortunadamente No Eres Tú (Edición Especial),Paty Cantú,Pop,Afortunadamente No Eres Tú,3:08,,01 Afortunadamente No Eres Tú.mp3,Concierto_ Paty Cantú Feliz Breakup Tour - CDMX 2023,D:\Códigos\Musica-Analisis\files\xml\Pre_RAW\Concierto_ Paty Cantú Feliz Breakup Tour - CDMX 2023.xml,Paty Cantú,100,True,1,131,256,Se encuentra en spotify,,"Juan Carlos Moguel, Bruno Danza & Paty Cantú",2024-09-26 20:58:33,2026-01-07 20:48:04,1,1,,,5,Archivo de audio MPEG,1,file://localhost/E:/iTunes/iTunes%20Media/Music/Paty%20Cant%C3%BA/Afortunadamente%20No%20Eres%20T%C3%BA%20(Edici%C3%B3n%20Espe/01%20Afortunadamente%20No%20Eres%20T%C3%BA.mp3,,,3983,270E3C34150113C3,2,3826361933,2025-04-01 20:18:53,,100,,,44100,6106309,,,,,,,17,9019,1,File,2010
Afortunadamente No Eres Tú (Edición Especial),Paty Cantú,Pop,Goma de Mascar,2:59,,02 Goma de Mascar.mp3,Concierto_ Paty Cantú Feliz Breakup Tour - CDMX 2023,D:\Códigos\Musica-Analisis\files\xml\Pre_RAW\Concierto_ Paty Cantú Feliz Breakup Tour - CDMX 2023.xml,Paty Cantú,100,True,1,133,256,Se encuentra en spotify,,"Paty Cantú, Angela Davalos & Daniel Ramirez",2024-09-26 20:58:34,2026-01-07 21:07:17,1,1,,,5,Archivo de audio MPEG,1,file://localhost/E:/iTunes/iTunes%20Media/Music/Paty%20Cant%C3%BA/Afortunadamente%20No%20Eres%20T%C3%BA%20(Edici%C3%B3n%20Espe/02%20Goma%20de%20Mascar.mp3,,,2172,9C91AAE59D7DF15E,7,3831278966,2025-05-28 17:09:26,,100,,,44100,5804502,,,,,,,17,9021,2,File,2010
Afortunadamente No Eres Tú (Edición Especial),Paty Cantú,Pop,Clavo Que Saca Otro Clavo,3:15,,03 Clavo Que Saca Otro Clavo.mp3,Concierto_ Paty Cantú Feliz Breakup Tour - CDMX 2023,D:\Códigos\Musica-Analisis\files\xml\Pre_RAW\Concierto_ Paty Cantú Feliz Breakup Tour - CDMX 2023.xml,Paty Cantú,100,True,1,84,256,Se encuentra en spotify,,"Bruno Danza, Paty Cantú & Jules Ramillano",2024-09-26 20:58:34,2026-01-07 16:55:27,1,1,,,5,Archivo de audio MPEG,1,file://localhost/E:/iTunes/iTunes%20Media/Music/Paty%20Cant%C3%BA/Afortunadamente%20No%20Eres%20T%C3%BA%20(Edici%C3%B3n%20Espe/03%20Clavo%20Que%20Saca%20Otro%20Clavo.mp3,,,3607,17E547123EAD564E,4,3834405060,2025-07-03 21:31:00,,100,,,44100,6316931,,,,,,,17,9023,3,File,2010
Corazón Bipolar (Edición Especial),Paty Cantú,Pop en español,Corazón Bipolar,3:15,,01 Corazón Bipolar.mp3,Concierto_ Paty Cantú Feliz Breakup Tour - CDMX 2023,D:\Códigos\Musica-Analisis\files\xml\Pre_RAW\Concierto_ Paty Cantú Feliz Breakup Tour - CDMX 2023.xml,Paty Cantú,100,True,1,100,256,Se encuentra en spotify,,"Ximena Muñoz, Patricia Cantu & Angeles Dávalos",2024-09-26 20:58:36,2026-01-07 19:02:07,1,1,,,5,Archivo de audio MPEG,1,file://localhost/E:/iTunes/iTunes%20Media/Music/Paty%20Cant%C3%BA/Coraz%C3%B3n%20Bipolar%20(Edici%C3%B3n%20Especial)/01%20Coraz%C3%B3n%20Bipolar.mp3,,,5912,B7C50DF60E4B4BF0,8,3843133279,2025-10-12 22:01:19,,100,,,44100,6334375,,,,,,,22,9055,1,File,2012
Corazón Bipolar (Edición Especial),Paty Cantú,Pop en español,Suerte,3:03,,08 Suerte.mp3,Concierto_ Paty Cantú Feliz Breakup Tour - CDMX 2023,D:\Códigos\Musica-Analisis\files\xml\Pre_RAW\Concierto_ Paty Cantú Feliz Breakup Tour - CDMX 2023.xml,Paty Cantú,100,True,1,82,256,Se encuentra en spotify,,Patricia Cantu & Ángela Dávalos,2024-09-26 20:58:38,2026-01-07 17:17:23,1,1,,,5,Archivo de audio MPEG,1,file://localhost/E:/iTunes/iTunes%20Media/Music/Paty%20Cant%C3%BA/Coraz%C3%B3n%20Bipolar%20(Edici%C3%B3n%20Especial)/08%20Suerte.mp3,,,4966,94EC0BBF94DA1516,7,3835859900,2025-07-20 17:38:20,,100,,,44100,5954841,,,,,,,22,9069,8,File,2013
La Mexicana,Paty Cantú,Pop en español,Cuando Vuelvas,3:15,,01 Cuando Vuelvas.mp3,Concierto_ Paty Cantú Feliz Breakup Tour - CDMX 2023,D:\Códigos\Musica-Analisis\files\xml\Pre_RAW\Concierto_ Paty Cantú Feliz Breakup Tour - CDMX 2023.xml,Paty Cantú,100,,1,110,256,,,"Agustín Zubillaga, Luis Jimenez & Patricia Cantu",2024-09-26 20:58:45,2026-01-07 19:41:10,1,1,,,5,Archivo de audio MPEG,1,file://localhost/E:/iTunes/iTunes%20Media/Music/Paty%20Cant%C3%BA/La%20Mexicana/01%20Cuando%20Vuelvas.mp3,,,6524,806BBFDC0675A7E5,1,3846496427,2025-11-20 21:13:47,,20,,,44100,6343854,,,Mexicana,,,,11,9145,1,File,2020
La Mexicana,Paty Cantú,Pop en español,Conocerte,2:56,,03 Conocerte.mp3,Concierto_ Paty Cantú Feliz Breakup Tour - CDMX 2023,D:\Códigos\Musica-Analisis\files\xml\Pre_RAW\Concierto_ Paty Cantú Feliz Breakup Tour - CDMX 2023.xml,Paty Cantú,100,,1,105,256,,,"Paty Cantú, Agustín Zubillaga & Luis Jimenez",2024-09-26 20:58:45,2026-01-07 17:02:10,1,1,,,5,Archivo de audio MPEG,1,file://localhost/E:/iTunes/iTunes%20Media/Music/Paty%20Cant%C3%BA/La%20Mexicana/03%20Conocerte.mp3,,,4216,553852576B314BFB,1,3846496429,2025-11-20 21:13:49,,20,,,44100,5749511,,,Mexicana,,,,11,9147,3,File,2020
La Otra - Single,Paty Cantú,Música latina,La Otra,3:09,,01 La Otra.mp3,Concierto_ Paty Cantú Feliz Breakup Tour - CDMX 2023,D:\Códigos\Musica-Analisis\files\xml\Pre_RAW\Concierto_ Paty Cantú Feliz Breakup Tour - CDMX 2023.xml,Paty Cantú,100,True,1,80,256,Se encuentra en spotify,,,2024-09-26 20:58:47,2026-01-07 18:35:01,1,1,,,5,Archivo de audio MPEG,1,file://localhost/E:/iTunes/iTunes%20Media/Music/Paty%20Cant%C3%BA/La%20Otra%20-%20Single/01%20La%20Otra.mp3,,,3966,989A18F859D1C957,7,3850407202,2026-01-05 03:33:22,,100,,,44100,7807804,,,Otra - Single,,,Otra,1,9157,1,File,2023
Me Quedo Sola,Paty Cantú,Música latina,No Fue Suficiente,3:15,,02 No Fue Suficiente.mp3,Concierto_ Paty Cantú Feliz Breakup Tour - CDMX 2023,D:\Códigos\Musica-Analisis\files\xml\Pre_RAW\Concierto_ Paty Cantú Feliz Breakup Tour - CDMX 2023.xml,Paty Cantú,100,True,1,72,256,Se encuentra en spotify,,wwW.MusikfresK.blogspot.com,2024-09-26 20:58:47,2026-01-07 17:44:52,1,1,,,5,Archivo de audio MPEG,1,file://localhost/E:/iTunes/iTunes%20Media/Music/Paty%20Cant%C3%BA/Me%20Quedo%20Sola/02%20No%20Fue%20Suficiente.mp3,,,3926,A9127E7C3830ABA9,8,3843650754,2025-10-18 21:45:54,,100,,,44100,6350811,,,,,,,10,9163,2,File,2008
Me Quedo Sola,Paty Cantú,Música latina,Déjame Ir,3:53,,03 Déjame Ir.mp3,Concierto_ Paty Cantú Feliz Breakup Tour - CDMX 2023,D:\Códigos\Musica-Analisis\files\xml\Pre_RAW\Concierto_ Paty Cantú Feliz Breakup Tour - CDMX 2023.xml,Paty Cantú,100,True,1,78,256,Se encuentra en spotify,,Patricia Cantu & Luis Fernando Ochoa,2024-09-26 20:58:48,2026-01-07 21:53:02,1,1,,,5,Archivo de audio MPEG,1,file://localhost/E:/iTunes/iTunes%20Media/Music/Paty%20Cant%C3%BA/Me%20Quedo%20Sola/03%20D%C3%A9jame%20Ir.mp3,,,4368,F965406487CD33EB,5,3845735897,2025-11-12 01:58:17,,100,,,44100,7568748,,,,,,,10,9165,3,File,2008
Piscis - EP,Paty Cantú,Latin,Bailo Sola,2:35,,01 Bailo Sola.mp3,Concierto_ Paty Cantú Feliz Breakup Tour - CDMX 2023,D:\Códigos\Musica-Analisis\files\xml\Pre_RAW\Concierto_ Paty Cantú Feliz Breakup Tour - CDMX 2023.xml,Paty Cantú,,,1,160,256,,,Patricia Cantu & Cesar Ceja,2024-09-26 20:58:49,2026-01-07 19:30:09,1,1,,,5,Archivo de audio MPEG,1,file://localhost/E:/iTunes/iTunes%20Media/Music/Paty%20Cant%C3%BA/Piscis%20-%20EP/01%20Bailo%20Sola.mp3,,,7950,35E9759EF1A74150,3,3831905726,2025-06-04 23:15:26,,,,,44100,5053315,,,Piscis - EP,,Paty Cantú,Bailo Sola,5,9181,1,File,2022
Piscis - EP,Paty Cantú,Latin,Mi Película,2:24,,03 Mi Película.mp3,Concierto_ Paty Cantú Feliz Breakup Tour - CDMX 2023,D:\Códigos\Musica-Analisis\files\xml\Pre_RAW\Concierto_ Paty Cantú Feliz Breakup Tour - CDMX 2023.xml,Paty Cantú,,,1,104,256,,,"Patricia Giovanna Cantú Velasco, Paul Sefchovich, Luis Miguel de la Isla & Alberto Hernández",2024-09-26 20:58:49,2026-01-07 18:32:06,1,1,,,5,Archivo de audio MPEG,1,file://localhost/E:/iTunes/iTunes%20Media/Music/Paty%20Cant%C3%BA/Piscis%20-%20EP/03%20Mi%20Pel%C3%ADcula.mp3,,,5438,D46FB3F91F565AC0,4,3832759923,2025-06-14 20:32:03,,,,,44100,4697228,,,Piscis - EP,,Paty Cantú,Mi Película,5,9183,3,File,2022
#333 (Edición Deluxe),Paty Cantú & Jesse Baez,Pop en español,Miento,3:04,,03 Miento.mp3,Concierto_ Paty Cantú Feliz Breakup Tour - CDMX 2023,D:\Códigos\Musica-Analisis\files\xml\Pre_RAW\Concierto_ Paty Cantú Feliz Breakup Tour - CDMX 2023.xml,Paty Cantú,100,True,1,78,256,,,"Paty Cantú, Jesse Baez, Andres Saavedra, Jorge Hernández Quiles & Oscar Botello",2024-09-26 20:58:50,2026-01-07 18:34:45,1,1,,,5,Archivo de audio MPEG,1,file://localhost/E:/iTunes/iTunes%20Media/Music/Paty%20Cant%C3%BA/%23333%20(Edici%C3%B3n%20Deluxe)/03%20Miento.mp3,,,3269,5F9A35BBF3912394,1,3846496438,2025-11-20 21:13:58,,,,,44100,5953799,,,,,,,29,9195,3,File,2018
#333 (Edición Deluxe),Paty Cantú & Juhn,Pop en español,#Natural,3:46,,02 #Natural.mp3,Concierto_ Paty Cantú Feliz Breakup Tour - CDMX 2023,D:\Códigos\Musica-Analisis\files\xml\Pre_RAW\Concierto_ Paty Cantú Feliz Breakup Tour - CDMX 2023.xml,Paty Cantú,100,True,1,97,256,,,"Paty Cantú, Jorge Hernández Quiles & Andres Saavedra",2024-09-26 20:58:51,2026-01-07 21:36:32,1,1,,,5,Archivo de audio MPEG,1,file://localhost/E:/iTunes/iTunes%20Media/Music/Paty%20Cant%C3%BA/%23333%20(Edici%C3%B3n%20Deluxe)/02%20%23Natural.mp3,,,6829,A071158285040E26,1,3846496438,2025-11-20 21:13:58,,,,,44100,7299617,,,,,,,29,9201,2,File,2017
La Mexicana,Paty Cantú & Lasso,Pop en español,Odiarte,3:57,,11 Odiarte.mp3,Concierto_ Paty Cantú Feliz Breakup Tour - CDMX 2023,D:\Códigos\Musica-Analisis\files\xml\Pre_RAW\Concierto_ Paty Cantú Feliz Breakup Tour - CDMX 2023.xml,Paty Cantú,100,,1,89,256,,,"Paty Cantú, Andrés Torres, Mauricio Rengifo, Pablo Arévalo & Ana Paola Lynch",2024-09-26 20:58:51,2026-01-07 17:10:18,1,1,,,5,Archivo de audio MPEG,1,file://localhost/E:/iTunes/iTunes%20Media/Music/Paty%20Cant%C3%BA/La%20Mexicana/11%20Odiarte.mp3,,,5463,8612DD6AF2E136FD,1,3821110145,2025-01-31 01:29:05,,20,,,44100,7678033,,,Mexicana,,,,11,9207,11,File,2021
A Las 3 - Single,Paty Cantú & Leon Leiden,Pop,A Las 3,2:42,,01 A Las 3.mp3,Concierto_ Paty Cantú Feliz Breakup Tour - CDMX 2023,D:\Códigos\Musica-Analisis\files\xml\Pre_RAW\Concierto_ Paty Cantú Feliz Breakup Tour - CDMX 2023.xml,Paty Cantú & Leon Leiden,100,True,1,103,256,Se encuentra en spotify,,"Angela Davalos, Leon Leiden, Patricia Cantu & Saibu",2024-09-26 20:58:51,2026-01-07 17:51:15,1,1,,,5,Archivo de audio MPEG,1,file://localhost/E:/iTunes/iTunes%20Media/Music/Paty%20Cant%C3%BA%20&%20Leon%20Leiden/A%20Las%203%20-%20Single/01%20A%20Las%203.mp3,,,5907,E8262A0EBD4EE5F6,6,3844247591,2025-10-25 19:33:11,,100,,,44100,5294402,,,,,,,1,9209,1,File,2023
Si Yo Fuera Tú - Single,Paty Cantú & Maria Becerra,Pop en español,Si Yo Fuera Tú,2:52,,01 Si Yo Fuera Tú.mp3,Concierto_ Paty Cantú Feliz Breakup Tour - CDMX 2023,D:\Códigos\Musica-Analisis\files\xml\Pre_RAW\Concierto_ Paty Cantú Feliz Breakup Tour - CDMX 2023.xml,Paty Cantú & Maria Becerra,100,True,,78,256,Se encuentra en spotify,,,2024-09-26 20:58:52,2026-01-07 17:22:37,1,1,,,5,Archivo de audio MPEG,1,file://localhost/E:/iTunes/iTunes%20Media/Music/Paty%20Cant%C3%BA%20&%20Maria%20Becerra/Si%20Yo%20Fuera%20T%C3%BA%20-%20Single/01%20Si%20Yo%20Fuera%20T%C3%BA.mp3,,,5794,F4DBF1C2FD1C3094,8,3844363718,2025-10-27 04:48:38,,100,,,44100,5529406,,,,,,,1,9211,1,File,2021
Piscis - EP,"Paty Cantú, Neto Peña & Gera MX",Música latina,Guadalajara,3:50,,02 Guadalajara.mp3,Concierto_ Paty Cantú Feliz Breakup Tour - CDMX 2023,D:\Códigos\Musica-Analisis\files\xml\Pre_RAW\Concierto_ Paty Cantú Feliz Breakup Tour - CDMX 2023.xml,Paty Cantú,,,1,114,256,,,,2024-09-26 20:58:52,2026-01-07 17:03:12,1,1,,,5,Archivo de audio MPEG,1,file://localhost/E:/iTunes/iTunes%20Media/Music/Paty%20Cant%C3%BA/Piscis%20-%20EP/02%20Guadalajara.mp3,,,6299,49C296806312F341,1,3820170384,2025-01-20 04:26:24,,,,,44100,7450813,,,,,,,5,9219,2,File,2022
La Mexicana,"Paty Cantú, Pitizion & Camila Fernández",Pop en español,¿Te Ha Pasado?,2:43,,05 ¿Te Ha Pasado_.mp3,Concierto_ Paty Cantú Feliz Breakup Tour - CDMX 2023,D:\Códigos\Musica-Analisis\files\xml\Pre_RAW\Concierto_ Paty Cantú Feliz Breakup Tour - CDMX 2023.xml,Paty Cantú,100,,1,83,256,Se encuentra en spotify,,"Paty Cantú, Miriam Rodríguez & Maria Del Pilar Pérez",2024-09-26 20:58:52,2026-01-07 18:07:08,1,1,,,5,Archivo de audio MPEG,1,file://localhost/E:/iTunes/iTunes%20Media/Music/Paty%20Cant%C3%BA/La%20Mexicana/05%20%C2%BFTe%20Ha%20Pasado_.mp3,,,3123,E5E025FBDA970A43,7,3831025277,2025-05-25 18:41:17,,100,,,44100,5310652,,,Mexicana,,,Te Ha Pasado?,11,9221,5,File,2020
Piscis - EP,"Paty Cantú, Ximena Sariñana & zzoilo",Música latina,Feliz Breakup,3:27,,04 Feliz Breakup.mp3,Concierto_ Paty Cantú Feliz Breakup Tour - CDMX 2023,D:\Códigos\Musica-Analisis\files\xml\Pre_RAW\Concierto_ Paty Cantú Feliz Breakup Tour - CDMX 2023.xml,Paty Cantú,,,1,115,256,,,,2024-09-26 20:58:52,2026-01-07 19:24:29,1,1,,,5,Archivo de audio MPEG,1,file://localhost/E:/iTunes/iTunes%20Media/Music/Paty%20Cant%C3%BA/Piscis%20-%20EP/04%20Feliz%20Breakup.mp3,,,6219,5CAC7B3C0FA14EC7,1,3823353692,2025-02-26 00:41:32,,,,,44100,6713840,,,,,,,5,9223,4,File,2023
Album,Lu,Pop en español,La Vída Después de Ti,4:43,,02 La Vída Después de Ti.m4a,Concierto_ Paty Cantú Feliz Breakup Tour - CDMX 2023,D:\Códigos\Musica-Analisis\files\xml\Pre_RAW\Concierto_ Paty Cantú Feliz Breakup Tour - CDMX 2023.xml,Lu,100,True,1,80,325,,,Mario Sandoval/Paty Cantú,2025-02-07 07:26:47,2026-01-07 19:12:46,1,1,,,5,Archivo de audio AAC,1,file://localhost/E:/iTunes/iTunes%20Media/Music/Lu/Album/02%20La%20V%C3%ADda%20Despu%C3%A9s%20de%20Ti.m4a,,,5251,2152E56B7B3371C9,,,,,,,2006-09-26 12:00:00,48000,11665171,,,,,,Vída Después de Ti,11,15755,2,File,2006
Album,Lu,Pop en español,Piensalo Bien,3:54,,04 Piensalo Bien.m4a,Concierto_ Paty Cantú Feliz Breakup Tour - CDMX 2023,D:\Códigos\Musica-Analisis\files\xml\Pre_RAW\Concierto_ Paty Cantú Feliz Breakup Tour - CDMX 2023.xml,Lu,100,True,1,115,324,Se encuentra en spotify,,Mario Sandoval/Paty Cantú,2025-02-07 07:26:47,2026-01-07 19:37:39,1,1,,,5,Archivo de audio AAC,1,file://localhost/E:/iTunes/iTunes%20Media/Music/Lu/Album/04%20Piensalo%20Bien.m4a,,,3123,169EBE129018922E,3,3847194085,2025-11-28 23:01:25,,100,,2006-09-26 12:00:00,48000,9652137,,,,,,,11,15759,4,File,2006
Lu,Lu,Música latina,Por Besarte,3:37,,05 Por Besarte.m4a,Concierto_ Paty Cantú Feliz Breakup Tour - CDMX 2023,D:\Códigos\Musica-Analisis\files\xml\Pre_RAW\Concierto_ Paty Cantú Feliz Breakup Tour - CDMX 2023.xml,Lu,,,1,88,328,,,Mario Sandoval,2025-02-07 07:45:04,2026-01-07 18:09:17,1,1,,,5,Archivo de audio AAC,1,file://localhost/E:/iTunes/iTunes%20Media/Music/Lu/Lu/05%20Por%20Besarte.m4a,,,6576,219F5BB208D2CFCE,1,3821786548,2025-02-07 21:22:28,,,,2004-02-24 12:00:00,48000,9023843,,,,,,,10,15785,5,File,2004
Lu,Lu,Música latina,Una Confusion,5:21,,10 Una Confusion.m4a,Concierto_ Paty Cantú Feliz Breakup Tour - CDMX 2023,D:\Códigos\Musica-Analisis\files\xml\Pre_RAW\Concierto_ Paty Cantú Feliz Breakup Tour - CDMX 2023.xml,Lu,,,1,92,323,,,Mario Sandoval,2025-02-07 07:45:05,2026-01-07 17:57:06,1,1,,,5,Archivo de audio AAC,1,file://localhost/E:/iTunes/iTunes%20Media/Music/Lu/Lu/10%20Una%20Confusion.m4a,,,7930,E40AA3A596A0284E,,,,,,,2004-02-24 12:00:00,48000,13139442,,,,,,Confusion,10,15795,10,File,2004
María José... de Noche,María José,Pop en español,Prefiero Ser Su Amante,3:28,,08 Prefiero Ser Su Amante.m4a,Concierto_ Paty Cantú Feliz Breakup Tour - CDMX 2023,D:\Códigos\Musica-Analisis\files\xml\Pre_RAW\Concierto_ Paty Cantú Feliz Breakup Tour - CDMX 2023.xml,María José,,,1,132,330,,,Angela Davalos & Paty Cantú,2025-02-07 07:58:59,2026-01-07 18:15:55,1,1,,,5,Archivo de audio AAC,1,file://localhost/E:/iTunes/iTunes%20Media/Music/Mar%C3%ADa%20Jos%C3%A9/Mar%C3%ADa%20Jos%C3%A9...%20de%20Noche/08%20Prefiero%20Ser%20Su%20Amante.m4a,,,5939,2CD50B3CE1DEEA98,,,,,,,2012-08-07 12:00:00,48000,8696975,,,,,,,14,15811,8,File,2012
Nikki Clan,Nikki Clan,Pop en español,No Me Digas Que No ( Boy Like You ),2:56,,06 No Me Digas Que No ( Boy Like You.m4a,Concierto_ Paty Cantú Feliz Breakup Tour - CDMX 2023,D:\Códigos\Musica-Analisis\files\xml\Pre_RAW\Concierto_ Paty Cantú Feliz Breakup Tour - CDMX 2023.xml,Nikki Clan,100,True,1,128,326,Se encuentra en spotify,,^Lokadia^,2025-02-07 08:09:12,2026-01-07 17:22:02,1,1,,,5,Archivo de audio AAC,1,file://localhost/E:/iTunes/iTunes%20Media/Music/Nikki%20Clan/Nikki%20Clan/06%20No%20Me%20Digas%20Que%20No%20(%20Boy%20Like%20You.m4a,,,4968,E7399A23801BD35F,4,3843140056,2025-10-12 23:54:16,,100,,2007-03-13 12:00:00,48000,7311928,,,,,,,14,15835,6,File,2007
MALVAS - Single,Leo Rizzi & Paty Cantú,Pop,MALVAS,3:03,,01 MALVAS.mp3,Concierto_ Paty Cantú Feliz Breakup Tour - CDMX 2024,D:\Códigos\Musica-Analisis\files\xml\Pre_RAW\Concierto_ Paty Cantú Feliz Breakup Tour - CDMX 2024.xml,Leo Rizzi & Paty Cantú,100,True,1,68,256,Se encuentra en spotify,,,2024-09-26 20:53:02,2026-01-07 20:34:51,1,1,,,5,Archivo de audio MPEG,1,file://localhost/E:/iTunes/iTunes%20Media/Music/Leo%20Rizzi%20&%20Paty%20Cant%C3%BA/MALVAS%20-%20Single/01%20MALVAS.mp3,,,5955,DCCD2526EA2C50CF,5,3845720142,2025-11-11 21:35:42,,100,,,44100,5962289,,,,,,,1,7567,1,File,2024
#333 (Edición Deluxe),Paty Cantú,Pop en español,Mariposas,2:59,,01 Mariposas.mp3,Concierto_ Paty Cantú Feliz Breakup Tour - CDMX 2024,D:\Códigos\Musica-Analisis\files\xml\Pre_RAW\Concierto_ Paty Cantú Feliz Breakup Tour - CDMX 2024.xml,Paty Cantú,100,True,1,98,256,,,Paty Cantú & Ángela Dávalos,2024-09-26 20:58:32,2026-01-07 19:44:09,1,1,,,5,Archivo de audio MPEG,1,file://localhost/E:/iTunes/iTunes%20Media/Music/Paty%20Cant%C3%BA/%23333%20(Edici%C3%B3n%20Deluxe)/01%20Mariposas.mp3,,,4564,8CA04BF282EC2EC9,1,3846496432,2025-11-20 21:13:52,,,,,44100,5789893,,,,,,,29,8977,1,File,2018
#333 (Edición Deluxe),Paty Cantú,Pop en español,"Amor, Amor, Amor",3:46,,"06 Amor, Amor, Amor.mp3",Concierto_ Paty Cantú Feliz Breakup Tour - CDMX 2024,D:\Códigos\Musica-Analisis\files\xml\Pre_RAW\Concierto_ Paty Cantú Feliz Breakup Tour - CDMX 2024.xml,Paty Cantú,100,True,1,148,256,,,"Paty Cantú, Ángela Dávalos, Daniel Volpe, Eric Palmqwist & Thomas Lipp",2024-09-26 20:58:32,2026-01-07 19:51:35,1,1,,,5,Archivo de audio MPEG,1,"file://localhost/E:/iTunes/iTunes%20Media/Music/Paty%20Cant%C3%BA/%23333%20(Edici%C3%B3n%20Deluxe)/06%20Amor,%20Amor,%20Amor.mp3",,,4507,A8BD7B4BB53B43B1,1,3846496433,2025-11-20 21:13:53,,,,,44100,7286193,,,,,,,29,8983,6,File,2016
#333 (Edición Deluxe),Paty Cantú,Pop en español,Valiente,4:15,,07 Valiente.mp3,Concierto_ Paty Cantú Feliz Breakup Tour - CDMX 2024,D:\Códigos\Musica-Analisis\files\xml\Pre_RAW\Concierto_ Paty Cantú Feliz Breakup Tour - CDMX 2024.xml,Paty Cantú,100,True,1,87,256,,,"Patricia Cantu, Angela Dávalos, Eric Palmqwist & Mats Hedstrom",2024-09-26 20:58:32,2025-07-12 06:27:55,1,1,,,5,Archivo de audio MPEG,1,file://localhost/E:/iTunes/iTunes%20Media/Music/Paty%20Cant%C3%BA/%23333%20(Edici%C3%B3n%20Deluxe)/07%20Valiente.mp3,,,3238,ECE47FEE0A41D2CC,1,3823507859,2025-02-27 19:30:59,,,,,44100,8223250,,,,,,,29,8985,7,File,2015
#333 (Edición Deluxe),Paty Cantú,Pop en español,Rompo Contigo,3:45,,08 Rompo Contigo.mp3,Concierto_ Paty Cantú Feliz Breakup Tour - CDMX 2024,D:\Códigos\Musica-Analisis\files\xml\Pre_RAW\Concierto_ Paty Cantú Feliz Breakup Tour - CDMX 2024.xml,Paty Cantú,100,True,1,132,256,,,Patricia Cantu & Angela Dávalos,2024-09-26 20:58:32,2026-01-07 22:07:53,1,1,,,5,Archivo de audio MPEG,1,file://localhost/E:/iTunes/iTunes%20Media/Music/Paty%20Cant%C3%BA/%23333%20(Edici%C3%B3n%20Deluxe)/08%20Rompo%20Contigo.mp3,,,4223,A6C97684CB02EA2D,1,3843155976,2025-10-13 04:19:36,,,,,44100,7257769,,,,,,,29,8987,8,File,2016
#333 (Edición Deluxe),Paty Cantú,Pop en español,Cuervo,4:07,,09 Cuervo.mp3,Concierto_ Paty Cantú Feliz Breakup Tour - CDMX 2024,D:\Códigos\Musica-Analisis\files\xml\Pre_RAW\Concierto_ Paty Cantú Feliz Breakup Tour - CDMX 2024.xml,Paty Cantú,100,True,1,80,256,Se encuentra en spotify,,Paty Cantú & Ángela Dávalos,2024-09-26 20:58:32,2026-01-07 17:11:36,1,1,,,5,Archivo de audio MPEG,1,file://localhost/E:/iTunes/iTunes%20Media/Music/Paty%20Cant%C3%BA/%23333%20(Edici%C3%B3n%20Deluxe)/09%20Cuervo.mp3,,,7801,F6DE186CF62B3EED,3,3826360986,2025-04-01 20:03:06,,100,,,44100,7966621,,,,,,,29,8989,9,File,2018
#333 (Edición Deluxe),Paty Cantú feat. Alejandro Sanz,Pop en español,Cuenta Pendiente,3:12,,11 Cuenta Pendiente.mp3,Concierto_ Paty Cantú Feliz Breakup Tour - CDMX 2024,D:\Códigos\Musica-Analisis\files\xml\Pre_RAW\Concierto_ Paty Cantú Feliz Breakup Tour - CDMX 2024.xml,Paty Cantú,100,True,1,82,256,,,#Shark Dj® 2019 Y Hugo®.....La Unica Marca Que Revoluciona El Mercado De La Pirateria En Mexico!!,2024-09-26 20:58:32,2026-01-07 18:04:22,1,1,,,5,Archivo de audio MPEG,1,file://localhost/E:/iTunes/iTunes%20Media/Music/Paty%20Cant%C3%BA/%23333%20(Edici%C3%B3n%20Deluxe)/11%20Cuenta%20Pendiente.mp3,,,3593,E6698460EEDB3018,2,3821357092,2025-02-02 22:04:52,,,,,44100,6197852,,,,,,,29,8991,11,File,2018
Afortunadamente No Eres Tú (Edición Especial),Paty Cantú,Pop,Afortunadamente No Eres Tú,3:08,,01 Afortunadamente No Eres Tú.mp3,Concierto_ Paty Cantú Feliz Breakup Tour - CDMX 2024,D:\Códigos\Musica-Analisis\files\xml\Pre_RAW\Concierto_ Paty Cantú Feliz Breakup Tour - CDMX 2024.xml,Paty Cantú,100,True,1,131,256,Se encuentra en spotify,,"Juan Carlos Moguel, Bruno Danza & Paty Cantú",2024-09-26 20:58:33,2026-01-07 20:48:04,1,1,,,5,Archivo de audio MPEG,1,file://localhost/E:/iTunes/iTunes%20Media/Music/Paty%20Cant%C3%BA/Afortunadamente%20No%20Eres%20T%C3%BA%20(Edici%C3%B3n%20Espe/01%20Afortunadamente%20No%20Eres%20T%C3%BA.mp3,,,3983,270E3C34150113C3,2,3826361933,2025-04-01 20:18:53,,100,,,44100,6106309,,,,,,,17,9019,1,File,2010
Afortunadamente No Eres Tú (Edición Especial),Paty Cantú,Pop,Goma de Mascar,2:59,,02 Goma de Mascar.mp3,Concierto_ Paty Cantú Feliz Breakup Tour - CDMX 2024,D:\Códigos\Musica-Analisis\files\xml\Pre_RAW\Concierto_ Paty Cantú Feliz Breakup Tour - CDMX 2024.xml,Paty Cantú,100,True,1,133,256,Se encuentra en spotify,,"Paty Cantú, Angela Davalos & Daniel Ramirez",2024-09-26 20:58:34,2026-01-07 21:07:17,1,1,,,5,Archivo de audio MPEG,1,file://localhost/E:/iTunes/iTunes%20Media/Music/Paty%20Cant%C3%BA/Afortunadamente%20No%20Eres%20T%C3%BA%20(Edici%C3%B3n%20Espe/02%20Goma%20de%20Mascar.mp3,,,2172,9C91AAE59D7DF15E,7,3831278966,2025-05-28 17:09:26,,100,,,44100,5804502,,,,,,,17,9021,2,File,2010
Afortunadamente No Eres Tú (Edición Especial),Paty Cantú,Pop,Clavo Que Saca Otro Clavo,3:15,,03 Clavo Que Saca Otro Clavo.mp3,Concierto_ Paty Cantú Feliz Breakup Tour - CDMX 2024,D:\Códigos\Musica-Analisis\files\xml\Pre_RAW\Concierto_ Paty Cantú Feliz Breakup Tour - CDMX 2024.xml,Paty Cantú,100,True,1,84,256,Se encuentra en spotify,,"Bruno Danza, Paty Cantú & Jules Ramillano",2024-09-26 20:58:34,2026-01-07 16:55:27,1,1,,,5,Archivo de audio MPEG,1,file://localhost/E:/iTunes/iTunes%20Media/Music/Paty%20Cant%C3%BA/Afortunadamente%20No%20Eres%20T%C3%BA%20(Edici%C3%B3n%20Espe/03%20Clavo%20Que%20Saca%20Otro%20Clavo.mp3,,,3607,17E547123EAD564E,4,3834405060,2025-07-03 21:31:00,,100,,,44100,6316931,,,,,,,17,9023,3,File,2010
Corazón Bipolar (Edición Especial),Paty Cantú,Pop en español,Corazón Bipolar,3:15,,01 Corazón Bipolar.mp3,Concierto_ Paty Cantú Feliz Breakup Tour - CDMX 2024,D:\Códigos\Musica-Analisis\files\xml\Pre_RAW\Concierto_ Paty Cantú Feliz Breakup Tour - CDMX 2024.xml,Paty Cantú,100,True,1,100,256,Se encuentra en spotify,,"Ximena Muñoz, Patricia Cantu & Angeles Dávalos",2024-09-26 20:58:36,2026-01-07 19:02:07,1,1,,,5,Archivo de audio MPEG,1,file://localhost/E:/iTunes/iTunes%20Media/Music/Paty%20Cant%C3%BA/Coraz%C3%B3n%20Bipolar%20(Edici%C3%B3n%20Especial)/01%20Coraz%C3%B3n%20Bipolar.mp3,,,5912,B7C50DF60E4B4BF0,8,3843133279,2025-10-12 22:01:19,,100,,,44100,6334375,,,,,,,22,9055,1,File,2012
Corazón Bipolar (Edición Especial),Paty Cantú,Pop en español,Suerte,3:03,,08 Suerte.mp3,Concierto_ Paty Cantú Feliz Breakup Tour - CDMX 2024,D:\Códigos\Musica-Analisis\files\xml\Pre_RAW\Concierto_ Paty Cantú Feliz Breakup Tour - CDMX 2024.xml,Paty Cantú,100,True,1,82,256,Se encuentra en spotify,,Patricia Cantu & Ángela Dávalos,2024-09-26 20:58:38,2026-01-07 17:17:23,1,1,,,5,Archivo de audio MPEG,1,file://localhost/E:/iTunes/iTunes%20Media/Music/Paty%20Cant%C3%BA/Coraz%C3%B3n%20Bipolar%20(Edici%C3%B3n%20Especial)/08%20Suerte.mp3,,,4966,94EC0BBF94DA1516,7,3835859900,2025-07-20 17:38:20,,100,,,44100,5954841,,,,,,,22,9069,8,File,2013
La Mexicana,Paty Cantú,Pop en español,Cuando Vuelvas,3:15,,01 Cuando Vuelvas.mp3,Concierto_ Paty Cantú Feliz Breakup Tour - CDMX 2024,D:\Códigos\Musica-Analisis\files\xml\Pre_RAW\Concierto_ Paty Cantú Feliz Breakup Tour - CDMX 2024.xml,Paty Cantú,100,,1,110,256,,,"Agustín Zubillaga, Luis Jimenez & Patricia Cantu",2024-09-26 20:58:45,2026-01-07 19:41:10,1,1,,,5,Archivo de audio MPEG,1,file://localhost/E:/iTunes/iTunes%20Media/Music/Paty%20Cant%C3%BA/La%20Mexicana/01%20Cuando%20Vuelvas.mp3,,,6524,806BBFDC0675A7E5,1,3846496427,2025-11-20 21:13:47,,20,,,44100,6343854,,,Mexicana,,,,11,9145,1,File,2020
La Mexicana,Paty Cantú,Pop en español,Conocerte,2:56,,03 Conocerte.mp3,Concierto_ Paty Cantú Feliz Breakup Tour - CDMX 2024,D:\Códigos\Musica-Analisis\files\xml\Pre_RAW\Concierto_ Paty Cantú Feliz Breakup Tour - CDMX 2024.xml,Paty Cantú,100,,1,105,256,,,"Paty Cantú, Agustín Zubillaga & Luis Jimenez",2024-09-26 20:58:45,2026-01-07 17:02:10,1,1,,,5,Archivo de audio MPEG,1,file://localhost/E:/iTunes/iTunes%20Media/Music/Paty%20Cant%C3%BA/La%20Mexicana/03%20Conocerte.mp3,,,4216,553852576B314BFB,1,3846496429,2025-11-20 21:13:49,,20,,,44100,5749511,,,Mexicana,,,,11,9147,3,File,2020
La Otra - Single,Paty Cantú,Música latina,La Otra,3:09,,01 La Otra.mp3,Concierto_ Paty Cantú Feliz Breakup Tour - CDMX 2024,D:\Códigos\Musica-Analisis\files\xml\Pre_RAW\Concierto_ Paty Cantú Feliz Breakup Tour - CDMX 2024.xml,Paty Cantú,100,True,1,80,256,Se encuentra en spotify,,,2024-09-26 20:58:47,2026-01-07 18:35:01,1,1,,,5,Archivo de audio MPEG,1,file://localhost/E:/iTunes/iTunes%20Media/Music/Paty%20Cant%C3%BA/La%20Otra%20-%20Single/01%20La%20Otra.mp3,,,3966,989A18F859D1C957,7,3850407202,2026-01-05 03:33:22,,100,,,44100,7807804,,,Otra - Single,,,Otra,1,9157,1,File,2023
Lo Que No Quieres Saber - Single,Paty Cantú,Pop,Lo Que No Quieres Saber,2:33,,01 Lo Que No Quieres Saber.mp3,Concierto_ Paty Cantú Feliz Breakup Tour - CDMX 2024,D:\Códigos\Musica-Analisis\files\xml\Pre_RAW\Concierto_ Paty Cantú Feliz Breakup Tour - CDMX 2024.xml,Paty Cantú,100,True,1,82,256,Se encuentra en spotify,,"Angela Davalos, Daniel Sobrino, Ali Stone & Paty Cantú",2024-09-26 20:58:47,2026-01-07 18:03:57,1,1,,,5,Archivo de audio MPEG,1,file://localhost/E:/iTunes/iTunes%20Media/Music/Paty%20Cant%C3%BA/Lo%20Que%20No%20Quieres%20Saber%20-%20Single/01%20Lo%20Que%20No%20Quieres%20Saber.mp3,,,5673,457D955CA08B1455,6,3847198233,2025-11-29 00:10:33,,100,,,44100,4975672,,,Lo Que No Quieres Saber - Single,,Paty Cantú,Lo Que No Quieres Saber,1,9159,1,File,2023
Me Quedo Sola,Paty Cantú,Música latina,No Fue Suficiente,3:15,,02 No Fue Suficiente.mp3,Concierto_ Paty Cantú Feliz Breakup Tour - CDMX 2024,D:\Códigos\Musica-Analisis\files\xml\Pre_RAW\Concierto_ Paty Cantú Feliz Breakup Tour - CDMX 2024.xml,Paty Cantú,100,True,1,72,256,Se encuentra en spotify,,wwW.MusikfresK.blogspot.com,2024-09-26 20:58:47,2026-01-07 17:44:52,1,1,,,5,Archivo de audio MPEG,1,file://localhost/E:/iTunes/iTunes%20Media/Music/Paty%20Cant%C3%BA/Me%20Quedo%20Sola/02%20No%20Fue%20Suficiente.mp3,,,3926,A9127E7C3830ABA9,8,3843650754,2025-10-18 21:45:54,,100,,,44100,6350811,,,,,,,10,9163,2,File,2008
Me Quedo Sola,Paty Cantú,Música latina,Déjame Ir,3:53,,03 Déjame Ir.mp3,Concierto_ Paty Cantú Feliz Breakup Tour - CDMX 2024,D:\Códigos\Musica-Analisis\files\xml\Pre_RAW\Concierto_ Paty Cantú Feliz Breakup Tour - CDMX 2024.xml,Paty Cantú,100,True,1,78,256,Se encuentra en spotify,,Patricia Cantu & Luis Fernando Ochoa,2024-09-26 20:58:48,2026-01-07 21:53:02,1,1,,,5,Archivo de audio MPEG,1,file://localhost/E:/iTunes/iTunes%20Media/Music/Paty%20Cant%C3%BA/Me%20Quedo%20Sola/03%20D%C3%A9jame%20Ir.mp3,,,4368,F965406487CD33EB,5,3845735897,2025-11-12 01:58:17,,100,,,44100,7568748,,,,,,,10,9165,3,File,2008
Piscis - EP,Paty Cantú,Latin,Bailo Sola,2:35,,01 Bailo Sola.mp3,Concierto_ Paty Cantú Feliz Breakup Tour - CDMX 2024,D:\Códigos\Musica-Analisis\files\xml\Pre_RAW\Concierto_ Paty Cantú Feliz Breakup Tour - CDMX 2024.xml,Paty Cantú,,,1,160,256,,,Patricia Cantu & Cesar Ceja,2024-09-26 20:58:49,2026-01-07 19:30:09,1,1,,,5,Archivo de audio MPEG,1,file://localhost/E:/iTunes/iTunes%20Media/Music/Paty%20Cant%C3%BA/Piscis%20-%20EP/01%20Bailo%20Sola.mp3,,,7950,35E9759EF1A74150,3,3831905726,2025-06-04 23:15:26,,,,,44100,5053315,,,Piscis - EP,,Paty Cantú,Bailo Sola,5,9181,1,File,2022
Tal Vez - Single,Paty Cantú,Pop,Tal Vez,2:46,,01 Tal Vez.mp3,Concierto_ Paty Cantú Feliz Breakup Tour - CDMX 2024,D:\Códigos\Musica-Analisis\files\xml\Pre_RAW\Concierto_ Paty Cantú Feliz Breakup Tour - CDMX 2024.xml,Paty Cantú,100,True,1,100,256,Se encuentra en spotify,,"Paty Cantú, Gero Omaña, Victòria & Esmeralda Cantoral",2024-09-26 20:58:49,2026-01-07 19:15:37,1,1,,,5,Archivo de audio MPEG,1,file://localhost/E:/iTunes/iTunes%20Media/Music/Paty%20Cant%C3%BA/Tal%20Vez%20-%20Single/01%20Tal%20Vez.mp3,,,7940,A30D006B59904F05,5,3845974663,2025-11-14 20:17:43,,100,,,44100,5406000,,,,,,,1,9187,1,File,2024
#333 (Edición Deluxe),Paty Cantú & Juhn,Pop en español,#Natural,3:46,,02 #Natural.mp3,Concierto_ Paty Cantú Feliz Breakup Tour - CDMX 2024,D:\Códigos\Musica-Analisis\files\xml\Pre_RAW\Concierto_ Paty Cantú Feliz Breakup Tour - CDMX 2024.xml,Paty Cantú,100,True,1,97,256,,,"Paty Cantú, Jorge Hernández Quiles & Andres Saavedra",2024-09-26 20:58:51,2026-01-07 21:36:32,1,1,,,5,Archivo de audio MPEG,1,file://localhost/E:/iTunes/iTunes%20Media/Music/Paty%20Cant%C3%BA/%23333%20(Edici%C3%B3n%20Deluxe)/02%20%23Natural.mp3,,,6829,A071158285040E26,1,3846496438,2025-11-20 21:13:58,,,,,44100,7299617,,,,,,,29,9201,2,File,2017
A Las 3 - Single,Paty Cantú & Leon Leiden,Pop,A Las 3,2:42,,01 A Las 3.mp3,Concierto_ Paty Cantú Feliz Breakup Tour - CDMX 2024,D:\Códigos\Musica-Analisis\files\xml\Pre_RAW\Concierto_ Paty Cantú Feliz Breakup Tour - CDMX 2024.xml,Paty Cantú & Leon Leiden,100,True,1,103,256,Se encuentra en spotify,,"Angela Davalos, Leon Leiden, Patricia Cantu & Saibu",2024-09-26 20:58:51,2026-01-07 17:51:15,1,1,,,5,Archivo de audio MPEG,1,file://localhost/E:/iTunes/iTunes%20Media/Music/Paty%20Cant%C3%BA%20&%20Leon%20Leiden/A%20Las%203%20-%20Single/01%20A%20Las%203.mp3,,,5907,E8262A0EBD4EE5F6,6,3844247591,2025-10-25 19:33:11,,100,,,44100,5294402,,,,,,,1,9209,1,File,2023
Si Yo Fuera Tú - Single,Paty Cantú & Maria Becerra,Pop en español,Si Yo Fuera Tú,2:52,,01 Si Yo Fuera Tú.mp3,Concierto_ Paty Cantú Feliz Breakup Tour - CDMX 2024,D:\Códigos\Musica-Analisis\files\xml\Pre_RAW\Concierto_ Paty Cantú Feliz Breakup Tour - CDMX 2024.xml,Paty Cantú & Maria Becerra,100,True,,78,256,Se encuentra en spotify,,,2024-09-26 20:58:52,2026-01-07 17:22:37,1,1,,,5,Archivo de audio MPEG,1,file://localhost/E:/iTunes/iTunes%20Media/Music/Paty%20Cant%C3%BA%20&%20Maria%20Becerra/Si%20Yo%20Fuera%20T%C3%BA%20-%20Single/01%20Si%20Yo%20Fuera%20T%C3%BA.mp3,,,5794,F4DBF1C2FD1C3094,8,3844363718,2025-10-27 04:48:38,,100,,,44100,5529406,,,,,,,1,9211,1,File,2021
Piscis - EP,"Paty Cantú, Neto Peña & Gera MX",Música latina,Guadalajara,3:50,,02 Guadalajara.mp3,Concierto_ Paty Cantú Feliz Breakup Tour - CDMX 2024,D:\Códigos\Musica-Analisis\files\xml\Pre_RAW\Concierto_ Paty Cantú Feliz Breakup Tour - CDMX 2024.xml,Paty Cantú,,,1,114,256,,,,2024-09-26 20:58:52,2026-01-07 17:03:12,1,1,,,5,Archivo de audio MPEG,1,file://localhost/E:/iTunes/iTunes%20Media/Music/Paty%20Cant%C3%BA/Piscis%20-%20EP/02%20Guadalajara.mp3,,,6299,49C296806312F341,1,3820170384,2025-01-20 04:26:24,,,,,44100,7450813,,,,,,,5,9219,2,File,2022
Al Infiel - Single,Paty Cantú,Pop,Al Infiel,3:29,,01 Al Infiel.m4a,Concierto_ Paty Cantú Feliz Breakup Tour - CDMX 2024,D:\Códigos\Musica-Analisis\files\xml\Pre_RAW\Concierto_ Paty Cantú Feliz Breakup Tour - CDMX 2024.xml,Paty Cantú,100,True,1,140,318,Se encuentra en spotify,,Angela Davalos & Paty Cantú,2025-01-16 03:54:23,2026-01-07 22:15:17,1,1,,,5,Archivo de audio AAC,1,file://localhost/E:/iTunes/iTunes%20Media/Music/Paty%20Cant%C3%BA/Al%20Infiel%20-%20Single/01%20Al%20Infiel.m4a,,,4264,56CB9C7BB1E1771B,6,3843650390,2025-10-18 21:39:50,,100,,2024-11-07 12:00:00,48000,8443715,,,,,,,1,12083,1,File,2024
El Reloj del Corazón - Single,Gera MX & Paty Cantú,Rap,El Reloj del Corazón,3:25,,01 El Reloj del Corazón.m4a,Concierto_ Paty Cantú Feliz Breakup Tour - CDMX 2024,D:\Códigos\Musica-Analisis\files\xml\Pre_RAW\Concierto_ Paty Cantú Feliz Breakup Tour - CDMX 2024.xml,Gera MX & Paty Cantú,100,True,1,86,330,Se encuentra en spotify,,,2025-01-17 18:19:41,2026-01-07 19:33:00,1,1,,,5,Archivo de audio AAC,1,file://localhost/E:/iTunes/iTunes%20Media/Music/Gera%20MX%20&%20Paty%20Cant%C3%BA/El%20Reloj%20del%20Coraz%C3%B3n%20-%20Single/01%20El%20Reloj%20del%20Coraz%C3%B3n.m4a,,,4300,B84EF9FE70DE09D1,5,3843120791,2025-10-12 18:33:11,,100,,2024-07-26 12:00:00,48000,8599518,,,Reloj del Corazón - Single,,,Reloj del Corazón,1,13865,1,File,2024
Album,Lu,Pop en español,La Vída Después de Ti,4:43,,02 La Vída Después de Ti.m4a,Concierto_ Paty Cantú Feliz Breakup Tour - CDMX 2024,D:\Códigos\Musica-Analisis\files\xml\Pre_RAW\Concierto_ Paty Cantú Feliz Breakup Tour - CDMX 2024.xml,Lu,100,True,1,80,325,,,Mario Sandoval/Paty Cantú,2025-02-07 07:26:47,2026-01-07 19:12:46,1,1,,,5,Archivo de audio AAC,1,file://localhost/E:/iTunes/iTunes%20Media/Music/Lu/Album/02%20La%20V%C3%ADda%20Despu%C3%A9s%20de%20Ti.m4a,,,5251,2152E56B7B3371C9,,,,,,,2006-09-26 12:00:00,48000,11665171,,,,,,Vída Después de Ti,11,15755,2,File,2006
Album,Lu,Pop en español,Si Tú Me Quisieras,5:00,,03 Si Tú Me Quisieras.m4a,Concierto_ Paty Cantú Feliz Breakup Tour - CDMX 2024,D:\Códigos\Musica-Analisis\files\xml\Pre_RAW\Concierto_ Paty Cantú Feliz Breakup Tour - CDMX 2024.xml,Lu,100,True,1,110,327,,,Mario Sandoval,2025-02-07 07:26:47,2026-01-07 20:39:54,1,1,,,5,Archivo de audio AAC,1,file://localhost/E:/iTunes/iTunes%20Media/Music/Lu/Album/03%20Si%20T%C3%BA%20Me%20Quisieras.m4a,,,6245,98507346ECC9470F,,,,,,,2006-09-26 12:00:00,48000,12419241,,,,,,,11,15757,3,File,2006
Album,Lu,Pop en español,Piensalo Bien,3:54,,04 Piensalo Bien.m4a,Concierto_ Paty Cantú Feliz Breakup Tour - CDMX 2024,D:\Códigos\Musica-Analisis\files\xml\Pre_RAW\Concierto_ Paty Cantú Feliz Breakup Tour - CDMX 2024.xml,Lu,100,True,1,115,324,Se encuentra en spotify,,Mario Sandoval/Paty Cantú,2025-02-07 07:26:47,2026-01-07 19:37:39,1,1,,,5,Archivo de audio AAC,1,file://localhost/E:/iTunes/iTunes%20Media/Music/Lu/Album/04%20Piensalo%20Bien.m4a,,,3123,169EBE129018922E,3,3847194085,2025-11-28 23:01:25,,100,,2006-09-26 12:00:00,48000,9652137,,,,,,,11,15759,4,File,2006
Lu,Lu,Música latina,Por Besarte,3:37,,05 Por Besarte.m4a,Concierto_ Paty Cantú Feliz Breakup Tour - CDMX 2024,D:\Códigos\Musica-Analisis\files\xml\Pre_RAW\Concierto_ Paty Cantú Feliz Breakup Tour - CDMX 2024.xml,Lu,,,1,88,328,,,Mario Sandoval,2025-02-07 07:45:04,2026-01-07 18:09:17,1,1,,,5,Archivo de audio AAC,1,file://localhost/E:/iTunes/iTunes%20Media/Music/Lu/Lu/05%20Por%20Besarte.m4a,,,6576,219F5BB208D2CFCE,1,3821786548,2025-02-07 21:22:28,,,,2004-02-24 12:00:00,48000,9023843,,,,,,,10,15785,5,File,2004
Lu,Lu,Música latina,Una Confusion,5:21,,10 Una Confusion.m4a,Concierto_ Paty Cantú Feliz Breakup Tour - CDMX 2024,D:\Códigos\Musica-Analisis\files\xml\Pre_RAW\Concierto_ Paty Cantú Feliz Breakup Tour - CDMX 2024.xml,Lu,,,1,92,323,,,Mario Sandoval,2025-02-07 07:45:05,2026-01-07 17:57:06,1,1,,,5,Archivo de audio AAC,1,file://localhost/E:/iTunes/iTunes%20Media/Music/Lu/Lu/10%20Una%20Confusion.m4a,,,7930,E40AA3A596A0284E,,,,,,,2004-02-24 12:00:00,48000,13139442,,,,,,Confusion,10,15795,10,File,2004
All Access,Lu,Pop en español,Sera,3:04,,05 Sera.m4a,Concierto_ Paty Cantú Feliz Breakup Tour - CDMX 2024,D:\Códigos\Musica-Analisis\files\xml\Pre_RAW\Concierto_ Paty Cantú Feliz Breakup Tour - CDMX 2024.xml,Lu,100,True,1,112,325,,,Mario Sandoval,2025-02-07 07:52:50,2026-01-07 17:44:36,1,1,,,5,Archivo de audio AAC,1,file://localhost/E:/iTunes/iTunes%20Media/Music/Lu/All%20Access/05%20Sera.m4a,,,5754,26FDAD94DB2819C3,2,3832745718,2025-06-14 16:35:18,,,,2004-02-10 12:00:00,48000,7630726,,,,,,,14,15803,5,File,2004
All Access,Lu,Pop en español,Duele,4:27,,07 Duele.m4a,Concierto_ Paty Cantú Feliz Breakup Tour - CDMX 2024,D:\Códigos\Musica-Analisis\files\xml\Pre_RAW\Concierto_ Paty Cantú Feliz Breakup Tour - CDMX 2024.xml,Lu,100,True,1,106,327,,,Mario Sandoval,2025-02-07 07:52:50,2026-01-07 17:58:13,1,1,,,5,Archivo de audio AAC,1,file://localhost/E:/iTunes/iTunes%20Media/Music/Lu/All%20Access/07%20Duele.m4a,,,3599,7C94D6B5FB6C54C3,2,3843140572,2025-10-13 00:02:52,,,,2004-02-24 12:00:00,48000,11132204,,,,,,,14,15807,7,File,2004
María José... de Noche,María José,Pop en español,Prefiero Ser Su Amante,3:28,,08 Prefiero Ser Su Amante.m4a,Concierto_ Paty Cantú Feliz Breakup Tour - CDMX 2024,D:\Códigos\Musica-Analisis\files\xml\Pre_RAW\Concierto_ Paty Cantú Feliz Breakup Tour - CDMX 2024.xml,María José,,,1,132,330,,,Angela Davalos & Paty Cantú,2025-02-07 07:58:59,2026-01-07 18:15:55,1,1,,,5,Archivo de audio AAC,1,file://localhost/E:/iTunes/iTunes%20Media/Music/Mar%C3%ADa%20Jos%C3%A9/Mar%C3%ADa%20Jos%C3%A9...%20de%20Noche/08%20Prefiero%20Ser%20Su%20Amante.m4a,,,5939,2CD50B3CE1DEEA98,,,,,,,2012-08-07 12:00:00,48000,8696975,,,,,,,14,15811,8,File,2012
"Thank God, There Are Hundreds of Ways To Kill Enemies",SiM,J-Rock,Baseball Bat,4:06,,05 Baseball Bat.m4a,Concierto_ SiM Latam Tour,D:\Códigos\Musica-Analisis\files\xml\Pre_RAW\Concierto_ SiM Latam Tour.xml,SiM,100,,1,90,323,Se encuentra en spotify,,ＳｉＭ,2025-01-17 17:05:38,2026-01-07 19:30:25,1,1,,,5,Archivo de audio AAC,1,"file://localhost/E:/iTunes/iTunes%20Media/Music/SiM/Thank%20God,%20There%20Are%20Hundreds%20of%20Ways%20To/05%20Baseball%20Bat.m4a",,,18410,62C2209693844A1B,6,3845730274,2025-11-12 00:24:34,,100,,2020-04-01 12:00:00,48000,10145127,,,,,,,17,13857,5,File,2020
Playdead (Deluxe Edition),SiM,J-Rock,Red,3:54,,02 Red.m4a,Concierto_ SiM Latam Tour,D:\Códigos\Musica-Analisis\files\xml\Pre_RAW\Concierto_ SiM Latam Tour.xml,SiM,100,,1,90,319,Se encuentra en spotify,,邦楽,2025-01-17 19:33:32,2026-01-07 20:47:02,1,1,,,5,Archivo de audio AAC,1,file://localhost/E:/iTunes/iTunes%20Media/Music/SiM/Playdead%20(Deluxe%20Edition)/02%20Red.m4a,,,16030,D2925E439F97C318,1,3840902542,2025-09-17 02:22:22,,100,,2023-07-14 12:00:00,48000,9536611,1,2025-09-17 02:13:59,,,,,17,14339,2,File,2023
Playdead (Deluxe Edition),SiM,J-Rock,Kiss of Death,3:52,,07 Kiss of Death.m4a,Concierto_ SiM Latam Tour,D:\Códigos\Musica-Analisis\files\xml\Pre_RAW\Concierto_ SiM Latam Tour.xml,SiM,100,,1,80,323,,,邦楽,2025-01-17 19:33:32,2026-01-07 18:18:24,1,1,,,5,Archivo de audio AAC,1,file://localhost/E:/iTunes/iTunes%20Media/Music/SiM/Playdead%20(Deluxe%20Edition)/07%20Kiss%20of%20Death.m4a,,,12183,19E604A0D9D59D28,1,3840903501,2025-09-17 02:38:21,,20,,2023-09-01 12:00:00,48000,9574427,,,,,,,17,14349,7,File,2023
Playdead (Deluxe Edition),SiM,J-Rock,Do the Dance,3:16,,10 Do the Dance.m4a,Concierto_ SiM Latam Tour,D:\Códigos\Musica-Analisis\files\xml\Pre_RAW\Concierto_ SiM Latam Tour.xml,SiM,100,,1,170,322,,,邦楽,2025-01-17 19:33:32,2026-01-07 19:18:18,1,1,,,5,Archivo de audio AAC,1,file://localhost/E:/iTunes/iTunes%20Media/Music/SiM/Playdead%20(Deluxe%20Edition)/10%20Do%20the%20Dance.m4a,,,14621,DA615D8AE88FE1DB,1,3840904112,2025-09-17 02:48:32,,20,,2023-09-27 12:00:00,48000,8089269,,,,,,,17,14355,10,File,2023
Playdead (Deluxe Edition),SiM,J-Rock,Under the Tree,4:31,,12 Under the Tree.m4a,Concierto_ SiM Latam Tour,D:\Códigos\Musica-Analisis\files\xml\Pre_RAW\Concierto_ SiM Latam Tour.xml,SiM,100,,1,80,320,Se encuentra en spotify,,SiM,2025-01-17 19:33:32,2026-01-07 22:13:16,1,1,,,5,Archivo de audio AAC,1,file://localhost/E:/iTunes/iTunes%20Media/Music/SiM/Playdead%20(Deluxe%20Edition)/12%20Under%20the%20Tree.m4a,,,13986,55BEDCE72EAD22AD,3,3847104604,2025-11-27 22:10:04,,100,,2023-09-27 12:00:00,48000,11066459,,,,,,,17,14359,12,File,2023
LiFE and DEATH,SiM,Punk,"Get up, Get up",3:55,,"01 Get up, Get up.mp3",Concierto_ SiM Latam Tour,D:\Códigos\Musica-Analisis\files\xml\Pre_RAW\Concierto_ SiM Latam Tour.xml,SiM,100,,1,160,320,Se encuentra en spotify,,SiM,2025-02-23 20:48:02,2026-01-07 17:18:48,1,1,,,5,Archivo de audio MPEG,1,"file://localhost/E:/iTunes/iTunes%20Media/Music/SiM/LiFE%20and%20DEATH/01%20Get%20up,%20Get%20up.mp3",,,14130,62A0F8F866119859,2,3849285270,2025-12-23 03:54:30,,100,,,44100,9529407,,,,,,,6,21807,1,File,2012
EViLS - EP,SiM,Rock,F.A.I.T.H,1:42,,03 F.A.I.T.H.mp3,Concierto_ SiM Latam Tour,D:\Códigos\Musica-Analisis\files\xml\Pre_RAW\Concierto_ SiM Latam Tour.xml,SiM,,,1,120,256,,,Sim,2025-09-03 04:35:52,2026-01-07 18:48:43,1,1,,,5,Archivo de audio MPEG,1,file://localhost/E:/iTunes/iTunes%20Media/Music/SiM/EViLS%20-%20EP/03%20F.A.I.T.H.mp3,,,10205,88CC676B03147204,1,3840468622,2025-09-12 01:50:22,,,,,44100,3326679,,,,,,,3,28639,3,File,2013
EViLS - EP,SiM,Rock,Blah Blah Blah,3:50,,01 Blah Blah Blah.mp3,Concierto_ SiM Latam Tour,D:\Códigos\Musica-Analisis\files\xml\Pre_RAW\Concierto_ SiM Latam Tour.xml,SiM,,,1,85,256,,,Sim,2025-09-03 04:35:52,2026-01-07 19:33:55,1,1,,,5,Archivo de audio MPEG,1,file://localhost/E:/iTunes/iTunes%20Media/Music/SiM/EViLS%20-%20EP/01%20Blah%20Blah%20Blah.mp3,,,10776,53B13C3587A8838C,1,3840468250,2025-09-12 01:44:10,,,,,44100,7432317,,,,,,,3,28647,1,File,2013
A - The Sound of Breath - Single,SiM,Rock,A,3:57,,01 A.mp3,Concierto_ SiM Latam Tour,D:\Códigos\Musica-Analisis\files\xml\Pre_RAW\Concierto_ SiM Latam Tour.xml,SiM,,,1,94,256,,,SiM,2025-09-03 05:00:16,2025-11-29 03:56:33,1,1,,,5,Archivo de audio MPEG,1,file://localhost/E:/iTunes/iTunes%20Media/Music/SiM/A%20-%20The%20Sound%20of%20Breath%20-%20Single/01%20A.mp3,,,17936,FAB9E89876D0AA89,1,3840894203,2025-09-17 00:03:23,,,,,44100,7645579,1,2025-11-26 04:18:12,,,,,2,28651,1,File,2017
Silence iz Mine,SiM,Rock,T X H X C,2:33,,06 T X H X C.mp3,Concierto_ SiM Latam Tour,D:\Códigos\Musica-Analisis\files\xml\Pre_RAW\Concierto_ SiM Latam Tour.xml,SiM,100,True,1,93,256,,,Mäh,2025-09-03 05:00:20,2026-01-07 18:34:50,1,1,,,5,Archivo de audio MPEG,1,file://localhost/E:/iTunes/iTunes%20Media/Music/SiM/Silence%20iz%20Mine/06%20T%20X%20H%20X%20C.mp3,,,5465,8EEFD02BD7D1BE8E,1,3839860166,2025-09-05 00:49:26,,,,,44100,5041754,,,,,,,12,28689,6,File,2008
Silence iz Mine,SiM,Rock,Paint Sky Blue,3:37,,03 Paint Sky Blue.mp3,Concierto_ SiM Latam Tour,D:\Códigos\Musica-Analisis\files\xml\Pre_RAW\Concierto_ SiM Latam Tour.xml,SiM,100,True,,167,256,,,Mäh,2025-09-03 05:00:22,2026-01-07 20:09:02,1,1,,,5,Archivo de audio MPEG,1,file://localhost/E:/iTunes/iTunes%20Media/Music/SiM/Silence%20iz%20Mine/03%20Paint%20Sky%20Blue.mp3,,,5288,36BE0A041AAE73E7,1,3839859616,2025-09-05 00:40:16,,,,,44100,6978145,,,,,,,12,28717,3,File,2008
Silence iz Mine,SiM,Rock,Set Me Free,4:02,,02 Set Me Free.mp3,Concierto_ SiM Latam Tour,D:\Códigos\Musica-Analisis\files\xml\Pre_RAW\Concierto_ SiM Latam Tour.xml,SiM,100,True,1,95,256,,,Mäh,2025-09-03 05:00:22,2026-01-07 18:53:33,1,1,,,5,Archivo de audio MPEG,1,file://localhost/E:/iTunes/iTunes%20Media/Music/SiM/Silence%20iz%20Mine/02%20Set%20Me%20Free.mp3,,,5030,9F81ED6B0DC59A27,1,3839859396,2025-09-05 00:36:36,,,,,44100,7896436,,,,,,,12,28719,2,File,2008
A - The Sound of Breath - Single,SiM,Rock,The Sound of Breath,4:25,,02 The Sound of Breath.mp3,Concierto_ SiM Latam Tour,D:\Códigos\Musica-Analisis\files\xml\Pre_RAW\Concierto_ SiM Latam Tour.xml,SiM,,,1,164,256,,,SiM,2025-09-03 05:00:22,2026-01-07 20:27:12,1,1,,,5,Archivo de audio MPEG,1,file://localhost/E:/iTunes/iTunes%20Media/Music/SiM/A%20-%20The%20Sound%20of%20Breath%20-%20Single/02%20The%20Sound%20of%20Breath.mp3,,,8517,8E85F847132A6BB7,1,3840894464,2025-09-17 00:07:44,,,,,44100,8708886,,,,,,,2,28723,2,File,2017
The Rumbling - Single,SiM,Rock,The Rumbling,3:40,,01 The Rumbling.mp3,Concierto_ SiM Latam Tour,D:\Códigos\Musica-Analisis\files\xml\Pre_RAW\Concierto_ SiM Latam Tour.xml,SiM,100,True,1,145,256,Se encuentra en spotify,,SiM,2025-09-03 05:00:23,2026-01-07 20:10:16,1,1,,,5,Archivo de audio MPEG,1,file://localhost/E:/iTunes/iTunes%20Media/Music/SiM/The%20Rumbling%20-%20Single/01%20The%20Rumbling.mp3,,,16669,641CB7BB05E8D48F,1,3840901234,2025-09-17 02:00:34,,100,,,44100,7315865,,,,,,,1,28735,1,File,2022
Angels and Devils - Single,SiM,Rock,Existence,4:05,,01 Existence.mp3,Concierto_ SiM Latam Tour,D:\Códigos\Musica-Analisis\files\xml\Pre_RAW\Concierto_ SiM Latam Tour.xml,SiM,,,1,94,256,,,Mah/SiM,2025-09-03 05:00:25,2026-01-07 19:04:02,1,1,,,5,Archivo de audio MPEG,1,file://localhost/E:/iTunes/iTunes%20Media/Music/SiM/Angels%20and%20Devils%20-%20Single/01%20Existence.mp3,,,11838,6728F99892B6EA6F,1,3840889137,2025-09-16 22:38:57,,,,,44100,8006327,,,,,,,2,28751,1,File,2015
SEEDS OF HOPE,SiM,Rock,KiLLiNG ME,2:55,,01 KiLLiNG ME.mp3,Concierto_ SiM Latam Tour,D:\Códigos\Musica-Analisis\files\xml\Pre_RAW\Concierto_ SiM Latam Tour.xml,SiM,100,True,1,105,256,Se encuentra en spotify,,SiM,2025-09-03 05:00:25,2026-01-07 20:35:17,1,1,,,5,Archivo de audio MPEG,1,file://localhost/E:/iTunes/iTunes%20Media/Music/SiM/SEEDS%20OF%20HOPE/01%20KiLLiNG%20ME.mp3,,,14014,B6F373994193E24E,3,3845106239,2025-11-04 19:03:59,,100,,,44100,5660516,,,,,,,13,28753,1,File,2011
Devil in Your Heart - Single,SiM,Rock,Devil in Your Heart,3:06,,01 Devil in Your Heart.mp3,Concierto_ SiM Latam Tour,D:\Códigos\Musica-Analisis\files\xml\Pre_RAW\Concierto_ SiM Latam Tour.xml,SiM,100,,1,120,256,Se encuentra en spotify,,ＳｉＭ,2025-09-03 05:00:26,2026-01-07 21:46:36,1,1,,,5,Archivo de audio MPEG,1,file://localhost/E:/iTunes/iTunes%20Media/Music/SiM/Devil%20in%20Your%20Heart%20-%20Single/01%20Devil%20in%20Your%20Heart.mp3,,,22195,D4DE6CDBE3F4B7AB,2,3847189849,2025-11-28 21:50:49,,100,,,44100,6122031,,,,,,,1,28761,1,File,2020
Diamond - Single,SiM,Rock,Diamond,3:43,,01 Diamond.mp3,Concierto_ SiM Latam Tour,D:\Códigos\Musica-Analisis\files\xml\Pre_RAW\Concierto_ SiM Latam Tour.xml,SiM,100,True,1,100,256,Se encuentra en spotify,,SiM,2025-09-03 05:00:26,2026-01-07 18:18:28,1,1,,,5,Archivo de audio MPEG,1,file://localhost/E:/iTunes/iTunes%20Media/Music/SiM/Diamond%20-%20Single/01%20Diamond.mp3,,,18359,DD65D5AEE4B58B99,2,3842124642,2025-10-01 05:50:42,,100,,,44100,7350702,,,,,,,1,28763,1,File,2018
BETWEEN 1&2,TWICE,K-Pop,Talk that Talk,2:57,,01 Talk that Talk.mp3,Concierto_ Twice Ready To Be - CDMX 2024,D:\Códigos\Musica-Analisis\files\xml\Pre_RAW\Concierto_ Twice Ready To Be - CDMX 2024.xml,TWICE,100,True,1,120,256,Se encuentra en spotify,,"Woo Min Lee “collapsedone”, MRCH & danke (lalala studio)",2024-09-26 21:02:48,2026-01-09 20:56:45,1,1,,,5,Archivo de audio MPEG,1,file://localhost/E:/iTunes/iTunes%20Media/Music/TWICE/BETWEEN%201&2/01%20Talk%20that%20Talk.mp3,,,13010,99CCF11C3BD89702,1,3850813762,2026-01-09 20:29:22,,100,,,44100,5768730,,,,,,,7,11131,1,File,2022
BETWEEN 1&2,TWICE,K-Pop,Queen of Hearts,3:07,,02 Queen of Hearts.mp3,Concierto_ Twice Ready To Be - CDMX 2024,D:\Códigos\Musica-Analisis\files\xml\Pre_RAW\Concierto_ Twice Ready To Be - CDMX 2024.xml,TWICE,100,True,1,150,256,Se encuentra en spotify,,"Greg Bonnick, Hayden Chapman, Paulina Cerrilla & Kyler Niko",2024-09-26 21:02:48,2026-01-09 20:56:46,1,1,,,5,Archivo de audio MPEG,1,file://localhost/E:/iTunes/iTunes%20Media/Music/TWICE/BETWEEN%201&2/02%20Queen%20of%20Hearts.mp3,,,10436,907390E37983E31F,1,3850813949,2026-01-09 20:32:29,,100,,,44100,6073005,,,,,,,7,11133,2,File,2022
BETWEEN 1&2,TWICE,K-Pop,Brave,3:09,,05 Brave.mp3,Concierto_ Twice Ready To Be - CDMX 2024,D:\Códigos\Musica-Analisis\files\xml\Pre_RAW\Concierto_ Twice Ready To Be - CDMX 2024.xml,TWICE,100,True,1,132,256,,,"Slow Rabbit, Melanie Fontana, Lindgren, Louise Frick Sveen, Maria Marcus, Ollipop, Jonna Hall, Sophia Pae, Kyler Niko, Paulina Cerrilla, Seuran Lee, YoonKyung Cho & Juhwan Noh",2024-09-26 21:02:48,2026-01-09 20:19:15,1,1,,,5,Archivo de audio MPEG,1,file://localhost/E:/iTunes/iTunes%20Media/Music/TWICE/BETWEEN%201&2/05%20Brave.mp3,,,10960,8A7C88D2795C03F3,1,3850814531,2026-01-09 20:42:11,,,,,44100,6144884,,,,,,,7,11139,5,File,2022
BETWEEN 1&2,TWICE,K-Pop,When We Were Kids,3:09,,07 When We Were Kids.mp3,Concierto_ Twice Ready To Be - CDMX 2024,D:\Códigos\Musica-Analisis\files\xml\Pre_RAW\Concierto_ Twice Ready To Be - CDMX 2024.xml,TWICE,100,True,1,137,256,,,"Christian Fast, Johannes Willinder, Malin Johansson & da hyun",2024-09-26 21:02:48,2026-01-09 20:19:15,1,1,,,5,Archivo de audio MPEG,1,file://localhost/E:/iTunes/iTunes%20Media/Music/TWICE/BETWEEN%201&2/07%20When%20We%20Were%20Kids.mp3,,,7855,99D28F3EBFE6401B,1,3850814910,2026-01-09 20:48:30,,,,,44100,6149076,,,,,,,7,11143,7,File,2022
Eyes wide open,TWICE,K-Pop,I CAN'T STOP ME,3:25,,01 I CAN'T STOP ME.mp3,Concierto_ Twice Ready To Be - CDMX 2024,D:\Códigos\Musica-Analisis\files\xml\Pre_RAW\Concierto_ Twice Ready To Be - CDMX 2024.xml,TWICE,100,True,1,150,256,Se encuentra en spotify,,"Melanie Joy Fontana, Michel ""Lindgren"" Schulz, A. Wright, J.Y. Park “The Asiansoul” & Sim Eun Jee",2024-09-26 21:02:49,2026-01-09 20:12:38,1,1,,,5,Archivo de audio MPEG,1,file://localhost/E:/iTunes/iTunes%20Media/Music/TWICE/Eyes%20wide%20open/01%20I%20CAN'T%20STOP%20ME.mp3,,,7953,8EE7AB297DFD9DB8,4,3850796590,2026-01-09 15:43:10,,100,,,44100,6652264,,,,,,,13,11163,1,File,2020
Eyes wide open,TWICE,K-Pop,GO HARD,3:01,,08 GO HARD.mp3,Concierto_ Twice Ready To Be - CDMX 2024,D:\Códigos\Musica-Analisis\files\xml\Pre_RAW\Concierto_ Twice Ready To Be - CDMX 2024.xml,TWICE,100,True,1,100,256,Se encuentra en spotify,,"Grace Tither, Carl Ryden, Ki Fitzgerald, Paul Harris & F R I D A Y . (GALACTIKA *)",2024-09-26 21:02:50,2026-01-09 20:12:44,1,1,,,5,Archivo de audio MPEG,1,file://localhost/E:/iTunes/iTunes%20Media/Music/TWICE/Eyes%20wide%20open/08%20GO%20HARD.mp3,,,7102,58A2C8F5A116D3CC,2,3851873543,2026-01-22 02:52:23,,100,,,44100,5885719,,,,,,,13,11177,8,File,2020
Feel Special,TWICE,K-Pop,Feel Special,3:26,,01 Feel Special.mp3,Concierto_ Twice Ready To Be - CDMX 2024,D:\Códigos\Musica-Analisis\files\xml\Pre_RAW\Concierto_ Twice Ready To Be - CDMX 2024.xml,TWICE,100,True,1,129,256,Se encuentra en spotify,,"Haylet Aitken, Ollipop, Min Lee collapsedone & J.Y. Park",2024-09-26 21:02:51,2026-01-09 20:12:30,1,1,,,5,Archivo de audio MPEG,1,file://localhost/E:/iTunes/iTunes%20Media/Music/TWICE/Feel%20Special/01%20Feel%20Special.mp3,,,13243,067A9E055C538C56,5,3850755704,2026-01-09 04:21:44,,100,,,44100,6754725,,,,,,,7,11189,1,File,2019
Formula of Love- O+T= 3,TWICE,K-Pop,SCIENTIST,3:14,,01 SCIENTIST.mp3,Concierto_ Twice Ready To Be - CDMX 2024,D:\Códigos\Musica-Analisis\files\xml\Pre_RAW\Concierto_ Twice Ready To Be - CDMX 2024.xml,TWICE,80,True,1,113,256,,,"Anne Marie, Melanie Fontana, Michel ""Lindgren"" Schulz, Tommy Brown, Steven Franks, 72 & 심은지",2024-09-26 21:02:52,2026-01-07 18:04:01,1,1,,,5,Archivo de audio MPEG,1,file://localhost/E:/iTunes/iTunes%20Media/Music/TWICE/Formula%20of%20Love-%20O+T=%203/01%20SCIENTIST.mp3,,,5872,F093ED71CF63A79A,1,3850809049,2026-01-09 19:10:49,,,,,44100,6311405,,,,,,,16,11203,1,File,2021
Formula of Love- O+T= 3,TWICE,K-Pop,HELLO,3:03,,12 HELLO.mp3,Concierto_ Twice Ready To Be - CDMX 2024,D:\Códigos\Musica-Analisis\files\xml\Pre_RAW\Concierto_ Twice Ready To Be - CDMX 2024.xml,TWICE,80,True,1,85,256,,,"Jed, DaviDior & Luke",2024-09-26 21:02:54,2026-01-07 20:05:25,1,1,,,5,Archivo de audio MPEG,1,file://localhost/E:/iTunes/iTunes%20Media/Music/TWICE/Formula%20of%20Love-%20O+T=%203/12%20HELLO.mp3,,,4717,05FB7D13867BAC41,2,3850811180,2026-01-09 19:46:20,,,,,44100,5946942,,,,,,,16,11225,12,File,2021
I GOT YOU (Voyage ver.),TWICE,K-Pop,I GOT YOU (Original),2:53,,02 I GOT YOU (Original).mp3,Concierto_ Twice Ready To Be - CDMX 2024,D:\Códigos\Musica-Analisis\files\xml\Pre_RAW\Concierto_ Twice Ready To Be - CDMX 2024.xml,TWICE,20,True,1,88,256,,,"Jonah Marais, Daniel Seavey, David Wilson, Jake Torrey & Lexxi Saal",2024-09-26 21:02:56,2026-01-09 20:10:58,1,1,,,5,Archivo de audio MPEG,1,file://localhost/E:/iTunes/iTunes%20Media/Music/TWICE/I%20GOT%20YOU%20(Voyage%20ver.)/02%20I%20GOT%20YOU%20(Original).mp3,,,8706,697846F9BA0EABD8,4,3845287373,2025-11-06 21:22:53,,20,,,44100,5601448,,,,,,,12,11237,2,File,2024
Merry & Happy,TWICE,K-Pop,Heart Shaker,3:07,,01 Heart Shaker.mp3,Concierto_ Twice Ready To Be - CDMX 2024,D:\Códigos\Musica-Analisis\files\xml\Pre_RAW\Concierto_ Twice Ready To Be - CDMX 2024.xml,TWICE,,,1,82,256,,,David Amber & Galactika,2024-09-26 21:02:58,2026-01-07 21:59:45,1,1,,,5,Archivo de audio MPEG,1,file://localhost/E:/iTunes/iTunes%20Media/Music/TWICE/Merry%20&%20Happy/01%20Heart%20Shaker.mp3,,,19245,B3761C26EF71DBBA,1,3850737153,2026-01-08 23:12:33,,,,,44100,6085182,,,,,,,15,11259,1,File,2017
READY TO BE,TWICE,K-Pop,MOONLIGHT SUNRISE,3:00,,02 MOONLIGHT SUNRISE.mp3,Concierto_ Twice Ready To Be - CDMX 2024,D:\Códigos\Musica-Analisis\files\xml\Pre_RAW\Concierto_ Twice Ready To Be - CDMX 2024.xml,TWICE,100,True,1,125,256,,,"earattack, Lee Woo Hyun, Nina Ann Nelson & Kaedi Dalley",2024-09-26 21:03:05,2026-01-07 19:41:21,1,1,,,5,Archivo de audio MPEG,1,file://localhost/E:/iTunes/iTunes%20Media/Music/TWICE/READY%20TO%20BE/02%20MOONLIGHT%20SUNRISE.mp3,,,7586,16A1B70CF18E3920,1,3843137829,2025-10-12 23:17:09,,,,,44100,5873790,,,,,,,7,11337,2,File,2023
READY TO BE,TWICE,K-Pop,CRAZY STUPID LOVE,2:49,,06 CRAZY STUPID LOVE.mp3,Concierto_ Twice Ready To Be - CDMX 2024,D:\Códigos\Musica-Analisis\files\xml\Pre_RAW\Concierto_ Twice Ready To Be - CDMX 2024.xml,TWICE,100,True,1,140,256,Se encuentra en spotify,,"Young Chance, Shorelle, Greg Bonnick, Hayden Chapman, Lenno Linjama, SLA & da hyun",2024-09-26 21:03:05,2026-01-09 21:18:14,1,1,,,5,Archivo de audio MPEG,1,file://localhost/E:/iTunes/iTunes%20Media/Music/TWICE/READY%20TO%20BE/06%20CRAZY%20STUPID%20LOVE.mp3,,,13578,0C98C2D16AA4442B,4,3850815939,2026-01-09 21:05:39,,100,,,44100,5531899,,,,,,,7,11345,6,File,2023
READY TO BE,TWICE,K-Pop,SET ME FREE (ENG),3:01,,07 SET ME FREE (ENG).mp3,Concierto_ Twice Ready To Be - CDMX 2024,D:\Códigos\Musica-Analisis\files\xml\Pre_RAW\Concierto_ Twice Ready To Be - CDMX 2024.xml,TWICE,100,True,1,113,256,,,"Melanie Fontana, Lindgren, Marty Maro, 별들의전쟁 * (GALACTIKA *) & Jvde (GALACTIKA *)",2024-09-26 21:03:06,2026-01-07 20:25:36,1,1,,,5,Archivo de audio MPEG,1,file://localhost/E:/iTunes/iTunes%20Media/Music/TWICE/READY%20TO%20BE/07%20SET%20ME%20FREE%20(ENG).mp3,,,9615,BE241ABC6F87B9BD,1,3820011030,2025-01-18 08:10:30,,,,,44100,5918093,,,,,,,7,11347,7,File,2021
The Feels,TWICE,K-Pop,The Feels,3:18,,02 The Feels.mp3,Concierto_ Twice Ready To Be - CDMX 2024,D:\Códigos\Musica-Analisis\files\xml\Pre_RAW\Concierto_ Twice Ready To Be - CDMX 2024.xml,TWICE,100,True,1,120,256,Se encuentra en spotify,,"Woo Min Lee “collapsedone”, Justin Reinstein, Anna Timgren & Boy Matthews",2024-09-26 21:03:08,2026-01-09 20:12:54,1,1,,,5,Archivo de audio MPEG,1,file://localhost/E:/iTunes/iTunes%20Media/Music/TWICE/The%20Feels/02%20The%20Feels.mp3,,,10602,031C8ED5A7BF3FAC,1,3850805808,2026-01-09 18:16:48,,100,,,44100,6462696,,,Feels,,,Feels,9,11369,2,File,2021
Twicecoaster- Lane 2,TWICE,K-Pop,KNOCK KNOCK,3:15,,01 KNOCK KNOCK.mp3,Concierto_ Twice Ready To Be - CDMX 2024,D:\Códigos\Musica-Analisis\files\xml\Pre_RAW\Concierto_ Twice Ready To Be - CDMX 2024.xml,TWICE,,,1,130,256,,,TWICE,2024-09-26 21:03:11,2026-01-07 20:50:15,1,1,,,5,Archivo de audio MPEG,1,file://localhost/E:/iTunes/iTunes%20Media/Music/TWICE/Twicecoaster-%20Lane%202/01%20KNOCK%20KNOCK.mp3,,,15692,F3484C3C3E36CA25,1,3850710852,2026-01-08 15:54:12,,,,,44100,6346990,,,,,,,9,11403,1,File,2017
Twicetagram,TWICE,K-Pop,LIKEY,3:27,,01 LIKEY.mp3,Concierto_ Twice Ready To Be - CDMX 2024,D:\Códigos\Musica-Analisis\files\xml\Pre_RAW\Concierto_ Twice Ready To Be - CDMX 2024.xml,TWICE,100,True,1,132,256,Se encuentra en spotify,,Black Eyed Pilseung & Jeon Gun,2024-09-26 21:03:12,2026-01-09 20:12:19,1,1,,,5,Archivo de audio MPEG,1,file://localhost/E:/iTunes/iTunes%20Media/Music/TWICE/Twicetagram/01%20LIKEY.mp3,,,13008,8D92140DAD386BBE,1,3850712926,2026-01-08 16:28:46,,100,,,44100,6770087,,,,,,,13,11421,1,File,2017
YES or YES,TWICE,K-Pop,YES or YES,3:57,,01 YES or YES.mp3,Concierto_ Twice Ready To Be - CDMX 2024,D:\Códigos\Musica-Analisis\files\xml\Pre_RAW\Concierto_ Twice Ready To Be - CDMX 2024.xml,TWICE,100,True,1,138,256,Se encuentra en spotify,,"Andy Love, David Amber & Eun-Ji Shim",2024-09-26 21:03:15,2026-01-09 20:12:23,1,1,,,5,Archivo de audio MPEG,1,file://localhost/E:/iTunes/iTunes%20Media/Music/TWICE/YES%20or%20YES/01%20YES%20or%20YES.mp3,,,10449,6F8D7242419FB9DF,2,3851317602,2026-01-15 16:26:42,,100,,,44100,7692417,,,,,,,7,11447,1,File,2018
CRY FOR ME - Single,TWICE,K-pop,CRY FOR ME,3:24,,01 CRY FOR ME.m4a,Concierto_ Twice Ready To Be - CDMX 2024,D:\Códigos\Musica-Analisis\files\xml\Pre_RAW\Concierto_ Twice Ready To Be - CDMX 2024.xml,TWICE,100,True,1,73,333,Se encuentra en spotify,,"Ryan Tedder, Melanie Joy Fontana, Michel ""Lindgren"" Schulz, A. Wright, HEIZE & J.Y. Park “The Asiansoul”",2025-01-17 16:03:00,2026-01-09 20:12:51,1,1,,,5,Archivo de audio AAC,1,file://localhost/E:/iTunes/iTunes%20Media/Music/TWICE/CRY%20FOR%20ME%20-%20Single/01%20CRY%20FOR%20ME.m4a,,,4211,11912ACCF2CCCD10,7,3850799627,2026-01-09 16:33:47,,100,,2020-12-18 12:00:00,48000,8595852,,,,,,,1,13469,1,File,2020
FANCY YOU - EP,TWICE,K-pop,FANCY,3:33,,01 FANCY.m4a,Concierto_ Twice Ready To Be - CDMX 2024,D:\Códigos\Musica-Analisis\files\xml\Pre_RAW\Concierto_ Twice Ready To Be - CDMX 2024.xml,TWICE,100,True,1,132,328,Se encuentra en spotify,,Eyed Pilseung Black & Jeon Goon,2025-01-17 16:03:00,2026-01-09 20:12:25,1,1,,,5,Archivo de audio AAC,1,file://localhost/E:/iTunes/iTunes%20Media/Music/TWICE/FANCY%20YOU%20-%20EP/01%20FANCY.m4a,,,9497,E31D74B422489AC8,3,3850745756,2026-01-09 01:35:56,,100,,2019-04-22 12:00:00,48000,8921763,1,2025-08-12 19:37:39,,,,,6,13471,1,File,2019
IM NAYEON,NAYEON,Dance,POP!,2:48,,01 POP!.m4a,Concierto_ Twice Ready To Be - CDMX 2024,D:\Códigos\Musica-Analisis\files\xml\Pre_RAW\Concierto_ Twice Ready To Be - CDMX 2024.xml,NAYEON,,,1,97,329,,,Kenzie,2025-02-07 06:41:36,2026-01-07 17:47:01,1,1,,,5,Archivo de audio AAC,1,file://localhost/E:/iTunes/iTunes%20Media/Music/NAYEON/IM%20NAYEON/01%20POP!.m4a,,,9369,2D3145CEF96FDE82,,,,,,,2022-06-24 12:00:00,48000,7013918,,,,,,,7,15679,1,File,2022
ZONE,JIHYO,K-pop,Closer,2:35,,03 Closer.m4a,Concierto_ Twice Ready To Be - CDMX 2024,D:\Códigos\Musica-Analisis\files\xml\Pre_RAW\Concierto_ Twice Ready To Be - CDMX 2024.xml,JIHYO,,,1,110,326,,,"Rykeyz (Ryan Williamson), Jae Stephens, Dewain Whitmore, Jr., Marty Rod & JIHYO",2025-02-07 06:41:36,2026-01-07 19:48:17,1,1,,,5,Archivo de audio AAC,1,file://localhost/E:/iTunes/iTunes%20Media/Music/JIHYO/ZONE/03%20Closer.m4a,,,6734,079641381BE6AAB3,1,3844778143,2025-10-31 23:55:43,,,,2023-08-18 12:00:00,48000,6414041,,,,,,,7,15685,3,File,2023
What is Love  - EP,TWICE,K-pop,What is Love ,3:28,,01 What is Love.m4a,Concierto_ Twice Ready To Be - CDMX 2024,D:\Códigos\Musica-Analisis\files\xml\Pre_RAW\Concierto_ Twice Ready To Be - CDMX 2024.xml,TWICE,100,True,1,85,330,Se encuentra en spotify,,J.y. Park,2025-02-07 06:53:47,2026-01-09 20:12:21,1,1,,,5,Archivo de audio AAC,1,file://localhost/E:/iTunes/iTunes%20Media/Music/TWICE/What%20is%20Love%20%20-%20EP/01%20What%20is%20Love.m4a,,,12371,E2C269FDB8BBB663,1,3850737972,2026-01-08 23:26:12,,100,,2018-04-09 12:00:00,48000,8711472,,,,,,,5,15705,1,File,2018
Page Two - EP,TWICE,K-Pop,Cheer Up,3:28,,01 Cheer Up.m4a,Concierto_ Twice Ready To Be - CDMX 2024,D:\Códigos\Musica-Analisis\files\xml\Pre_RAW\Concierto_ Twice Ready To Be - CDMX 2024.xml,TWICE,,,1,87,328,,,Verbal Jint/Assbrass,2025-02-07 06:56:33,2026-01-07 19:21:01,1,1,,,5,Archivo de audio AAC,1,file://localhost/E:/iTunes/iTunes%20Media/Music/TWICE/Page%20Two%20-%20EP/01%20Cheer%20Up.m4a,,,11348,F36CEFA1AE0DC4FE,1,3850652704,2026-01-07 23:45:04,,,,2016-04-25 12:00:00,48000,8697967,,,,,,,6,15715,1,File,2016
Taste of Love - EP,TWICE,K-Pop,Alcohol-Free,3:30,,01 Alcohol-Free.m4a,Concierto_ Twice Ready To Be - CDMX 2024,D:\Códigos\Musica-Analisis\files\xml\Pre_RAW\Concierto_ Twice Ready To Be - CDMX 2024.xml,TWICE,100,True,1,97,330,,,J.Y. Park,2025-02-07 07:06:12,2026-01-07 17:02:03,1,1,,,5,Archivo de audio AAC,1,file://localhost/E:/iTunes/iTunes%20Media/Music/TWICE/Taste%20of%20Love%20-%20EP/01%20Alcohol-Free.m4a,,,9467,A63D576828B47BFA,2,3850800402,2026-01-09 16:46:42,,,,2021-06-09 12:00:00,48000,8838708,,,,,,,6,15727,1,File,2021
Twicecoaster- Lane 1,TWICE,K-pop,TT,3:33,,01 TT.m4a,Concierto_ Twice Ready To Be - CDMX 2024,D:\Códigos\Musica-Analisis\files\xml\Pre_RAW\Concierto_ Twice Ready To Be - CDMX 2024.xml,TWICE,100,True,1,130,332,Se encuentra en spotify,,TWICE,2025-02-07 07:06:13,2026-01-09 20:12:15,1,1,,,5,Archivo de audio AAC,1,file://localhost/E:/iTunes/iTunes%20Media/Music/TWICE/Twicecoaster-%20Lane%201/01%20TT.m4a,,,6932,305A1981DFECBDB3,1,3850708903,2026-01-08 15:21:43,,100,,2016-10-24 12:00:00,48000,8993693,,,,,,,7,15729,1,File,2016
Artificial Vampire - Single,Cö shu Nie,J-Rock,Artificial Vampire,3:05,,01 Artificial Vampire.mp3,Cö shu Nie,D:\Códigos\Musica-Analisis\files\xml\Pre_RAW\Cö shu Nie.xml,Cö shu Nie,100,True,1,120,256,Se encuentra en spotify,,,2024-09-26 20:49:06,2026-01-07 17:23:23,1,1,,,5,Archivo de audio MPEG,1,file://localhost/E:/iTunes/iTunes%20Media/Music/C%C3%B6%20shu%20Nie/Artificial%20Vampire%20-%20Single/01%20Artificial%20Vampire.mp3,,,5717,9E83E271E107B88B,5,3847261153,2025-11-29 17:39:13,,100,,,44100,8655123,,,,,,,1,5783,1,File,2024
asphyxia - Single,Cö shu Nie,J-Rock,asphyxia,2:55,,01 asphyxia.mp3,Cö shu Nie,D:\Códigos\Musica-Analisis\files\xml\Pre_RAW\Cö shu Nie.xml,Cö shu Nie,100,True,,78,256,Se encuentra en spotify,,Miku Nakamura,2024-09-26 20:49:06,2026-01-07 18:05:42,1,1,,,5,Archivo de audio MPEG,1,file://localhost/E:/iTunes/iTunes%20Media/Music/C%C3%B6%20shu%20Nie/asphyxia%20-%20Single/01%20asphyxia.mp3,,,14791,6D89799F46161646,3,3826296912,2025-04-01 02:15:12,,100,,,44100,5631267,,,,,,,3,5787,1,File,2018
asphyxia - Single,Cö shu Nie,J-Rock,最終列車,2:48,,02 最終列車.mp3,Cö shu Nie,D:\Códigos\Musica-Analisis\files\xml\Pre_RAW\Cö shu Nie.xml,Cö shu Nie,100,True,1,132,256,Se encuentra en spotify,,Miku Nakamura,2024-09-26 20:49:06,2026-01-07 19:27:15,1,1,,,5,Archivo de audio MPEG,1,file://localhost/E:/iTunes/iTunes%20Media/Music/C%C3%B6%20shu%20Nie/asphyxia%20-%20Single/02%20%E6%9C%80%E7%B5%82%E5%88%97%E8%BB%8A.mp3,,,12739,2477D94E41965000,5,3844360265,2025-10-27 03:51:05,,100,,,44100,5442639,1,2025-09-23 19:13:32,asphyxia - Single,,Cö shu Nie,最終列車,3,5789,2,File,2018
asphyxia - Single,Cö shu Nie,J-Rock,PERSON.,3:55,,03 PERSON..mp3,Cö shu Nie,D:\Códigos\Musica-Analisis\files\xml\Pre_RAW\Cö shu Nie.xml,Cö shu Nie,100,True,1,123,256,Se encuentra en spotify,,Miku Nakamura,2024-09-26 20:49:07,2026-01-07 19:26:55,1,1,,,5,Archivo de audio MPEG,1,file://localhost/E:/iTunes/iTunes%20Media/Music/C%C3%B6%20shu%20Nie/asphyxia%20-%20Single/03%20PERSON..mp3,,,10014,9A6ACC72F0E2399F,3,3850411632,2026-01-05 04:47:12,,100,,,44100,7600140,,,asphyxia - Single,,Cö shu Nie,PERSON.,3,5791,3,File,2018
Aurora - EP,Cö shu Nie,J-Rock,character,2:28,,01 character.mp3,Cö shu Nie,D:\Códigos\Musica-Analisis\files\xml\Pre_RAW\Cö shu Nie.xml,Cö shu Nie,100,True,1,175,256,Se encuentra en spotify,,Miku Nakamura,2024-09-26 20:49:07,2026-01-07 18:35:40,1,1,,,5,Archivo de audio MPEG,1,file://localhost/E:/iTunes/iTunes%20Media/Music/C%C3%B6%20shu%20Nie/Aurora%20-%20EP/01%20character.mp3,,,13842,8B268AFFED150122,4,3841918616,2025-09-28 20:36:56,,100,,,44100,4850014,,,Aurora - EP,,Cö shu Nie,character,5,5793,1,File,2018
Aurora - EP,Cö shu Nie,J-Rock,葡萄,2:36,,02 葡萄.mp3,Cö shu Nie,D:\Códigos\Musica-Analisis\files\xml\Pre_RAW\Cö shu Nie.xml,Cö shu Nie,100,True,1,135,256,Se encuentra en spotify,,Miku Nakamura,2024-09-26 20:49:07,2026-01-07 20:24:23,1,1,,,5,Archivo de audio MPEG,1,file://localhost/E:/iTunes/iTunes%20Media/Music/C%C3%B6%20shu%20Nie/Aurora%20-%20EP/02%20%E8%91%A1%E8%90%84.mp3,,,9047,83935EDF4F95739B,5,3842294093,2025-10-03 04:54:53,,100,,,44100,5115835,,,Aurora - EP,,Cö shu Nie,葡萄,5,5795,2,File,2018
Aurora - EP,Cö shu Nie,J-Rock,defection,3:47,,03 defection.mp3,Cö shu Nie,D:\Códigos\Musica-Analisis\files\xml\Pre_RAW\Cö shu Nie.xml,Cö shu Nie,100,True,1,58,256,Se encuentra en spotify,,Miku Nakamura,2024-09-26 20:49:07,2026-01-07 21:28:09,1,1,,,5,Archivo de audio MPEG,1,file://localhost/E:/iTunes/iTunes%20Media/Music/C%C3%B6%20shu%20Nie/Aurora%20-%20EP/03%20defection.mp3,,,5471,D5EFFC0DF283ADC4,7,3845727608,2025-11-11 23:40:08,,100,,,44100,7392042,,,Aurora - EP,,Cö shu Nie,defection,5,5797,3,File,2018
Aurora - EP,Cö shu Nie,J-Rock,asura,1:34,,04 asura.mp3,Cö shu Nie,D:\Códigos\Musica-Analisis\files\xml\Pre_RAW\Cö shu Nie.xml,Cö shu Nie,100,True,1,143,256,Se encuentra en spotify,,Miku Nakamura,2024-09-26 20:49:07,2026-01-07 17:18:13,1,1,,,5,Archivo de audio MPEG,1,file://localhost/E:/iTunes/iTunes%20Media/Music/C%C3%B6%20shu%20Nie/Aurora%20-%20EP/04%20asura.mp3,,,11535,C1073C51A284F748,8,3847111206,2025-11-28 00:00:06,,100,,,44100,3128019,,,Aurora - EP,,Cö shu Nie,asura,5,5799,4,File,2018
Burn The Fire - Single,Cö shu Nie,J-Rock,Burn The Fire,3:55,,01 Burn The Fire.mp3,Cö shu Nie,D:\Códigos\Musica-Analisis\files\xml\Pre_RAW\Cö shu Nie.xml,Cö shu Nie,100,True,1,79,256,Se encuentra en spotify,,Miku Nakamura,2024-09-26 20:49:07,2026-01-07 17:15:06,1,1,,,5,Archivo de audio MPEG,1,file://localhost/E:/iTunes/iTunes%20Media/Music/C%C3%B6%20shu%20Nie/Burn%20The%20Fire%20-%20Single/01%20Burn%20The%20Fire.mp3,,,6962,531D3455854E2AFD,3,3837352775,2025-08-07 00:19:35,,100,,,44100,7635449,,,,,Cö shu Nie,,1,5803,1,File,2023
Flos Ex Machina,Cö shu Nie,J-Rock,病は花から,2:54,,05 病は花から.mp3,Cö shu Nie,D:\Códigos\Musica-Analisis\files\xml\Pre_RAW\Cö shu Nie.xml,Cö shu Nie,100,True,1,130,256,Se encuentra en spotify,,Miku Nakamura,2024-09-26 20:49:08,2026-01-07 20:25:42,1,1,,,5,Archivo de audio MPEG,1,file://localhost/E:/iTunes/iTunes%20Media/Music/C%C3%B6%20shu%20Nie/Flos%20Ex%20Machina/05%20%E7%97%85%E3%81%AF%E8%8A%B1%E3%81%8B%E3%82%89.mp3,,,3848,1F0714B241B3272C,1,3823967827,2025-03-05 03:17:07,,100,,,44100,5683054,,,Flos Ex Machina,,Cö shu Nie,病は花から,13,5813,5,File,2022
Idola,Cö shu Nie,J-Pop,ö=Person,3:49,,01 ö=Person.mp3,Cö shu Nie,D:\Códigos\Musica-Analisis\files\xml\Pre_RAW\Cö shu Nie.xml,Cö shu Nie,100,True,1,120,256,Se encuentra en spotify,,Miku Nakamura,2024-09-26 20:49:10,2026-01-07 18:47:21,1,1,,,5,Archivo de audio MPEG,1,file://localhost/E:/iTunes/iTunes%20Media/Music/C%C3%B6%20shu%20Nie/Idola/01%20%C3%B6=Person.mp3,,,5528,00B123151913D882,1,3833098405,2025-06-18 18:33:25,,100,,,44100,7454147,,,,,,ö=Person,7,5835,1,File,2012
Idola,Cö shu Nie,J-Pop,About the Drawings of a Mirror,3:41,,03 About the Drawings of a Mirror.mp3,Cö shu Nie,D:\Códigos\Musica-Analisis\files\xml\Pre_RAW\Cö shu Nie.xml,Cö shu Nie,100,True,1,116,256,Se encuentra en spotify,,Miku Nakamura,2024-09-26 20:49:11,2026-01-07 18:41:07,1,1,,,5,Archivo de audio MPEG,1,file://localhost/E:/iTunes/iTunes%20Media/Music/C%C3%B6%20shu%20Nie/Idola/03%20About%20the%20Drawings%20of%20a%20Mirror.mp3,,,5159,DDE6E3A84202BA34,6,3844234817,2025-10-25 16:00:17,,100,,,44100,7186664,,,,,,About the Drawings of a Mirror,7,5839,3,File,2012
LITMUS - EP,Cö shu Nie,J-Pop,Fool in tank,3:08,,02 Fool in tank.mp3,Cö shu Nie,D:\Códigos\Musica-Analisis\files\xml\Pre_RAW\Cö shu Nie.xml,Cö shu Nie,100,True,1,90,256,Se encuentra en spotify,,Miku Nakamura,2024-09-26 20:49:12,2026-01-07 20:34:52,1,1,,,5,Archivo de audio MPEG,1,file://localhost/E:/iTunes/iTunes%20Media/Music/C%C3%B6%20shu%20Nie/LITMUS%20-%20EP/02%20Fool%20in%20tank.mp3,,,8074,017B589E33505E1F,9,3847190849,2025-11-28 22:07:29,,100,,,44100,6081606,,,LITMUS - EP,,Cö shu Nie,Fool in tank,6,5851,2,File,2020
LITMUS - EP,Cö shu Nie,J-Pop,ice melt,3:11,,03 ice melt.mp3,Cö shu Nie,D:\Códigos\Musica-Analisis\files\xml\Pre_RAW\Cö shu Nie.xml,Cö shu Nie,100,True,1,100,256,Se encuentra en spotify,,Miku Nakamura,2024-09-26 20:49:12,2026-01-07 17:12:12,1,1,,,5,Archivo de audio MPEG,1,file://localhost/E:/iTunes/iTunes%20Media/Music/C%C3%B6%20shu%20Nie/LITMUS%20-%20EP/03%20ice%20melt.mp3,,,2907,B7C01B2BB41E2495,3,3839259564,2025-08-29 01:59:24,,100,,,44100,6182748,,,LITMUS - EP,,Cö shu Nie,ice melt,6,5853,3,File,2020
LITMUS - EP,Cö shu Nie,J-Pop,Black sand,2:44,,05 Black sand.mp3,Cö shu Nie,D:\Códigos\Musica-Analisis\files\xml\Pre_RAW\Cö shu Nie.xml,Cö shu Nie,100,True,1,100,256,Se encuentra en spotify,,Miku Nakamura,2024-09-26 20:49:12,2026-01-07 17:52:56,1,1,,,5,Archivo de audio MPEG,1,file://localhost/E:/iTunes/iTunes%20Media/Music/C%C3%B6%20shu%20Nie/LITMUS%20-%20EP/05%20Black%20sand.mp3,,,4533,FBE43DA9A5402F4A,5,3851154946,2026-01-13 19:15:46,,100,,,44100,5324262,1,2025-03-05 02:36:44,LITMUS - EP,,Cö shu Nie,Black sand,6,5857,5,File,2020
LITMUS - EP,Cö shu Nie,J-Pop,Forever together,4:06,,06 Forever together.mp3,Cö shu Nie,D:\Códigos\Musica-Analisis\files\xml\Pre_RAW\Cö shu Nie.xml,Cö shu Nie,100,True,1,135,256,Se encuentra en spotify,,Miku Nakamura,2024-09-26 20:49:12,2026-01-07 22:03:52,1,1,,,5,Archivo de audio MPEG,1,file://localhost/E:/iTunes/iTunes%20Media/Music/C%C3%B6%20shu%20Nie/LITMUS%20-%20EP/06%20Forever%20together.mp3,,,8557,E977D9752AC07485,3,3843136057,2025-10-12 22:47:37,,100,,,44100,7954903,,,LITMUS - EP,,Cö shu Nie,Forever together,6,5859,6,File,2020
no future - Single,Cö shu Nie,J-Rock,no future,3:21,,01 no future.mp3,Cö shu Nie,D:\Códigos\Musica-Analisis\files\xml\Pre_RAW\Cö shu Nie.xml,Cö shu Nie,100,True,1,95,256,Se encuentra en spotify,,Miku Nakamura,2024-09-26 20:49:12,2026-01-07 18:03:04,1,1,,,5,Archivo de audio MPEG,1,file://localhost/E:/iTunes/iTunes%20Media/Music/C%C3%B6%20shu%20Nie/no%20future%20-%20Single/01%20no%20future.mp3,,,5959,8529D26BB2846632,8,3843575925,2025-10-18 00:58:45,,100,,,44100,6505911,,,no future - Single,,Cö shu Nie,no future,1,5861,1,File,2023
OVERKILL - EP,Cö shu Nie,J-Rock,透明,3:58,,02 透明.mp3,Cö shu Nie,D:\Códigos\Musica-Analisis\files\xml\Pre_RAW\Cö shu Nie.xml,Cö shu Nie,100,True,1,93,256,Se encuentra en spotify,,Miku Nakamura,2024-09-26 20:49:14,2026-01-07 21:12:57,1,1,,,5,Archivo de audio MPEG,1,file://localhost/E:/iTunes/iTunes%20Media/Music/C%C3%B6%20shu%20Nie/OVERKILL%20-%20EP/02%20%E9%80%8F%E6%98%8E.mp3,,,9863,B5E0F98615D96F2C,6,3848306417,2025-12-11 20:00:17,,100,,,44100,7684371,,,,,,,5,5879,2,File,2020
OVERKILL - EP,Cö shu Nie,J-Rock,フラッシュバック,3:19,,04 フラッシュバック.mp3,Cö shu Nie,D:\Códigos\Musica-Analisis\files\xml\Pre_RAW\Cö shu Nie.xml,Cö shu Nie,100,True,1,170,256,Se encuentra en spotify,,,2024-09-26 20:49:14,2026-01-07 17:33:38,1,1,,,5,Archivo de audio MPEG,1,file://localhost/E:/iTunes/iTunes%20Media/Music/C%C3%B6%20shu%20Nie/OVERKILL%20-%20EP/04%20%E3%83%95%E3%83%A9%E3%83%83%E3%82%B7%E3%83%A5%E3%83%90%E3%83%83%E3%82%AF.mp3,,,11812,536B8C3AFC5EAA96,5,3846051009,2025-11-15 17:30:09,,100,,,44100,6437193,,,,,,,5,5883,4,File,2020
Puzzle - EP,Cö shu Nie,Alternativa,Pelican-Go de Dokomademo,4:59,,01 Pelican-Go de Dokomademo.mp3,Cö shu Nie,D:\Códigos\Musica-Analisis\files\xml\Pre_RAW\Cö shu Nie.xml,Cö shu Nie,100,True,1,180,256,Se encuentra en spotify,,Miku Nakamura,2024-09-26 20:49:15,2026-01-07 21:48:13,1,1,,,5,Archivo de audio MPEG,1,file://localhost/E:/iTunes/iTunes%20Media/Music/C%C3%B6%20shu%20Nie/Puzzle%20-%20EP/01%20Pelican-Go%20de%20Dokomademo.mp3,,,11114,0AC2CAF536BAECC7,6,3850582214,2026-01-07 04:10:14,,100,,,44100,9678564,,,Puzzle - EP,,Cö shu Nie,Pelican-Go de Dokomademo,5,5887,1,File,2016
Puzzle - EP,Cö shu Nie,Alternativa,Amayadori,3:45,,02 Amayadori.mp3,Cö shu Nie,D:\Códigos\Musica-Analisis\files\xml\Pre_RAW\Cö shu Nie.xml,Cö shu Nie,100,True,1,135,256,Se encuentra en spotify,,Miku Nakamura,2024-09-26 20:49:15,2026-01-07 21:16:43,1,1,,,5,Archivo de audio MPEG,1,file://localhost/E:/iTunes/iTunes%20Media/Music/C%C3%B6%20shu%20Nie/Puzzle%20-%20EP/02%20Amayadori.mp3,,,11431,4C87CD0E5830F904,5,3847195281,2025-11-28 23:21:21,,100,,,44100,7294510,,,Puzzle - EP,,Cö shu Nie,Amayadori,5,5889,2,File,2016
Puzzle - EP,Cö shu Nie,Alternativa,Eien No Torte,3:56,,04 Eien No Torte.mp3,Cö shu Nie,D:\Códigos\Musica-Analisis\files\xml\Pre_RAW\Cö shu Nie.xml,Cö shu Nie,100,True,1,160,256,Se encuentra en spotify,,Miku Nakamura,2024-09-26 20:49:15,2026-01-07 19:52:39,1,1,,,5,Archivo de audio MPEG,1,file://localhost/E:/iTunes/iTunes%20Media/Music/C%C3%B6%20shu%20Nie/Puzzle%20-%20EP/04%20Eien%20No%20Torte.mp3,,,12010,B15E079B55A96FC4,3,3834502890,2025-07-05 00:41:30,,100,,,44100,7643928,,,Puzzle - EP,,Cö shu Nie,Eien No Torte,5,5893,4,File,2016
red strand - Single,Cö shu Nie,J-Rock,red strand,4:01,,01 red strand.mp3,Cö shu Nie,D:\Códigos\Musica-Analisis\files\xml\Pre_RAW\Cö shu Nie.xml,Cö shu Nie,100,True,1,88,256,Se encuentra en spotify,,Miku Nakamura,2024-09-26 20:49:16,2026-01-07 17:50:40,1,1,,,5,Archivo de audio MPEG,1,file://localhost/E:/iTunes/iTunes%20Media/Music/C%C3%B6%20shu%20Nie/red%20strand%20-%20Single/01%20red%20strand.mp3,,,11229,18E52785EADC58C1,7,3845704812,2025-11-11 17:20:12,,100,,,44100,7757376,,,,,,,1,5897,1,File,2020
SAKURA BURST - EP,Cö shu Nie,J-Rock,SAKURA BURST,4:23,,01 SAKURA BURST.mp3,Cö shu Nie,D:\Códigos\Musica-Analisis\files\xml\Pre_RAW\Cö shu Nie.xml,Cö shu Nie,100,True,1,72,256,Se encuentra en spotify,,Miku Nakamura,2024-09-26 20:49:16,2026-01-07 17:55:47,1,1,,,5,Archivo de audio MPEG,1,file://localhost/E:/iTunes/iTunes%20Media/Music/C%C3%B6%20shu%20Nie/SAKURA%20BURST%20-%20EP/01%20SAKURA%20BURST.mp3,,,7411,888B5B0DC8B848E8,5,3841920344,2025-09-28 21:05:44,,100,,,44100,8535391,,,,,,,5,5899,1,File,2022
SAKURA BURST - EP,Cö shu Nie,J-Rock,o=レテヘの行進,3:08,,02 o=レテヘの行進.mp3,Cö shu Nie,D:\Códigos\Musica-Analisis\files\xml\Pre_RAW\Cö shu Nie.xml,Cö shu Nie,100,True,1,130,256,Se encuentra en spotify,,,2024-09-26 20:49:16,2026-01-07 18:11:27,1,1,,,5,Archivo de audio MPEG,1,file://localhost/E:/iTunes/iTunes%20Media/Music/C%C3%B6%20shu%20Nie/SAKURA%20BURST%20-%20EP/02%20o=%E3%83%AC%E3%83%86%E3%83%98%E3%81%AE%E8%A1%8C%E9%80%B2.mp3,,,11576,C804B383725856B5,6,3850461844,2026-01-05 18:44:04,,100,,,44100,6137984,,,,,,,5,5901,2,File,2022
絶体絶命 - Lamp - EP,Cö shu Nie,J-Rock,絶体絶命,2:29,,01 絶体絶命.mp3,Cö shu Nie,D:\Códigos\Musica-Analisis\files\xml\Pre_RAW\Cö shu Nie.xml,Cö shu Nie,100,True,1,143,256,Se encuentra en spotify,,Cö Shu Nie,2024-09-26 20:49:17,2026-01-07 17:16:35,1,1,,,5,Archivo de audio MPEG,1,file://localhost/E:/iTunes/iTunes%20Media/Music/C%C3%B6%20shu%20Nie/%E7%B5%B6%E4%BD%93%E7%B5%B6%E5%91%BD%20-%20Lamp%20-%20EP/01%20%E7%B5%B6%E4%BD%93%E7%B5%B6%E5%91%BD.mp3,,,9786,CE68B50F12BD7A6E,3,3845109144,2025-11-04 19:52:24,,100,,,44100,4818874,,,,,,,4,5911,1,File,2019
7 Deadly Guilt,Cö shu Nie,J-Rock,Deal With the Monster,3:05,,03 Deal With the Monster.m4a,Cö shu Nie,D:\Códigos\Musica-Analisis\files\xml\Pre_RAW\Cö shu Nie.xml,Cö shu Nie,100,True,1,172,320,Se encuentra en spotify,,,2025-01-17 06:29:10,2026-01-07 19:02:54,1,1,,,5,Archivo de audio AAC,1,file://localhost/E:/iTunes/iTunes%20Media/Music/C%C3%B6%20shu%20Nie/7%20Deadly%20Guilt/03%20Deal%20With%20the%20Monster.m4a,,,8039,3BD96AC3F3F967EE,4,3844416033,2025-10-27 19:20:33,,100,,2024-09-04 12:00:00,48000,7571353,,,,,,,11,13251,3,File,2024
7 Deadly Guilt,Cö shu Nie,J-Rock,Where I Belong,3:33,,05 Where I Belong.m4a,Cö shu Nie,D:\Códigos\Musica-Analisis\files\xml\Pre_RAW\Cö shu Nie.xml,Cö shu Nie,100,True,1,150,318,Se encuentra en spotify,,,2025-01-17 06:58:16,2026-01-07 20:15:00,1,1,,,5,Archivo de audio AAC,1,file://localhost/E:/iTunes/iTunes%20Media/Music/C%C3%B6%20shu%20Nie/7%20Deadly%20Guilt/05%20Where%20I%20Belong.m4a,,,7375,5E229C9EBD38C50E,3,3841916228,2025-09-28 19:57:08,,100,,2024-09-04 12:00:00,48000,8673294,,,,,,,11,13295,5,File,2024
PURE,Cö shu Nie,J-Rock,bullet,2:37,,03 bullet.m4a,Cö shu Nie,D:\Códigos\Musica-Analisis\files\xml\Pre_RAW\Cö shu Nie.xml,Cö shu Nie,100,True,1,91,321,Se encuentra en spotify,,Cö Shu Nie,2025-03-04 23:51:34,2026-01-07 19:29:26,1,1,,,5,Archivo de audio AAC,1,file://localhost/E:/iTunes/iTunes%20Media/Music/C%C3%B6%20shu%20Nie/PURE/03%20bullet.m4a,,,10122,0C10A05A3CEDD9BE,3,3842205961,2025-10-02 04:26:01,,100,,2019-10-22 12:00:00,48000,6453821,,,,,,,12,24223,3,File,2019
PURE,Cö shu Nie,J-Rock,scapegoat,2:35,,04 scapegoat.m4a,Cö shu Nie,D:\Códigos\Musica-Analisis\files\xml\Pre_RAW\Cö shu Nie.xml,Cö shu Nie,100,True,1,100,324,Se encuentra en spotify,,Cö Shu Nie,2025-03-04 23:51:55,2026-01-07 20:46:16,1,1,,,5,Archivo de audio AAC,1,file://localhost/E:/iTunes/iTunes%20Media/Music/C%C3%B6%20shu%20Nie/PURE/04%20scapegoat.m4a,,,5640,741689C9982D00EE,2,3824833839,2025-03-15 03:50:39,,100,,2019-12-11 12:00:00,48000,6419144,,,,,,,12,24225,4,File,2019
PURE,Cö shu Nie,J-Rock,サイコプール≒レゴプール,3:37,,07 サイコプール≒レゴプール.m4a,Cö shu Nie,D:\Códigos\Musica-Analisis\files\xml\Pre_RAW\Cö shu Nie.xml,Cö shu Nie,100,True,1,110,323,Se encuentra en spotify,,Cö Shu Nie,2025-03-04 23:55:15,2026-01-07 20:49:08,1,1,,,5,Archivo de audio AAC,1,file://localhost/E:/iTunes/iTunes%20Media/Music/C%C3%B6%20shu%20Nie/PURE/07%20%E3%82%B5%E3%82%A4%E3%82%B3%E3%83%97%E3%83%BC%E3%83%AB%E2%89%92%E3%83%AC%E3%82%B4%E3%83%97%E3%83%BC%E3%83%AB.m4a,,,3705,E64618CC5F42AD55,2,3825859713,2025-03-27 00:48:33,,100,,2015-02-17 12:00:00,48000,8919096,,,,,,,12,24231,7,File,2019
PURE,Cö shu Nie,J-Rock,iB,2:57,,08 iB.m4a,Cö shu Nie,D:\Códigos\Musica-Analisis\files\xml\Pre_RAW\Cö shu Nie.xml,Cö shu Nie,100,True,1,95,321,Se encuentra en spotify,,Cö Shu Nie,2025-03-04 23:55:43,2026-01-07 22:18:29,1,1,,,5,Archivo de audio AAC,1,file://localhost/E:/iTunes/iTunes%20Media/Music/C%C3%B6%20shu%20Nie/PURE/08%20iB.m4a,,,3717,CD891BB6DCF51E33,4,3844693356,2025-10-31 00:22:36,,100,,2019-12-04 12:00:00,48000,7233805,,,,,,,12,24233,8,File,2019
PURE,Cö shu Nie,J-Rock,inertia,3:09,,11 inertia.m4a,Cö shu Nie,D:\Códigos\Musica-Analisis\files\xml\Pre_RAW\Cö shu Nie.xml,Cö shu Nie,100,True,1,80,309,Se encuentra en spotify,,Cö Shu Nie,2025-03-05 00:00:07,2026-01-07 16:58:18,1,1,,,5,Archivo de audio AAC,1,file://localhost/E:/iTunes/iTunes%20Media/Music/C%C3%B6%20shu%20Nie/PURE/11%20inertia.m4a,,,1284,37526E0C22220656,3,3835871594,2025-07-20 20:53:14,,100,,2019-12-11 12:00:00,48000,7453256,,,,,,,12,24239,11,File,2019
PURE,Cö shu Nie,J-Rock,gray,3:31,,12 gray.m4a,Cö shu Nie,D:\Códigos\Musica-Analisis\files\xml\Pre_RAW\Cö shu Nie.xml,Cö shu Nie,100,True,1,90,312,Se encuentra en spotify,,Cö Shu Nie,2025-03-05 00:03:44,2026-01-07 17:15:34,1,1,,,5,Archivo de audio AAC,1,file://localhost/E:/iTunes/iTunes%20Media/Music/C%C3%B6%20shu%20Nie/PURE/12%20gray.m4a,,,4180,2C86C4A485342FF9,2,3846178389,2025-11-17 04:53:09,,100,,2019-12-11 12:00:00,48000,8404198,,,,,,,12,24241,12,File,2019
give it back - EP,Cö shu Nie,J-Pop,give it back,3:34,,01 give it back.m4a,Cö shu Nie,D:\Códigos\Musica-Analisis\files\xml\Pre_RAW\Cö shu Nie.xml,Cö shu Nie,100,True,1,100,308,Se encuentra en spotify,,Miku Nakamura,2025-03-05 00:07:52,2026-01-07 21:34:22,1,1,,,5,Archivo de audio AAC,1,file://localhost/E:/iTunes/iTunes%20Media/Music/C%C3%B6%20shu%20Nie/give%20it%20back%20-%20EP/01%20give%20it%20back.m4a,,,4599,B0B1C0783F0DE269,3,3827247233,2025-04-12 01:13:53,,100,,2021-01-22 12:00:00,48000,8434454,,,,,,,4,24247,1,File,2021
undress me - Single,Cö shu Nie,J-Rock,undress me,3:13,,01 undress me.m4a,Cö shu Nie,D:\Códigos\Musica-Analisis\files\xml\Pre_RAW\Cö shu Nie.xml,Cö shu Nie,100,True,1,76,327,Se encuentra en spotify,,Miku Nakamura,2025-03-05 00:16:12,2026-01-07 20:04:54,1,1,,,5,Archivo de audio AAC,1,file://localhost/E:/iTunes/iTunes%20Media/Music/C%C3%B6%20shu%20Nie/undress%20me%20-%20Single/01%20undress%20me.m4a,,,6633,4701959519F687AC,3,3846911693,2025-11-25 16:34:53,,100,,2021-07-24 12:00:00,48000,8028464,,,,,,,1,24255,1,File,2021
Abon - Single,DAOKO,J-Pop,Abon,2:35,,01 Abon.mp3,Daoko,D:\Códigos\Musica-Analisis\files\xml\Pre_RAW\Daoko.xml,DAOKO,100,True,1,77,256,Se encuentra en spotify,,Daoko & Dj6gatsu,2024-09-26 20:49:18,2026-01-07 21:42:21,1,1,,,5,Archivo de audio MPEG,1,file://localhost/E:/iTunes/iTunes%20Media/Music/Daoko/Abon%20-%20Single/01%20Abon.mp3,,,4183,9F224E4105C8D1F3,3,3851317920,2026-01-15 16:32:00,,100,,,44100,5124827,,,,,,,1,5923,1,File,2023
Allure of the Dark - Single,DAOKO,J-Pop,Allure of the Dark,4:08,,01 Allure of the Dark.mp3,Daoko,D:\Códigos\Musica-Analisis\files\xml\Pre_RAW\Daoko.xml,DAOKO,100,True,1,158,256,Se encuentra en spotify,,,2024-09-26 20:49:18,2026-01-07 18:09:47,1,1,,,5,Archivo de audio MPEG,1,file://localhost/E:/iTunes/iTunes%20Media/Music/Daoko/Allure%20of%20the%20Dark%20-%20Single/01%20Allure%20of%20the%20Dark.mp3,,,5213,5D49D4BE00996F29,3,3847090298,2025-11-27 18:11:38,,100,,,44100,8038701,,,,,,,1,5925,1,File,2023
DAOKO,DAOKO,J-Pop,Suisei,4:33,,01 Suisei.mp3,Daoko,D:\Códigos\Musica-Analisis\files\xml\Pre_RAW\Daoko.xml,DAOKO,100,True,1,100,256,Se encuentra en spotify,,"tofubeats, DAOKO & Onomatope Daiji",2024-09-26 20:49:20,2026-01-07 21:30:58,1,1,,,5,Archivo de audio MPEG,1,file://localhost/E:/iTunes/iTunes%20Media/Music/DAOKO/DAOKO/01%20Suisei.mp3,,,5334,B3B81E6625F59A71,2,3833805455,2025-06-26 22:57:35,,100,,,44100,8829257,,,,,,,12,5949,1,File,2015
DAOKO,DAOKO,J-Pop,Kakete Ageru,4:03,,02 Kakete Ageru.mp3,Daoko,D:\Códigos\Musica-Analisis\files\xml\Pre_RAW\Daoko.xml,DAOKO,100,True,1,109,256,Se encuentra en spotify,,DAOKO & 小島英也,2024-09-26 20:49:20,2026-01-07 18:08:29,1,1,,,5,Archivo de audio MPEG,1,file://localhost/E:/iTunes/iTunes%20Media/Music/DAOKO/DAOKO/02%20Kakete%20Ageru.mp3,,,4319,2C07C0AD2363F6D9,1,3819979475,2025-01-17 23:24:35,,100,,,44100,7852910,,,,,,,12,5951,2,File,2015
Hajimemashiteno Kimochiwo - Single,DAOKO,J-Pop,Hajimemashiteno Kimochiwo,3:47,,01 Hajimemashiteno Kimochiwo.mp3,Daoko,D:\Códigos\Musica-Analisis\files\xml\Pre_RAW\Daoko.xml,DAOKO,100,True,1,96,256,Se encuentra en spotify,,YOH KAMIYAMA & Daoko,2024-09-26 20:49:23,2026-01-07 18:36:07,1,1,,,5,Archivo de audio MPEG,1,file://localhost/E:/iTunes/iTunes%20Media/Music/DAOKO/Hajimemashiteno%20Kimochiwo%20-%20Single/01%20Hajimemashiteno%20Kimochiwo.mp3,,,5078,1183B93095DEB4F1,2,3845297754,2025-11-07 00:15:54,,100,,,44100,7379298,,,,,,,1,5973,1,File,2019
HYPER GIRL -向こう側の女の子-,DAOKO,Hip-Hop/Rap,最近,3:22,,04 最近.mp3,Daoko,D:\Códigos\Musica-Analisis\files\xml\Pre_RAW\Daoko.xml,DAOKO,100,True,1,120,256,Se encuentra en spotify,,daoko & COASARU,2024-09-26 20:49:23,2025-12-26 22:02:15,1,1,,,5,Archivo de audio MPEG,1,file://localhost/E:/iTunes/iTunes%20Media/Music/Daoko/HYPER%20GIRL%20-%E5%90%91%E3%81%93%E3%81%86%E5%81%B4%E3%81%AE%E5%A5%B3%E3%81%AE%E5%AD%90-/04%20%E6%9C%80%E8%BF%91.mp3,,,2677,7EC7FB911F7E942D,6,3839257163,2025-08-29 01:19:23,,100,,,44100,6590625,,,,,,,13,5981,4,File,2012
Moshimo Bokura Ga Game No Shyuyakude - Daisuki with TeddyLoid - Bang!,DAOKO with TeddyLoid,J-Pop,Daisuki,3:18,,02 Daisuki.mp3,Daoko,D:\Códigos\Musica-Analisis\files\xml\Pre_RAW\Daoko.xml,DAOKO,100,True,1,75,256,Se encuentra en spotify,,,2024-09-26 20:49:25,2026-01-07 19:31:25,1,1,,,5,Archivo de audio MPEG,1,file://localhost/E:/iTunes/iTunes%20Media/Music/Daoko/Moshimo%20Bokura%20Ga%20Game%20No%20Shyuyakude%20-%20D/02%20Daisuki.mp3,,,8878,1E20B772ECAFBBF6,5,3843576827,2025-10-18 01:13:47,,100,,,44100,6433734,1,2025-09-05 23:49:23,,,,,8,6003,2,File,2016
Moshimo Bokura Ga Game No Shyuyakude - Daisuki with TeddyLoid - Bang!,DAOKO,J-Pop,Bang!,3:39,,03 Bang!.mp3,Daoko,D:\Códigos\Musica-Analisis\files\xml\Pre_RAW\Daoko.xml,DAOKO,100,True,1,80,256,Se encuentra en spotify,,DAOKO & 小島英也(ORESAMA),2024-09-26 20:49:25,2026-01-07 17:17:13,1,1,,,5,Archivo de audio MPEG,1,file://localhost/E:/iTunes/iTunes%20Media/Music/Daoko/Moshimo%20Bokura%20Ga%20Game%20No%20Shyuyakude%20-%20D/03%20Bang!.mp3,,,6220,B720AEE8C930C8CC,9,3849074005,2025-12-20 17:13:25,,100,,,44100,7084062,,,,,,,8,6005,3,File,2016
ShibuyaK -SamishiiKamisama - Single,DAOKO,J-Pop,ShibuyaK,4:20,,01 ShibuyaK.mp3,Daoko,D:\Códigos\Musica-Analisis\files\xml\Pre_RAW\Daoko.xml,DAOKO,100,True,1,128,256,Se encuentra en spotify,,DAOKO & 小島英也(ORESAMA),2024-09-26 20:49:26,2025-11-29 06:29:52,1,1,,,5,Archivo de audio MPEG,1,file://localhost/E:/iTunes/iTunes%20Media/Music/DAOKO/ShibuyaK%20-SamishiiKamisama%20-%20Single/01%20ShibuyaK.mp3,,,5836,B70E7C65932478C2,2,3837188195,2025-08-05 02:36:35,,100,,,44100,8413179,,,,,,,3,6017,1,File,2015
ShibuyaK -SamishiiKamisama - Single,DAOKO,J-Pop,Samishii Kamisama,4:27,,02 Samishii Kamisama.mp3,Daoko,D:\Códigos\Musica-Analisis\files\xml\Pre_RAW\Daoko.xml,DAOKO,100,True,1,128,256,Se encuentra en spotify,,DAOKO & 小島英也(ORESAMA),2024-09-26 20:49:27,2026-01-07 22:19:00,1,1,,,5,Archivo de audio MPEG,1,file://localhost/E:/iTunes/iTunes%20Media/Music/DAOKO/ShibuyaK%20-SamishiiKamisama%20-%20Single/02%20Samishii%20Kamisama.mp3,,,6773,7F335E0BFA1B3EC2,4,3845206312,2025-11-05 22:51:52,,100,,,44100,8651000,,,,,,,3,6019,2,File,2015
ShibuyaK -SamishiiKamisama - Single,DAOKO,J-Pop,Yumemitetano Atashi,4:27,,03 Yumemitetano Atashi.mp3,Daoko,D:\Códigos\Musica-Analisis\files\xml\Pre_RAW\Daoko.xml,DAOKO,100,True,1,100,256,Se encuentra en spotify,,DAOKO & 小島英也(ORESAMA),2024-09-26 20:49:27,2026-01-07 17:15:46,1,1,,,5,Archivo de audio MPEG,1,file://localhost/E:/iTunes/iTunes%20Media/Music/DAOKO/ShibuyaK%20-SamishiiKamisama%20-%20Single/03%20Yumemitetano%20Atashi.mp3,,,4457,E217EC28F79998C1,3,3834310330,2025-07-02 19:12:10,,100,,,44100,8653099,,,,,,,3,6021,3,File,2015
Shitekiryoko,DAOKO,J-Pop,Tanemoshikakemoarumahou,4:05,,05 Tanemoshikakemoarumahou.mp3,Daoko,D:\Códigos\Musica-Analisis\files\xml\Pre_RAW\Daoko.xml,DAOKO,100,True,1,116,256,Se encuentra en spotify,,,2024-09-26 20:49:28,2026-01-07 19:12:34,1,1,,,5,Archivo de audio MPEG,1,file://localhost/E:/iTunes/iTunes%20Media/Music/DAOKO/Shitekiryoko/05%20Tanemoshikakemoarumahou.mp3,,,6499,FBE7699E6BA4D775,1,3825318063,2025-03-20 18:21:03,,100,,,44100,7926041,,,,,,,10,6029,5,File,2018
Slash-&-Burn,DAOKO,J-Pop,Tenshi Ga Itayo,3:15,,01 Tenshi Ga Itayo.mp3,Daoko,D:\Códigos\Musica-Analisis\files\xml\Pre_RAW\Daoko.xml,DAOKO,100,True,1,125,256,Se encuentra en spotify,,,2024-09-26 20:49:29,2026-01-07 17:53:53,1,1,,,5,Archivo de audio MPEG,1,file://localhost/E:/iTunes/iTunes%20Media/Music/DAOKO/Slash-&-Burn/01%20Tenshi%20Ga%20Itayo.mp3,,,3494,FBBFFDA86062817B,2,3844081091,2025-10-23 21:18:11,,100,,,44100,6329079,,,,,,,12,6041,1,File,2024
Slash-&-Burn,DAOKO,J-Pop,Fts,4:01,,02 Fts.mp3,Daoko,D:\Códigos\Musica-Analisis\files\xml\Pre_RAW\Daoko.xml,DAOKO,100,True,1,129,256,Se encuentra en spotify,,,2024-09-26 20:49:29,2026-01-07 19:24:56,1,1,,,5,Archivo de audio MPEG,1,file://localhost/E:/iTunes/iTunes%20Media/Music/Daoko/Slash-&-Burn/02%20Fts.mp3,,,1759,5C496995FB51209E,6,3846061991,2025-11-15 20:33:11,,100,,,44100,7803627,,,,,,,12,6043,2,File,2024
Slash-&-Burn,DAOKO,J-Pop,Slump,3:30,,03 Slump.mp3,Daoko,D:\Códigos\Musica-Analisis\files\xml\Pre_RAW\Daoko.xml,DAOKO,100,True,1,120,256,Se encuentra en spotify,,,2024-09-26 20:49:29,2026-01-07 16:53:44,1,1,,,5,Archivo de audio MPEG,1,file://localhost/E:/iTunes/iTunes%20Media/Music/Daoko/Slash-&-Burn/03%20Slump.mp3,,,1591,F6CFD1B10E3BC794,7,3845709317,2025-11-11 18:35:17,,100,,,44100,6791332,,,,,,,12,6045,3,File,2024
Slash-&-Burn,DAOKO,J-Pop,Gameover,2:58,,05 Gameover.mp3,Daoko,D:\Códigos\Musica-Analisis\files\xml\Pre_RAW\Daoko.xml,DAOKO,100,True,1,124,256,Se encuentra en spotify,,,2024-09-26 20:49:30,2026-01-07 19:23:37,1,1,,,5,Archivo de audio MPEG,1,file://localhost/E:/iTunes/iTunes%20Media/Music/Daoko/Slash-&-Burn/05%20Gameover.mp3,,,6458,B7A7E128EF775555,5,3842461830,2025-10-05 03:30:30,,100,,,44100,5768171,,,,,,,12,6049,5,File,2024
Slash-&-Burn,DAOKO,J-Pop,Akame No Buildings,4:10,,12 Akame No Buildings.mp3,Daoko,D:\Códigos\Musica-Analisis\files\xml\Pre_RAW\Daoko.xml,DAOKO,100,True,1,85,256,Se encuentra en spotify,,,2024-09-26 20:49:31,2026-01-07 20:22:35,1,1,,,5,Archivo de audio MPEG,1,file://localhost/E:/iTunes/iTunes%20Media/Music/Daoko/Slash-&-Burn/12%20Akame%20No%20Buildings.mp3,,,3220,95BE6964A40A4A36,4,3837855391,2025-08-12 19:56:31,,100,,,44100,8076989,,,,,,,12,6063,12,File,2024
UTUTU,DAOKO,Hip-Hop/Rap,Ututu,2:12,,01 Ututu.mp3,Daoko,D:\Códigos\Musica-Analisis\files\xml\Pre_RAW\Daoko.xml,DAOKO,100,True,1,90,256,Se encuentra en spotify,,Pigeondust,2024-09-26 20:49:34,2026-01-07 17:07:33,1,1,,,5,Archivo de audio MPEG,1,file://localhost/E:/iTunes/iTunes%20Media/Music/DAOKO/UTUTU/01%20Ututu.mp3,,,4444,F9A797B59D641513,4,3827335432,2025-04-13 01:43:52,,100,,,44100,4350035,,,,,,Ututu,10,6095,1,File,2013
Affordance - Single,DAOKO & GuruConnect,Alternativa,Affordance,2:21,,01 Affordance.mp3,Daoko,D:\Códigos\Musica-Analisis\files\xml\Pre_RAW\Daoko.xml,DAOKO & GuruConnect,100,True,1,105,256,Se encuentra en spotify,,,2024-09-26 20:49:36,2026-01-07 20:01:03,1,1,,,5,Archivo de audio MPEG,1,file://localhost/E:/iTunes/iTunes%20Media/Music/Daoko%20&%20GuruConnect/Affordance%20-%20Single/01%20Affordance.mp3,,,1259,4E4CA3DC2DD7F45F,7,3843646975,2025-10-18 20:42:55,,100,,,44100,4629818,,,,,,,1,6117,1,File,2022
Groggy Ghost - Single,DAOKO & TAAR,Hip-Hop/Rap,Groggy Ghost,3:13,,01 Groggy Ghost.mp3,Daoko,D:\Códigos\Musica-Analisis\files\xml\Pre_RAW\Daoko.xml,DAOKO & TAAR,100,True,1,96,256,Se encuentra en spotify,,,2024-09-26 20:49:36,2026-01-07 18:37:33,1,1,,,5,Archivo de audio MPEG,1,file://localhost/E:/iTunes/iTunes%20Media/Music/Daoko%20&%20TAAR/Groggy%20Ghost%20-%20Single/01%20Groggy%20Ghost.mp3,,,3082,8F04C0FDED49A7E1,4,3849032424,2025-12-20 05:40:24,,100,,,44100,6307838,,,,,,,1,6119,1,File,2021
Escape - Single,DAOKO & Yohji Igarashi,Dance,Escape,3:43,,01 Escape.mp3,Daoko,D:\Códigos\Musica-Analisis\files\xml\Pre_RAW\Daoko.xml,DAOKO & Yohji Igarashi,100,True,1,117,256,Se encuentra en spotify,,,2024-09-26 20:49:36,2026-01-07 17:52:46,1,1,,,5,Archivo de audio MPEG,1,file://localhost/E:/iTunes/iTunes%20Media/Music/Daoko%20&%20Yohji%20Igarashi/Escape%20-%20Single/01%20Escape.mp3,,,7216,4D4E1EA120349F9D,5,3843149902,2025-10-13 02:38:22,,100,,,44100,7309553,,,,,,,1,6121,1,File,2022
Mad - EP,DAOKO & Yohji Igarashi,Dance,Mad,3:29,,01 Mad.mp3,Daoko,D:\Códigos\Musica-Analisis\files\xml\Pre_RAW\Daoko.xml,DAOKO & Yohji Igarashi,100,True,1,126,256,Se encuentra en spotify,,,2024-09-26 20:49:36,2026-01-07 20:39:19,1,1,,,5,Archivo de audio MPEG,1,file://localhost/E:/iTunes/iTunes%20Media/Music/DAOKO%20&%20Yohji%20Igarashi/Mad%20-%20EP/01%20Mad.mp3,,,4810,BD6CBCD429D23A88,5,3851166897,2026-01-13 22:34:57,,100,,,44100,6866962,,,,,,,4,6123,1,File,2022
Mad - EP,DAOKO & Yohji Igarashi,Dance,Spoopy,2:55,,02 Spoopy.mp3,Daoko,D:\Códigos\Musica-Analisis\files\xml\Pre_RAW\Daoko.xml,DAOKO & Yohji Igarashi,100,True,1,126,256,Se encuentra en spotify,,,2024-09-26 20:49:37,2026-01-07 19:47:02,1,1,,,5,Archivo de audio MPEG,1,file://localhost/E:/iTunes/iTunes%20Media/Music/Daoko%20&%20Yohji%20Igarashi/Mad%20-%20EP/02%20Spoopy.mp3,,,5340,D02760A78A1463FA,3,3850401816,2026-01-05 02:03:36,,100,,,44100,5778599,,,,,,,4,6125,2,File,2022
Mad - EP,DAOKO & Yohji Igarashi,Dance,Cha Cha,2:55,,04 Cha Cha.mp3,Daoko,D:\Códigos\Musica-Analisis\files\xml\Pre_RAW\Daoko.xml,DAOKO & Yohji Igarashi,100,True,1,137,256,Se encuentra en spotify,,DAOKO & YOHJI IGARASHI,2024-09-26 20:49:37,2026-01-07 18:09:00,1,1,,,5,Archivo de audio MPEG,1,file://localhost/E:/iTunes/iTunes%20Media/Music/Daoko%20&%20Yohji%20Igarashi/Mad%20-%20EP/04%20Cha%20Cha.mp3,,,10667,2FFC2920FFCE716F,7,3844178171,2025-10-25 00:16:11,,100,,,44100,5768569,,,Mad - EP,,,Cha Cha,4,6129,4,File,2022
Senkyaku Banrai - Single,DAOKO × MIYAVI,J-Rock,Senkyaku Banrai,4:28,,01 Senkyaku Banrai.mp3,Daoko,D:\Códigos\Musica-Analisis\files\xml\Pre_RAW\Daoko.xml,DAOKO × MIYAVI,100,True,1,135,256,Se encuentra en spotify,,"Daoko, MIYAVI, Lenard Skolnik & Taku Inoue",2024-09-26 20:49:37,2026-01-07 19:56:48,1,1,,,5,Archivo de audio MPEG,1,file://localhost/E:/iTunes/iTunes%20Media/Music/DAOKO%20%C3%97%20MIYAVI/Senkyaku%20Banrai%20-%20Single/01%20Senkyaku%20Banrai.mp3,,,7682,812D442F9E5C7784,7,3842457574,2025-10-05 02:19:34,,100,,,44100,8646706,,,,,,,1,6131,1,File,2019
Step Up Love - Single,DAOKO×岡村靖幸,J-Pop,Step Up Love,4:13,,01 Step Up Love.mp3,Daoko,D:\Códigos\Musica-Analisis\files\xml\Pre_RAW\Daoko.xml,DAOKO×岡村靖幸,100,True,1,128,256,Se encuentra en spotify,,岡村靖幸,2024-09-26 20:49:38,2026-01-07 18:44:27,1,1,,,5,Archivo de audio MPEG,1,file://localhost/E:/iTunes/iTunes%20Media/Music/DAOKO%C3%97%E5%B2%A1%E6%9D%91%E9%9D%96%E5%B9%B8/Step%20Up%20Love%20-%20Single/01%20Step%20Up%20Love.mp3,,,12017,1B937E7196DF21FC,4,3850327978,2026-01-04 05:32:58,,100,,,44100,8198889,,,,,,,1,6139,1,File,2017
Uchiagehanabi - Single,DAOKO×米津玄師,J-Pop,Uchiagehanabi,4:49,,01 Uchiagehanabi.mp3,Daoko,D:\Códigos\Musica-Analisis\files\xml\Pre_RAW\Daoko.xml,DAOKO,100,True,1,96,256,Se encuentra en spotify,,Kenshi Yonezu,2024-09-26 20:49:39,2026-01-07 19:48:00,1,1,,,5,Archivo de audio MPEG,1,file://localhost/E:/iTunes/iTunes%20Media/Music/DAOKO/Uchiagehanabi%20-%20Single/01%20Uchiagehanabi.mp3,,,5313,8CD70CE23CC22449,2,3835035332,2025-07-11 04:35:32,,100,,,44100,10402522,,,,,,,3,6145,1,File,2017
Troy - Single,Dios feat. DAOKO,Pop indie,Troy,3:18,,01 Troy.mp3,Daoko,D:\Códigos\Musica-Analisis\files\xml\Pre_RAW\Daoko.xml,Dios feat. DAOKO,100,True,1,112,256,Se encuentra en spotify,,,2024-09-26 20:49:39,2026-01-07 18:01:30,1,1,,,5,Archivo de audio MPEG,1,file://localhost/E:/iTunes/iTunes%20Media/Music/Dios%20feat.%20DAOKO/Troy%20-%20Single/01%20Troy.mp3,,,4039,46F6648B689317AD,3,3841308155,2025-09-21 19:02:35,,100,,,44100,6499791,,,,,,,1,6147,1,File,2024
FUTURE IS WOW,m-flo + daoko,J-Pop,IRONY,4:51,,11 IRONY.mp3,Daoko,D:\Códigos\Musica-Analisis\files\xml\Pre_RAW\Daoko.xml,m-flo,100,True,1,90,256,Se encuentra en spotify,,m-flo + daoko,2024-09-26 20:53:37,2026-01-07 21:00:42,1,1,,,5,Archivo de audio MPEG,1,file://localhost/E:/iTunes/iTunes%20Media/Music/m-flo/FUTURE%20IS%20WOW/11%20IRONY.mp3,,,5362,ACB383C826BEB756,4,3847100734,2025-11-27 21:05:34,,100,,,44100,9348481,2,2025-09-06 00:25:34,,,,,18,7913,11,File,2013
Otogino Machi - Single,DAOKO,J-Pop,Otogino Machi,3:23,,01 Otogino Machi.m4a,Daoko,D:\Códigos\Musica-Analisis\files\xml\Pre_RAW\Daoko.xml,DAOKO,100,True,1,113,331,Se encuentra en spotify,,Daoko & Nariaki,2025-01-18 04:48:08,2026-01-07 20:09:21,1,1,,,5,Archivo de audio AAC,1,file://localhost/E:/iTunes/iTunes%20Media/Music/Daoko/Otogino%20Machi%20-%20Single/01%20Otogino%20Machi.m4a,,,3844,9ADE6E85479E88EF,2,3835606405,2025-07-17 19:13:25,,100,,2020-01-15 12:00:00,48000,8613170,,,,,,,1,14777,1,File,2020
Q,女王蜂 feat. DAOKO,J-Rock,金星,3:54,,02 金星.m4a,Daoko,D:\Códigos\Musica-Analisis\files\xml\Pre_RAW\Daoko.xml,女王蜂,100,True,1,123,256,Se encuentra en spotify,,薔薇園アヴ,2025-02-23 22:38:52,2026-01-07 19:39:32,1,1,,,5,Archivo de audio AAC,1,file://localhost/E:/iTunes/iTunes%20Media/Music/%E5%A5%B3%E7%8E%8B%E8%9C%82/Q/02%20%E9%87%91%E6%98%9F.m4a,,,7188,AAAC1FC1744B29AF,2,3848296070,2025-12-11 17:07:50,True,100,,2017-04-05 07:00:00,44100,8599506,,,,,,,9,23099,2,File,2017
Boku dake no Photon - Single,DAOKO,J-pop,Boku dake no Photon,2:52,,01 Boku dake no Photon.m4a,Daoko,D:\Códigos\Musica-Analisis\files\xml\Pre_RAW\Daoko.xml,DAOKO,100,True,1,130,333,Se encuentra en spotify,,,2025-10-01 04:09:30,2026-01-07 22:10:09,1,1,,,5,Archivo de audio AAC,1,file://localhost/E:/iTunes/iTunes%20Media/Music/Daoko/Boku%20dake%20no%20Photon%20-%20Single/01%20Boku%20dake%20no%20Photon.m4a,,,4944,9E615B2AC3EAB2A1,2,3846769898,2025-11-24 01:11:38,,100,,2025-09-24 12:00:00,48000,7373741,,,,,,,1,28989,1,File,2025
Dance The Night (From Barbie The Album) - Single,Dua Lipa,Pop,Dance The Night (From Barbie The Album),2:56,,01 Dance The Night (From Barbie The.mp3,Dua Lipa,D:\Códigos\Musica-Analisis\files\xml\Pre_RAW\Dua Lipa.xml,Dua Lipa,100,True,1,110,256,Se encuentra en spotify,,"Andrew Wyatt, Caroline Ailin, Dua Lipa & Mark Ronson",2024-09-26 20:49:43,2026-01-07 19:53:22,1,1,,,5,Archivo de audio MPEG,1,file://localhost/E:/iTunes/iTunes%20Media/Music/Dua%20Lipa/Dance%20The%20Night%20(From%20Barbie%20The%20Album)/01%20Dance%20The%20Night%20(From%20Barbie%20The.mp3,,,5817,29B50CDE0E641CA6,3,3831057497,2025-05-26 03:38:17,,100,,,44100,5712975,,,,,,,1,6183,1,File,2023
Dua Lipa (Deluxe),Dua Lipa,Pop,Hotter Than Hell,3:08,,03 Hotter Than Hell.mp3,Dua Lipa,D:\Códigos\Musica-Analisis\files\xml\Pre_RAW\Dua Lipa.xml,Dua Lipa,100,True,1,110,256,Se encuentra en spotify,,"Dua Lipa, Adam Midgley, Gerard O'Connell & Tommy Baxter",2024-09-26 20:49:43,2026-01-07 19:07:22,1,1,,,5,Archivo de audio MPEG,1,file://localhost/E:/iTunes/iTunes%20Media/Music/Dua%20Lipa/Dua%20Lipa%20(Deluxe)/03%20Hotter%20Than%20Hell.mp3,,,7606,19BCBEA1103AF9E5,5,3850589404,2026-01-07 06:10:04,,100,,,44100,6109850,,,,,,,17,6189,3,File,2017
Dua Lipa (Deluxe),Dua Lipa,Pop,Garden,3:48,,07 Garden.mp3,Dua Lipa,D:\Códigos\Musica-Analisis\files\xml\Pre_RAW\Dua Lipa.xml,Dua Lipa,100,True,1,76,256,Se encuentra en spotify,,"Dua Lipa, Greg Wells & Sean Douglas",2024-09-26 20:49:44,2026-01-07 18:38:09,1,1,,,5,Archivo de audio MPEG,1,file://localhost/E:/iTunes/iTunes%20Media/Music/Dua%20Lipa/Dua%20Lipa%20(Deluxe)/07%20Garden.mp3,,,7604,7AF1498E8474B521,4,3843633514,2025-10-18 16:58:34,,100,,,44100,7388795,,,,,,,17,6197,7,File,2017
Dua Lipa (Deluxe),Dua Lipa,Pop,No Goodbyes,3:36,,08 No Goodbyes.mp3,Dua Lipa,D:\Códigos\Musica-Analisis\files\xml\Pre_RAW\Dua Lipa.xml,Dua Lipa,100,True,1,109,256,Se encuentra en spotify,,"Dua Lipa, GRADES, Ilsey Juber & Lindy Robbins",2024-09-26 20:49:44,2026-01-07 16:52:11,1,1,,,5,Archivo de audio MPEG,1,file://localhost/E:/iTunes/iTunes%20Media/Music/Dua%20Lipa/Dua%20Lipa%20(Deluxe)/08%20No%20Goodbyes.mp3,,,5187,9B6D57647BAD1809,2,3851446487,2026-01-17 04:14:47,,100,,,44100,7009293,,,,,,,17,6199,8,File,2017
Dua Lipa (Deluxe),Dua Lipa,Pop,Thinking 'Bout You,2:52,,09 Thinking 'Bout You.mp3,Dua Lipa,D:\Códigos\Musica-Analisis\files\xml\Pre_RAW\Dua Lipa.xml,Dua Lipa,100,True,1,91,256,Se encuentra en spotify,,Dua Lipa & Adam Argyle,2024-09-26 20:49:44,2026-01-07 20:04:48,1,1,,,5,Archivo de audio MPEG,1,file://localhost/E:/iTunes/iTunes%20Media/Music/Dua%20Lipa/Dua%20Lipa%20(Deluxe)/09%20Thinking%20'Bout%20You.mp3,,,4202,76B3DF6770F9B508,6,3850330732,2026-01-04 06:18:52,,100,,,44100,5597434,,,,,,,17,6201,9,File,2017
Dua Lipa (Deluxe),Dua Lipa,Pop,New Rules,3:29,,10 New Rules.mp3,Dua Lipa,D:\Códigos\Musica-Analisis\files\xml\Pre_RAW\Dua Lipa.xml,Dua Lipa,100,True,1,116,256,Se encuentra en spotify,,"Caroline Ailin, Emily Warren & Ian Kirkpatrick",2024-09-26 20:49:44,2026-01-07 18:09:53,1,1,,,5,Archivo de audio MPEG,1,file://localhost/E:/iTunes/iTunes%20Media/Music/Dua%20Lipa/Dua%20Lipa%20(Deluxe)/10%20New%20Rules.mp3,,,3483,D58CD5FE24470E4E,3,3847196245,2025-11-28 23:37:25,,100,,,44100,6793625,,,,,,,17,6203,10,File,2017
Dua Lipa (Deluxe),Dua Lipa,Pop,Last Dance,3:49,,17 Last Dance.mp3,Dua Lipa,D:\Códigos\Musica-Analisis\files\xml\Pre_RAW\Dua Lipa.xml,Dua Lipa,100,True,1,136,256,Se encuentra en spotify,,"Dua Lipa, Stephen ""Koz"" Kozmeniuk & Talay Riley",2024-09-26 20:49:45,2026-01-07 21:15:19,1,1,,,5,Archivo de audio MPEG,1,file://localhost/E:/iTunes/iTunes%20Media/Music/Dua%20Lipa/Dua%20Lipa%20(Deluxe)/17%20Last%20Dance.mp3,,,5062,4334C4DB8B6D4936,5,3849286282,2025-12-23 04:11:22,,100,,,44100,7422237,,,,,,,17,6217,17,File,2017
Future Nostalgia,Dua Lipa,Pop,Cool,3:29,,03 Cool.mp3,Dua Lipa,D:\Códigos\Musica-Analisis\files\xml\Pre_RAW\Dua Lipa.xml,Dua Lipa,100,True,1,91,256,Se encuentra en spotify,,"Ben Kohn, Camille Purcell, Dua Lipa, Peter Kelleher, Shakka Philip, Tom Barnes, Tove Lo",2024-09-26 20:49:46,2026-01-07 16:57:18,1,1,,,5,Archivo de audio MPEG,1,file://localhost/E:/iTunes/iTunes%20Media/Music/Dua%20Lipa/Future%20Nostalgia/03%20Cool.mp3,,,6394,2170737144DFF05E,7,3825864195,2025-03-27 02:03:15,,100,,,44100,6781490,1,2025-02-15 21:35:25,,,,,13,6223,3,File,2020
Future Nostalgia,Dua Lipa,Pop,Physical,3:13,,04 Physical.mp3,Dua Lipa,D:\Códigos\Musica-Analisis\files\xml\Pre_RAW\Dua Lipa.xml,Dua Lipa,100,True,1,147,256,Se encuentra en spotify,,"Dua Lipa, Clarence Coffee Jr, Jason Evigan & Sarah Hudson",2024-09-26 20:49:46,2026-01-07 20:41:46,1,1,,,5,Archivo de audio MPEG,1,file://localhost/E:/iTunes/iTunes%20Media/Music/Dua%20Lipa/Future%20Nostalgia/04%20Physical.mp3,,,7813,32EDF911A6366D25,6,3850414769,2026-01-05 05:39:29,,100,,,44100,6277436,,,,,,,13,6225,4,File,2020
Future Nostalgia,Dua Lipa,Pop,Levitating,3:23,,05 Levitating.mp3,Dua Lipa,D:\Códigos\Musica-Analisis\files\xml\Pre_RAW\Dua Lipa.xml,Dua Lipa,100,True,1,103,256,Se encuentra en spotify,,"Clarence Coffee Jr., Dua Lipa, Sarah Hudson, Stephen Kozmeniuk",2024-09-26 20:49:46,2026-01-07 20:43:25,1,1,,,5,Archivo de audio MPEG,1,file://localhost/E:/iTunes/iTunes%20Media/Music/Dua%20Lipa/Future%20Nostalgia/05%20Levitating.mp3,,,9870,36492FF9B99587D3,7,3842463724,2025-10-05 04:02:04,,100,,,44100,6597422,,,,,,,13,6227,5,File,2020
Future Nostalgia,Dua Lipa,Pop,Hallucinate,3:28,,07 Hallucinate.mp3,Dua Lipa,D:\Códigos\Musica-Analisis\files\xml\Pre_RAW\Dua Lipa.xml,Dua Lipa,100,True,1,122,256,Se encuentra en spotify,,Dua Lipa,2024-09-26 20:49:47,2026-01-07 19:17:02,1,1,,,5,Archivo de audio MPEG,1,file://localhost/E:/iTunes/iTunes%20Media/Music/Dua%20Lipa/Future%20Nostalgia/07%20Hallucinate.mp3,,,6134,4A5861BCD7019F77,5,3840283800,2025-09-09 22:30:00,,100,,,44100,6746389,,,,,,,13,6231,7,File,2020
Future Nostalgia,Dua Lipa,Pop,Love Again,4:18,,08 Love Again.mp3,Dua Lipa,D:\Códigos\Musica-Analisis\files\xml\Pre_RAW\Dua Lipa.xml,Dua Lipa,100,True,1,116,256,Se encuentra en spotify,,"Chelcee Grimes, Clarence Coffee Jr, Crosby, Dua Lipa, Stephen Kozmeniuk, Wallman & Wartell",2024-09-26 20:49:47,2026-01-07 19:09:02,1,1,,,5,Archivo de audio MPEG,1,file://localhost/E:/iTunes/iTunes%20Media/Music/Dua%20Lipa/Future%20Nostalgia/08%20Love%20Again.mp3,,,6125,7D506E2F39647211,7,3844159597,2025-10-24 19:06:37,,100,,,44100,8331289,,,,,,,13,6233,8,File,2020
Future Nostalgia,Dua Lipa,Pop,Break My Heart,3:41,,09 Break My Heart.mp3,Dua Lipa,D:\Códigos\Musica-Analisis\files\xml\Pre_RAW\Dua Lipa.xml,Dua Lipa,100,True,1,113,256,Se encuentra en spotify,,"Dua Lipa, Andrew Wotman, Ali Tamposi, Stefan Johnson, Jordan K. Johnson, Andrew Farriss & Michael Hutchence",2024-09-26 20:49:47,2026-01-07 17:49:42,1,1,,,5,Archivo de audio MPEG,1,file://localhost/E:/iTunes/iTunes%20Media/Music/Dua%20Lipa/Future%20Nostalgia/09%20Break%20My%20Heart.mp3,,,7933,E4770A3556F86B23,5,3850466105,2026-01-05 19:55:05,,100,,,44100,7173546,,,,,,,13,6235,9,File,2020
Houdini - Single,Dua Lipa,Pop,Houdini,3:06,,01 Houdini.mp3,Dua Lipa,D:\Códigos\Musica-Analisis\files\xml\Pre_RAW\Dua Lipa.xml,Dua Lipa,100,True,1,117,256,Se encuentra en spotify,,"Caroline Ailin, Danny L Harle, Dua Lipa, Kevin Parker & Tobias Jesso Jr.",2024-09-26 20:49:48,2026-01-07 19:18:12,1,1,,,5,Archivo de audio MPEG,1,file://localhost/E:/iTunes/iTunes%20Media/Music/Dua%20Lipa/Houdini%20-%20Single/01%20Houdini.mp3,,,4778,11ED624D33B7603F,6,3843653142,2025-10-18 22:25:42,,100,,,44100,6018575,,,,,,,1,6243,1,File,2023
Illusion - Single,Dua Lipa,Pop,Illusion,3:08,,01 Illusion.mp3,Dua Lipa,D:\Códigos\Musica-Analisis\files\xml\Pre_RAW\Dua Lipa.xml,Dua Lipa,100,True,1,127,256,Se encuentra en spotify,,"Caroline Ailin, Danny L Harle, Dua Lipa, Kevin Parker & Tobias Jesso Jr.",2024-09-26 20:49:48,2026-01-07 21:56:08,1,1,,,5,Archivo de audio MPEG,1,file://localhost/E:/iTunes/iTunes%20Media/Music/Dua%20Lipa/Illusion%20-%20Single/01%20Illusion.mp3,,,4975,0A18FFC41FA98290,2,3834831984,2025-07-08 20:06:24,,100,,,44100,6076208,,,,,,,4,6245,1,File,2024
Radical Optimism,Dua Lipa,Pop,End Of An Era,3:16,,01 End Of An Era.mp3,Dua Lipa,D:\Códigos\Musica-Analisis\files\xml\Pre_RAW\Dua Lipa.xml,Dua Lipa,100,True,1,117,256,Se encuentra en spotify,,"Caroline Ailin, Danny L Harle, Dua Lipa, Kevin Parker & Tobias Jesso Jr.",2024-09-26 20:49:48,2026-01-07 21:05:16,1,1,,,5,Archivo de audio MPEG,1,file://localhost/E:/iTunes/iTunes%20Media/Music/Dua%20Lipa/Radical%20Optimism/01%20End%20Of%20An%20Era.mp3,,,4927,ABB5E59A06428C58,3,3851447216,2026-01-17 04:26:56,,100,,,44100,6327106,,,Radical Optimism,,Dua Lipa,End Of An Era,11,6249,1,File,2024
Radical Optimism,Dua Lipa,Pop,These Walls,3:37,,04 These Walls.mp3,Dua Lipa,D:\Códigos\Musica-Analisis\files\xml\Pre_RAW\Dua Lipa.xml,Dua Lipa,100,True,1,123,256,Se encuentra en spotify,,"Andrew Wyatt, Billy Walsh, Caroline Ailin, Danny L Harle & Dua Lipa",2024-09-26 20:49:49,2026-01-07 17:38:20,1,1,,,5,Archivo de audio MPEG,1,file://localhost/E:/iTunes/iTunes%20Media/Music/Dua%20Lipa/Radical%20Optimism/04%20These%20Walls.mp3,,,4496,1654323B95915B5C,4,3825877783,2025-03-27 05:49:43,,100,,,44100,7017566,,,Radical Optimism,,Dua Lipa,These Walls,11,6255,4,File,2024
Radical Optimism,Dua Lipa,Pop,Whatcha Doing,3:18,,05 Whatcha Doing.mp3,Dua Lipa,D:\Códigos\Musica-Analisis\files\xml\Pre_RAW\Dua Lipa.xml,Dua Lipa,100,True,1,105,256,Se encuentra en spotify,,"Ali Tamposi, Caroline Ailin, Danny L Harle, Dua Lipa & Kevin Parker",2024-09-26 20:49:49,2026-01-07 19:40:17,1,1,,,5,Archivo de audio MPEG,1,file://localhost/E:/iTunes/iTunes%20Media/Music/Dua%20Lipa/Radical%20Optimism/05%20Whatcha%20Doing.mp3,,,5895,579EB66D003C0E1C,2,3844096670,2025-10-24 01:37:50,,100,,,44100,6390631,,,Radical Optimism,,Dua Lipa,Whatcha Doing,11,6257,5,File,2024
Radical Optimism,Dua Lipa,Pop,Falling Forever,3:43,,08 Falling Forever.mp3,Dua Lipa,D:\Códigos\Musica-Analisis\files\xml\Pre_RAW\Dua Lipa.xml,Dua Lipa,100,True,1,130,256,Se encuentra en spotify,,"Ali Tamposi, Caroline Ailin, Danny L Harle, Dua Lipa, Emily Warren & Ian Kirkpatrick",2024-09-26 20:49:50,2026-01-07 19:36:25,1,1,,,5,Archivo de audio MPEG,1,file://localhost/E:/iTunes/iTunes%20Media/Music/Dua%20Lipa/Radical%20Optimism/08%20Falling%20Forever.mp3,,,5021,DECC2D95D08ABC81,1,3833361288,2025-06-21 19:34:48,,100,,,44100,7187282,,,Radical Optimism,,Dua Lipa,Falling Forever,11,6263,8,File,2024
Radical Optimism,Dua Lipa,Pop,Maria,3:07,,10 Maria.mp3,Dua Lipa,D:\Códigos\Musica-Analisis\files\xml\Pre_RAW\Dua Lipa.xml,Dua Lipa,100,True,1,127,256,Se encuentra en spotify,,"Andrew Wyatt, Caroline Ailin, Danny L Harle, Dua Lipa & Julia Michaels",2024-09-26 20:49:50,2026-01-07 21:10:50,1,1,,,5,Archivo de audio MPEG,1,file://localhost/E:/iTunes/iTunes%20Media/Music/Dua%20Lipa/Radical%20Optimism/10%20Maria.mp3,,,2961,9F0E869830225B98,5,3847187150,2025-11-28 21:05:50,,100,,,44100,6053744,,,Radical Optimism,,Dua Lipa,Maria,11,6267,10,File,2024
Radical Optimism,Dua Lipa,Pop,Happy For You,4:05,,11 Happy For You.mp3,Dua Lipa,D:\Códigos\Musica-Analisis\files\xml\Pre_RAW\Dua Lipa.xml,Dua Lipa,100,True,1,120,256,Se encuentra en spotify,,"Caroline Ailin, Danny L Harle, Dua Lipa, Kevin Parker & Tobias Jesso Jr.",2024-09-26 20:49:50,2026-01-07 20:19:38,1,1,,,5,Archivo de audio MPEG,1,file://localhost/E:/iTunes/iTunes%20Media/Music/Dua%20Lipa/Radical%20Optimism/11%20Happy%20For%20You.mp3,,,5239,D54D8240B6875888,3,3846153025,2025-11-16 21:50:25,,100,,,44100,7910336,,,Radical Optimism,,Dua Lipa,Happy For You,11,6269,11,File,2024
Training Season - Single,Dua Lipa,Pop,Training Season,3:29,,01 Training Season.mp3,Dua Lipa,D:\Códigos\Musica-Analisis\files\xml\Pre_RAW\Dua Lipa.xml,Dua Lipa,100,True,1,123,256,Se encuentra en spotify,,"Caroline Ailin, Danny L Harle, Dua Lipa, Kevin Parker, Martina Sorbara, Nicholas Gale, Shaun Frank, Steve Francis Richard Mastroianni, Tobias Jesso Jr. & Yaakov Gruzman",2024-09-26 20:49:53,2026-01-07 17:39:18,1,1,,,5,Archivo de audio MPEG,1,file://localhost/E:/iTunes/iTunes%20Media/Music/Dua%20Lipa/Training%20Season%20-%20Single/01%20Training%20Season.mp3,,,6272,E22DEE819BB481DB,6,3842285299,2025-10-03 02:28:19,,100,,,44100,7130224,,,,,,,1,6293,1,File,2024
Future Nostalgia,Dua Lipa & Angèle,Pop,Fever,2:37,,13 Fever.mp3,Dua Lipa,D:\Códigos\Musica-Analisis\files\xml\Pre_RAW\Dua Lipa.xml,Dua Lipa,100,True,1,115,256,Se encuentra en spotify,,"Angèle, Caroline Ailin, Dua Lipa, Ian Kirkpatrick, Jacob Kasher Hindlin & Julia Michaels",2024-09-26 20:49:53,2026-01-07 20:05:48,1,1,,,5,Archivo de audio MPEG,1,file://localhost/E:/iTunes/iTunes%20Media/Music/Dua%20Lipa/Future%20Nostalgia/13%20Fever.mp3,,,2133,816D41AC2DEB1818,5,3845547249,2025-11-09 21:34:09,,100,,,44100,5089641,,,,,,,13,6295,13,File,2020
Plastic Hearts,Miley Cyrus feat. Dua Lipa,Pop,Prisoner,2:49,,04 Prisoner.m4a,Dua Lipa,D:\Códigos\Musica-Analisis\files\xml\Pre_RAW\Dua Lipa.xml,Miley Cyrus,100,True,1,128,329,Se encuentra en spotify,,"Miley Cyrus, Miley Cyrus, Dua Lipa, Dua Lipa, Andrew Wotman, Andrew Wotman, Jordan K. Johnson, Jordan K. Johnson, Marcus Lomax, Marcus Lomax, Stefan Johnson, Stefan Johnson, Ali Tamposi, Ali Tamposi, Jonathan Bellion & Jonathan Bellion",2025-01-16 03:54:25,2026-01-07 20:30:09,1,1,,,5,Archivo de audio AAC,1,file://localhost/E:/iTunes/iTunes%20Media/Music/Miley%20Cyrus/Plastic%20Hearts/04%20Prisoner.m4a,,,5757,48A9BA3F045FEA1C,3,3842282768,2025-10-03 01:46:08,,100,,2020-11-19 12:00:00,48000,7093055,,,,,,,15,12261,4,File,2020
Blow Your Mind (Mwah) - Single,Dua Lipa,Pop,Blow Your Mind (Mwah),2:58,,01 Blow Your Mind (Mwah).m4a,Dua Lipa,D:\Códigos\Musica-Analisis\files\xml\Pre_RAW\Dua Lipa.xml,Dua Lipa,100,True,1,109,330,Se encuentra en spotify,,"Dua Lipa, Jon Levine & Lauren Christy",2025-02-17 16:09:35,2026-01-07 17:03:46,1,1,,,5,Archivo de audio AAC,1,file://localhost/E:/iTunes/iTunes%20Media/Music/Dua%20Lipa/Blow%20Your%20Mind%20(Mwah)%20-%20Single/01%20Blow%20Your%20Mind%20(Mwah).m4a,,,5192,A0DA2E21561F42DE,1,3832241362,2025-06-08 20:29:22,,100,,2016-08-26 12:00:00,48000,7487730,,,,,,,1,17733,1,File,2016
CAN THEY HEAR US (From ‘Gully’ with original Daniel Heath Score) - Single,Dua Lipa,Soundtrack,CAN THEY HEAR US (From ‘Gully’ with original Daniel Heath Score),3:51,,01 CAN THEY HEAR US (From _Gully_ wi.m4a,Dua Lipa,D:\Códigos\Musica-Analisis\files\xml\Pre_RAW\Dua Lipa.xml,Dua Lipa,100,True,1,95,330,Se encuentra en spotify,,Dua Lipa/Clarence Coffee Jr.,2025-02-17 16:09:35,2026-01-07 18:12:17,1,1,,,5,Archivo de audio AAC,1,file://localhost/E:/iTunes/iTunes%20Media/Music/Dua%20Lipa/CAN%20THEY%20HEAR%20US%20(From%20_Gully_%20with%20orig/01%20CAN%20THEY%20HEAR%20US%20(From%20_Gully_%20wi.m4a,,,5382,116682E8701903D4,5,3848995885,2025-12-19 19:31:25,,100,,2021-06-04 12:00:00,48000,9736117,,,,,,,1,17741,1,File,2021
Cold Heart (PNAU Remix) - Single,Elton John & Dua Lipa,Pop,Cold Heart (PNAU Remix),3:22,,01 Cold Heart (PNAU Remix).m4a,Dua Lipa,D:\Códigos\Musica-Analisis\files\xml\Pre_RAW\Dua Lipa.xml,Elton John & Dua Lipa,100,True,1,116,331,Se encuentra en spotify,,"Elton John, Bernie Taupin, Peter Mayes, Nicholas Littlemore & Sam Littlemore",2025-02-17 16:09:36,2026-01-07 20:07:02,1,1,,,5,Archivo de audio AAC,1,file://localhost/E:/iTunes/iTunes%20Media/Music/Elton%20John%20&%20Dua%20Lipa/Cold%20Heart%20(PNAU%20Remix)%20-%20Single/01%20Cold%20Heart%20(PNAU%20Remix).m4a,,,2514,DC12445ABB2F7E92,3,3825961375,2025-03-28 05:02:55,,100,,2021-08-13 12:00:00,48000,8531096,1,2025-08-16 17:47:02,,,,,1,17751,1,File,2021
Don't Start Now - Single,Dua Lipa,Pop,Don't Start Now,3:03,,01 Don't Start Now.m4a,Dua Lipa,D:\Códigos\Musica-Analisis\files\xml\Pre_RAW\Dua Lipa.xml,Dua Lipa,100,True,1,124,329,Se encuentra en spotify,,"Dua Lipa, Caroline Ailin, Emily Warren & Ian Kirkpatrick",2025-02-17 16:09:37,2026-01-07 17:36:33,1,1,,,5,Archivo de audio AAC,1,file://localhost/E:/iTunes/iTunes%20Media/Music/Dua%20Lipa/Don't%20Start%20Now%20-%20Single/01%20Don't%20Start%20Now.m4a,,,4260,8E54BD95AB2D377A,7,3850404739,2026-01-05 02:52:19,,100,,2019-10-31 12:00:00,48000,7669874,,,,,,,1,17761,1,File,2019
Future Nostalgia - Single,Dua Lipa,Pop,Future Nostalgia,3:04,,01 Future Nostalgia.m4a,Dua Lipa,D:\Códigos\Musica-Analisis\files\xml\Pre_RAW\Dua Lipa.xml,Dua Lipa,100,True,1,115,326,Se encuentra en spotify,,"Dua Lipa, Clarence Coffee Jr & Jeff Bhasker",2025-02-17 16:09:37,2026-01-07 17:04:06,1,1,,,5,Archivo de audio AAC,1,file://localhost/E:/iTunes/iTunes%20Media/Music/Dua%20Lipa/Future%20Nostalgia%20-%20Single/01%20Future%20Nostalgia.m4a,,,4278,33364DD30C80A0BD,2,3847186018,2025-11-28 20:46:58,,100,,2019-12-13 12:00:00,48000,7651535,,,,,,,1,17775,1,File,2019
One Kiss - Single,"Calvin Harris, Dua Lipa",Dance,One Kiss,3:34,,01 One Kiss.m4a,Dua Lipa,D:\Códigos\Musica-Analisis\files\xml\Pre_RAW\Dua Lipa.xml,"Calvin Harris, Dua Lipa",100,True,1,124,333,Se encuentra en spotify,,"Dua Lipa, Adam Wiles & Jessie Reyez",2025-02-17 16:09:37,2026-01-07 18:55:59,1,1,,,5,Archivo de audio AAC,1,"file://localhost/E:/iTunes/iTunes%20Media/Music/Calvin%20Harris,%20Dua%20Lipa/One%20Kiss%20-%20Single/01%20One%20Kiss.m4a",,,5686,E370EF752080BB65,4,3834417597,2025-07-04 00:59:57,,100,,2018-04-06 12:00:00,48000,9091406,,,,,,,1,17831,1,File,2018
Real Groove (Studio 2054 Remix) - Single,Kylie Minogue & Dua Lipa,Pop,Real Groove (Studio 2054 Remix),4:22,,01 Real Groove (Studio 2054 Remix).m4a,Dua Lipa,D:\Códigos\Musica-Analisis\files\xml\Pre_RAW\Dua Lipa.xml,Kylie Minogue & Dua Lipa,100,True,1,120,327,Se encuentra en spotify,,"Alida Garpestad Peck, Kylie Minogue, Nico Stadi & Teemu Brunila",2025-02-17 16:09:37,2026-01-07 16:56:28,1,1,,,5,Archivo de audio AAC,1,file://localhost/E:/iTunes/iTunes%20Media/Music/Kylie%20Minogue%20&%20Dua%20Lipa/Real%20Groove%20(Studio%202054%20Remix)%20-%20Single/01%20Real%20Groove%20(Studio%202054%20Remix).m4a,,,4232,79C7C7A85D1E0778,5,3845719766,2025-11-11 21:29:26,,100,,2020-12-31 12:00:00,48000,10888593,,,,,,,1,17843,1,File,2020
Swan Song (From the Motion Picture 'Alita- Battle Angel') - Single,Dua Lipa,Soundtrack,Swan Song (From the Motion Picture 'Alita- Battle Angel'),3:02,,01 Swan Song (From the Motion Pictur 2.m4a,Dua Lipa,D:\Códigos\Musica-Analisis\files\xml\Pre_RAW\Dua Lipa.xml,Dua Lipa,100,True,1,94,327,Se encuentra en spotify,,"Dua Lipa, Justin Tranter, Kennedi Lykken, Mattias Larsson, Robin Fredriksson & Tom Holkenborg",2025-02-17 16:09:38,2026-01-07 21:58:24,1,1,,,5,Archivo de audio AAC,1,file://localhost/E:/iTunes/iTunes%20Media/Music/Dua%20Lipa/Swan%20Song%20(From%20the%20Motion%20Picture%20'Alit/01%20Swan%20Song%20(From%20the%20Motion%20Pictur%202.m4a,,,4002,BE7CF386DC7612DA,14,3845548616,2025-11-09 21:56:56,,100,,2019-01-24 12:00:00,48000,7547410,1,2025-03-29 00:00:38,,,,,1,17857,1,File,2019
No Lie - Single,Sean Paul feat. Dua Lipa,Reggae,No Lie,3:41,,01 No Lie.m4a,Dua Lipa,D:\Códigos\Musica-Analisis\files\xml\Pre_RAW\Dua Lipa.xml,Sean Paul feat. Dua Lipa,100,True,1,102,330,Se encuentra en spotify,,"Sean Paul Henriques, Emily Warren, Andrew Jackson, Jamie Sanderson & Philip Kembo",2025-02-18 05:23:52,2026-01-07 17:22:59,1,1,,,5,Archivo de audio AAC,1,file://localhost/E:/iTunes/iTunes%20Media/Music/Sean%20Paul%20feat.%20Dua%20Lipa/No%20Lie%20-%20Single/01%20No%20Lie.m4a,,,6608,0290FA0A8D8EB58E,5,3851173931,2026-01-14 00:32:11,,100,,2016-11-18 12:00:00,48000,9277222,,,,,,,1,18161,1,File,2016
Scared To Be Lonely - Single,Martin Garrix & Dua Lipa,Dance,Scared to Be Lonely,3:40,,01 Scared to Be Lonely.m4a,Dua Lipa,D:\Códigos\Musica-Analisis\files\xml\Pre_RAW\Dua Lipa.xml,Martin Garrix & Dua Lipa,100,True,1,69,325,Se encuentra en spotify,,"Martijn Garritsen, Georgia Ku Overton, Nathaniel Campany, Kyle Shearer & Giorgio Tuinfort",2025-02-18 05:23:52,2026-01-07 18:10:04,1,1,,,5,Archivo de audio AAC,1,file://localhost/E:/iTunes/iTunes%20Media/Music/Martin%20Garrix%20&%20Dua%20Lipa/Scared%20To%20Be%20Lonely%20-%20Single/01%20Scared%20to%20Be%20Lonely.m4a,,,2955,971B3A6FB8039403,1,3832860522,2025-06-16 00:28:42,,100,,2017-01-27 12:00:00,48000,9091380,,,,,,,1,18165,1,File,2017
Dua Lipa (Complete Edition),Dua Lipa,Pop,Want To,3:31,,18 Want To.m4a,Dua Lipa,D:\Códigos\Musica-Analisis\files\xml\Pre_RAW\Dua Lipa.xml,Dua Lipa,100,True,1,92,322,Se encuentra en spotify,,Amish Dilipkumar Patel/Andrew Jackson/Dua Lipa,2025-02-18 06:43:05,2026-01-07 17:26:18,1,1,,,5,Archivo de audio AAC,1,file://localhost/E:/iTunes/iTunes%20Media/Music/Dua%20Lipa/Dua%20Lipa%20(Complete%20Edition)/18%20Want%20To.m4a,,,6059,0F1DE47BA6D06292,4,3845982605,2025-11-14 22:30:05,,100,,2018-09-07 12:00:00,48000,8735040,,,,,,,25,18201,18,File,2018
Dua Lipa (Complete Edition),Dua Lipa,Pop,Running,3:42,,19 Running.m4a,Dua Lipa,D:\Códigos\Musica-Analisis\files\xml\Pre_RAW\Dua Lipa.xml,Dua Lipa,100,True,1,98,327,Se encuentra en spotify,,Andrew Wyatt/Dua Lipa,2025-02-18 06:43:05,2026-01-07 17:33:37,1,1,,,5,Archivo de audio AAC,1,file://localhost/E:/iTunes/iTunes%20Media/Music/Dua%20Lipa/Dua%20Lipa%20(Complete%20Edition)/19%20Running.m4a,,,6852,730FA0176ABF56BA,6,3850584637,2026-01-07 04:50:37,,100,,2017-06-02 12:00:00,48000,9268442,,,,,,,25,18203,19,File,2018
Dua Lipa (Complete Edition),Dua Lipa & BLACKPINK,Pop,Kiss and Make Up,3:09,,20 Kiss and Make Up.m4a,Dua Lipa,D:\Códigos\Musica-Analisis\files\xml\Pre_RAW\Dua Lipa.xml,Dua Lipa,100,True,1,100,328,Se encuentra en spotify,,Chelcee Grimes/Dua Lipa/Marc Vincent/Mathieu Jomphe-Lepine/Teddy Parker/Yannick Rastogi/Zacharie Raymond,2025-02-18 06:43:05,2026-01-07 21:37:39,1,1,,,5,Archivo de audio AAC,1,file://localhost/E:/iTunes/iTunes%20Media/Music/Dua%20Lipa/Dua%20Lipa%20(Complete%20Edition)/20%20Kiss%20and%20Make%20Up.m4a,,,4792,B2D8D6018E61C036,5,3850330354,2026-01-04 06:12:34,,100,,2018-10-19 12:00:00,48000,7953391,,,,,,,25,18205,20,File,2018
